refn,uuid,course,english,source_path
2,81494705-1d01-46b0-9998-d10bba733e2a,1,"but ,however (a…)","/Volumes/Disc 2/1Pictures/Flashcard/but ,however.jpg"
122,02fefd27-467a-45d9-8aee-56e0acb1c971,1,"french fries ,chips","/Volumes/Disc 2/1Pictures/Flashcard/french fries ,chips.jpg"
2120,f5b341b2-2dbb-4f9e-bb2c-4c8298033668,2,crossing (road) (Ü…),/Volumes/Disc 2/2Pictures/Flashcard/crossing (road).jpg
264,e7c01acb-48d6-4c11-abbf-a4cd630cad6d,1,pepper,/Volumes/Disc 2/1Pictures/Flashcard/pepper.jpg
282,22294cc4-1a87-433b-ab89-d17dda8d6b91,1,hello!,/Volumes/Disc 2/1Pictures/Flashcard/hello.jpg
279,0a842c8f-c356-4300-81a0-ef1060d0289c,1,you (informal),/Volumes/Disc 2/1Pictures/Flashcard/you (informal).jpg
280,f5d00a92-afbc-44c4-8293-293fec6ae977,1,"your (informal, plural)",/Volumes/Disc 2/1Pictures/Flashcard/your (informal plural).jpg
284,e576f7f7-7606-4c18-90c2-d2776ea99b1a,1,"their ,her","/Volumes/Disc 2/1Pictures/Flashcard/their ,her.jpg"
301,291adfd7-480b-439b-9152-46017c820cd0,1,again (one more time),/Volumes/Disc 2/1Pictures/Flashcard/again (one more time).jpg
384,29fc41e7-57b8-43a5-89b4-5eb6c975aa3a,1,activity,/Volumes/Disc 2/1Pictures/Flashcard/activity.jpg
426,22308a9c-0b13-4635-b18e-003cc600c765,1,garlic,/Volumes/Disc 2/1Pictures/Flashcard/garlic.jpg
923,9e71ef73-1a26-4cf5-9215-b18ebcfcf8a4,1,goat,/Volumes/Disc 2/1Pictures/Flashcard/goat.jpg
1029,48e432ca-a384-4648-83b9-54186cfac419,1,greedy,/Volumes/Disc 2/1Pictures/Flashcard/greedy.jpg
516,69bb37db-af4b-412f-85f8-fc1c64cdef99,1,this,/Volumes/Disc 2/1Pictures/Flashcard/this.jpg
514,33243e18-0fba-4549-97ed-4961fc49a197,1,"since ,as","/Volumes/Disc 2/1Pictures/Flashcard/since ,as.jpg"
518,1e56c323-fcfa-4fca-82cf-6af712a5581c,1,some,/Volumes/Disc 2/1Pictures/Flashcard/some.jpg
526,c6cb3220-8fb7-4532-a51d-f35110a8ce26,1,"if ,whether","/Volumes/Disc 2/1Pictures/Flashcard/if ,whether.jpg"
551,f801a690-face-4e06-af06-3c1c69cb88f0,1,"to shout ,to shriek","/Volumes/Disc 2/1Pictures/Flashcard/shout ,to shriek.jpg"
567,193cd9f0-a032-45f4-a1c9-13fe8afbe4e9,1,poultry,/Volumes/Disc 2/1Pictures/Flashcard/poultry-nt.jpg
584,c648d7be-4977-4b85-95e6-91da2e980fee,1,water,/Volumes/Disc 2/1Pictures/Flashcard/water-nt.jpg
638,ee38e707-01ac-4e4e-98f7-a6c1a91fe724,1,mirror,/Volumes/Disc 2/1Pictures/Flashcard/mirror.jpg
653,3b6ce2ca-50c4-4cc8-a20d-e3f3bce8d5dc,1,buttock,/Volumes/Disc 2/1Pictures/Flashcard/buttock-nt.jpg
661,0366de26-355d-4fe0-98f9-3af37c90a827,1,bone,/Volumes/Disc 2/1Pictures/Flashcard/bone.jpg
667,c1e4741d-6176-4a97-a2d3-008fe4c442a5,1,nose,/Volumes/Disc 2/1Pictures/Flashcard/nose.jpg
674,50054368-200c-423c-aed9-78c18dba0933,1,arrival,/Volumes/Disc 2/1Pictures/Flashcard/arrival.jpg
676,abc5d01c-2330-4be0-b097-9503551d0b16,1,information,/Volumes/Disc 2/1Pictures/Flashcard/information.jpg
729,2c4410f5-a081-4e26-a5f2-8aa64e00adf6,1,how much? how many?,/Volumes/Disc 2/1Pictures/Flashcard/how much how many.jpg
723,190cf326-a431-4fff-8cb1-4223b6b1fc79,1,receipt,/Volumes/Disc 2/1Pictures/Flashcard/receipt.jpg
763,fcb430c3-68b0-4242-921a-d069601a4685,1,hat,/Volumes/Disc 2/1Pictures/Flashcard/hat.jpg
760,e026ae05-9911-4b50-a3e8-8ce62e710de3,1,handbag,/Volumes/Disc 2/1Pictures/Flashcard/handbag.jpg
770,e09bfefb-fe5b-4959-b891-bb846c0577c7,1,coat,/Volumes/Disc 2/1Pictures/Flashcard/coat.jpg
810,0855dccd-9bc5-43c5-80f1-01fec5b386c6,1,from there,/Volumes/Disc 2/1Pictures/Flashcard/from there.jpg
786,d95cdff8-7344-409d-8801-fc3d0cabb754,1,"therefore ,so ,for that reason","/Volumes/Disc 2/1Pictures/Flashcard/therefore ,so ,for that reason.jpg"
780,565d8cbe-83b6-44f4-9d58-e14caf1f822b,1,stocking,/Volumes/Disc 2/1Pictures/Flashcard/stocking.jpg
816,ce3968c6-282a-402c-865e-e9d7ba02bb8d,1,straight,/Volumes/Disc 2/1Pictures/Flashcard/straight.jpg
869,b7c013d9-f249-4558-a25b-0cce4a2845cc,1,enough,/Volumes/Disc 2/1Pictures/Flashcard/enough.jpg
890,a17f19db-4e4a-421f-9ede-66ec50af6ea5,1,good bye! (on the phone),/Volumes/Disc 2/1Pictures/Flashcard/good bye (on the phone).jpg
895,f5e6d217-a166-4749-ab5d-459c521e4fcc,1,I'm fine,/Volumes/Disc 2/1Pictures/Flashcard/Im fine.jpg
892,645c8cd4-3c77-4f92-8499-dee1a4ee910a,1,thank you!,/Volumes/Disc 2/1Pictures/Flashcard/thank you.jpg
898,07bbf2d6-8d5c-4cd1-8228-38aa16dcb09d,1,I'm sorry!,/Volumes/Disc 2/1Pictures/Flashcard/Im sorry.jpg
905,b1a3025b-54d7-435c-8007-02229147844a,1,great!,/Volumes/Disc 2/1Pictures/Flashcard/great.jpg
991,37b295a1-e826-47bf-bc39-17f7d885caae,1,where?,/Volumes/Disc 2/1Pictures/Flashcard/where.jpg
871,cc273c8c-c8ab-4041-b4bf-e549e91c1f09,1,to be sorry,/Volumes/Disc 2/1Pictures/Flashcard/be sorry.jpg
902,d13b9249-e62f-464b-8de9-541d45eed2ce,1,yes indeed!,/Volumes/Disc 2/1Pictures/Flashcard/yes indeed.jpg
888,b6d2c757-04f3-44e4-be74-b1a97f214fed,1,all the best!,/Volumes/Disc 2/1Pictures/Flashcard/all the best.jpg
907,bf69c873-2b98-4238-adb1-065e3e6999f3,1,get out!,/Volumes/Disc 2/1Pictures/Flashcard/get out.jpg
906,979a1b38-3202-4344-9ed8-3a76dbbc3364,1,cheers!,/Volumes/Disc 2/1Pictures/Flashcard/cheers.jpg
904,14bc793b-a42d-4bf5-bf85-0bffa85278e8,1,don't mention it!,/Volumes/Disc 2/1Pictures/Flashcard/dont mention it.jpg
900,eba84d0c-6885-4cff-a26f-4647d0560bf8,1,congratulations,/Volumes/Disc 2/1Pictures/Flashcard/congratulations.jpg
910,36ede936-a819-4479-a6ba-933c411cc785,1,I beg your pardon?,/Volumes/Disc 2/1Pictures/Flashcard/I beg your pardon.jpg
992,d0a84d05-c908-417e-9d80-f97426d7a3d5,1,where from?,/Volumes/Disc 2/1Pictures/Flashcard/where from.jpg
999,1a88d62a-d511-4705-85d5-5b29bbf9e911,1,exactly,"/Volumes/Disc 2/1Pictures/Flashcard/exactly ,exact.jpg"
21,d66cb51d-fa9e-4183-af27-be86adda5f5b,1,no,/Volumes/Disc 2/1Pictures/Flashcard/no.jpg
26,9e6a32db-bfed-4f84-b7b5-5c4f759f0384,1,us,/Volumes/Disc 2/1Pictures/Flashcard/us.jpg
25,eb1b0ad6-450d-41b4-a734-a006d3471ed4,1,"she ,they","/Volumes/Disc 2/1Pictures/Flashcard/she ,they.jpg"
37,1276b271-2a16-4e21-8eb1-d252ef6f03a4,1,Miss,/Volumes/Disc 2/1Pictures/Flashcard/Miss-nt.jpg
38,2aee4ca0-8ad3-492e-9b21-3a534ec0c1c3,1,to be called,/Volumes/Disc 2/1Pictures/Flashcard/be called.jpg
34,09b3621f-332b-4c41-9a08-2b6a01d3abda,1,couple,/Volumes/Disc 2/1Pictures/Flashcard/couple-nt.jpg
58,dec5a845-d199-4567-95a4-5dfc8229c8ed,1,corner,/Volumes/Disc 2/1Pictures/Flashcard/corner.jpg
168,8ba14b2c-b72f-435b-94f3-0e0fa68f0418,1,what's the date?,/Volumes/Disc 2/1Pictures/Flashcard/whats the date.jpg
290,e2ffedb0-0eba-4616-8035-608c0362d3be,1,last,/Volumes/Disc 2/1Pictures/Flashcard/last.jpg
292,277fbd40-268d-4f87-94b6-f6084e4e0f16,1,my,/Volumes/Disc 2/1Pictures/Flashcard/my.jpg
288,6b041e52-1bb9-4f4a-9f33-f9a3fed60e7c,1,everybody,/Volumes/Disc 2/1Pictures/Flashcard/everybody.jpg
297,06e7e04e-b19c-491a-9c1a-a91f9456dd28,1,our,/Volumes/Disc 2/1Pictures/Flashcard/our.jpg
299,aba96ec2-7d42-47a2-88d5-0f2ab11d11be,1,"before ,in front of","/Volumes/Disc 2/1Pictures/Flashcard/before ,in front of.jpg"
294,af37f381-de01-4b3b-a73b-bb45046d28c5,1,his,/Volumes/Disc 2/1Pictures/Flashcard/his.jpg
388,a9f9bc63-373b-46e6-9f09-9082655e219d,1,question,/Volumes/Disc 2/1Pictures/Flashcard/question.jpg
396,b6a6828a-8a6b-40d4-a465-4449dc67924d,1,"trouble ,effort","/Volumes/Disc 2/1Pictures/Flashcard/trouble ,effort.jpg"
417,692448de-842c-4369-8ecf-80b5bc4ef6e3,1,mushroom,/Volumes/Disc 2/1Pictures/Flashcard/mushroom.jpg
624,ff90bda5-6ca4-4999-a347-26c296bb1408,1,"towel ,hand towel","/Volumes/Disc 2/1Pictures/Flashcard/towel ,handtowel-nt.jpg"
1030,4dfc3e34-96e7-483c-8483-1e851e0b2973,1,frequent,/Volumes/Disc 2/1Pictures/Flashcard/frequent.jpg
469,5267814a-735a-4427-9c31-97b60903ab53,1,building,/Volumes/Disc 2/1Pictures/Flashcard/building-nt.jpg
468,40532cfd-0398-4023-8cdb-cbff25eb0330,1,fire brigade,/Volumes/Disc 2/1Pictures/Flashcard/fire brigade.jpg
489,bb08af81-2508-41ac-824f-58e6d518b56c,1,"good ,well-behaved","/Volumes/Disc 2/1Pictures/Flashcard/good ,well-behaved.jpg"
513,84f42a5f-9703-4422-82e3-7b66e1b3681a,1,please,/Volumes/Disc 2/1Pictures/Flashcard/please.jpg
535,5f3e6f34-72ba-49a0-8f8b-510ebb0f314e,1,"if ,when","/Volumes/Disc 2/1Pictures/Flashcard/if ,when.jpg"
525,978ac520-f579-45af-a9be-575a0dd4283c,1,only,/Volumes/Disc 2/1Pictures/Flashcard/only.jpg
573,9248869f-aa32-4518-8a5a-7a79cc6b0435,1,seafood,/Volumes/Disc 2/1Pictures/Flashcard/seafood.jpg
659,f976f05a-6097-446f-b625-24307a044fae,1,heart,/Volumes/Disc 2/1Pictures/Flashcard/heart-nt.jpg
677,72fa1dd8-fadd-48b5-8090-aec5b5fa66a7,1,"abroad ,overseas","/Volumes/Disc 2/1Pictures/Flashcard/abroad ,overseas-nt.jpg"
694,c15d068f-83d8-40ee-8f7d-22c02b0af165,1,border,/Volumes/Disc 2/1Pictures/Flashcard/border.jpg
728,a4d526a9-ed1f-4464-9122-44d35a03a9d2,1,what sort of?,/Volumes/Disc 2/1Pictures/Flashcard/what sort of.jpg
747,892e2f97-36aa-4e38-a5ba-de863978dd38,1,to call (shout),/Volumes/Disc 2/1Pictures/Flashcard/call (shout).jpg
738,fc875723-bd75-45b2-8e41-2d7f1fead213,1,to fetch,/Volumes/Disc 2/1Pictures/Flashcard/fetch.jpg
759,26047e6d-f6b1-457d-9d3f-c5def92fdaf6,1,belt,/Volumes/Disc 2/1Pictures/Flashcard/belt.jpg
785,daa280c2-bd13-4c0c-a688-7a0ebecda3f0,1,to think,/Volumes/Disc 2/1Pictures/Flashcard/think.jpg
792,57b085a8-98f4-4f57-95e3-7f22199d8819,1,"to please ,to like","/Volumes/Disc 2/1Pictures/Flashcard/please ,like.jpg"
847,70c2d0b3-3e0a-4eb2-82c7-f06271da9f88,1,"area ,region","/Volumes/Disc 2/1Pictures/Flashcard/area ,region.jpg"
891,dae71739-94e1-4b15-948e-c88c3872dbac,1,goodbye!,/Volumes/Disc 2/1Pictures/Flashcard/goodbye.jpg
901,94ae36f7-0cab-46e5-9c6c-0464dc1ebcfe,1,come in!,/Volumes/Disc 2/1Pictures/Flashcard/come in.jpg
894,75829d17-3181-4e06-abae-700157ac957f,1,that's right,/Volumes/Disc 2/1Pictures/Flashcard/thats right.jpg
909,6bf6e9fd-4ce0-4130-a01d-4849c7da50f7,1,anything else?,/Volumes/Disc 2/1Pictures/Flashcard/anything else.jpg
942,f141dc9e-b829-41f4-9faa-90dfb1b2699a,1,jealousy,/Volumes/Disc 2/1Pictures/Flashcard/jealousy.jpg
955,88e7049a-1f14-4217-8d6a-dff509191a05,1,bad luck (P…),/Volumes/Disc 2/1Pictures/Flashcard/bad luck-nt.jpg
956,8e5694cf-c861-4d9c-82f4-e024e9d5dd03,1,quality,/Volumes/Disc 2/1Pictures/Flashcard/quality.jpg
981,e4f371f9-1eed-4272-97d2-b084e5050607,1,to see,/Volumes/Disc 2/1Pictures/Flashcard/see.jpg
971,160240cd-20f3-4899-9a33-389032966724,1,against,/Volumes/Disc 2/1Pictures/Flashcard/against.jpg
989,d73904e9-a084-4693-a17b-91108a81a4a4,1,who?,/Volumes/Disc 2/1Pictures/Flashcard/who.jpg
988,a8aea4ac-2e84-422d-bee3-5d420c2325f7,1,which?,/Volumes/Disc 2/1Pictures/Flashcard/which.jpg
986,1bf60a0f-4c70-4eba-89c0-39d4df99f753,1,why?,/Volumes/Disc 2/1Pictures/Flashcard/why.jpg
1013,b388c0d0-3c90-4b52-b04d-e12db29df0d4,1,"as much ,so much","/Volumes/Disc 2/1Pictures/Flashcard/as much ,so much.jpg"
1038,443584a0-75e9-49c4-a829-d3c1b710fa0f,1,to promise,/Volumes/Disc 2/1Pictures/Flashcard/promise.jpg
1254,f4ca9504-709f-465a-aa99-bc910733845b,2,ready,/Volumes/Disc 2/2Pictures/Flashcard/ready.jpg
1264,3ca0fca4-c6f3-4718-b7c2-b2f34c3b8032,2,low,/Volumes/Disc 2/2Pictures/Flashcard/low.jpg
1312,9fbb8a98-1edd-488f-90cc-bf89dc9a6958,2,express letter,/Volumes/Disc 2/2Pictures/Flashcard/express letter.jpg
1337,66f12a37-2848-4f53-8a7e-f1ed7291bdd5,2,fireman,/Volumes/Disc 2/2Pictures/Flashcard/fireman.jpg
1338,be3480c6-6154-46da-8d55-670fc8b7eb09,2,hairdresser,/Volumes/Disc 2/2Pictures/Flashcard/hairdresser.jpg
1377,a487fad2-4c2e-4a54-8e8f-b94b5c0ef3d6,2,wedding,/Volumes/Disc 2/2Pictures/Flashcard/wedding.jpg
1399,52985a46-78cf-40a7-9d6a-d2e7a557cd63,2,so that,/Volumes/Disc 2/2Pictures/Flashcard/so that.jpg
1410,33157cdb-bc53-4a3b-9288-69488a41daef,2,in order to,/Volumes/Disc 2/2Pictures/Flashcard/in order to.jpg
1454,2d7d5ac7-08b7-4969-a43d-d0589f4a93ff,2,Well?,/Volumes/Disc 2/2Pictures/Flashcard/WellQ.jpg
1440,d5246a84-4878-491d-8e31-9ff2800e596e,2,environment,/Volumes/Disc 2/2Pictures/Flashcard/environment.jpg
1479,1423a6f2-f36c-49af-aa14-1a4fe073fafc,2,orange (A…),/Volumes/Disc 2/2Pictures/Flashcard/orange (A).jpg
1523,2fc9e1ad-9151-413e-8fa8-b13043aeec5f,2,corn,/Volumes/Disc 2/2Pictures/Flashcard/corn.jpg
1695,8ad851fb-9fb2-4ac4-8038-6e0a307ed05a,2,"to stage ,to put on","/Volumes/Disc 2/2Pictures/Flashcard/to stage ,to put on.jpg"
1796,d743ea76-b093-49b4-9eac-8a3e42af159f,2,someone,/Volumes/Disc 2/2Pictures/Flashcard/someone.jpg
1807,74ea4614-44fc-472a-91d0-e3e88f0f60e6,2,"furious ,angry","/Volumes/Disc 2/2Pictures/Flashcard/furious ,angry.jpg"
1808,e1b982d2-1b08-4927-99b8-aa8704b4617c,2,breath,/Volumes/Disc 2/2Pictures/Flashcard/breath.jpg
1893,888a9576-b723-4e1c-aea2-440526dcb167,2,diversion,/Volumes/Disc 2/2Pictures/Flashcard/diversion.jpg
1911,e424d231-4ea6-4b4e-9d57-07a4da83463b,2,chalk,/Volumes/Disc 2/2Pictures/Flashcard/chalk.jpg
2073,5f4f361d-8a53-48b0-8830-9e0c9316b359,2,how long?,/Volumes/Disc 2/2Pictures/Flashcard/how longQ.jpg
2050,89bf53fc-7db0-4ff0-b0bf-0230e0617a40,2,however (j…),/Volumes/Disc 2/2Pictures/Flashcard/however.jpg
2052,d2a805d5-5143-4998-b7c6-ad34425a9378,2,"now ,well (n…)","/Volumes/Disc 2/2Pictures/Flashcard/now ,well.jpg"
2071,853563de-f630-4c84-8a98-773c7fa5a9ba,2,"about ,approximate (u…)","/Volumes/Disc 2/2Pictures/Flashcard/about ,approximate.jpg"
2111,4dbb54c7-066c-45e5-9eb0-557d365a086b,2,bus stop,/Volumes/Disc 2/2Pictures/Flashcard/bus stop.jpg
2181,c8488c73-dd44-4eb4-a228-2ca50899778d,2,to whisper,/Volumes/Disc 2/2Pictures/Flashcard/to whisper.jpg
2748,1628878f-ef61-4a0d-b6eb-3b7514b59740,2,"hateful ,disgusting","/Volumes/Disc 2/2Pictures/Flashcard/hateful ,disgusting.jpg"
2756,8eb146c1-b439-44e2-95b8-c2a856099f8f,2,birth,/Volumes/Disc 2/2Pictures/Flashcard/birth.jpg
63,954b494a-e579-4a1d-a5c9-dae3b2a43e59,1,home,/Volumes/Disc 2/1Pictures/Flashcard/home.jpg
1277,aed73eb5-a744-4f01-979f-30a369a5b41d,2,"dear ,kind","/Volumes/Disc 2/2Pictures/Flashcard/dear ,kind.jpg"
1245,2825f360-ec5c-4385-b960-ef90be67bba7,2,patient,/Volumes/Disc 2/1Pictures/Flashcard/patient.jpg
1291,0abdf5d2-33c4-4c2f-a6bc-a210c1f62446,2,at least (m…),/Volumes/Disc 2/1Pictures/Flashcard/at least.jpg
1328,4693848e-aba9-4640-940a-ee4303544df2,2,envelope (U…),/Volumes/Disc 2/1Pictures/Flashcard/envelope.jpg
1443,ccf7197f-e145-4844-9528-70184bd0f50d,2,that / it makes (equals) …,/Volumes/Disc 2/2Pictures/Flashcard/that - it makes (equals) -.jpg
1421,8fe14fa7-0137-45ab-a971-ebd8509696f9,2,Spain,/Volumes/Disc 2/2Pictures/Flashcard/Spain.jpg
1444,7227caa1-38c6-4fba-b304-2cebcaf6a098,2,excuse me!,/Volumes/Disc 2/2Pictures/Flashcard/excuse meE.jpg
1627,06aaec6a-ef14-4dfc-b7ec-1273b000f2c3,2,toilet (loo/john),/Volumes/Disc 2/2Pictures/Flashcard/toilet (loo-john).jpg
1489,d0c46fc9-6a5c-4170-ab77-3601bd4fc07a,2,grape (single),/Volumes/Disc 2/2Pictures/Flashcard/grape (single).jpg
1768,0b93cc44-a996-4114-abc0-c698a161b95c,2,Frenchman,/Volumes/Disc 2/2Pictures/Flashcard/Frenchman.jpg
1735,01654409-c158-4938-bad3-86654220870b,2,marble (stone),/Volumes/Disc 2/2Pictures/Flashcard/marble (stone).jpg
1769,32ba2ba1-7593-418e-8f48-85b713b8b328,2,French,/Volumes/Disc 2/2Pictures/Flashcard/french.jpg
1767,641ce150-a1ff-4c8f-8e37-cb4825e6a81b,2,english,/Volumes/Disc 2/2Pictures/Flashcard/english.jpg
1728,0d65669f-8f44-4efe-9384-f2f01ab9c279,2,lead,/Volumes/Disc 2/2Pictures/Flashcard/lead.jpg
1770,609dab70-728c-48e9-ade9-a32f0db1f849,2,Dutchman,/Volumes/Disc 2/2Pictures/Flashcard/Dutchman.jpg
1862,6e290474-25ba-4baa-8d33-99061f41caa9,2,to care/worry about,/Volumes/Disc 2/2Pictures/Flashcard/to care-worry about.jpg
1979,82bd46fd-3df9-46d6-aaa9-4026b2e2363b,2,exchange,/Volumes/Disc 2/2Pictures/Flashcard/exchange.jpg
2005,466c9182-5706-46b7-abe5-66d60afb9908,2,home country,/Volumes/Disc 2/2Pictures/Flashcard/home country.jpg
2055,c06fd7cf-c035-4743-8eae-1534a81c7cbc,2,and so on,/Volumes/Disc 2/2Pictures/Flashcard/and so on (etc).jpg
2197,590e89ff-760e-4e59-9471-37757b142ac9,2,it's raining,/Volumes/Disc 2/2Pictures/Flashcard/it-s raining.jpg
2025,dd89a14d-3664-40fd-902f-13f004beb77d,2,defeat,/Volumes/Disc 2/2Pictures/Flashcard/defeat.jpg
2147,eebd633a-d208-4c65-b020-de8c4df1d0a8,2,documentary programme,/Volumes/Disc 2/2Pictures/Flashcard/documentary programme.jpg
2213,04f80994-38c9-4a94-92c9-ea92c53494de,2,in the country,/Volumes/Disc 2/2Pictures/Flashcard/in the country.jpg
2222,0148afee-eab3-48ea-a7a9-eeea0d0177e3,2,away (w…),/Volumes/Disc 2/1Pictures/Flashcard/away.jpg
1286,123545b3-cfc7-4377-a04e-d6a63d499609,2,just as (g…),/Volumes/Disc 2/2Pictures/Flashcard/just as (g).jpg
24,2c9af896-e93e-475a-b1af-e1e16d2e38c4,1,you (formal),/Volumes/Disc 2/1Pictures/Flashcard/you (formal).jpg
27,9715d1d1-273b-4de4-a66c-0053bfe8335e,1,we,/Volumes/Disc 2/1Pictures/Flashcard/we.jpg
47,12501465-6b55-4968-90ee-b80e6d929f49,1,"person ,man","/Volumes/Disc 2/1Pictures/Flashcard/person ,man.jpg"
285,254001f1-c96c-4894-867a-5b1fc7a8b2c6,1,your (formal),/Volumes/Disc 2/1Pictures/Flashcard/your (formal).jpg
278,98a72377-1c92-4346-8a0a-0e2c9918e5a0,1,"your (informal, singular)",/Volumes/Disc 2/1Pictures/Flashcard/your (informal singular).jpg
374,7ed3aeef-1894-4ce4-8024-d97cfabe1221,1,microwave,/Volumes/Disc 2/1Pictures/Flashcard/microwave.jpg
189,993f12e3-2c86-4b09-a59f-bf953f15cf2a,1,at the moment,/Volumes/Disc 2/1Pictures/Flashcard/at the moment.jpg
587,8f725707-4cf7-4681-aaad-921f836b90a5,1,cheers! (wellbeing),/Volumes/Disc 2/1Pictures/Flashcard/cheers (wellbeing).jpg
115,9a822694-08c5-4123-a0f5-d926af25dcc1,1,cereal,/Volumes/Disc 2/1Pictures/Flashcard/cereal.jpg
222,eb34f35b-589b-4f58-8d8a-0d7fd1b81f6d,1,inflammation,/Volumes/Disc 2/1Pictures/Flashcard/inflammation.jpg
359,d43a4a33-bb23-4d14-afad-b1fd20c2e2fe,1,to bake,/Volumes/Disc 2/1Pictures/Flashcard/bake.jpg
563,2e0cf5bf-a76b-4045-a87b-97f173d462fe,1,thirst,/Volumes/Disc 2/1Pictures/Flashcard/thirst.jpg
884,655eb9f4-381e-489a-acfd-f5e88aa05350,1,to live,"/Volumes/Disc 2/1Pictures/Flashcard/live ,v.jpg"
2859,69dfffa5-edfd-41fd-96cd-b69ee7c3e69d,21,This year we go to Greece for our holiday.,/Volumes/Disc 2/1Pictures/Flashcard/year-nt.jpg
3309,09b7f7b8-de61-4ba0-903e-70bef551492f,21,This belt is made of genuine leather.,/Volumes/Disc 2/1Pictures/Flashcard/belt.jpg
2539,d68ac80c-81bb-42a8-8bbb-db50efd80bc4,21,We will try it again. (n...),/Volumes/Disc 2/1Pictures/Flashcard/again.jpg
2849,0727b850-f812-4214-9175-59fa4b7f419f,21,His aunt collects postcards.,/Volumes/Disc 2/1Pictures/Flashcard/aunt.jpg
2737,1a0ff29b-be99-4d50-be70-5194b25be6c1,21,I have an appointment at the doctor's. (A...),/Volumes/Disc 2/1Pictures/Flashcard/doctor.jpg
4438,98122e68-1488-4a74-9d1c-25ee136b4351,22,He is always optimistic.,/Volumes/Disc 2/2Pictures/Flashcard/optimistic.jpg
2922,0356ac6e-56e5-4089-a220-8dfb58fe1161,21,Please let me read the newspaper. (inf.sing),/Volumes/Disc 2/1Pictures/Flashcard/read.jpg
1513,2b83b3d4-b72f-4b40-804a-5f7e65f0fd95,2,dessert (N…),/Volumes/Disc 2/2Pictures/Flashcard/dessert.jpg
166,38a169c8-bfef-4819-8f8f-644f1054467c,1,moment,/Volumes/Disc 2/1Pictures/Flashcard/moment.jpg
2752,b3b0556d-cfe8-4e1e-a6f5-53fe50a5c94d,21,My aunt has recovered well from her operation.,/Volumes/Disc 2/1Pictures/Flashcard/operation.jpg
2907,01a2c381-612d-48f4-9c28-fded7c2c99d9,21,Please stir the soup in the pot. (inf.sing),"/Volumes/Disc 2/1Pictures/Flashcard/pot ,saucepan.jpg"
3019,5846e610-2b20-460d-9dcd-5e6c8489142b,21,How old are you? (inf.sing),/Volumes/Disc 2/1Pictures/Flashcard/old.jpg
2755,2c7482ac-cca6-49d4-90fc-8c382ec41bab,21,It is important to look after one's health.,"/Volumes/Disc 2/1Pictures/Flashcard/nurse ,to look after.jpg"
2759,6cacbc6c-c5b6-4bd4-9cff-0f5e29ab9e17,21,This ointment helps with sunburn.,/Volumes/Disc 2/1Pictures/Flashcard/ointment.jpg
2770,4615e83f-a7ab-4eeb-b904-fea12735ca90,21,The service in this restaurant is bad.,/Volumes/Disc 2/1Pictures/Flashcard/service.jpg
184,33a3f8fc-703e-4cbb-b47b-c4fc245a5878,1,hour,/Volumes/Disc 2/1Pictures/Flashcard/hour.jpg
3822,5ef4bc5a-2a18-4949-82d8-ddfce20e693c,22,He loves me with heart and soul.,"/Volumes/Disc 2/2Pictures/Flashcard/soul, mind.jpg"
2928,9539d47e-633a-42ed-ab8e-c731f3e9c6bf,21,The schoolboy writes/is writing an essay.,/Volumes/Disc 2/1Pictures/Flashcard/schoolboy.jpg
2931,9dfe7703-cc36-4176-bef8-d2bcb1683c1e,21,I'm studying History and German.,/Volumes/Disc 2/1Pictures/Flashcard/study.jpg
2932,06eed9ad-d98d-4322-b4c0-74aeb305d216,21,The cello lesson (S...) starts at one o'clock.,/Volumes/Disc 2/1Pictures/Flashcard/lesson.jpg
192,933d44d0-caa2-4c3e-9ba0-2a4425b2d14f,1,Celsius,/Volumes/Disc 2/1Pictures/Flashcard/Celsius.jpg
215,a3dddeac-c305-4c78-9896-48449bb03ed3,1,weather,/Volumes/Disc 2/1Pictures/Flashcard/weather-nt.jpg
2950,c11bf470-2990-4084-8088-cd84d8632e13,21,Now one can buy cucumbers all the year around.,/Volumes/Disc 2/1Pictures/Flashcard/cucumber.jpg
1643,b42ec535-b3c9-41f4-bd4b-9ff05b5ed16c,2,chores,/Volumes/Disc 2/2Pictures/Flashcard/chores.jpg
3695,2faad027-c2c1-4a1a-9af1-c1f0516e8a44,22,You must get yourselves changed quickly. (inf.pl),/Volumes/Disc 2/2Pictures/Flashcard/to get changed (clothes).jpg
4176,f9cd2279-fe9f-4157-8d0d-516d4d9a45ff,22,Are you taking some flowers to the cemetery? (inf.pl),/Volumes/Disc 2/2Pictures/Flashcard/cemetery.jpg
386,066cc906-2201-4c1b-af24-5f0637f9a4df,1,to spell,/Volumes/Disc 2/1Pictures/Flashcard/spell.jpg
4217,0a2480cb-1de1-4167-9562-a2d985aef53f,22,They polish the silver.,/Volumes/Disc 2/2Pictures/Flashcard/silver.jpg
393,21cc811d-1459-49cc-a8d8-32f986c38d61,1,teacher,/Volumes/Disc 2/1Pictures/Flashcard/teacher.jpg
376,a35f5895-281a-4f32-acd5-4c64ecfdcfad,1,pan,/Volumes/Disc 2/1Pictures/Flashcard/pan.jpg
3254,64cdcba6-4fc9-4c50-873c-cff7f6b10771,21,The customer pays for his purchases.,"/Volumes/Disc 2/1Pictures/Flashcard/customer ,client.jpg"
408,d8136522-d604-4cac-bb31-1eafea18b8c3,1,lessons / education,/Volumes/Disc 2/1Pictures/Flashcard/lessons - education.jpg
406,73eaaa88-c7af-426f-a54c-7b8137f757a6,1,"board ,blackboard","/Volumes/Disc 2/1Pictures/Flashcard/board ,blackboard.jpg"
2992,71d0d8a2-82cd-456a-a8cc-598a6ba92833,21,Grandpa likes to sit on the bench in the park.,/Volumes/Disc 2/1Pictures/Flashcard/bench.jpg
420,f6563a7e-21b7-47c1-90f4-df60a3bb41e1,1,mixed,/Volumes/Disc 2/1Pictures/Flashcard/mixed.jpg
627,29cb7b0b-a772-4759-8bf6-fc879798e196,1,lamp,/Volumes/Disc 2/1Pictures/Flashcard/lamp.jpg
532,73a7fbe7-f68f-462c-b8b8-ee571aeb46c1,1,"over ,across ,above","/Volumes/Disc 2/1Pictures/Flashcard/over ,across ,above.jpg"
472,85405a8c-667a-475c-a81f-40a9724e7d3b,1,pavement,/Volumes/Disc 2/1Pictures/Flashcard/pavement.jpg
545,e971c8e7-233f-4947-9a35-bffcf8be0fec,1,kiss,/Volumes/Disc 2/1Pictures/Flashcard/kiss.jpg
544,1335492c-c01b-4108-b686-e1067e53e321,1,"to know (person ,place)","/Volumes/Disc 2/1Pictures/Flashcard/know (person ,place).jpg"
546,39c2a371-32d4-4d61-abb1-135b1a830c37,1,to smile,/Volumes/Disc 2/1Pictures/Flashcard/smile.jpg
637,ca635dd6-d108-4fea-9765-a7804dfa91a0,1,to comb one's hair,/Volumes/Disc 2/1Pictures/Flashcard/comb ones hair.jpg
640,c6c977fd-b861-4342-a6e4-78c41a67fa1f,1,washbasin,/Volumes/Disc 2/1Pictures/Flashcard/washbasin-nt.jpg
642,595da694-462a-4ed1-9817-d403020d2a44,1,alarm clock,/Volumes/Disc 2/1Pictures/Flashcard/alarm clock.jpg
656,94a3deeb-8277-4c4f-924f-8813fd0b2f8e,1,"neck ,throat","/Volumes/Disc 2/1Pictures/Flashcard/neck ,throat.jpg"
681,9de55120-7c99-4105-bab9-dd2e9ed60d2d,1,"railway ,track ,course ,alley ,lane","/Volumes/Disc 2/1Pictures/Flashcard/railway ,track ,course ,alley ,lane.jpg"
709,58d73b65-38f5-44d7-8d23-8a4776cc3f15,1,to shop,/Volumes/Disc 2/1Pictures/Flashcard/shop.jpg
716,1cb6c0a7-9dc5-47f5-beac-e4851b1e6bfc,1,department store,/Volumes/Disc 2/1Pictures/Flashcard/department store-nt.jpg
699,f0cc0463-eee7-4e18-a205-9ac595cc0ced,1,to travel,/Volumes/Disc 2/1Pictures/Flashcard/travel.jpg
744,aa16b3d8-fa7c-40cf-8392-f45d70fc3586,1,to sneeze,/Volumes/Disc 2/1Pictures/Flashcard/sneeze.jpg
758,044d438e-e3a1-4e03-83ce-450d218cef38,1,glasses,/Volumes/Disc 2/1Pictures/Flashcard/glasses.jpg
730,d2e6e770-d988-47d2-910f-a9c9ab12bddb,1,to pay,/Volumes/Disc 2/1Pictures/Flashcard/pay.jpg
765,72cbce5e-5070-4eb8-9376-9bb47cc9b547,1,jeans,/Volumes/Disc 2/1Pictures/Flashcard/jeans.jpg
748,116baac1-7ce2-467b-86c6-f31e5bdb5948,1,to be interested in,/Volumes/Disc 2/1Pictures/Flashcard/be interested in.jpg
751,cf1d554c-c876-4eb2-800c-51a1a070bdb8,1,to stand,/Volumes/Disc 2/1Pictures/Flashcard/stand.jpg
767,44540926-2418-45c4-8a9f-aecfa68c87e0,1,clothes,/Volumes/Disc 2/1Pictures/Flashcard/clothes.jpg
2818,f1f79636-039d-419d-8b6b-d5faae273d4e,21,That can not be true!,/Volumes/Disc 2/1Pictures/Flashcard/not.jpg
3827,804b227e-9bfa-4d82-8d53-461c3fe56035,22,I have stubbed my little toe.,/Volumes/Disc 2/2Pictures/Flashcard/toe.jpg
3837,4f2e6da4-ccb3-4db1-b762-3e6805789d04,22,These pyjamas are too small.,/Volumes/Disc 2/2Pictures/Flashcard/pyjamas.jpg
3838,55952f50-6d15-45c9-a601-0d58f4db9d80,22,He must first tidy his bedroom.,/Volumes/Disc 2/2Pictures/Flashcard/bedroom.jpg
3841,4cec35ee-2291-4347-b2c6-c8ef76d17bc6,22,Do you have a free double room? (formal),/Volumes/Disc 2/2Pictures/Flashcard/double room.jpg
3844,4b55e8d8-7a60-4f29-86c8-a79314b480f2,22,The hotel offers half board.,/Volumes/Disc 2/2Pictures/Flashcard/half board.jpg
795,a2b604a7-d153-4698-a95b-5e19e298ca86,1,to have,/Volumes/Disc 2/1Pictures/Flashcard/have.jpg
812,7e52efae-25ce-464a-b326-91dc9a153815,1,inside,/Volumes/Disc 2/1Pictures/Flashcard/inside.jpg
797,94790675-94cb-4456-98ec-bf0a0be69281,1,behind,/Volumes/Disc 2/1Pictures/Flashcard/behind.jpg
822,2b7caeaf-525e-480e-a2dc-63cf64a06189,1,north,/Volumes/Disc 2/1Pictures/Flashcard/north.jpg
775,37723624-73d2-4787-87b3-db939091bfb4,1,skirt,/Volumes/Disc 2/1Pictures/Flashcard/skirt.jpg
777,ce973c8d-d582-4ac1-bf6b-2238b8d4f2f4,1,shoe,/Volumes/Disc 2/1Pictures/Flashcard/shoe.jpg
776,4689e2c2-adad-4b5e-b7ab-9bdc0b0091a5,1,jewellery,/Volumes/Disc 2/1Pictures/Flashcard/jewellery.jpg
791,ef00445d-18dd-41cf-8bdc-99fafd124851,1,to use,/Volumes/Disc 2/1Pictures/Flashcard/use.jpg
789,178a9ab0-9956-466a-bfd8-be714fc022b7,1,"happy ,glad","/Volumes/Disc 2/1Pictures/Flashcard/happy ,glad.jpg"
846,f1eb9b8e-77d8-42c2-b13c-9212eb7b7a97,1,garden,/Volumes/Disc 2/1Pictures/Flashcard/garden.jpg
882,a2ecb33e-6cd6-4c2b-bd61-f3cde81f2f91,1,full,/Volumes/Disc 2/1Pictures/Flashcard/full.jpg
801,8d5f0c9c-b080-45af-b812-397c6fb1cc33,1,"to make ,to do","/Volumes/Disc 2/1Pictures/Flashcard/make ,do.jpg"
811,2f18fdc0-73cd-48df-8f50-22ad933dcc76,1,to there,/Volumes/Disc 2/1Pictures/Flashcard/there.jpg
820,01d14f36-210a-4186-ab36-e50492b3fe55,1,near,/Volumes/Disc 2/1Pictures/Flashcard/near.jpg
824,44a92ff6-1fdf-45af-a7d2-a3d85239a199,1,"across ,crosswise ,at right angles (q...)","/Volumes/Disc 2/1Pictures/Flashcard/across ,crosswise ,at right angles.jpg"
879,a8632917-7f4b-4a5e-aa33-2b7b8cbb7468,1,immediately,/Volumes/Disc 2/1Pictures/Flashcard/immediately.jpg
829,f1603e15-5757-4fc9-8323-6dc5ce3cb703,1,everywhere,/Volumes/Disc 2/1Pictures/Flashcard/everywhere.jpg
843,89160abb-36dc-4968-b542-57daa5c92675,1,earth,/Volumes/Disc 2/1Pictures/Flashcard/earth.jpg
864,798bfb9d-b24b-41ee-b4e0-fe466f9549f7,1,to be friends with,/Volumes/Disc 2/1Pictures/Flashcard/be friends with.jpg
2838,ad73bbd5-a500-4acd-ad99-2f4ed71c46b7,21,He has three brothers and sisters.,/Volumes/Disc 2/1Pictures/Flashcard/brothers and sisters.jpg
912,b825af47-92a8-4d2b-991b-a280f208bb23,1,how do you say….?,/Volumes/Disc 2/1Pictures/Flashcard/How do you say.jpg
857,96e9befc-eaef-4a31-a291-bb62773abe1f,1,beach,/Volumes/Disc 2/1Pictures/Flashcard/beach.jpg
873,54bcfac5-67cd-4e6f-bd24-2002bb6bbeba,1,pair,/Volumes/Disc 2/1Pictures/Flashcard/pair-nt.jpg
889,f72fb561-9510-4e8f-8204-cd20c658e503,1,best of all,/Volumes/Disc 2/1Pictures/Flashcard/best of all.jpg
1009,789a03dd-f7c6-4d20-9889-caaa04cbe51e,1,to measure,/Volumes/Disc 2/1Pictures/Flashcard/measure.jpg
881,64c11e56-39d4-4ae0-b950-b58e1d77d8b3,1,to die,/Volumes/Disc 2/1Pictures/Flashcard/die.jpg
2840,4af83076-a852-4655-bdbf-9773ea50c769,21,My grandfather had a smithy.,/Volumes/Disc 2/1Pictures/Flashcard/grandfather.jpg
908,39f8c220-5704-49ba-a218-59e81bec548a,1,what a pity!,/Volumes/Disc 2/1Pictures/Flashcard/what a pity.jpg
915,62a9bb6c-944e-4a54-b707-84cd68099aad,1,monkey,/Volumes/Disc 2/1Pictures/Flashcard/monkey.jpg
950,4e40e9ef-f458-4ee6-a7e7-aa5114a58fbc,1,strength,/Volumes/Disc 2/1Pictures/Flashcard/strength.jpg
1023,82ba99dd-d430-4186-a72a-713d73485df3,1,clear (d…),/Volumes/Disc 2/1Pictures/Flashcard/clear.jpg
969,395950bd-3ed7-4340-811f-098a965fcc53,1,"but ,however ,yet (d…)","/Volumes/Disc 2/1Pictures/Flashcard/but ,however ,yet.jpg"
976,5da5d4dc-8c65-473d-b889-9082f43b7641,1,to me,"/Volumes/Disc 2/1Pictures/Flashcard/me ,v.jpg"
962,602d8c66-d346-49c0-bc32-1bbe9122a1ec,1,pleasure,/Volumes/Disc 2/1Pictures/Flashcard/pleasure-nt.jpg
3973,d73e10ff-7e5a-4e2c-aa59-a2fbc0b14bd5,22,The approach road is blocked by a snow drift.,/Volumes/Disc 2/2Pictures/Flashcard/approach road.jpg
3977,af22485b-5ea6-4482-bc0a-3b282a4dd106,22,The female nurse (K...) takes the patient's pulse.,/Volumes/Disc 2/2Pictures/Flashcard/female nurse.jpg
3985,150e019d-8129-4261-95b3-609f55c3bc2e,22,The chemist (A...) puts (mixes) the medicine together.,/Volumes/Disc 2/2Pictures/Flashcard/chemist.jpg
1020,3d4a8fa0-8ac7-4393-8244-156c2ff92e47,1,comfortable,/Volumes/Disc 2/1Pictures/Flashcard/comfortable.jpg
2845,3bacdbc6-2b85-4aff-b2b7-0b633fd16f80,21,My uncle has left me his money.,/Volumes/Disc 2/1Pictures/Flashcard/uncle.jpg
2522,f61f91f0-2725-4ce2-b784-233d814f39ae,21,I have put the letter on the desk.,"/Volumes/Disc 2/1Pictures/Flashcard/on ,onto.jpg"
2568,521f69da-d0ca-4316-91c5-bd9ac02ab96d,21,How do you evaluate his personality?,/Volumes/Disc 2/1Pictures/Flashcard/personality.jpg
2778,11dec32e-7404-45d6-bae5-eb316514a161,21,Would you like to see the drinks list? (form.sing),/Volumes/Disc 2/1Pictures/Flashcard/drinks or wine list.jpg
2541,0d9accff-b8d0-41ef-8026-b25d04b66813,21,Would you like to see this diamond ring? (form.sing),/Volumes/Disc 2/1Pictures/Flashcard/you (formal).jpg
2570,fb2964cf-83fa-42af-8039-3cf6f0759a20,21,The people (V...) are electing a new president.,"/Volumes/Disc 2/1Pictures/Flashcard/people ,nation-nt.jpg"
2578,7dfd703d-6ec0-4101-a509-7e86a8960394,21,The computer won't run without electricity. (E...),/Volumes/Disc 2/1Pictures/Flashcard/electricity.jpg
2609,fb805732-e05a-4df8-852a-f54ca91c533b,21,The watering can is broken,/Volumes/Disc 2/1Pictures/Flashcard/broken.jpg
33,5b3d8bed-982f-43e5-a8e1-dbc6d7f0ebbd,1,lady,/Volumes/Disc 2/1Pictures/Flashcard/lady.jpg
2600,40d4e388-1df1-407a-9a11-da0317208079,21,Why are you so excited?  (inf.sing),/Volumes/Disc 2/1Pictures/Flashcard/excited.jpg
2601,72209f26-fc95-4d3d-97be-e974d433f0fc,21,The food tastes excellent.,/Volumes/Disc 2/1Pictures/Flashcard/excellent.jpg
2575,c72c60ea-2004-4015-9725-c51da6ac8919,21,For many people life without computers is unthinkable.,/Volumes/Disc 2/1Pictures/Flashcard/computer.jpg
11,6fc24f66-adee-4275-9565-6d4a8b1d1824,1,he,/Volumes/Disc 2/1Pictures/Flashcard/he.jpg
16,2db382b8-07ba-4536-a6ff-436215010ac9,1,I,/Volumes/Disc 2/1Pictures/Flashcard/I.jpg
44,834aafa0-bd84-4380-9937-040500f9da63,1,girl,/Volumes/Disc 2/1Pictures/Flashcard/girl-nt.jpg
46,8331e045-13dd-49ce-892e-ce388c14a500,1,crowd (M…),/Volumes/Disc 2/1Pictures/Flashcard/crowd.jpg
53,e12623b6-7a4b-424f-82f1-4a0f526461f8,1,"female ,feminine","/Volumes/Disc 2/1Pictures/Flashcard/female ,feminine.jpg"
78,f58a94b4-573d-49fc-84af-10fa863a70a9,1,living room,/Volumes/Disc 2/1Pictures/Flashcard/living room-nt.jpg
81,e432d699-74ee-44d0-9894-a319e2b2006c,1,excited (a…),/Volumes/Disc 2/1Pictures/Flashcard/excited.jpg
101,cc06d80a-7a63-420e-ac8c-3797a3d260d6,1,deep,/Volumes/Disc 2/1Pictures/Flashcard/deep.jpg
106,ae6c5576-0d33-4f28-a53b-e079e948d482,1,appetite,/Volumes/Disc 2/1Pictures/Flashcard/appetite.jpg
128,5876300a-84f6-4f52-8ed0-d9003e90518c,1,sour,/Volumes/Disc 2/1Pictures/Flashcard/sour.jpg
172,8b1fb8bb-eb2e-4c4b-9cbc-1563d31d6234,1,each time,/Volumes/Disc 2/1Pictures/Flashcard/each time.jpg
194,2eccee72-e533-4df3-822d-769aaaff7e1a,1,ice,/Volumes/Disc 2/1Pictures/Flashcard/ice-nt.jpg
219,41237bdf-8ead-4a69-86e0-7b45a9be8c5e,1,treatment,/Volumes/Disc 2/1Pictures/Flashcard/treatment.jpg
241,340dc6cc-fbaa-48c7-a62c-7bdb33c87ccd,1,to feel,"/Volumes/Disc 2/1Pictures/Flashcard/feel ,v.jpg"
255,aa21ca28-5d02-49de-98d5-6797ee492e61,1,drinks or wine list,/Volumes/Disc 2/1Pictures/Flashcard/drinks or wine list.jpg
271,d52ace67-7256-4cc7-9ec1-128e953705ee,1,cup,/Volumes/Disc 2/1Pictures/Flashcard/cup.jpg
289,31a104b8-385c-4997-ac48-d422d0494e01,1,now (j…),/Volumes/Disc 2/1Pictures/Flashcard/now.jpg
306,9bdc98b5-6de1-4604-af22-dc528362e36e,1,wife,/Volumes/Disc 2/1Pictures/Flashcard/wife.jpg
314,4537504e-3d32-42ad-a441-fa8b13614711,1,grandmother,/Volumes/Disc 2/1Pictures/Flashcard/grandmother.jpg
315,04a6929c-13b0-46b1-aa35-a557cea3ab24,1,grandfather,/Volumes/Disc 2/1Pictures/Flashcard/grandfather.jpg
326,b1c51015-be21-4895-b3ec-f082d5dbcaff,1,father,/Volumes/Disc 2/1Pictures/Flashcard/father.jpg
360,77453933-62a7-463e-8019-a0c575465945,1,mug,/Volumes/Disc 2/1Pictures/Flashcard/mug.jpg
364,0267c2a4-d013-411f-8ef0-f594ba6e2289,1,dining room,/Volumes/Disc 2/1Pictures/Flashcard/dining room-nt.jpg
366,2a5b8e63-73c5-43a7-bd97-ebebadee03c9,1,appliance,/Volumes/Disc 2/1Pictures/Flashcard/appliance-nt.jpg
392,fe9d6a85-7db0-4e24-9425-f98eef3ee0c8,1,course,/Volumes/Disc 2/1Pictures/Flashcard/course.jpg
413,e3d431f6-0b26-4462-a543-ff9902f86ec2,1,pear,/Volumes/Disc 2/1Pictures/Flashcard/pear.jpg
414,c694ec95-4cb1-4a47-8ca1-d0d25e0d83b6,1,cauliflower,/Volumes/Disc 2/1Pictures/Flashcard/cauliflower.jpg
423,b0a3cba2-f00e-4a4f-b3e1-13d7a8e1edb9,1,raspberry,/Volumes/Disc 2/1Pictures/Flashcard/raspberry.jpg
607,56f673cf-374c-4f5b-93b0-95dc4b17098e,1,coin,/Volumes/Disc 2/1Pictures/Flashcard/coin.jpg
927,88d1f231-5847-44d4-848c-0371f4bf6c26,1,rabbit,/Volumes/Disc 2/1Pictures/Flashcard/rabbit-nt.jpg
478,435fc665-88af-4612-8d7b-e0259e221429,1,church,/Volumes/Disc 2/1Pictures/Flashcard/church.jpg
509,a5bc4d09-6620-43bb-a1fd-63af83897103,1,"safe ,sure","/Volumes/Disc 2/1Pictures/Flashcard/safe ,sure.jpg"
523,1db232e2-ec9a-4d2a-a23a-2802a78f440a,1,people,/Volumes/Disc 2/1Pictures/Flashcard/people.jpg
561,1f8073b9-e7bb-4793-9cc2-d4bf3611eedc,1,beer (B…),/Volumes/Disc 2/1Pictures/Flashcard/beer-nt.jpg
570,b8375308-f12b-40a7-ba11-4622adb4a90d,1,coffee,/Volumes/Disc 2/1Pictures/Flashcard/coffee.jpg
593,aa401396-0d81-44e2-8974-1c694df4865f,1,payment,/Volumes/Disc 2/1Pictures/Flashcard/payment.jpg
595,c763870e-33be-4641-aee3-f133d10fd5e2,1,"mailbox ,letter-box","/Volumes/Disc 2/1Pictures/Flashcard/mailbox ,letter-box.jpg"
619,571a6b49-2eec-494e-a8a1-4695eed6e76b,1,brush,/Volumes/Disc 2/1Pictures/Flashcard/brush.jpg
630,5f9a94bd-87a8-45a6-a500-e32fb43d17c6,1,to shave,/Volumes/Disc 2/1Pictures/Flashcard/shave.jpg
643,ff4a856c-6615-4d3e-adf5-e954d36c9c74,1,toothpaste,/Volumes/Disc 2/1Pictures/Flashcard/toothpaste.jpg
683,0415f28d-5c6c-4889-9a72-ff4f607d9f4d,1,boat,/Volumes/Disc 2/1Pictures/Flashcard/boat-nt.jpg
706,f4ee08a8-e705-4048-a03c-4abd20c5bc7c,1,sale,/Volumes/Disc 2/1Pictures/Flashcard/sale.jpg
720,ef6ebddf-8003-4670-94ff-55eaad35025d,1,"shop ,store","/Volumes/Disc 2/1Pictures/Flashcard/shop ,store.jpg"
740,301030d4-e1f5-4a0d-897f-e2bb992ba90b,1,to knock,/Volumes/Disc 2/1Pictures/Flashcard/knock.jpg
756,75ac58db-89f5-4240-affa-cb9473fb2fb5,1,suit,/Volumes/Disc 2/1Pictures/Flashcard/suit.jpg
768,ed2252bd-d209-45ad-8cff-e079fd943dd0,1,clothes - outfit,/Volumes/Disc 2/1Pictures/Flashcard/clothes - outfit.jpg
782,4f0f1a38-5ce3-4d1f-b633-f6f74a5c5417,1,tee-shirt,/Volumes/Disc 2/1Pictures/Flashcard/tee-shirt-nt.jpg
799,cd0a99c7-1989-475b-8666-16560e24c20d,1,to come,/Volumes/Disc 2/1Pictures/Flashcard/come.jpg
850,d929ad9d-27d6-45f7-b44c-5f6f36af834c,1,island,/Volumes/Disc 2/1Pictures/Flashcard/island.jpg
856,93398e6c-acdd-4484-bc94-6dda8d056903,1,lake,/Volumes/Disc 2/1Pictures/Flashcard/lake.jpg
876,e60c437e-31f1-4561-b204-4292dbfa9087,1,divorce,/Volumes/Disc 2/1Pictures/Flashcard/divorce.jpg
899,0d5c5a64-25ea-48e9-82fd-d465a9491668,1,same to you!,/Volumes/Disc 2/1Pictures/Flashcard/same to you.jpg
911,09b9365b-4e69-43d7-b05f-57a0540e6289,1,how are you?,/Volumes/Disc 2/1Pictures/Flashcard/how are you.jpg
913,d8dac2b1-3eb3-49ae-b8ef-ed05bc20b258,1,how far?,/Volumes/Disc 2/1Pictures/Flashcard/how far.jpg
917,6a753ccd-e8fa-47b9-9eae-faf975ba0d98,1,bull,/Volumes/Disc 2/1Pictures/Flashcard/bull.jpg
954,a16dfb6b-cb4d-4296-ad98-0cc30b3eae6d,1,courage,/Volumes/Disc 2/1Pictures/Flashcard/courage.jpg
975,a32e83b2-d428-43d6-9e6e-83547a428922,1,me,/Volumes/Disc 2/1Pictures/Flashcard/me.jpg
984,7c337e4c-f001-4c3d-b2c5-076226132326,1,"under ,among","/Volumes/Disc 2/1Pictures/Flashcard/under ,among.jpg"
1017,d240a500-c94e-4b7a-b8a0-2c0449c8010a,1,general,/Volumes/Disc 2/1Pictures/Flashcard/general.jpg
2624,b22ac971-bf9d-4c49-9aa7-f5fe9dbebc54,21,Have you (got) a good appetite? (inf.sing),/Volumes/Disc 2/1Pictures/Flashcard/appetite.jpg
2533,ec428a65-0411-4145-a660-bc7260a9d362,21,It always rains (here) at our place at the weekends.,/Volumes/Disc 2/1Pictures/Flashcard/always.jpg
2560,20f5dc35-a3c5-4c40-9cc0-cb727888d279,21,Young boys should drive slower.,/Volumes/Disc 2/1Pictures/Flashcard/boy.jpg
3220,3afe0947-111c-4227-bb96-27b7ec7f6ae9,21,Did you have a good flight? (inf.pl),/Volumes/Disc 2/1Pictures/Flashcard/flight.jpg
2710,ec27d838-3ade-4dc6-b8cc-8405bf526024,21,What degree Celsius is it today?,/Volumes/Disc 2/1Pictures/Flashcard/Celsius.jpg
2749,28c51f85-9e4e-4a47-aaa4-8c61ec29a42d,21,Call an ambulance! (inf.sing),/Volumes/Disc 2/1Pictures/Flashcard/ambulance.jpg
2760,973e3469-fd81-402f-9a44-508f1fb89fe4,21,Where have you got pains? (form.sing),"/Volumes/Disc 2/1Pictures/Flashcard/pain ,hurt ,grief.jpg"
2785,6bd9b718-4561-47bb-ac54-85955c353649,21,Can I have a spoon please?,/Volumes/Disc 2/1Pictures/Flashcard/spoon.jpg
2794,9993da8d-1914-4455-a037-3669d5fc75c3,21,Let's have a cup of coffee.,/Volumes/Disc 2/1Pictures/Flashcard/cup.jpg
2812,68fa87bc-cc25-4650-99f3-f6bab3bca8dd,21,He answered yes to my question.,/Volumes/Disc 2/1Pictures/Flashcard/yes.jpg
2827,cd54b356-4564-45b8-8fb7-694efdecf38a,21,Who is minding the baby?,/Volumes/Disc 2/1Pictures/Flashcard/baby-nt.jpg
2829,a4f4b480-4f14-41e8-bff6-b9fa5558b4c7,21,My brother is younger than me.,/Volumes/Disc 2/1Pictures/Flashcard/brother.jpg
2836,92d2e318-dbf0-435a-b317-195a6a74593c,21,My family likes to go for walks.,/Volumes/Disc 2/1Pictures/Flashcard/family.jpg
2837,b6d4df5f-6919-4251-893f-679711504350,21,What have you planned for your birthday? (inf.sing),/Volumes/Disc 2/1Pictures/Flashcard/birthday.jpg
2839,1b2ef47b-465f-4c93-ac3a-7a3b81b886b6,21,My grandmother has died long ago.,/Volumes/Disc 2/1Pictures/Flashcard/grandmother.jpg
2885,09b6b973-c5dc-4a44-a040-237eeb690791,21,They had a lot of snow this winter.,/Volumes/Disc 2/1Pictures/Flashcard/winter.jpg
2888,d2d43ff8-6173-4dd4-9b87-315355a62bad,21,The sideboard (B...) is in the sitting room.,/Volumes/Disc 2/1Pictures/Flashcard/sideboard-nt.jpg
2891,d9b9e80d-41ff-48ce-9bfa-fbb67b4c971f,21,The silver cutlery is in the dining room.,/Volumes/Disc 2/1Pictures/Flashcard/dining room-nt.jpg
2927,0367d612-8576-4634-92dc-8543dceb148b,21,Do you still go to school? (inf.sing),/Volumes/Disc 2/1Pictures/Flashcard/school.jpg
2961,6c452dda-e99b-470b-aabc-d881ff2dda7a,21,Are these peaches ripe?,/Volumes/Disc 2/1Pictures/Flashcard/ripe.jpg
2574,5a43be08-607a-418b-a68f-3440851e2367,21,I am going to iron my blouse.,/Volumes/Disc 2/1Pictures/Flashcard/iron.jpg
3003,1956997e-c270-4a05-aae5-fafae8ff9b07,21,You are not allowed to cycle on the pavement. (inf.sing),/Volumes/Disc 2/1Pictures/Flashcard/pavement.jpg
3023,f5fd17d6-4f28-43ef-b061-e4a423c3f2cb,21,This ring is genuine gold.,"/Volumes/Disc 2/1Pictures/Flashcard/genuine ,real.jpg"
3027,989cd819-8386-47a3-a809-4fbdb8d613e8,21,It is wrong to accuse him.,"/Volumes/Disc 2/1Pictures/Flashcard/false ,wrong.jpg"
3085,154bbe8e-957e-4414-a6d2-e6916b12e194,21,I will phone you. (inf.sing),/Volumes/Disc 2/1Pictures/Flashcard/phone.jpg
3148,8348355c-68a5-4080-afdd-5be3624549cd,21,I have put the dirty bedding into the washing machine.,/Volumes/Disc 2/1Pictures/Flashcard/bedding-nt.jpg
3225,c634f76c-0ba3-4792-9aa0-340af2289c9f,21,From which platform does the train to Berlin leave from?,/Volumes/Disc 2/1Pictures/Flashcard/platform-nt.jpg
3259,58ed60e4-ccbe-4895-9830-4eef79a1d47d,21,Would you like a receipt? (form.sing),/Volumes/Disc 2/1Pictures/Flashcard/receipt.jpg
3299,263d8dad-f46a-4269-8c10-962530b9983d,21,Hundreds of people stand outside the gate.,/Volumes/Disc 2/1Pictures/Flashcard/stand.jpg
3329,681e163c-8aed-49b0-b961-2a9feceba8bb,21,The rider pulls up his boots.,/Volumes/Disc 2/1Pictures/Flashcard/boot.jpg
3499,92404308-e2ac-4d41-8d4a-e2a87bb2fb9b,21,The children are laughing with happiness.,/Volumes/Disc 2/1Pictures/Flashcard/happiness.jpg
3555,794b7ceb-d973-4a21-a021-9172048e78f8,21,Can you give me (a) half of your apple? (inf.sing),/Volumes/Disc 2/1Pictures/Flashcard/half.jpg
3361,984ab941-4cc0-4fde-b602-36d92d94a294,21,How do I (does one) get to there?,/Volumes/Disc 2/1Pictures/Flashcard/there.jpg
3362,652f9a44-3c0e-4e86-8c89-122a7c1d20d7,21,In Winter it is warm and cosy inside.,/Volumes/Disc 2/1Pictures/Flashcard/inside.jpg
3376,9bd05897-8d82-4e6a-a7c1-4c9e211d5cc9,21,The back of the house was damaged.,/Volumes/Disc 2/1Pictures/Flashcard/back.jpg
3399,f128f15a-06f8-449e-b063-e7e0939656cc,21,Is this a quiet area here?,"/Volumes/Disc 2/1Pictures/Flashcard/area ,region.jpg"
3408,9eb2a7c9-0e07-4adf-9656-d4575282d269,21,The swans are swimming on the lake.,/Volumes/Disc 2/1Pictures/Flashcard/lake.jpg
3431,fefe2faa-f5a1-4602-ba48-947c2b0d83e6,21,There has rarely been this much snow.,/Volumes/Disc 2/1Pictures/Flashcard/rarely.jpg
3467,74c4daf6-784b-4e6b-af17-ff6a5c8fd09b,21,How do you (does one) say that in Spanish?,/Volumes/Disc 2/1Pictures/Flashcard/How do you say.jpg
3492,e6ed47b7-e642-4ef5-8180-c9c4b9a219da,21,Some spiders jump on their prey.,/Volumes/Disc 2/1Pictures/Flashcard/spider.jpg
3551,eb316891-1795-4f6a-a925-936920148164,21,This castle is enormous!,/Volumes/Disc 2/1Pictures/Flashcard/enormous.jpg
3565,e43af647-e9aa-4f78-924f-df352fc005c1,21,The circle is two meters in diameter.,/Volumes/Disc 2/1Pictures/Flashcard/metre.jpg
3589,fecc4721-9571-48fa-8bbb-b4a39dc4d600,21,They have an important meeting.,/Volumes/Disc 2/1Pictures/Flashcard/important.jpg
1296,e56f0471-44c9-468d-8ecf-5313ac47ecf7,2,bear,/Volumes/Disc 2/2Pictures/Flashcard/bear.jpg
1303,18cc74d5-e0b1-41ad-9393-c7b062842530,2,pet,/Volumes/Disc 2/2Pictures/Flashcard/pet.jpg
1232,f2c45571-edd4-440c-b54f-915167d7253b,2,young,/Volumes/Disc 2/2Pictures/Flashcard/young.jpg
1235,a5103014-72e4-4cc1-9f97-43a73884e178,2,all the,/Volumes/Disc 2/2Pictures/Flashcard/all the.jpg
1260,14fee600-def9-42d0-b9b9-1f9088aa19ca,2,masculine,/Volumes/Disc 2/2Pictures/Flashcard/masculine.jpg
1279,810c6a6d-5010-41ac-8133-7e6f7ee9bb0f,2,shy (s……n),/Volumes/Disc 2/2Pictures/Flashcard/shy (sn).jpg
1293,0266e5ef-e617-404c-bcc3-df3337204d47,2,really,/Volumes/Disc 2/2Pictures/Flashcard/really.jpg
1308,bb95a73c-59d5-45bc-91b7-9a8eb5ba6865,2,dove,/Volumes/Disc 2/2Pictures/Flashcard/dove.jpg
1309,44422c4a-9e71-401f-9d7c-7eea78b11bab,2,livestock,/Volumes/Disc 2/2Pictures/Flashcard/livestock.jpg
1317,38e149bf-2d4e-4418-952b-496b5cc5f9a6,2,airmail,/Volumes/Disc 2/2Pictures/Flashcard/airmail.jpg
1324,01f5ee49-72b9-4427-8cb3-e5f3227cd1e4,2,"surface mail ,sea mail","/Volumes/Disc 2/2Pictures/Flashcard/surface mail ,sea mail.jpg"
1343,5d252c92-ccf8-4baa-b584-86ab41377d7b,2,artist,/Volumes/Disc 2/2Pictures/Flashcard/artist.jpg
1365,13119019-f0ef-4b2d-b46c-4412649f8e09,2,leaded,/Volumes/Disc 2/2Pictures/Flashcard/leaded.jpg
1382,aca59be9-75f5-4baf-b373-eed7d8a08d87,2,swimsuit,/Volumes/Disc 2/2Pictures/Flashcard/swimsuit.jpg
1392,68c8129e-0493-432d-9481-232dec580199,2,pyjamas,/Volumes/Disc 2/2Pictures/Flashcard/pyjamas.jpg
1394,07c57ac4-e2aa-4157-897b-23a3cf0143f4,2,tights / pantyhose,/Volumes/Disc 2/2Pictures/Flashcard/tights - pantyhose.jpg
1395,934c7a69-9b5a-4d78-a41c-a56ef21bfa11,2,underpants,/Volumes/Disc 2/2Pictures/Flashcard/underpants.jpg
1396,5416593e-2ebb-4b0a-ba00-6f538d2d61e0,2,"except ,apart from","/Volumes/Disc 2/2Pictures/Flashcard/except ,apart from.jpg"
1429,8a636cc1-5006-461d-9fd6-f7659cf3deea,2,flat,/Volumes/Disc 2/2Pictures/Flashcard/flat.jpg
1434,cb218ad6-2120-4f59-a7f7-6358d154275c,2,inland,/Volumes/Disc 2/2Pictures/Flashcard/inland.jpg
1446,1fd19c1e-26f2-4d83-b610-82b68ac7d69e,2,Get well soon!,/Volumes/Disc 2/2Pictures/Flashcard/Get well soonE.jpg
1447,b5357969-9374-4669-9e31-d40196b2b48f,2,Good night!,/Volumes/Disc 2/2Pictures/Flashcard/Good nightE.jpg
1448,f97bd3aa-6fb5-42db-8d11-6091905094f6,2,Have a good trip!,/Volumes/Disc 2/2Pictures/Flashcard/Have a good tripE.jpg
1449,e91b5b15-f5d7-4f24-91ed-a2992ec6900c,2,Good evening!,/Volumes/Disc 2/2Pictures/Flashcard/Good eveningE.jpg
1450,27c88d82-43ea-4d95-b77b-1ea32dbe61c0,2,Enjoy your meal!,/Volumes/Disc 2/2Pictures/Flashcard/Enjoy your mealE.jpg
1451,420f2974-5d51-481e-b043-2aaa9d37c54c,2,good morning!,/Volumes/Disc 2/2Pictures/Flashcard/good morning.jpg
1452,4696ed22-c4f8-479b-9233-5121aa7c268e,2,good day!,/Volumes/Disc 2/2Pictures/Flashcard/good dayE.jpg
1453,43328e96-6425-4d91-9e25-0b1758fc0fb3,2,"warm ,hearty congratulations!","/Volumes/Disc 2/2Pictures/Flashcard/warm ,hearty congratulations.jpg"
1457,d1ae67cd-ff62-4dba-92f8-2183e09e0032,2,Good luck!,/Volumes/Disc 2/2Pictures/Flashcard/Good luckE.jpg
1458,802610fd-ed5d-4ba5-a220-849b82c86112,2,Have good fun!,/Volumes/Disc 2/2Pictures/Flashcard/Have good funE.jpg
1460,60729886-4a7d-4ab8-a09c-e16ea2cf325e,2,bitter,/Volumes/Disc 2/2Pictures/Flashcard/bitter.jpg
1484,8db6b5ee-cfd1-41a8-80df-0496b5bcc285,2,melon,/Volumes/Disc 2/2Pictures/Flashcard/melon.jpg
1502,95cc9ad9-2cc5-40b2-86ea-bde5da307b8a,2,orange juice,/Volumes/Disc 2/2Pictures/Flashcard/orange juice.jpg
1504,f7950811-d95d-4c70-8b10-28200dc03f29,2,schnapps,/Volumes/Disc 2/2Pictures/Flashcard/schnapps.jpg
1512,aec91b8b-3bcb-4b48-b06a-3bbc8a2e2de7,2,"dessert ,sweet (N…)","/Volumes/Disc 2/2Pictures/Flashcard/dessert, sweet.jpg"
1525,3e429f4e-0e7d-417a-a26a-a29735bd7ae1,2,grapefruit (P…),/Volumes/Disc 2/2Pictures/Flashcard/grapefruit (P).jpg
1527,407a3dde-9161-4fb8-8d7e-d619083e12b2,2,Brussel sprout,/Volumes/Disc 2/2Pictures/Flashcard/Brussel sprout.jpg
1530,6b6ab9eb-ff36-492c-93ee-f05f187c7391,2,cabbage - pickled,/Volumes/Disc 2/2Pictures/Flashcard/cabbage - pickled.jpg
1539,1a616199-d524-4997-8ef1-858e8d8fd587,2,drug,/Volumes/Disc 2/2Pictures/Flashcard/drug.jpg
1550,e6371f9e-53b6-4e90-b120-915e4fca90a7,2,bandage,/Volumes/Disc 2/2Pictures/Flashcard/bandage.jpg
1553,4deee431-89c7-406a-8781-54e213937560,2,to shiver,/Volumes/Disc 2/2Pictures/Flashcard/to shiver.jpg
1556,0f953749-d0c4-4230-8139-267ef0eeefb5,2,doctor (D…),/Volumes/Disc 2/1Pictures/Flashcard/doctor.jpg
1558,e0c00d5d-bbc8-42ce-b33a-c26c495a88b8,2,female nurse (K…),/Volumes/Disc 2/2Pictures/Flashcard/female nurse.jpg
1565,cf41c2ed-d731-48ca-b043-f939a42e0311,2,thermometer,/Volumes/Disc 2/2Pictures/Flashcard/thermometer.jpg
1577,2e7f410c-dc7d-478c-824b-09394c74272b,2,bath towel,/Volumes/Disc 2/2Pictures/Flashcard/bath towel.jpg
1580,aa02b35f-fdf4-4708-bbe5-6ee7b0491496,2,shower,/Volumes/Disc 2/2Pictures/Flashcard/shower.jpg
1581,e05f5301-1fa4-438f-865a-c60a91194cd5,2,hairbrush,/Volumes/Disc 2/2Pictures/Flashcard/hairbrush.jpg
1597,455d2659-3bce-4769-8da2-3743bf32d377,2,wardrobe (K…),/Volumes/Disc 2/1Pictures/Flashcard/wardrobe.jpg
1600,96407818-249b-4842-bd8c-18a9b8071e33,2,bedroom,/Volumes/Disc 2/2Pictures/Flashcard/bedroom.jpg
1602,02708d67-4be3-47a3-9eb9-aef8a7088de3,2,"to sleep in ,to have a good sleep","/Volumes/Disc 2/2Pictures/Flashcard/to sleep in ,to have a good sleep.jpg"
1606,2fb30806-bb79-4178-9762-38a6b2198583,2,to wake,/Volumes/Disc 2/2Pictures/Flashcard/to wake.jpg
1618,b4caff3b-0d48-478f-8725-7034aa39d380,2,ceiling,/Volumes/Disc 2/2Pictures/Flashcard/ceiling.jpg
1649,4accaf43-e382-4978-ab68-41c197bb5ac4,2,"to clear, to tidy","/Volumes/Disc 2/2Pictures/Flashcard/to clear, to tidy.jpg"
4174,f76ab8bd-782e-451b-80eb-8f90dfd2b67d,22,Are you coming tonight to the disco? (inf.sing),/Volumes/Disc 2/2Pictures/Flashcard/disco.jpg
1670,78996b56-98e6-4c68-9bf9-3da8f4270bf3,2,dishwasher (S…),/Volumes/Disc 2/1Pictures/Flashcard/dishwasher.jpg
1679,e179d5aa-5f0b-42c4-9ac7-a97020a9da08,2,"sofa ,settee","/Volumes/Disc 2/2Pictures/Flashcard/sofa ,settee.jpg"
1680,8da4329a-d09a-4322-be0f-91e2189d1807,2,standard lamp – free-standing lamp,/Volumes/Disc 2/2Pictures/Flashcard/standard lamp.jpg
1683,47834a17-5d61-416d-b229-df33f5bb2cc9,2,double room,/Volumes/Disc 2/2Pictures/Flashcard/double room.jpg
1686,dda8ba64-5a58-49e9-8a0f-c50585be23ad,2,half board,/Volumes/Disc 2/2Pictures/Flashcard/half board.jpg
1693,b36d11d8-54a2-4c92-8fe1-f6914452ad13,2,to stay (overnight),/Volumes/Disc 2/2Pictures/Flashcard/to stay (overnight).jpg
1694,a7e2af35-2145-4087-908c-6eaff80a3ed4,2,album,/Volumes/Disc 2/2Pictures/Flashcard/album.jpg
1711,dd9087dc-c644-4165-99c9-5c66c52887d0,2,club (V…),/Volumes/Disc 2/2Pictures/Flashcard/club (V).jpg
1714,a7afeff3-4cb6-420e-9255-8cedf51d4769,2,bucket,/Volumes/Disc 2/2Pictures/Flashcard/bucket.jpg
1725,71102432-46ff-4d52-bc13-f88e8ae8bbbd,2,caravan,/Volumes/Disc 2/2Pictures/Flashcard/caravan.jpg
1730,32312c67-7ce3-45a8-91c3-162f1dad257b,2,gold,/Volumes/Disc 2/2Pictures/Flashcard/gold.jpg
1757,7e331c7f-61d9-41bb-a2df-3eab8ca757cf,2,music,/Volumes/Disc 2/2Pictures/Flashcard/music.jpg
1758,8b443625-cfa0-4360-b5f9-e075d1bf0de9,2,musician,/Volumes/Disc 2/2Pictures/Flashcard/musician.jpg
1774,92a6dba4-01e6-4b00-828f-055e81c96ad9,2,Italian,/Volumes/Disc 2/2Pictures/Flashcard/Italian.jpg
1778,55728f4a-f20d-4f10-b572-25cd77b91c4b,2,Welshman,/Volumes/Disc 2/2Pictures/Flashcard/Welshman.jpg
1814,045908f6-21e4-46e3-8ba1-e8f492b67493,2,wrist,/Volumes/Disc 2/2Pictures/Flashcard/wrist.jpg
1823,2774c04d-0169-4215-b061-89b182b6ae53,2,"soul, mind","/Volumes/Disc 2/2Pictures/Flashcard/soul, mind.jpg"
1830,3ec71440-d014-4bee-801e-539b727814b4,2,grandchildren,/Volumes/Disc 2/2Pictures/Flashcard/grandchildren.jpg
1832,c2f87ae2-fab6-4c78-bf97-b034ae5b983a,2,grandparents,/Volumes/Disc 2/2Pictures/Flashcard/grandparents.jpg
1836,36650c97-3d8d-4dbe-89ef-401eb50399c4,2,daughter in law,/Volumes/Disc 2/2Pictures/Flashcard/daughter in law.jpg
1837,5076a65a-8134-43e2-b808-8d0bda0b2b0b,2,father in law,/Volumes/Disc 2/2Pictures/Flashcard/father in law.jpg
1853,2ce15742-a1d1-43dc-8160-e560124ab403,2,blind,/Volumes/Disc 2/2Pictures/Flashcard/blind.jpg
1858,3f05cffd-46df-4bf3-8489-2d72645c451a,2,dead /died,/Volumes/Disc 2/2Pictures/Flashcard/dead -died.jpg
1880,c9503319-ae43-4451-a88e-18b938549123,2,journey time,/Volumes/Disc 2/2Pictures/Flashcard/journey time.jpg
4292,3b46f5eb-977b-4583-9b6b-31fac7eb778d,22,The sky is overcast. (bed...),"/Volumes/Disc 2/2Pictures/Flashcard/cloudy ,overcast.jpg"
1896,1fb24a24-b3a4-4392-8f29-68e0387cf016,2,approach road,/Volumes/Disc 2/2Pictures/Flashcard/approach road.jpg
1900,7a1cb774-59f0-45b8-8ee4-932f245bba99,2,assembly hall,/Volumes/Disc 2/2Pictures/Flashcard/assembly hall.jpg
1916,d0b4892e-996e-4836-b51d-825a94dcbd5d,2,"end ,conclusion","/Volumes/Disc 2/2Pictures/Flashcard/end ,conclusion.jpg"
1922,159a87dd-bceb-4f97-b040-683fcfcfc39c,2,dictionary,/Volumes/Disc 2/2Pictures/Flashcard/dictionary.jpg
1930,3aee75a7-009c-403e-97fc-922cb4152433,2,physics,/Volumes/Disc 2/2Pictures/Flashcard/physics.jpg
1932,aec27b80-f270-4033-8330-ddf127e580dd,2,language,/Volumes/Disc 2/2Pictures/Flashcard/language.jpg
1934,07fabd5c-8210-4e27-97ab-165f3ef3e196,2,physical education/gymnastics,/Volumes/Disc 2/2Pictures/Flashcard/physical education-gymnastics.jpg
1939,88b2dc54-f058-4c9c-bf5b-1bd2bd0195b7,2,narrow (e…),/Volumes/Disc 2/2Pictures/Flashcard/narrow.jpg
1965,5a930709-b14a-46ac-a875-edea4cc912cf,2,closed,/Volumes/Disc 2/2Pictures/Flashcard/closed.jpg
1966,362b125f-a223-4cf2-80ba-e0a483293b71,2,"reasonable ,favourable","/Volumes/Disc 2/2Pictures/Flashcard/reasonable ,favourable.jpg"
1977,d4565736-19d2-479f-9586-d4da221238d5,2,prize,"/Volumes/Disc 2/2Pictures/Flashcard/price ,prize.jpg"
1983,99994629-765f-465f-b436-754359914e80,2,clothing store,/Volumes/Disc 2/2Pictures/Flashcard/clothing store.jpg
1985,1bca8cea-901f-485c-95df-ecb8779dccfe,2,computer store,/Volumes/Disc 2/2Pictures/Flashcard/computer store.jpg
1990,f1560bc4-cb22-49d8-bb3d-d7346244494e,2,gift store,/Volumes/Disc 2/2Pictures/Flashcard/gift store.jpg
1996,d0d7fcf9-6be0-4d26-9936-6908ffe80722,2,furniture store,/Volumes/Disc 2/2Pictures/Flashcard/furniture store.jpg
2019,204b9ea8-b074-4304-ab8d-8636298c5cf6,2,fan,/Volumes/Disc 2/2Pictures/Flashcard/fan.jpg
2042,caa059b7-01b4-4d34-8d6e-3567e924dac3,2,handball,/Volumes/Disc 2/2Pictures/Flashcard/handball.jpg
2047,ea174225-3b31-4375-9aef-30a12a9bb72c,2,table tennis,/Volumes/Disc 2/2Pictures/Flashcard/table tennis.jpg
2048,b1dd3bf0-8ffa-4edc-a46c-96b949683531,2,windsurfing,/Volumes/Disc 2/2Pictures/Flashcard/windsurfing.jpg
2062,5c317ddc-524d-4dc7-a4c8-25286aba209e,2,century,/Volumes/Disc 2/2Pictures/Flashcard/century.jpg
2065,500f168e-b9a6-422a-befe-7d1ab01be8d6,2,midnight,/Volumes/Disc 2/2Pictures/Flashcard/midnight.jpg
2070,e2330574-05dd-4cf0-a54f-82cabb3dca1d,2,day after tomorrow,/Volumes/Disc 2/2Pictures/Flashcard/day after tomorrow.jpg
2097,9b9a2fe4-5685-4790-af26-ee31d5028130,2,circus,/Volumes/Disc 2/2Pictures/Flashcard/circus.jpg
2106,b6d828df-5f89-4d63-a2c4-1a7016fb6790,2,high-rise building,/Volumes/Disc 2/2Pictures/Flashcard/high-rise building.jpg
2108,21f19488-44df-43be-8731-315a660a42ec,2,"floor ,storey (S…)","/Volumes/Disc 2/2Pictures/Flashcard/floor ,storey.jpg"
2115,4e71343b-d4e5-4421-a4f3-4ff7ad0bac70,2,fare,/Volumes/Disc 2/2Pictures/Flashcard/fare.jpg
2128,bbc1d3c0-66a1-4f00-8d17-2cfdbc9f4e63,2,airport,/Volumes/Disc 2/2Pictures/Flashcard/airport.jpg
2134,3fddb57f-9256-4c7b-b1d3-0254c9d03ac2,2,coach,/Volumes/Disc 2/2Pictures/Flashcard/coach.jpg
2135,9c056252-6219-4359-b599-d9d661453003,2,tourist guide,/Volumes/Disc 2/2Pictures/Flashcard/tourist guide.jpg
2138,e6f8206a-6213-451d-a886-224b899707b2,2,to look round,/Volumes/Disc 2/2Pictures/Flashcard/to look round.jpg
2170,3698d143-b4b4-4e5c-b60e-8bd5ab0c6e02,2,to help,/Volumes/Disc 2/2Pictures/Flashcard/to help.jpg
2153,a02df7da-879c-4653-8a12-8406cd8ae0f5,2,camera,/Volumes/Disc 2/2Pictures/Flashcard/camera.jpg
2156,565ed638-081b-49c9-babc-cb1ec3527cc6,2,programme,/Volumes/Disc 2/2Pictures/Flashcard/programme.jpg
2178,9d67e4bc-7e5e-4aff-9d04-e47223a7f41c,2,to burst,/Volumes/Disc 2/2Pictures/Flashcard/burst.jpg
2195,a7b59731-6243-4f21-85f5-4e426bf9d7cb,2,"cloudy ,overcast","/Volumes/Disc 2/2Pictures/Flashcard/cloudy ,overcast.jpg"
2209,751f6ef8-204b-481a-8166-244c831c09f5,2,weather report,/Volumes/Disc 2/2Pictures/Flashcard/weather report.jpg
2220,811be59b-63aa-4adf-91e4-e691b4fc0a0b,2,home (to),/Volumes/Disc 2/2Pictures/Flashcard/home (to).jpg
2229,339946b3-4865-41e9-a810-6cde30e87824,2,employer,/Volumes/Disc 2/2Pictures/Flashcard/employer.jpg
2249,736dcef2-43c2-4fa5-ad48-9f666ab886ed,2,choice of job,/Volumes/Disc 2/2Pictures/Flashcard/choice of job.jpg
2251,93a24ede-0148-4a6e-a5a9-130f6559c4d6,2,"chance ,opportunity (C…)","/Volumes/Disc 2/2Pictures/Flashcard/chance ,opportunity.jpg"
2391,a838a0e1-09a8-48d4-af66-038c9512796d,12,Love and energy makes hardship and work easy.,/Volumes/Disc 2/2Pictures/Flashcard/lust.jpg
3472,90b5a83f-5400-4728-9519-af49e66f1bbd,21,The bull has escaped!,/Volumes/Disc 2/1Pictures/Flashcard/bull.jpg
2597,7d5c6fe1-e96e-4796-b581-eecd00731e41,21,The house has three bedrooms and one living room.,/Volumes/Disc 2/1Pictures/Flashcard/living room-nt.jpg
2423,05e4cacd-50bf-472e-b58c-0bc4809b2200,12,Anything tastes good when you are hungry./Hunger is the best cook.,/Volumes/Disc 2/2Pictures/Flashcard/hunger.jpg
2429,c097930d-27c4-41ce-80ed-af592e190be3,12,Many hands make light work.,/Volumes/Disc 2/1Pictures/Flashcard/hand.jpg
3287,6022a34e-56bb-42a2-91a5-972c90e48a9c,2,to pull,/Volumes/Disc 2/2Pictures/Flashcard/to pull.jpg
2860,de66c36d-5ad8-4ec9-aaf8-a0bb5b4dcf3c,2,"to turn around ,or turn over","/Volumes/Disc 2/2Pictures/Flashcard/to turn around ,or turn over.jpg"
3290,7eae2ac1-99ba-4304-9d6d-a2e4fcad5a7c,2,"to pinch ,nip","/Volumes/Disc 2/2Pictures/Flashcard/pinch ,nip.jpg"
3592,ef3df3b1-e018-434b-8b9e-3a613e0616e0,22,These women are very active.,/Volumes/Disc 2/2Pictures/Flashcard/active.jpg
3618,230a5ba2-ea50-4828-90d0-16e226836c9f,22,The pink bath towel is soft.,/Volumes/Disc 2/2Pictures/Flashcard/bath towel.jpg
3619,2020b56c-150d-44d6-a3d4-24da857a7a0b,22,Where can I find the bathroom?,/Volumes/Disc 2/2Pictures/Flashcard/bathroom.jpg
3621,e02509e2-cafb-4344-ac3b-76dc0ef1f4ce,22,The hairbrush is full of hair.,/Volumes/Disc 2/2Pictures/Flashcard/hairbrush.jpg
3625,fc873e8d-64bc-48de-90f5-5b0ace0951a6,22,He wants to wash the car with the sponge.,/Volumes/Disc 2/2Pictures/Flashcard/sponge.jpg
3631,aabebb31-6bca-4e67-86bd-cc40b0b954d0,22,I have forgotten my toothbrush in the hotel.,/Volumes/Disc 2/2Pictures/Flashcard/toothbrush.jpg
3646,11fe3e7c-108d-4773-9180-bed93f074066,22,Would you like a bread roll with honey? (inf.sing),/Volumes/Disc 2/2Pictures/Flashcard/bread roll.jpg
3666,74d77366-d40a-4ade-8703-cf2f88462bca,22,Tomorrow the plaster cast is finally coming off.,/Volumes/Disc 2/2Pictures/Flashcard/plaster cast.jpg
3693,6f1e651d-1b17-4918-99dd-da2ac5e9d927,22,She nodded her head.,/Volumes/Disc 2/2Pictures/Flashcard/to nod.jpg
3719,3b9139cf-f541-44ce-8ab2-9df3b33dd3f5,2,to copy (in an exam),/Volumes/Disc 2/2Pictures/Flashcard/to copy (in an exam).jpg
3751,bdd7a08b-4f87-4a7a-aba2-405d836d2a61,22,The journey time is two hours. (The journey lasts two hours.),/Volumes/Disc 2/2Pictures/Flashcard/journey time.jpg
3754,4e49c7dd-83e8-4e1b-8166-d65beb5ea05a,22,We buy day tickets for the amusement park.,/Volumes/Disc 2/2Pictures/Flashcard/day ticket.jpg
3765,55715d42-5b61-40f9-9374-641a5d3aeab2,22,She would like to have a ferret for a pet.,/Volumes/Disc 2/2Pictures/Flashcard/pet.jpg
3769,875bb5cc-6b59-4289-970d-ee09040b85c3,22,There is a long queue in front of the cinema.,"/Volumes/Disc 2/2Pictures/Flashcard/snake ,queue.jpg"
3771,9ca50948-39eb-46f9-a318-c9f3bd376f75,22,I have finally had a good sleep.,"/Volumes/Disc 2/2Pictures/Flashcard/to sleep in ,to have a good sleep.jpg"
3786,c21c79a3-54e6-4738-942b-63416c5f9d94,22,I have a P.O. Box for my private correspondence.,"/Volumes/Disc 2/2Pictures/Flashcard/P-O- box ,left luggage locker.jpg"
4296,1b4579cf-b894-40ec-9d27-db9f7f1c249e,22,The hail was beating down on the car roof.,/Volumes/Disc 2/2Pictures/Flashcard/hail.jpg
3960,71d867a4-0916-4388-938b-d9a093863f20,22,We'll drive through Alaska with a caravan.,/Volumes/Disc 2/2Pictures/Flashcard/caravan.jpg
3818,ff030309-1377-4dff-968b-2964b99d0c09,22,He is packed with muscles.,/Volumes/Disc 2/2Pictures/Flashcard/muscle.jpg
3862,acfcb8f2-f031-4e26-9a3a-7ad3361aee7a,22,This is a muscadine grape.,/Volumes/Disc 2/2Pictures/Flashcard/grape (single).jpg
3867,b541660d-3d87-4039-bddd-b30b47c76c79,22,We hope you get well soon! (inf.sing),/Volumes/Disc 2/2Pictures/Flashcard/Get well soonE.jpg
3868,3962f6bd-9c12-4140-b1d4-d41f9eafd3e0,22,"Time to go to bed, good night!",/Volumes/Disc 2/2Pictures/Flashcard/Good nightE.jpg
3870,5535e529-60b8-4fb2-a59f-c2b87266aa5c,22,"Good evening, come in! (inf.pl)",/Volumes/Disc 2/2Pictures/Flashcard/Good eveningE.jpg
3871,1232a99d-c27f-4bca-9601-a2e6be08c39e,22,"Let's eat, enjoy your meal!",/Volumes/Disc 2/2Pictures/Flashcard/Enjoy your mealE.jpg
3873,86ccfe59-5ace-490d-b822-e42a98d233b1,22,"Good day, how are you doing? (formal)",/Volumes/Disc 2/2Pictures/Flashcard/good dayE.jpg
3875,5c2d3545-81f7-4fc1-8657-f36def15816a,22,I would say he was of average height.,/Volumes/Disc 2/2Pictures/Flashcard/of average height.jpg
3878,3a792018-c538-4577-8637-6b3116969fe6,22,Good luck with your new enterprise! (inf.pl),/Volumes/Disc 2/2Pictures/Flashcard/Good luckE.jpg
3879,d443245a-5430-4a20-9e80-c91ca8d47d32,22,Have good fun on your trip! (inf.pl),/Volumes/Disc 2/2Pictures/Flashcard/Have good funE.jpg
3894,59f19bfc-9f96-4c5d-8a4e-349f4d1f385d,22,Look it up in the dictionary.,/Volumes/Disc 2/2Pictures/Flashcard/dictionary.jpg
3897,1911cdb2-cf5f-4fed-af8f-27dee62d338a,22,Here are my glasses!,"/Volumes/Disc 2/2Pictures/Flashcard/here ,there.jpg"
3908,892bfc64-b9d6-4517-80d5-36b4f6da58f9,22,I'll take my car for repair the day after tomorrow.,/Volumes/Disc 2/2Pictures/Flashcard/day after tomorrow.jpg
3921,3e8c1b08-274d-426f-a128-8217b513e600,22,This hill is steep.,/Volumes/Disc 2/2Pictures/Flashcard/hill.jpg
3930,33530844-f37a-4a93-b058-1b000c8c84f7,22,Every person should practise conservation.,/Volumes/Disc 2/2Pictures/Flashcard/conservation.jpg
3939,6c39c0af-af57-489b-855f-2d6bd28b65c5,22,"Ouch, this cactus has sharp thorns!","/Volumes/Disc 2/2Pictures/Flashcard/spine ,thorn.jpg"
3946,ae5d3834-78c2-49cb-88fe-bc92ef994ed6,22,"Bring (go get) your swimsuit, we'll go swimming. (inf.sing)",/Volumes/Disc 2/2Pictures/Flashcard/swimsuit.jpg
3952,fe7639ca-5842-4309-a4ed-e098b95950ab,22,We will book the restaurant in advance.,/Volumes/Disc 2/2Pictures/Flashcard/in advance.jpg
3988,654d83a8-51b1-417b-936e-f6f950dbf384,22,What will be her choice of job?,/Volumes/Disc 2/2Pictures/Flashcard/choice of job.jpg
4008,83c5f248-4166-4bda-bd06-cb801d304f15,22,Can we watch TV now?,/Volumes/Disc 2/2Pictures/Flashcard/to watch TV.jpg
4020,5cd14b6f-d164-4d3a-b0d3-cb9ecb88be6d,22,Grandparents are proud of their grandchildren.,/Volumes/Disc 2/2Pictures/Flashcard/grandparents.jpg
4024,0c55b5bd-d889-46f9-95dc-7d5af3b048dd,22,My daughter-in-law is Swiss.,/Volumes/Disc 2/2Pictures/Flashcard/daughter in law.jpg
4025,6ad74ff2-db11-4b14-99a9-1475671d8c49,22,My father in law died two years ago.,/Volumes/Disc 2/2Pictures/Flashcard/father in law.jpg
4030,b5c39c5a-4bf5-492f-9515-cec3ef773e76,22,This clothing store is expensive.,/Volumes/Disc 2/2Pictures/Flashcard/clothing store.jpg
4032,d214e5e6-aecf-4b3f-9f83-456d00a42cf2,22,She buys a printer in the computer store.,/Volumes/Disc 2/2Pictures/Flashcard/computer store.jpg
4034,a2436a81-300b-4f5f-bde6-a473dd9083a8,22,She buys nails in the hardware store.,/Volumes/Disc 2/2Pictures/Flashcard/hardware store.jpg
4041,cc148f6b-8c98-4132-add9-0150e2653896,22,The furniture store has a special offer on sofas.,/Volumes/Disc 2/2Pictures/Flashcard/furniture store.jpg
4044,8239be19-7aa1-4c8d-aac1-8459308df90f,22,She stays fit by dancing.,/Volumes/Disc 2/2Pictures/Flashcard/fit.jpg
4066,007ce56c-3bf3-4f6e-9a1a-ebe233c7d884,22,The fare is cheaper for seniors.,/Volumes/Disc 2/2Pictures/Flashcard/fare.jpg
4074,4091ec57-6509-47eb-b11f-6e7cf09cdbc3,22,A lot of orange juice is produced in Florida.,/Volumes/Disc 2/2Pictures/Flashcard/orange juice.jpg
4083,13f4923b-ebe9-4736-9319-3f356c4255f8,22,Now it is time to go (to) home. (n... H...),/Volumes/Disc 2/2Pictures/Flashcard/home (to).jpg
4085,0527a83d-bc6f-4569-93b5-3d44d46ae9e9,22,Admission is eight euros per Person.,/Volumes/Disc 2/2Pictures/Flashcard/per.jpg
4105,03583628-2aab-49b7-bc94-4cf3f8a5d696,22,Are you all ready? (inf.pl),/Volumes/Disc 2/2Pictures/Flashcard/ready.jpg
4122,3ac96574-8aac-4914-b185-5c69cd2d2417,22,"Who speaks German here, please?",/Volumes/Disc 2/2Pictures/Flashcard/German.jpg
4131,27399e1d-67b1-4a15-a0aa-5d03d967bbf8,22,Many famous singers are Italians.,/Volumes/Disc 2/2Pictures/Flashcard/Italian.jpg
4137,929c71c3-efee-48cc-ac19-5cb95c583843,22,A chandelier hangs from the ceiling.,/Volumes/Disc 2/2Pictures/Flashcard/ceiling.jpg
4138,5fcd05ee-e7ac-4abe-8ba6-47b61d6bfd98,22,I will meet you at the entrance. (inf.sing),/Volumes/Disc 2/2Pictures/Flashcard/entrance.jpg
4139,d49a6593-f17d-44aa-aa7b-b0ef796a3ecf,22,There is a bird cage behind the window.,/Volumes/Disc 2/2Pictures/Flashcard/window.jpg
4142,3000cfd1-e365-4653-864a-c093cc361172,22,He hangs the rope on the hook.,"/Volumes/Disc 2/2Pictures/Flashcard/hook ,peg.jpg"
4164,440eba6d-b55c-4248-a9d7-3a89af51060c,22,Our wedding is on April 1.,/Volumes/Disc 2/2Pictures/Flashcard/wedding.jpg
4166,7e6c1ca4-c0cc-4eb2-ac8d-e5d46bd7cc8f,22,"Cheers, Happy New Year!",/Volumes/Disc 2/2Pictures/Flashcard/New Year.jpg
4184,4e33af63-b470-44b2-b137-68d7af4c6f0e,22,This is a rich suburb with expensive houses.,/Volumes/Disc 2/2Pictures/Flashcard/suburb.jpg
4196,f806d761-b229-42ac-baa1-c421ff24794e,22,The clock strikes midnight.,/Volumes/Disc 2/2Pictures/Flashcard/midnight.jpg
4201,f016a3e6-23a2-4a55-8eb8-87ab888cb09d,22,About how many Tasmanian Devils are there left?,"/Volumes/Disc 2/2Pictures/Flashcard/about ,approximate.jpg"
4214,da012280-83cc-425e-8c33-c8889f0072cf,22,Nylon is a synthetic fibre.,/Volumes/Disc 2/2Pictures/Flashcard/nylon.jpg
4219,447558c8-ba1e-4b93-8b23-952ac9bfc7b3,22,This fabric is easy-care.,"/Volumes/Disc 2/2Pictures/Flashcard/material ,cloth ,fabric.jpg"
4242,f6972fe0-5cfb-4cb3-a77e-5b9f880b48ff,22,They live in the vicinity of Bremen.,/Volumes/Disc 2/2Pictures/Flashcard/in the vicinity of.jpg
4248,acb2485c-0959-4c73-b24a-955eac01b260,22,They wave goodbye.,/Volumes/Disc 2/2Pictures/Flashcard/to wave.jpg
4254,673fd1a4-f982-4ebf-af50-e7f3ec268481,22,I have so many chores to do!,/Volumes/Disc 2/2Pictures/Flashcard/chores.jpg
4266,7e477d75-6825-4e3a-bde7-fd78671de2d7,22,The hotel has a washing machine for guests.,/Volumes/Disc 2/2Pictures/Flashcard/washing machine.jpg
4275,59079acf-f144-4086-83da-c4fd9214018f,22,In summer I wear sandals without socks.,/Volumes/Disc 2/2Pictures/Flashcard/sandal.jpg
4278,7d5c713c-e30e-4392-a04f-4824f95aef5a,22,There is a run in my pantyhose.,/Volumes/Disc 2/2Pictures/Flashcard/tights - pantyhose.jpg
4279,34ffb690-1b32-46bc-867c-6cecbc0abeef,22,My underpants are all in the laundry.,/Volumes/Disc 2/2Pictures/Flashcard/underpants.jpg
4285,fd24c7cd-945b-4a50-a7b1-5b7b01431914,22,We're having stewed pear for dessert. (N..e),"/Volumes/Disc 2/2Pictures/Flashcard/dessert, sweet.jpg"
4302,f2f2d18f-cf1a-4935-b981-8a4ccc4d9577,22,Did you hear the weather report? (inf.pl),/Volumes/Disc 2/2Pictures/Flashcard/weather report.jpg
4311,7d9468a8-9f44-481e-b910-ed10c76a2337,22,Your report (B...) is well-written. (inf.sing),/Volumes/Disc 2/2Pictures/Flashcard/report.jpg
4331,e65aee14-a4f5-46b1-9079-f5f6b2c6020c,22,His aftershave smells very masculine.,/Volumes/Disc 2/2Pictures/Flashcard/masculine.jpg
4350,722ad300-6351-4d62-a0aa-ee07457d7bde,22,This year we'll get a tax refund.,/Volumes/Disc 2/2Pictures/Flashcard/tax.jpg
4381,27522aaa-440f-444c-b96b-56480ad8cf00,22,One has to wear a helmet on the building site.,"/Volumes/Disc 2/2Pictures/Flashcard/building site ,roadworks.jpg"
4387,21d19955-5e9c-482e-89f4-b16a4fb0ca76,22,You can see the high-rise building from afar. (inf.pl),/Volumes/Disc 2/2Pictures/Flashcard/high-rise building.jpg
4401,ef484ca2-d761-41de-bd4b-480ff36a4cf5,22,It's all the same to us.,"/Volumes/Disc 2/2Pictures/Flashcard/equal ,same.jpg"
4414,09080f0e-95d7-4ded-a240-c631376e57ad,22,Speak louder so that I can hear you. (inf.sing),/Volumes/Disc 2/2Pictures/Flashcard/so that.jpg
4422,58970a4d-1ef5-44da-b8af-45461abd2883,22,We had fun in spite of the bad weather.,/Volumes/Disc 2/2Pictures/Flashcard/in spite of.jpg
4441,4aef682f-6216-4b82-b1eb-285bcc0acf12,22,Stealing is only clever (s...) if one doesn't get caught.,"/Volumes/Disc 2/2Pictures/Flashcard/clever ,cunning.jpg"
4446,1b4d3acf-0972-4e27-a801-f324635ed879,22,That made him furious.,"/Volumes/Disc 2/2Pictures/Flashcard/furious ,angry.jpg"
4458,b80a6fc5-a76f-4fae-a187-7d51bce601ae,22,Our dishwasher (S...) is energy-efficient.,/Volumes/Disc 2/1Pictures/Flashcard/dishwasher.jpg
4459,39cd2842-4e39-49b5-b366-efe32e974486,22,The waiter balances the tray without trouble.,/Volumes/Disc 2/2Pictures/Flashcard/tray.jpg
4476,05b857e7-1ff4-47fb-9d51-58187f913736,22,She cooks an eggplant casserole.,"/Volumes/Disc 2/2Pictures/Flashcard/aubergine ,eggplant.jpg"
4486,50bb582f-ffce-41d5-8902-b3f0e696aee2,22,In Germany one eats knuckle of pork with pickled cabbage.,/Volumes/Disc 2/2Pictures/Flashcard/cabbage - pickled.jpg
4491,9be2b557-399a-4a1e-8c64-fb2aff7437e5,22,We cut the zucchini into slices.,"/Volumes/Disc 2/2Pictures/Flashcard/zucchini ,courgette.jpg"
4496,a958f748-699d-448b-a208-69c46be54d59,22,The airline passenger presents his passport.,/Volumes/Disc 2/2Pictures/Flashcard/airline passenger.jpg
4497,d7ed0c73-a3ec-4871-91b8-dbd50d1f1a86,22,International flights land at this airport.,/Volumes/Disc 2/2Pictures/Flashcard/airport.jpg
4510,babc51ab-8a43-461d-8ffa-99abc9b05232,22,The CD has a scratch.,/Volumes/Disc 2/2Pictures/Flashcard/CD.jpg
4548,967741ea-f6ef-4774-9278-691b7448c739,22,Put the book on the bookshelf. (inf.sing),/Volumes/Disc 2/2Pictures/Flashcard/bookshelf.jpg
4554,8bd9a5e4-086c-4cde-b9d7-98611d1926aa,22,Our free-standing lamp has a pink lampshade.,/Volumes/Disc 2/2Pictures/Flashcard/standard lamp.jpg
4562,0e5d56e6-9737-4e0b-bf34-70b56085d590,22,Do you want to play handball? (inf.pl),/Volumes/Disc 2/2Pictures/Flashcard/handball.jpg
4566,7e36ec90-ae70-431e-8017-b180079dff77,22,They play tennis on the tennis court.,/Volumes/Disc 2/2Pictures/Flashcard/tennis.jpg
4567,645cbe7a-86fc-4df7-b0ac-3e190943a004,22,We have a hobby room with table tennis.,/Volumes/Disc 2/2Pictures/Flashcard/table tennis.jpg
4577,dcea591c-cf57-4f20-b836-e7566a914500,22,We travel by coach to Dresden.,/Volumes/Disc 2/2Pictures/Flashcard/coach.jpg
4586,b2a40f81-60eb-41d2-9cec-5774b784c644,22,The crossing went smoothly.,/Volumes/Disc 2/2Pictures/Flashcard/crossing (road).jpg
4600,494c56af-cadc-47d4-864f-f059994602ae,22,The captain has complete control.,"/Volumes/Disc 2/2Pictures/Flashcard/complete ,total.jpg"
4602,a897d484-f2c9-4924-9ada-f5bf20b29e6a,22,A can is a cylinder.,/Volumes/Disc 2/2Pictures/Flashcard/cylinder.jpg
3194,889407ea-4a98-4cad-a10d-30d8fd1ec120,21,My lip is chapped from the cold.,/Volumes/Disc 2/1Pictures/Flashcard/lip.jpg
2606,5e582e00-b1dd-49ab-9f80-858e713081a1,21,Sharp knives are dangerous.,/Volumes/Disc 2/1Pictures/Flashcard/dangerous.jpg
3193,6c115ff7-2a30-4442-a30e-74a601e21a04,21,Every  body needs vitamins.,/Volumes/Disc 2/1Pictures/Flashcard/body.jpg
3197,bc172bf5-fc40-48e4-9f9e-72a9c54985aa,21,My nose is running.,/Volumes/Disc 2/1Pictures/Flashcard/nose.jpg
836,0b9b1cb0-7323-4345-b262-d1db58752097,1,adventure,/Volumes/Disc 2/1Pictures/Flashcard/adventure-nt.jpg
494,621b7eb1-ce7e-483d-9568-bc0acd7b7b7a,1,"only ,sole","/Volumes/Disc 2/1Pictures/Flashcard/only ,sole.jpg"
858,59fca898-80ee-41e3-9a40-ff6db0ab03be,1,flood,/Volumes/Disc 2/1Pictures/Flashcard/flood.jpg
2631,f22e19c1-a11b-418f-98db-09fd614c50fa,21,I eat breakfast every morning at 7am.,/Volumes/Disc 2/1Pictures/Flashcard/breakfast-nt.jpg
2965,54e245a1-d485-4fa8-bc8c-25d7380899e2,21,The flower arrangement looked like a bunch of grapes.,/Volumes/Disc 2/1Pictures/Flashcard/grapes (a bunch of).jpg
2973,9717f698-e89e-497a-b2e2-da74c1d08128,21,In the Autumn the woods are colourful.,"/Volumes/Disc 2/1Pictures/Flashcard/bright ,colourful.jpg"
2984,aeb93ae7-4e90-421b-b97d-1b84ef9a6f2d,21,What a horrible mask!,"/Volumes/Disc 2/1Pictures/Flashcard/horrible ,awful.jpg"
2990,f9236c5d-6ff5-48bb-b382-6415fc617f99,21,This person has an important position.,/Volumes/Disc 2/1Pictures/Flashcard/position-nt.jpg
3012,1cb6d873-b5a5-49ba-abc7-dab32417a8d2,21,We can ensure your safety. (form.sing),/Volumes/Disc 2/1Pictures/Flashcard/safety.jpg
3022,31defa22-56d2-427f-adfb-5fc7be04c55b,21,"Eat healthy, otherwise you get fat. (d...) (inf.sing)","/Volumes/Disc 2/1Pictures/Flashcard/fat ,thick.jpg"
3006,5aa8294b-84ce-464d-b66d-bbbb859d6261,21,The business has finally recovered.,"/Volumes/Disc 2/1Pictures/Flashcard/shop ,business-nt.jpg"
3112,c5892e27-4352-4f8b-90f7-2312e3b21a70,21,Do you like tea with lemon? (inf.sing),/Volumes/Disc 2/1Pictures/Flashcard/tea.jpg
3040,4e8086a8-1ffb-43bc-9bd7-27f095a7c1fc,21,This package is not so heavy.,"/Volumes/Disc 2/1Pictures/Flashcard/heavy ,difficult.jpg"
3045,76f66be6-b7ca-45db-bb94-4bd4f974a8c4,21,Many thanks for your letter. (inf.sing),/Volumes/Disc 2/1Pictures/Flashcard/thanks.jpg
3046,daa230cc-602c-4aea-9656-466c2b668147,21,What are you doing there? (inf.sing) This and that!,/Volumes/Disc 2/1Pictures/Flashcard/this.jpg
3060,09e6356a-dcb5-48a1-bc2b-48532a0d4a0e,21,One can do this by oneself. (se...),/Volumes/Disc 2/1Pictures/Flashcard/oneself (demonstrative).jpg
3067,289299f1-60d4-42af-a475-80d8ba37c9e4,21,She said this to her friend.,"/Volumes/Disc 2/1Pictures/Flashcard/to ,at.jpg"
3087,231b23bd-1074-4019-b99c-e6786e20541f,21,She gives him an affectionate kiss.,"/Volumes/Disc 2/1Pictures/Flashcard/affectionate ,tender.jpg"
3115,2e9f791c-f837-4231-9936-9abdb86db874,21,Which wine do you like (to drink) the most - Silvaner or Riesling? (form.sing),/Volumes/Disc 2/1Pictures/Flashcard/wine.jpg
3139,eadacad1-3d91-49f1-8204-ec2de0e6dfcf,21,We must send the packet/parcel off.,"/Volumes/Disc 2/1Pictures/Flashcard/parcel ,packet-nt.jpg"
3166,3d065ba7-17a9-4d24-ab6a-fd05e63d472e,21,She is brushing her hair.,"/Volumes/Disc 2/1Pictures/Flashcard/brush ,v.jpg"
3172,88e0205b-6f5c-4fd1-a61f-500de9978b8e,21,His alarm clock rings at 6 o'clock.,/Volumes/Disc 2/1Pictures/Flashcard/alarm clock.jpg
3175,869a8eef-84f1-4eb2-a1d0-fb633137abb8,21,Can you look me in the eye? (inf.sing),/Volumes/Disc 2/1Pictures/Flashcard/eye-nt.jpg
3187,7a29fc8d-9890-451a-aa4f-e8020aaa5292,21,The friends shake hands. (m),/Volumes/Disc 2/1Pictures/Flashcard/hand.jpg
3213,81701271-4173-4211-baf8-720c1c8390e8,21,I have often travelled on the railway. ( I have often travelled  by train.),"/Volumes/Disc 2/1Pictures/Flashcard/railway ,track ,course ,alley ,lane.jpg"
3237,5317313b-7db6-478a-966f-88c62d24a62a,21,We have nothing to declare at customs.,/Volumes/Disc 2/1Pictures/Flashcard/customs.jpg
3240,d89db6c1-fd69-4b12-bc98-b7e7fe04a98c,21,Can I try the skirt on?,/Volumes/Disc 2/1Pictures/Flashcard/try on.jpg
3270,d79839b2-9ba6-4264-bcc2-5667cda8c6e0,21,The animal appeared to be dead,/Volumes/Disc 2/1Pictures/Flashcard/move.jpg
3284,ebd2a97f-4567-4c74-a9b3-e6e877d63391,21,Do you like sugar in your tea? (form.sing),/Volumes/Disc 2/1Pictures/Flashcard/like.jpg
3327,25c18149-e940-4e15-9950-d8d4dcbbf6cc,21,Can this shoe be repaired?,/Volumes/Disc 2/1Pictures/Flashcard/shoe.jpg
3340,ddbe4d6c-7be7-4d27-bacc-534775ae2d9a,21,We sing cheerful (f...) songs while we walk.,"/Volumes/Disc 2/1Pictures/Flashcard/cheerful ,happy.jpg"
3280,d269ef28-e425-4521-bb53-a46a02b83b2a,21,Can I please get this for my birthday?,"/Volumes/Disc 2/1Pictures/Flashcard/get ,to attain.jpg"
3289,3564e447-90ca-4289-9062-62ae419a7dc7,21,Try it! (Give it a try!) (form.sing),/Volumes/Disc 2/1Pictures/Flashcard/try.jpg
3498,71f06631-71e9-44f8-96c7-b24fab926338,21,Make haste slowly.,"/Volumes/Disc 2/1Pictures/Flashcard/hurry ,haste.jpg"
3501,1be3eaf7-80dd-4d57-b0fd-63d908d9bf78,21,I believe I can do it.,/Volumes/Disc 2/1Pictures/Flashcard/believe.jpg
3342,bbd4132e-01b0-4a82-9450-80e76e7fb1c5,21,I like my work a lot.,"/Volumes/Disc 2/1Pictures/Flashcard/please ,like.jpg"
3344,bc916137-b1f3-4f32-8546-b210998f5cef,21,The bridal couple look happy.,"/Volumes/Disc 2/1Pictures/Flashcard/fortunate ,happy ,lucky.jpg"
3341,a14cdc14-9260-49ab-b493-546f1ab8d4f0,21,We can only use (g…) fresh ingredients.,/Volumes/Disc 2/1Pictures/Flashcard/use.jpg
3360,a6f5ca80-db0a-490e-8da1-1e774608c066,21,I come from (d...) Ireland. Do you come from there as well? (form.sing),/Volumes/Disc 2/1Pictures/Flashcard/from there.jpg
3365,f279e606-a696-4157-92b7-d6e7df4dbc81,21,He always states the opposite. (G..l),/Volumes/Disc 2/1Pictures/Flashcard/opposite-nt.jpg
3411,8b720910-fb1d-4d4c-8292-e4e7a833b020,21,The flood has driven many people from their homes.,/Volumes/Disc 2/1Pictures/Flashcard/flood.jpg
3429,f7fade6f-fc36-41ca-b273-10f4be8a4457,21,My parents have filed for divorce.,/Volumes/Disc 2/1Pictures/Flashcard/divorce.jpg
3448,72a251a3-dfc8-40b7-ac4d-78e11b4088b7,21,I'm fine,/Volumes/Disc 2/1Pictures/Flashcard/Im fine.jpg
3468,9e2e0fdd-585e-4ad7-ac7a-ae85b905e632,21,How far is it from here?,/Volumes/Disc 2/1Pictures/Flashcard/how far.jpg
3451,13f32dfa-3eea-4ca4-98f6-42770d30ab56,21,"Don't worry, (don't let it trouble you),  it doesn't matter! (inf.sing)",/Volumes/Disc 2/1Pictures/Flashcard/it doesnt matter.jpg
3466,e7ebadab-786d-41d9-b01b-e0aac4e5e562,21,"I am fine, and how are you? (inf.sing)",/Volumes/Disc 2/1Pictures/Flashcard/how are you.jpg
3489,6461e0ab-910c-4ec8-b6af-9a2a4e48cd9a,21,Have you a black sheep in your family? (inf.sing),/Volumes/Disc 2/1Pictures/Flashcard/sheep-nt.jpg
3497,fdc4516d-e8df-45a5-9a65-94fb3a181cdf,21,Jealousy is an ugly quality.,/Volumes/Disc 2/1Pictures/Flashcard/jealousy.jpg
3480,a3cfba69-b077-4946-b4d5-c838ca74d9af,21,Our dog is called Spitz.,/Volumes/Disc 2/1Pictures/Flashcard/dog.jpg
3485,ebf3901a-cc5a-4b7a-a71d-579903c0cdb9,21,The lion is dozing in the sun.,/Volumes/Disc 2/1Pictures/Flashcard/lion.jpg
3569,801f1ebe-6ab5-4aa8-bc64-6d9ad0468963,21,This part of the sweater is finished.,/Volumes/Disc 2/1Pictures/Flashcard/part-nt.jpg
3573,80524bcf-05a8-44df-a670-83b59e4dee84,21,The wounded football player was very popular.,/Volumes/Disc 2/1Pictures/Flashcard/popular.jpg
3582,3733fb22-f331-4a73-960c-1fe1f024e468,21,When parents are divorced,"/Volumes/Disc 2/1Pictures/Flashcard/divorced ,separated.jpg"
3584,d34f6eb7-7eb3-4880-9bfb-2b2ea12cdb13,21,A visit from the relatives is frequent. (The relatives come frequently to visit).,/Volumes/Disc 2/1Pictures/Flashcard/frequent.jpg
3588,5af0cec3-104e-4862-864a-0c200635d30a,21,We tried different foods.,/Volumes/Disc 2/1Pictures/Flashcard/different (various).jpg
3574,5009758d-4420-475d-a50a-b3b95cd65469,21,This car is very comfortable. (One sits very comfortably in this new car).,/Volumes/Disc 2/1Pictures/Flashcard/comfortable.jpg
3581,9713650f-aa3f-44f6-9572-efd67d087d0f,21,In the winter we get cosy by the stove.,"/Volumes/Disc 2/1Pictures/Flashcard/cosy ,comfortable.jpg"
1560,1deb79e9-9de1-4944-a8f6-66866322b5dc,2,patient (male),/Volumes/Disc 2/2Pictures/Flashcard/patient (male).jpg
4180,67ded6ea-7a1b-42b6-98f7-a323123e891d,22,The pavement is too hot to go barefooted.,"/Volumes/Disc 2/2Pictures/Flashcard/plaster ,pavement ,side-walk.jpg"
3292,8a73253b-58c1-4ea2-ae6d-4432fec55121,2,to load,/Volumes/Disc 2/2Pictures/Flashcard/to load.jpg
4584,1e5d60b3-8354-4db3-9396-10d3b87d5512,22,"Next, we pour the juice in. (h...)",/Volumes/Disc 2/2Pictures/Flashcard/in.jpg
4255,371b7808-8130-474f-b9c8-47079f9eee3f,22,They want to sweep (k...) it under the carpet.,/Volumes/Disc 2/2Pictures/Flashcard/to sweep (2).jpg
3851,8c875377-23be-44cb-afc0-57e46024c3e5,22,You can stay here overnight.(ü...) (inf.pl),/Volumes/Disc 2/2Pictures/Flashcard/to stay (overnight).jpg
4371,1a19baf4-f0bb-434f-b3e3-ac9cf86e9ee5,22,He is a member of this club. (K...),/Volumes/Disc 2/2Pictures/Flashcard/club (K).jpg
1924,e278c6d3-d0c5-4dae-9c73-e06aecf9b4b3,2,chemistry,/Volumes/Disc 2/2Pictures/Flashcard/chemistry.jpg
3694,1c1d145b-d4e6-466f-a61d-e8e59dda219e,22,He shakes hands with everybody.,/Volumes/Disc 2/2Pictures/Flashcard/to shake.jpg
3773,d7c22ab1-26d3-4a6b-8bfc-1a15e0d92522,22,The livestock is herded (down) from the alpine pasture.,/Volumes/Disc 2/2Pictures/Flashcard/livestock.jpg
3833,8c419253-f756-4b45-9ed9-e27401ff1200,22,Her wardrobe (K…) is bursting at the seams.,/Volumes/Disc 2/1Pictures/Flashcard/wardrobe.jpg
3698,79029e4e-4138-48f3-b0b8-dc446efc28ed,22,You can always turn (w…) to me. (inf.sing),/Volumes/Disc 2/2Pictures/Flashcard/to turn.jpg
4012,b97165d2-8809-4553-9f92-e32e80dfa28f,22,Please wake (we…) me up at 6 o'clock. (formal),/Volumes/Disc 2/2Pictures/Flashcard/to wake.jpg
3829,a7aed818-62c2-4ce2-a1c7-4cdccd0cbc7f,22,I like bed linen made of silk.,/Volumes/Disc 2/2Pictures/Flashcard/bed linen.jpg
3826,0e1243b6-d2ea-4e34-8d90-2682929d9d92,22,A tear rolled down his cheek.,/Volumes/Disc 2/2Pictures/Flashcard/tear (crying).jpg
3832,8b540cca-036e-4d20-b1d5-5e62891e035b,22,"I am tired, I am (will be) going to bed.",/Volumes/Disc 2/2Pictures/Flashcard/to go to bed.jpg
1302,4ac919fe-713a-4b16-814c-4e82cd8461a2,2,hare,/Volumes/Disc 2/2Pictures/Flashcard/hare.jpg
1229,410283c8-7fd1-400f-9980-c2511dfbd70f,2,ugly,/Volumes/Disc 2/2Pictures/Flashcard/ugly.jpg
3836,b57c5e1c-8258-4a47-93cb-b377715ce499,22,Clear the building when you hear the alarm. (formal),"/Volumes/Disc 2/2Pictures/Flashcard/to clear, to tidy.jpg"
3972,47a38822-43db-43e3-bec8-356811bb753a,22,The traffic has come to a standstill.,/Volumes/Disc 2/2Pictures/Flashcard/traffic.jpg
3981,fe2c8129-9711-439d-ba23-049bb581a667,22,"You must take the pills with some water, one hour before going to bed. (formal)","/Volumes/Disc 2/2Pictures/Flashcard/tablet ,pill.jpg"
3983,fc30849a-7da6-49b0-8796-b851aec2287f,22,The doctor examines the patient.,/Volumes/Disc 2/2Pictures/Flashcard/to examine.jpg
1230,939594eb-84a6-47bc-8a16-c1832f0e2e1f,2,main,/Volumes/Disc 2/2Pictures/Flashcard/main.jpg
1305,2fb8fad6-d3f8-490b-99eb-ea9674cb8cfc,2,caterpillar,/Volumes/Disc 2/2Pictures/Flashcard/caterpillar.jpg
1323,5ae3ffe6-95f1-4ebc-b673-8c7799d8dfcb,2,"P.O. box ,left luggage locker","/Volumes/Disc 2/2Pictures/Flashcard/P-O- box ,left luggage locker.jpg"
1276,e44ed5a5-16d3-4afb-b80b-10fd5df2c567,2,single (unmarried),/Volumes/Disc 2/2Pictures/Flashcard/single (unmarried).jpg
1310,6540d14d-cf79-40b3-9eaf-c62317162f58,2,to send off,/Volumes/Disc 2/2Pictures/Flashcard/to send off.jpg
1294,9fae5c5e-6e4a-44e0-a72e-1cf6cba111ab,2,"in fact ,but","/Volumes/Disc 2/2Pictures/Flashcard/in fact ,but.jpg"
1322,396bd6ac-e52b-4b47-a624-c6f41cb418c8,2,"bank-note ,certificate ,form","/Volumes/Disc 2/2Pictures/Flashcard/bank-note ,certificate ,form.jpg"
1411,ce36bf7a-ea3b-4f48-a982-fa776045585e,2,"during ,while","/Volumes/Disc 2/2Pictures/Flashcard/during ,while.jpg"
1351,87283713-a052-404d-8888-055399e793aa,2,leadfree,/Volumes/Disc 2/2Pictures/Flashcard/leadfree.jpg
1362,9678ef9a-bb3f-46e2-984b-cd92766f3c3f,2,tyre,/Volumes/Disc 2/2Pictures/Flashcard/tyre.jpg
1363,bf41f54a-3e65-464b-99a6-87bb864a84ee,2,steering wheel,/Volumes/Disc 2/2Pictures/Flashcard/steering wheel.jpg
1374,23c20c16-d36d-4f66-9dbc-a7139d43e53d,2,"party ,festival","/Volumes/Disc 2/2Pictures/Flashcard/party ,festival.jpg"
1379,3ac1ae9e-26c0-4d19-8f43-617755106080,2,New Year,/Volumes/Disc 2/2Pictures/Flashcard/New Year.jpg
1464,0a3c7201-b579-4d0a-a3db-d1ca5b9ce9ba,2,diet,/Volumes/Disc 2/2Pictures/Flashcard/diet.jpg
1390,dab01205-226a-4391-9b44-0f1794228fe1,2,"shawl ,scarf","/Volumes/Disc 2/2Pictures/Flashcard/shawl ,scarf.jpg"
1406,054e23b8-642c-405e-9126-8c2d7e069702,2,"since ,for","/Volumes/Disc 2/2Pictures/Flashcard/since ,for.jpg"
1435,8021f8cd-4100-4bfc-8005-8581cf0bd85b,2,coastline,/Volumes/Disc 2/2Pictures/Flashcard/coastline.jpg
1398,13609005-fc9c-4876-ad7e-818e381acc5b,2,"here ,there","/Volumes/Disc 2/2Pictures/Flashcard/here ,there.jpg"
1428,9ab09ca1-03e8-42f8-8c66-a910fb4c965f,2,field,/Volumes/Disc 2/1Pictures/Flashcard/field.jpg
1439,76258171-3351-472c-b556-6ac375d256fe,2,drop (eg of water),/Volumes/Disc 2/2Pictures/Flashcard/drop (eg of water).jpg
1466,e1420a9d-91d1-4c63-8a44-43ba90ec1c1c,2,baked,/Volumes/Disc 2/2Pictures/Flashcard/baked.jpg
1675,d33c2458-5958-4481-91da-789811ccd68c,2,bookshelf,/Volumes/Disc 2/2Pictures/Flashcard/bookshelf.jpg
1476,6bb81b87-7a6b-4a54-8692-031d389889a6,2,"filled roll ,bun","/Volumes/Disc 2/2Pictures/Flashcard/filled roll ,bun.jpg"
1524,a622818e-e6f2-4b6f-b8db-4710db0af3e8,2,carrot (M…),/Volumes/Disc 2/1Pictures/Flashcard/carrot.jpg
1590,a9910f87-26ee-4d69-893f-20928ffb9623,2,toothbrush,/Volumes/Disc 2/2Pictures/Flashcard/toothbrush.jpg
1533,fb613085-fb55-4f17-810b-a5db8deb8f6e,2,spinach,/Volumes/Disc 2/2Pictures/Flashcard/spinach.jpg
1505,17d86693-64cc-44c0-9d28-8124c4ed8f1c,2,pork,/Volumes/Disc 2/2Pictures/Flashcard/pork.jpg
1624,70ca1c39-8463-4571-b038-d213b51e17b5,2,hall (H…),/Volumes/Disc 2/1Pictures/Flashcard/hall.jpg
1576,3bfd5db4-f567-47b5-abcc-641a3c344ad0,2,"illness ,disease","/Volumes/Disc 2/2Pictures/Flashcard/illness ,disease.jpg"
1607,a4d4854a-e58a-48ad-a1b0-21e5dffd2ccd,2,apple tree,/Volumes/Disc 2/2Pictures/Flashcard/apple tree.jpg
1545,69b264b7-44a3-49b3-921b-58cfaec6c366,2,faint,/Volumes/Disc 2/2Pictures/Flashcard/faint.jpg
1544,f9c15400-eed4-48e7-a0ef-c0876e5c4f42,2,cough syrup,/Volumes/Disc 2/2Pictures/Flashcard/cough syrup.jpg
1616,5a08fa72-472b-46fe-b0ab-703cc3bb990f,2,weed,/Volumes/Disc 2/2Pictures/Flashcard/weed.jpg
1579,e646d399-36cc-4678-a4b3-04ef19c027ce,2,bathroom,/Volumes/Disc 2/2Pictures/Flashcard/bathroom.jpg
1604,c3c00fb4-cecf-4ace-8723-7f0761eaa238,2,to get changed (clothes),/Volumes/Disc 2/2Pictures/Flashcard/to get changed (clothes).jpg
1648,48bd83f2-6fd5-48fc-b884-c1da297ff0a5,2,"order ,tidiness","/Volumes/Disc 2/2Pictures/Flashcard/order ,tidiness.jpg"
1595,b571d358-932c-4f47-af09-93ecc58c71ca,2,"quilt ,duvet","/Volumes/Disc 2/2Pictures/Flashcard/quilt ,duvet.jpg"
1641,2db2f3fc-50c3-4434-b457-4e3754885c95,2,to sweep (f…),/Volumes/Disc 2/2Pictures/Flashcard/to sweep (1).jpg
1625,231b410b-b2ec-4785-b6f2-606569cb00b5,2,calendar,/Volumes/Disc 2/2Pictures/Flashcard/calendar.jpg
1677,54f87782-d1c9-4813-8b9b-b9ecc6eccd8d,2,armchair (L….),/Volumes/Disc 2/2Pictures/Flashcard/armchair (1).jpg
1654,4fa3a5c6-d3d4-48f6-9b90-dfb7d9eda3cc,2,washing machine,/Volumes/Disc 2/2Pictures/Flashcard/washing machine.jpg
1688,5b51d21c-83ea-4d7a-a27a-e398a5635959,2,hotel (H…),/Volumes/Disc 2/2Pictures/Flashcard/hotel (H).jpg
1691,448cbbf3-0237-4143-a3c9-7863b89c476f,2,to reserve,/Volumes/Disc 2/2Pictures/Flashcard/to reserve.jpg
1696,a0dd147e-c833-4111-a90d-17c594aeed4d,2,book,/Volumes/Disc 2/2Pictures/Flashcard/book.jpg
1657,4c00e7d8-6dd8-4a76-82f8-aa35d08e8f3d,2,sideboard (A…),/Volumes/Disc 2/2Pictures/Flashcard/sideboard.jpg
1662,8eb2b28d-8f96-4fed-979c-c6bc2817f123,2,"stove ,cooker (K…)","/Volumes/Disc 2/2Pictures/Flashcard/stove ,cooker.jpg"
1667,3ac1ef10-60d7-415f-b1f2-c4096a55bc5f,2,scissors,/Volumes/Disc 2/2Pictures/Flashcard/scissors.jpg
1713,398af55b-1604-4de9-83ed-cdcf73300b6c,2,cigarette,/Volumes/Disc 2/2Pictures/Flashcard/cigarette.jpg
1724,3c364353-e95c-40ac-b52f-aeb7308f1231,2,wave,"/Volumes/Disc 2/2Pictures/Flashcard/wave ,n.jpg"
1718,8df8af2a-a9ce-49dc-aafd-557dda0ecb39,2,in advance,/Volumes/Disc 2/2Pictures/Flashcard/in advance.jpg
1740,0742c004-adb7-42df-8ed6-e274be016383,2,steel,/Volumes/Disc 2/2Pictures/Flashcard/steel.jpg
1759,bf4e1db8-1b34-48c8-8456-9ab9e2ede7ee,2,hit pop tune,/Volumes/Disc 2/2Pictures/Flashcard/hit pop tune.jpg
1761,bdb47fe7-19da-4ae6-99d1-e66613cae346,2,American (person),/Volumes/Disc 2/2Pictures/Flashcard/American (person).jpg
1706,2d60c580-eee4-4472-b7c0-0620bcd6d1e2,2,collection,/Volumes/Disc 2/2Pictures/Flashcard/collection.jpg
1710,713764e2-5a4f-4d7c-967c-218cd03ee9c6,2,knitting,/Volumes/Disc 2/2Pictures/Flashcard/knitting.jpg
1721,bce7bc55-d509-43da-9d22-2e46bdcc35e9,2,sea,/Volumes/Disc 2/2Pictures/Flashcard/sea (sea).jpg
1744,97325375-a34c-46bf-b914-50bf667eec2a,2,band (B…),/Volumes/Disc 2/2Pictures/Flashcard/band.jpg
1749,e848bd8e-9f49-44db-9ca8-f1b8731f3454,2,guitar,/Volumes/Disc 2/2Pictures/Flashcard/guitar.jpg
1743,6f911f56-c960-4477-b60e-663f58942e6b,2,stuff,/Volumes/Disc 2/2Pictures/Flashcard/stuff.jpg
1754,3aae0b09-d41e-41df-ac16-9386fac2f7b7,2,piano,/Volumes/Disc 2/2Pictures/Flashcard/piano.jpg
1751,877f26a9-dd6a-4da5-9d51-1483fe2ccb81,2,jazz,/Volumes/Disc 2/2Pictures/Flashcard/jazz.jpg
1760,1478a85f-072f-4f04-816f-7ec9562792e4,2,"drums ,drumset","/Volumes/Disc 2/2Pictures/Flashcard/drums ,drumset.jpg"
1766,5daa37fe-7e95-4186-80da-bbbc62f10252,2,Englishman,/Volumes/Disc 2/2Pictures/Flashcard/Englishman.jpg
1765,4a687e27-c7f1-4071-b7a3-d46fbad49494,2,German (person),/Volumes/Disc 2/2Pictures/Flashcard/German (person).jpg
1884,a8855d99-01c3-4fe4-8117-377681e94869,2,day ticket,/Volumes/Disc 2/2Pictures/Flashcard/day ticket.jpg
1940,32103068-ec98-4ede-9987-01b7e6e06f1c,2,"quite ,very ,whole","/Volumes/Disc 2/2Pictures/Flashcard/quite ,very ,whole.jpg"
1805,3c847f23-dc45-4af1-936f-a748857d85eb,2,to avoid (v…),/Volumes/Disc 2/2Pictures/Flashcard/to avoid (v).jpg
1842,83cdfe03-319e-40c4-b9f4-c02010b96b89,2,discussion,/Volumes/Disc 2/2Pictures/Flashcard/discussion.jpg
1812,4fb95991-fce6-44a5-92a8-a33ed969349a,2,heel,/Volumes/Disc 2/2Pictures/Flashcard/heel.jpg
1928,8e148fdc-9c6f-4b07-ad8f-c704e834fc73,2,mathematics,/Volumes/Disc 2/2Pictures/Flashcard/mathematics.jpg
1844,c73ba34e-2521-4b89-8061-03a425d7281c,2,to recognise,/Volumes/Disc 2/2Pictures/Flashcard/to recognise.jpg
1833,b6f1da5a-2eaa-400a-8bfa-4289fd07e218,2,granny,/Volumes/Disc 2/2Pictures/Flashcard/granny.jpg
1847,362b09f8-56f3-4328-93e1-0825aab9a830,2,to kiss,/Volumes/Disc 2/2Pictures/Flashcard/to kiss.jpg
1864,bb01113a-2c87-4505-8c0b-2cb2c0b736bd,2,"suffering, grief, sorrow","/Volumes/Disc 2/2Pictures/Flashcard/suffering, grief, sorrow.jpg"
1818,cc374cee-b49d-45b6-ae6a-dd93f9308a48,2,ankle / knuckle,/Volumes/Disc 2/2Pictures/Flashcard/ankle - knuckle.jpg
1831,c0d97f35-2ffc-4679-9a0f-d205da6febe9,2,"separate ,separated","/Volumes/Disc 2/2Pictures/Flashcard/separate ,separated.jpg"
1834,ce9376fe-78ee-4013-9a47-48b81fcea69b,2,granddad,/Volumes/Disc 2/2Pictures/Flashcard/granddad.jpg
1843,4240930e-0250-42ae-a54a-1239178e792e,2,apology,/Volumes/Disc 2/2Pictures/Flashcard/apology.jpg
1828,13678580-e961-4c79-a8a9-c6dc79aa60b6,2,toe,/Volumes/Disc 2/2Pictures/Flashcard/toe.jpg
1905,9ead856f-501e-4bd4-97bf-400261578a81,2,exam (E…),/Volumes/Disc 2/2Pictures/Flashcard/exam.jpg
1941,92804433-e93a-4381-a0e4-339406933247,2,not at all,/Volumes/Disc 2/2Pictures/Flashcard/not at all.jpg
1855,64e0b247-e150-4f25-ba99-7635557751ae,2,disappointment,/Volumes/Disc 2/2Pictures/Flashcard/disappointment.jpg
1861,16fdc0a7-48ed-45dc-afe1-5b0a31e718d0,2,to be mistaken,/Volumes/Disc 2/2Pictures/Flashcard/to be mistaken.jpg
1873,6a709c0c-0570-4f2a-a556-e54afd239e28,2,effeminate,/Volumes/Disc 2/2Pictures/Flashcard/effeminate.jpg
1883,54994a17-46fc-455e-b81b-e7ee2295b667,2,"barrier ,obstacle","/Volumes/Disc 2/2Pictures/Flashcard/barrier ,obstacle.jpg"
2054,ab241ce3-57ac-4a5c-92bf-15b16258c387,2,nevertheless,/Volumes/Disc 2/2Pictures/Flashcard/nevertheless.jpg
1961,021ff0e1-cb99-4be9-87da-e8f6382e5e71,2,bag (B…),/Volumes/Disc 2/2Pictures/Flashcard/bag.jpg
1929,7b0c3e8b-c2ae-4039-920c-005417010689,2,compulsory subject,/Volumes/Disc 2/2Pictures/Flashcard/compulsory subject.jpg
1943,3d17f34d-96b3-4f09-90fb-5239ea1af229,2,half,/Volumes/Disc 2/1Pictures/Flashcard/half.jpg
1948,39db7959-a43c-4f14-b1e8-a9d814538163,2,of average height,/Volumes/Disc 2/2Pictures/Flashcard/of average height.jpg
1967,0ba579d8-1d31-4d58-8a20-63afa70b2c06,2,use by (sell-by date),/Volumes/Disc 2/2Pictures/Flashcard/use by (sell-by date).jpg
2003,c3bee1a3-09cd-425e-8c2a-60eaf0066004,2,society,/Volumes/Disc 2/2Pictures/Flashcard/society.jpg
2021,328aec89-2eb1-4d0e-b1ff-b5aa9018fd40,2,"to win ,gain","/Volumes/Disc 2/2Pictures/Flashcard/to win ,gain.jpg"
1953,03736f57-3eb8-4948-a237-e5bad3095f23,2,tube (e.g. toothpaste),/Volumes/Disc 2/2Pictures/Flashcard/tube (e-g- toothpaste).jpg
2035,ce8a0508-b864-44d3-b9d4-161c342f82bb,2,"aim ,destination ,target","/Volumes/Disc 2/2Pictures/Flashcard/aim ,destination ,target.jpg"
2011,ba18b5c1-425d-4d67-811a-c202d203bdc9,2,state (S…),/Volumes/Disc 2/2Pictures/Flashcard/state.jpg
2013,e41ab02f-8b42-4c14-adb4-f2c63d29d4ce,2,conservation,/Volumes/Disc 2/2Pictures/Flashcard/conservation.jpg
1973,ea779aa0-c515-40be-9320-f04e9f923b63,2,list,/Volumes/Disc 2/2Pictures/Flashcard/list.jpg
1993,57268b3e-899e-40dd-b60b-30f080ef6aa6,2,art gallery,/Volumes/Disc 2/2Pictures/Flashcard/art gallery.jpg
2014,764b51c9-ba6a-4072-975a-7876c80e127c,2,nonsense,/Volumes/Disc 2/2Pictures/Flashcard/nonsense.jpg
1982,8dc549d6-b140-4224-9b59-f30755cecfbb,2,bakery,/Volumes/Disc 2/2Pictures/Flashcard/bakery.jpg
2008,86b0306c-2646-4410-a9e0-78773731642f,2,"battle ,fight ,struggle","/Volumes/Disc 2/2Pictures/Flashcard/battle ,fight ,struggle.jpg"
2034,b9b5c1a1-db06-4c82-960d-f53737902c06,2,to spit (spu…),/Volumes/Disc 2/2Pictures/Flashcard/spit (spu).jpg
2046,cd78d2e8-3b89-4a35-820b-d95ef84888d6,2,tennis,/Volumes/Disc 2/2Pictures/Flashcard/tennis.jpg
2084,58aa4d0d-69c2-4e09-a44e-102f15f01069,2,lane (G…),/Volumes/Disc 2/2Pictures/Flashcard/lane.jpg
2032,b31ac6b0-fad2-4372-9173-d09fd90077a1,2,"to do (sports ,studies ,etc)","/Volumes/Disc 2/2Pictures/Flashcard/to do (sports ,studies ,etc).jpg"
2127,52043a15-d411-491c-a0d2-db0a6e9dcb35,2,airline passenger,/Volumes/Disc 2/2Pictures/Flashcard/airline passenger.jpg
2093,90fd4585-c18a-4e30-8a28-a6be50aded19,2,suburb,/Volumes/Disc 2/2Pictures/Flashcard/suburb.jpg
2206,e8991b8a-ebf6-4d7c-aded-ea2375ff0559,2,easterly,/Volumes/Disc 2/2Pictures/Flashcard/easterly.jpg
2130,c53bc6c4-aca9-49f7-97b0-7b7725e86d1b,2,left-luggage office,/Volumes/Disc 2/2Pictures/Flashcard/left-luggage office.jpg
2132,df82ff79-348c-4804-9ce5-09e8592f9e3e,2,compass,/Volumes/Disc 2/2Pictures/Flashcard/compass.jpg
2107,a5184181-2856-45b2-b75c-b01a96aa14d6,2,museum,/Volumes/Disc 2/2Pictures/Flashcard/museum.jpg
2114,8e63ca42-4682-44da-8439-334788bc93c2,2,ferry,/Volumes/Disc 2/2Pictures/Flashcard/ferry.jpg
2113,6148c10c-8097-4019-a192-db5b9b2986b8,2,distance,/Volumes/Disc 2/2Pictures/Flashcard/distance.jpg
2514,72aa15e2-79ea-48dc-8725-715426bd5edf,2,advertisement (in paper),/Volumes/Disc 2/2Pictures/Flashcard/advertisement (in paper).jpg
2163,1e6930e6-08f7-4d3e-9c13-9727d3f0f769,2,to stop,/Volumes/Disc 2/2Pictures/Flashcard/to stop.jpg
2155,aabd2afc-54ef-4a64-af8c-362327416e1f,2,producer,/Volumes/Disc 2/2Pictures/Flashcard/producer.jpg
2182,bc4bf7c6-7f1f-49a3-9bbf-1b2c4ffc7df6,2,to lead,/Volumes/Disc 2/2Pictures/Flashcard/to lead.jpg
2217,c011a980-7ee0-4cfa-a9c5-21bbcae3de2e,2,in the vicinity of,/Volumes/Disc 2/2Pictures/Flashcard/in the vicinity of.jpg
2146,33944bff-aad7-4652-b372-6fcdb1f676ec,2,announcer,/Volumes/Disc 2/2Pictures/Flashcard/announcer.jpg
2154,feed69e6-1612-47d8-b3fa-810361d10d99,2,channel,/Volumes/Disc 2/2Pictures/Flashcard/channel.jpg
2162,8ef06543-6068-4032-893f-7b3470373aae,2,to answer,/Volumes/Disc 2/2Pictures/Flashcard/to answer.jpg
2169,9ff3af7c-0ef8-472c-b995-ccb2d14337eb,2,to give,/Volumes/Disc 2/2Pictures/Flashcard/to give.jpg
2176,c22ababa-ffca-40e1-8aee-c63bf087eec1,2,to wait,/Volumes/Disc 2/2Pictures/Flashcard/to wait.jpg
2175,b2402dc8-f6b5-4abc-8545-e08edfae5b90,2,"to put ,place ,set","/Volumes/Disc 2/2Pictures/Flashcard/put ,place ,set.jpg"
2183,af9d4793-d71d-4a8a-924b-77d6ab188948,2,to fight,/Volumes/Disc 2/2Pictures/Flashcard/to fight.jpg
2214,c9de2b45-d61a-426a-b7eb-6e9c3ebb5a0a,2,there,/Volumes/Disc 2/1Pictures/Flashcard/there.jpg
2187,9b7fb3b2-8e14-433b-9f98-53c44ca6db56,2,to estimate,/Volumes/Disc 2/2Pictures/Flashcard/to estimate.jpg
2225,771d6a10-7de6-4abe-a1e2-b0909fbbe3bb,2,employee (An…),/Volumes/Disc 2/2Pictures/Flashcard/employee (An).jpg
2235,5dd0afaf-fd62-44ed-921e-a04fe6ee1b39,2,"office , agency","/Volumes/Disc 2/2Pictures/Flashcard/office , agency.jpg"
2234,10366bff-88e8-4eee-a808-621713a0bf4b,2,"factory ,firm ,operation","/Volumes/Disc 2/2Pictures/Flashcard/factory ,firm ,operation.jpg"
2198,778c3ecc-dc18-4373-b108-185709f59742,2,it's snowing,/Volumes/Disc 2/2Pictures/Flashcard/it-s snowing.jpg
2200,6d4f12de-c048-42af-94e3-bb889e3e7a1d,2,hail,/Volumes/Disc 2/2Pictures/Flashcard/hail.jpg
2228,d57ee242-0949-4618-8fb6-ab5d811499c0,2,to work,/Volumes/Disc 2/2Pictures/Flashcard/to work.jpg
2203,7c9075df-a29d-4ea6-bddb-de0fa88172cf,2,climate,/Volumes/Disc 2/2Pictures/Flashcard/climate.jpg
2243,29149977-4d23-44db-ba48-0ab3b0843524,2,"briefcase ,satchel","/Volumes/Disc 2/2Pictures/Flashcard/briefcase ,satchel.jpg"
2245,c35601e1-3862-4051-bd2f-ac636460f4e6,2,"break ,pause","/Volumes/Disc 2/2Pictures/Flashcard/break ,pause.jpg"
2552,21839783-3b16-42e2-a832-a2aec5d429b7,2,to disappear,/Volumes/Disc 2/2Pictures/Flashcard/to disappear.jpg
3258,3794ad65-f5ca-4677-b385-6ee590cec5f3,2,"to put ,stick ,insert","/Volumes/Disc 2/2Pictures/Flashcard/to put ,stick ,insert.jpg"
2736,8da64ddf-5db2-4461-869b-d1439ee19506,2,twin,/Volumes/Disc 2/2Pictures/Flashcard/twin.jpg
3229,030c781d-711c-4cb0-b7c6-bd5a3cc97937,2,to avoid (m…),/Volumes/Disc 2/2Pictures/Flashcard/to avoid (m).jpg
3297,365534b7-9000-451c-ba33-0cd3e2eb2a82,2,puddle,/Volumes/Disc 2/2Pictures/Flashcard/puddle.jpg
3207,905c7682-7e38-4fd9-a65f-9951078043fe,2,to seize,/Volumes/Disc 2/2Pictures/Flashcard/to seize.jpg
2757,ff5d98a6-45a7-4418-9e4d-b9a27907f1e6,2,boredom,/Volumes/Disc 2/2Pictures/Flashcard/boredom.jpg
3636,b44f341e-d8fc-41f2-a946-8bd7642962e7,22,His interests are motorcycles and fast cars.,/Volumes/Disc 2/2Pictures/Flashcard/interest-hobby.jpg
3674,94e445ed-d7c7-475c-8067-7f212755fe26,22,She turns round in a circle until she is dizzy.,/Volumes/Disc 2/2Pictures/Flashcard/dizzy.jpg
3613,649968b5-695a-481c-9915-cf732429c380,22,Put on the safety chain for your protection. (formal),/Volumes/Disc 2/2Pictures/Flashcard/protection.jpg
3624,98aa508e-e07f-45e4-9986-579022f658ed,22,My daughter has experimented with my make-up.,/Volumes/Disc 2/2Pictures/Flashcard/make-up.jpg
3640,ae05d493-da77-4758-927b-097466529706,22,The biggest attraction is the castle.,/Volumes/Disc 2/2Pictures/Flashcard/attraction (feature).jpg
3652,9c875b31-3cd2-4a60-bb9a-30f57521346f,22,I am still hungry!,/Volumes/Disc 2/2Pictures/Flashcard/hungry.jpg
3671,aaba2b81-b073-41cb-ae77-80701099458b,22,She fainted.,/Volumes/Disc 2/2Pictures/Flashcard/faint.jpg
3659,683f0e83-13c2-44ae-ad06-bfd1b3b3608c,22,"Which do you prefer, fried egg or scrambled egg? (inf.pl)",/Volumes/Disc 2/2Pictures/Flashcard/fried egg.jpg
3680,12b82f0e-6fd9-4f1c-ab2c-33e94ec6745c,22,Chemistry is my best subject at school.,/Volumes/Disc 2/2Pictures/Flashcard/chemistry.jpg
3701,3f92bdd1-150f-4b5f-a382-2e850be7a3ff,22,This red wine comes from France.,/Volumes/Disc 2/2Pictures/Flashcard/France.jpg
3729,dbe7beb3-4af3-4154-ae7c-185893d247ce,22,The exchange of gases occurs through this membrane.,/Volumes/Disc 2/2Pictures/Flashcard/exchange.jpg
3737,e5da809f-d6db-463e-bcd3-b4e9616ad2f9,22,Our car has a diesel engine.,/Volumes/Disc 2/2Pictures/Flashcard/diesel.jpg
3657,7272c50e-8112-49d4-90ad-6dc4fc6184f0,22,I would like a slice of whole-grain bread with cheese,/Volumes/Disc 2/2Pictures/Flashcard/slice.jpg
3781,74e22f1e-c047-4b5b-b069-6f992c841d43,22,Please mail the package by airmail. (formal),/Volumes/Disc 2/2Pictures/Flashcard/airmail.jpg
3762,efab2f92-26cc-4413-9742-f8f39328eb96,22,How does one tell a goose from a duck?,/Volumes/Disc 2/2Pictures/Flashcard/goose.jpg
3770,7904d777-4a60-4c31-826d-da4f4d375c48,22,The child has caught a butterfly.,/Volumes/Disc 2/2Pictures/Flashcard/butterfly.jpg
3713,43934139-2282-453c-827b-11ce95994ee2,22,You made a good purchase. (inf.sing),/Volumes/Disc 2/2Pictures/Flashcard/purchase.jpg
3807,776010e6-beb4-402c-b92d-55355c4c2a4e,22,She is confused because she has Alzheimer's.,"/Volumes/Disc 2/2Pictures/Flashcard/confused ,bewildered.jpg"
3803,83963242-8fc2-4e9c-b582-cacac8a77289,22,With this cream your skin will become clean. (inf.sing),"/Volumes/Disc 2/2Pictures/Flashcard/clean, pure.jpg"
3912,bf6a17a4-7ed6-4d08-b5d4-6181c559b16d,22,The mountain has a steep rock face.,"/Volumes/Disc 2/2Pictures/Flashcard/mountain ,hill.jpg"
4061,9badf92e-0dee-46b0-8c30-b7842a83fba6,22,The spectators applauded.,/Volumes/Disc 2/2Pictures/Flashcard/spectator.jpg
3874,e1952338-044e-48a7-ac83-a57e7d6cc26b,22,Warm congratulations (on the birth of) your new grandchild!,"/Volumes/Disc 2/2Pictures/Flashcard/warm ,hearty congratulations.jpg"
3872,ed9d1328-0101-4499-a40c-07ee818f7032,22,"Good morning, would you like a coffee? (inf.sing)",/Volumes/Disc 2/2Pictures/Flashcard/good morning.jpg
3869,29a2bb96-4f31-432f-95bf-e7ab0a846d57,22,"Have a good trip, and drop us a line!",/Volumes/Disc 2/2Pictures/Flashcard/Have a good tripE.jpg
3932,1c094c57-df96-4122-92aa-e7fcef29b463,22,This apple tree bears (carries) a lot of fruit.,/Volumes/Disc 2/2Pictures/Flashcard/apple tree.jpg
3898,2b078cb0-f238-4097-b0f1-8c2237f026ae,22,His second book is just as good. (e...),/Volumes/Disc 2/2Pictures/Flashcard/just as (e).jpg
3917,6f1db146-3092-4c3d-9436-3408fcc03e9c,22,Cornflowers are growing in the field.,/Volumes/Disc 2/1Pictures/Flashcard/field.jpg
3940,1492bba4-cffb-4a43-a31c-88a1c01e48ca,22,The sparrow builds a nest in the shrub.,/Volumes/Disc 2/2Pictures/Flashcard/shrub.jpg
3962,abf66c15-b92f-408e-afbf-e928a8b3c2d8,22,The departure by train is at 5 o'clock.,/Volumes/Disc 2/2Pictures/Flashcard/departure (by road and rail).jpg
3895,82e28e9f-3c17-47b7-980f-0e23065941a9,22,You can be proud of your school report. (Z...) (inf.sing),"/Volumes/Disc 2/2Pictures/Flashcard/report ,school report.jpg"
3907,d10bcc51-0147-4563-b478-608a07e503ac,22,Since then we have heard nothing from him.,"/Volumes/Disc 2/2Pictures/Flashcard/since ,since then.jpg"
3922,19497b75-cf1b-4546-9ea2-1fe1e02796e1,22,The immigrants moved further inland.,/Volumes/Disc 2/2Pictures/Flashcard/inland.jpg
3914,11873a12-ac5c-47ce-83b6-8cec38321d44,22,I was born in a small village.,/Volumes/Disc 2/2Pictures/Flashcard/village.jpg
3963,1a944a79-3817-44c8-85d3-a3db34c52943,22,The entrance (for vehicles) was blocked.,"/Volumes/Disc 2/2Pictures/Flashcard/entrance (for vehicles) ,slip-road.jpg"
4017,cc5a079a-9451-4dfa-a973-f5d2476a0ec7,22,Here is a photo of my grandchildren.,/Volumes/Disc 2/2Pictures/Flashcard/grandchildren.jpg
3967,cc517c19-c56f-4bb4-837b-070c83287d1f,22,The underground station is at the intersection.,"/Volumes/Disc 2/2Pictures/Flashcard/crossing ,intersection.jpg"
4077,a35cf643-e73b-42b7-ae9d-6e49fac6adbc,22,In Germany one eats a lot of pork.,/Volumes/Disc 2/2Pictures/Flashcard/pork.jpg
3968,f6ee6b24-da24-4567-890b-b94a0c3fc28f,22,The breakdown was quickly fixed.,/Volumes/Disc 2/2Pictures/Flashcard/breakdown (car).jpg
4006,aabf9f15-d278-4d7f-8a7c-bfd1dfce8282,22,You can copy this sentence. (inf.sing),/Volumes/Disc 2/2Pictures/Flashcard/to copy (in an exam).jpg
4018,7a397f99-df16-4e1f-9f5b-326ca8c54f7d,22,Many men are present during the birth.,/Volumes/Disc 2/2Pictures/Flashcard/birth.jpg
4028,a46215e1-7f60-43c8-bf3d-1f422634565d,22,The pharmacy has the correct medicine.,"/Volumes/Disc 2/2Pictures/Flashcard/pharmacy ,chemist ,drug store.jpg"
3999,b3e7edb8-b0b9-4570-a42a-ab31a90c9f0d,22,The artist is very talented.,/Volumes/Disc 2/2Pictures/Flashcard/artist.jpg
4096,09cb32e3-45ce-4649-bbd1-fbdcbb366172,22,The teacher corrects the homework.,/Volumes/Disc 2/2Pictures/Flashcard/to correct.jpg
4033,9efad614-ba89-411b-98a4-6d5f371e8f24,22,The chemist (D...) has four types of eye drops.,"/Volumes/Disc 2/2Pictures/Flashcard/chemist ,drug store.jpg"
4039,b47f5adf-08a3-40fd-89e2-4eccbf609d9b,22,This art gallery shows contemporary works.,/Volumes/Disc 2/2Pictures/Flashcard/art gallery.jpg
4124,69a7cd72-c83d-4e08-9920-7777ea0de315,22,The Englishman speaks German very well.,/Volumes/Disc 2/2Pictures/Flashcard/Englishman.jpg
4038,cb4427d2-07fa-42ab-b186-83a363751f20,22,This cake shop (K...) makes the best raspberry cake.,/Volumes/Disc 2/2Pictures/Flashcard/bakery-cake shop.jpg
4145,ec7fa61d-7441-4304-a975-a9b35bd15c3d,22,I must go to the loo. (K…),/Volumes/Disc 2/2Pictures/Flashcard/toilet (loo-john).jpg
4055,7b9a30d2-1199-4ac7-a6da-4d2845dcbd3c,22,The first punch missed the nose.,"/Volumes/Disc 2/2Pictures/Flashcard/punch ,shot ,blow.jpg"
4089,0f18bfc7-644e-47d2-92f9-82dea518212c,22,We tried in vain to grab the dog leash.,"/Volumes/Disc 2/2Pictures/Flashcard/in vain ,of no avail.jpg"
4111,922b2846-c6ee-4f26-b12e-7b9878c5e6f4,22,I was feeling so rotten yesterday that I stayed in bed.,"/Volumes/Disc 2/2Pictures/Flashcard/rotten ,lousy.jpg"
4115,919603c9-decb-4960-a3ea-12945d542261,22,Careful,/Volumes/Disc 2/2Pictures/Flashcard/sharp.jpg
4116,2f41c004-13f5-4936-b894-211896bf3491,22,His behaviour was simply dreadful.,/Volumes/Disc 2/2Pictures/Flashcard/dreadful.jpg
4125,ccf55198-7341-48ba-9054-dd27fbfaffa5,22,Our group had three Frenchmen.,/Volumes/Disc 2/2Pictures/Flashcard/Frenchman.jpg
4134,3541fca1-b3c2-4b25-85a6-5031416f8c20,22,She is a Spaniard from Barcelona.,/Volumes/Disc 2/2Pictures/Flashcard/Spaniard.jpg
4144,38445346-abbf-490b-975d-a97648146d66,22,The door bell is very loud.,/Volumes/Disc 2/2Pictures/Flashcard/bell (door).jpg
4154,f89f9988-2c12-4716-a2cf-eba903a1ddbb,22,They attach the bookshelf to the wall. (W…),/Volumes/Disc 2/2Pictures/Flashcard/wall (interior).jpg
4129,a3a57e72-d95e-4f31-85dc-e5044eeb5388,22,The Irishwoman has a beautiful voice.,/Volumes/Disc 2/2Pictures/Flashcard/Irishwoman.jpg
4159,de63af20-ee16-427f-89b1-da5e564ce3f4,22,Let's celebrate!,/Volumes/Disc 2/2Pictures/Flashcard/to celebrate.jpg
4163,6cca32ab-aad5-4ac5-a5fa-a8fd09ccddfa,22,A toast to our Emma!,/Volumes/Disc 2/2Pictures/Flashcard/toast (celebration).jpg
4177,be2d6149-95db-4e3c-975f-56a17766f608,22,This lane is too narrow for a car.,/Volumes/Disc 2/2Pictures/Flashcard/lane.jpg
4213,dd1fe47d-134d-4af9-8a85-9f0e7cd72ba9,22,His marble bust looks very lifelike.,/Volumes/Disc 2/2Pictures/Flashcard/marble (stone).jpg
4225,713c51cb-8640-44f5-a939-e998bc164772,22,I will bring him to you. (inf.pl),/Volumes/Disc 2/2Pictures/Flashcard/to bring.jpg
4267,018900af-4d53-47cc-af44-2a91f29ce941,22,Did you read this article? (inf.pl),"/Volumes/Disc 2/2Pictures/Flashcard/article ,item.jpg"
4307,4e38d4bc-5237-49d7-bb9e-6eb0c33fb82c,22,I will always have work. (Work will never cease for me).,"/Volumes/Disc 2/2Pictures/Flashcard/work , job.jpg"
4237,768d1d7e-18d8-442b-97d2-195ed761e74c,22,They had a lively discussion.,/Volumes/Disc 2/2Pictures/Flashcard/discussion.jpg
4250,e1e22b00-8d40-4179-a0ec-c11988aece74,22,Can you please clear (away) the table? (inf.sing),/Volumes/Disc 2/2Pictures/Flashcard/to clear away.jpg
4286,5dc02fef-1117-4770-bf66-c2da02c43a19,22,Would you like dessert? (lit. Can I bring you a dessert?) (N..h) (formal),/Volumes/Disc 2/2Pictures/Flashcard/dessert.jpg
4319,61771e65-3891-4eb3-b29b-b7fb956f92ac,22,What a selfless business (act)!,"/Volumes/Disc 2/2Pictures/Flashcard/business ,trade.jpg"
4325,eac5acf4-6c52-476e-8c69-691c2c43d32f,22,Flamingos have thin legs.,/Volumes/Disc 2/2Pictures/Flashcard/thin.jpg
4239,a0ee666f-ead9-40f6-8dd1-2e6c69701116,22,You can recognise it by the red fence. (inf.pl),/Volumes/Disc 2/2Pictures/Flashcard/to recognise.jpg
4258,9c7b0a6f-bdd8-4a2a-8ac3-d12970645adf,22,The room looks very tidy.,/Volumes/Disc 2/2Pictures/Flashcard/tidy.jpg
4264,54a12c47-9a90-4311-a321-5918a3d2b21d,22,The student has a pile of washing. (m),/Volumes/Disc 2/2Pictures/Flashcard/washing.jpg
4272,e60277b7-5d45-4d97-9aec-a328d076af7d,22,She stitches the button on the shirt.,/Volumes/Disc 2/2Pictures/Flashcard/button.jpg
4298,864fc851-13c8-459e-8ccf-18bd9ad439d7,22,The socks will never dry in this wet(ness).,"/Volumes/Disc 2/2Pictures/Flashcard/damp,wet.jpg"
4326,914c6fca-92f7-4c3a-ab1b-b2267ef5fc6a,22,"What is the English word for ""Igel""?",/Volumes/Disc 2/2Pictures/Flashcard/english.jpg
4282,d1b5d638-30b1-4b0b-b52c-c12a5d50e56a,22,Bees and bears like honey.,/Volumes/Disc 2/2Pictures/Flashcard/honey.jpg
4341,6ca37e36-a702-4fcc-97d2-1bf9b2c0a0a0,22,Opposites (G..z) attract.,/Volumes/Disc 2/2Pictures/Flashcard/opposite (contrast).jpg
4416,0ba5dcd6-71a0-4841-9864-2fe838faa25f,22,According to the driving instructions,/Volumes/Disc 2/1Pictures/Flashcard/according to.jpg
4430,3ba449e8-152a-4210-a219-b73251f9a8e5,22,The director is well-known.,/Volumes/Disc 2/2Pictures/Flashcard/well-known.jpg
4530,a408b4ed-0dcb-47a9-b3c1-c66e3b7c938b,22,I have looked round but found nothing.,/Volumes/Disc 2/2Pictures/Flashcard/to look round.jpg
4433,3109d753-78f5-44ec-a238-f41e3857ef98,22,He was very surprised.,"/Volumes/Disc 2/2Pictures/Flashcard/surprised, astonished.jpg"
4453,a33af381-4bae-457b-9256-446a47e85dca,22,We collect rainwater in the pail.,"/Volumes/Disc 2/2Pictures/Flashcard/tub ,pail.jpg"
4467,2f73bebe-8b1c-4a7e-a427-c25736a7b134,22,The band (K...) plays brass music.,"/Volumes/Disc 2/2Pictures/Flashcard/band ,chapel.jpg"
4500,4e61bc3a-26e3-4d38-b024-c17d0205408c,22,You'll find the information office in the lobby. (formal),/Volumes/Disc 2/2Pictures/Flashcard/information office.jpg
4516,f6bc33ab-5f06-42f6-afe6-4feb81c1d3ee,22,He has served his apprenticeship.,"/Volumes/Disc 2/2Pictures/Flashcard/apprenticeship ,-the learning-.jpg"
4563,219e3ae5-0cbe-4716-a9c0-c8d602cd482a,22,Hunting is a vital necessity for the Inuit.,/Volumes/Disc 2/2Pictures/Flashcard/hunting.jpg
4537,f0104590-8081-4ce9-bb5d-696c97046ba6,22,I think you are mistaken there. (inf.sing),/Volumes/Disc 2/2Pictures/Flashcard/to be mistaken.jpg
4557,980adf3e-faa4-4ecc-9b0b-d09bd68c2140,22,Athletics was important in ancient times.,/Volumes/Disc 2/2Pictures/Flashcard/athletics.jpg
4559,cc112de9-95de-4c36-880b-4a428b91a8e2,22,We played badminton. (F...),/Volumes/Disc 2/2Pictures/Flashcard/badminton (2).jpg
4575,c3440f51-77d1-4c62-b2f1-98e374d192b3,22,That is a sharp bend.,"/Volumes/Disc 2/2Pictures/Flashcard/curve ,bend.jpg"
4601,20bf01c5-0f30-429a-8b08-0f1fed53c915,22,These scales are very accurate.,/Volumes/Disc 2/2Pictures/Flashcard/scale.jpg
4561,37df00f8-deaf-4d38-a0e3-8de5621c86dc,22,She is good at gymnastics.,/Volumes/Disc 2/2Pictures/Flashcard/gymnastics.jpg
4576,da3f71ad-34f3-4a54-9964-4ab0d8e02b96,22,In the Industrial Revolution,/Volumes/Disc 2/2Pictures/Flashcard/machine.jpg
4588,361df325-c5df-49cc-9e1d-3414181c6ec8,22,They walk further down the beach.,/Volumes/Disc 2/2Pictures/Flashcard/further.jpg
4572,6992d805-6daf-4661-b32b-115d77a1988d,22,I underestimated the distance.,/Volumes/Disc 2/2Pictures/Flashcard/distance.jpg
4587,3b41a275-8436-4d09-9478-bb4e58fe8ecb,22,Get away (w...) from the crocodile! (inf.sing),/Volumes/Disc 2/1Pictures/Flashcard/away.jpg
3645,f481df35-eb6b-4b20-88c3-e828e0167bf2,22,This herb tastes bitter.,/Volumes/Disc 2/2Pictures/Flashcard/bitter.jpg
2145,8c576fdb-210c-418c-82d9-2b9a5c2b5c41,2,current,/Volumes/Disc 2/2Pictures/Flashcard/current.jpg
3899,721c7f58-d23e-44e1-a15b-83f324ea14bf,22,You are just as tall as me. (g...) (inf.sing),/Volumes/Disc 2/2Pictures/Flashcard/just as (g).jpg
4385,90728b5c-d0b8-4944-93d2-d05dc5e49254,22,The exhibition is taking place in the hall. (H...),/Volumes/Disc 2/1Pictures/Flashcard/hall.jpg
1645,02f74e9d-a6e3-41b0-b11d-279f41ca7254,2,"rubbish ,trash  (M….)","/Volumes/Disc 2/2Pictures/Flashcard/rubbish ,trash.jpg"
4076,d4758b30-fe53-48e7-a3dc-da2dabe9b539,22,In Westphalia one drinks a lot of schnapps.,/Volumes/Disc 2/2Pictures/Flashcard/schnapps.jpg
4474,50ecfb8c-dee3-48c0-8556-efa12eb60613,22,Do you know the latest hit pop tune? (inf.sing),/Volumes/Disc 2/2Pictures/Flashcard/hit pop tune.jpg
2024,36625583-2c6b-4125-95f7-0c990837b5cc,2,championship,/Volumes/Disc 2/2Pictures/Flashcard/championship.jpg
3611,bd78ac6c-a641-45df-be82-9899b105ebea,22,They are trying to alleviate the suffering.,"/Volumes/Disc 2/2Pictures/Flashcard/suffering, grief, sorrow.jpg"
404,9edf458e-8f38-4120-9dee-25a575d10ede,1,to study,/Volumes/Disc 2/1Pictures/Flashcard/study.jpg
1779,482f12c7-8d18-4350-ae29-5083bdc7e424,2,"first ,firstly ,not until","/Volumes/Disc 2/2Pictures/Flashcard/first ,firstly ,not until.jpg"
499,8f6db7ae-17ec-4c7f-a158-40b7d3e7abf2,1,wonderful,/Volumes/Disc 2/1Pictures/Flashcard/wonderful.jpg
844,90ee4543-1291-4687-ad15-b181ecb89da3,1,fire,/Volumes/Disc 2/1Pictures/Flashcard/fire-nt.jpg
633,9eb02be2-5068-4070-9dc5-e89f6c338954,1,shampoo,/Volumes/Disc 2/1Pictures/Flashcard/shampoo-nt.jpg
883,7635e885-3a06-42c5-af99-d41458b35d63,1,at least (w…),/Volumes/Disc 2/1Pictures/Flashcard/at least.jpg
903,862b8845-da8c-4f8d-8cf0-82c8cc00d839,1,no idea!,/Volumes/Disc 2/1Pictures/Flashcard/no idea.jpg
1248,3d8e3b2c-de85-4e2c-90aa-b62dbff922ef,2,"clean ,pure (r…)","/Volumes/Disc 2/2Pictures/Flashcard/clean, pure.jpg"
1561,31ce4131-4a16-4e86-a62a-fa91c6d5f11b,2,female carer/nurse (P…),/Volumes/Disc 2/2Pictures/Flashcard/female carer-nurse.jpg
1314,5bd83610-747d-4928-9b20-529f57369149,2,currency exchange,/Volumes/Disc 2/2Pictures/Flashcard/currency exchange.jpg
1488,7b0eee93-7822-4fb7-83c5-7b4e1fbef69c,2,water melon,/Volumes/Disc 2/2Pictures/Flashcard/water melon.jpg
1514,3daedf9f-6bbc-4cf2-b5a6-7c5941cea08e,2,chocolate (P…),/Volumes/Disc 2/1Pictures/Flashcard/chocolate.jpg
2473,629c2357-90d4-42e2-99ab-482b53a8c184,2,"plaster (sticking) ,pavement ,side-walk","/Volumes/Disc 2/2Pictures/Flashcard/plaster ,pavement ,side-walk.jpg"
1548,57231751-d215-4bc2-a911-5b80bcb85089,2,"to sting ,prick","/Volumes/Disc 2/2Pictures/Flashcard/to sting ,prick.jpg"
2174,4fc05248-4649-4733-9cb2-f2266ff46061,2,to be silent,/Volumes/Disc 2/2Pictures/Flashcard/to be silent.jpg
2250,717a6dd6-d1f9-4444-8259-d062b2a25bf6,2,job application,/Volumes/Disc 2/2Pictures/Flashcard/job application.jpg
1569,06257350-be00-4fed-a99c-db4669f9b40f,2,stomach ache,/Volumes/Disc 2/2Pictures/Flashcard/stomach ache.jpg
1697,7ad8fa88-5386-4642-a32b-21d25082f856,2,"entry ,entrance ,admission","/Volumes/Disc 2/2Pictures/Flashcard/entry ,entrance ,admission.jpg"
2853,ed47fe14-97bc-46ff-9d7d-fec2d7904706,21,This man is his cousin.,/Volumes/Disc 2/1Pictures/Flashcard/cousin (male).jpg
2855,d84e2c80-1809-45f2-a2d5-b3f52fcd17a1,21,What is the date today?,/Volumes/Disc 2/1Pictures/Flashcard/today.jpg
3116,f553ed17-fe68-48d9-b6b6-3e16623ba47d,21,This sausage is from the butcher's.,/Volumes/Disc 2/1Pictures/Flashcard/sausage.jpg
3132,4b51242f-1798-4e11-9e95-16a000ff3916,21,The cashier is efficient.(f),/Volumes/Disc 2/1Pictures/Flashcard/cashier.jpg
3149,eeb69dbb-4761-408d-9c17-bd17bfe59428,21,Have you a brush for my hair? (inf.sing),/Volumes/Disc 2/1Pictures/Flashcard/brush.jpg
3159,3da21aa9-6ab0-4c29-8092-d8cfda68bdb3,21,She buys a bottle of perfume as a present.,/Volumes/Disc 2/1Pictures/Flashcard/perfume-nt.jpg
89,ec3648dc-8383-42f2-87a5-d78bb0951c02,1,"allowed ,permitted","/Volumes/Disc 2/1Pictures/Flashcard/allowed ,permitted.jpg"
3307,a8763506-7bc4-43ac-938c-be6965d0ac28,21,This blouse does not suit the skirt.,/Volumes/Disc 2/1Pictures/Flashcard/blouse.jpg
3306,696a9589-6952-4d64-ab30-e700172fcf64,21,My father is buying a new suit.,/Volumes/Disc 2/1Pictures/Flashcard/suit.jpg
90,04d27faf-273a-4f3d-9448-5f31f45cb794,1,broken,/Volumes/Disc 2/1Pictures/Flashcard/broken.jpg
945,8ceb805e-cca3-4f26-9c7d-f1e3360fdf99,1,feel,/Volumes/Disc 2/1Pictures/Flashcard/feel.jpg
91,56849e53-3b5e-41a3-872e-f44d9c391aa8,1,"small ,little","/Volumes/Disc 2/1Pictures/Flashcard/small ,little.jpg"
944,8d20c487-04db-44fb-ad8c-b7dde7bccf88,1,happiness,/Volumes/Disc 2/1Pictures/Flashcard/happiness.jpg
92,f843e590-b3d3-487f-a982-25ac1e559afe,1,clever (k…),/Volumes/Disc 2/1Pictures/Flashcard/clever.jpg
67,6a3d642e-bd5c-48e2-a7af-4193a6d59a88,1,furniture,/Volumes/Disc 2/1Pictures/Flashcard/furniture-nt.jpg
3308,71c0e758-184d-4610-9b93-2bfe8d48b1ad,21,Who has seen my glasses?,/Volumes/Disc 2/1Pictures/Flashcard/glasses.jpg
94,7fac8f53-b02a-4ff9-a8bd-07ad77a38075,1,slow,/Volumes/Disc 2/1Pictures/Flashcard/slow.jpg
2633,73081227-5e07-4494-890a-58be413f9ff1,21,She is eating cereal for breakfast.,/Volumes/Disc 2/1Pictures/Flashcard/cereal.jpg
3310,1519cde8-2594-47ba-8862-9484c95820e3,21,She received a new handbag for Christmas.,/Volumes/Disc 2/1Pictures/Flashcard/handbag.jpg
3465,04effdfc-a646-4a17-88ef-e3bbfcd71325,21,"I beg your pardon, what did you say? (form.sing)",/Volumes/Disc 2/1Pictures/Flashcard/I beg your pardon.jpg
997,c21d4103-7648-4190-a9a0-caeef1a2328c,1,"approximately ,about","/Volumes/Disc 2/1Pictures/Flashcard/approximately ,about.jpg"
2595,b56c5991-e302-40f0-acec-1d5bcaef8f17,21,My watch has stopped.,"/Volumes/Disc 2/1Pictures/Flashcard/clock ,watch.jpg"
2883,9b0ccf3c-bd83-4efa-9009-f352be99777a,21,Summer is my favourite time of year.,/Volumes/Disc 2/1Pictures/Flashcard/summer.jpg
995,1590bbf1-a9cc-418f-ba00-4154576f0b92,1,"number ,quantity","/Volumes/Disc 2/1Pictures/Flashcard/number ,quantity.jpg"
2593,8182abb3-52f1-4c2b-9bf9-e102e2c0508a,21,She is vacuuming the carpet.,/Volumes/Disc 2/1Pictures/Flashcard/carpet.jpg
2537,4fbcef06-d235-470f-a268-74b925406908,21,"No, you may not eat ice cream. (inf.sing)",/Volumes/Disc 2/1Pictures/Flashcard/no.jpg
2596,54265b9b-7ae8-4de5-9b1f-a7dcfebdbba5,21,Please close the curtain. (V...) (inf.sing),/Volumes/Disc 2/1Pictures/Flashcard/curtain.jpg
3535,eb0d6a1a-04d8-403d-a9dc-b6b10c6bee2e,21,What can one say about it?,/Volumes/Disc 2/1Pictures/Flashcard/say.jpg
2884,a68590ac-d548-48d5-beeb-2a039af45e1f,21,In autumn we celebrate harvest festival.,"/Volumes/Disc 2/1Pictures/Flashcard/autumn ,fall.jpg"
2594,6b35b535-9f66-4161-b7c5-470180bd2510,21,"Shut the door, there's a draught. (inf.sing)",/Volumes/Disc 2/1Pictures/Flashcard/door.jpg
2625,b17f07a7-4176-487f-84e5-df06192f4fb1,21,Give us today our daily bread. (inf.sing),/Volumes/Disc 2/1Pictures/Flashcard/bread-nt.jpg
2848,2a4c4a2f-c827-4d82-94bf-0fc1b181c4e5,21,They have one son and two daughters.,/Volumes/Disc 2/1Pictures/Flashcard/son.jpg
3563,9c367e0c-6b94-4a30-8a48-0aba96730dde,21,He had to walk four miles to school.,/Volumes/Disc 2/1Pictures/Flashcard/mile.jpg
2850,38a83d65-e5e1-49a1-9ac4-0e916dd3fa8b,21,My daughter is called Carmen and she's 20 years old.,/Volumes/Disc 2/1Pictures/Flashcard/daughter.jpg
2851,a3b05ab0-1430-473f-b299-4a823d48de72,21,The father plays ball with his son.,/Volumes/Disc 2/1Pictures/Flashcard/father.jpg
2904,dbe78cf6-f768-4d5d-960e-1343d93df75e,21,May I please lick the bowl?,"/Volumes/Disc 2/1Pictures/Flashcard/bowl ,dish.jpg"
3137,57eb3a0e-26f5-4664-9f85-e57979edd0a9,21,This Roman coin is very old.,/Volumes/Disc 2/1Pictures/Flashcard/coin.jpg
2905,535cb9e4-68e6-4b3d-a5e1-aa5580b907cb,21,The turkey is in the deep-freeze.,/Volumes/Disc 2/1Pictures/Flashcard/deep-freeze.jpg
2908,1b2efe9c-b9b5-4769-bd5f-6c6e5945b7da,21,You can polish the metal with a cloth. (T...) (inf.sing),/Volumes/Disc 2/1Pictures/Flashcard/cloth-nt.jpg
2906,4bfcd719-c2d2-464b-a0a5-2a82e4544aaf,21,Can you please clear the table. (inf.sing),/Volumes/Disc 2/1Pictures/Flashcard/table.jpg
2909,6e63ebf6-8155-4970-baf6-a8afdcb5ecaf,21,The answer is wrong.,/Volumes/Disc 2/1Pictures/Flashcard/answer.jpg
2910,63f2db9c-0f2a-419c-84bc-e0a7e502452f,21,The movie begins at 8 o'clock.,/Volumes/Disc 2/1Pictures/Flashcard/begin.jpg
2986,1e282428-e82c-4cb4-9c20-41c2b1fcfb29,21,The performance was super!,/Volumes/Disc 2/1Pictures/Flashcard/super.jpg
3088,c9885458-de12-4adb-a06e-f98247c9a7dd,21,I am out together with my girlfriend.,/Volumes/Disc 2/1Pictures/Flashcard/together.jpg
3089,727e6721-2199-4245-a51d-4f15e8cd3097,21,Too much alcohol is unhealthy.,/Volumes/Disc 2/1Pictures/Flashcard/alcohol.jpg
3311,d486a64e-3688-4e70-9e88-1f3671621cf6,21,I like the new shirt.,/Volumes/Disc 2/1Pictures/Flashcard/shirt-nt.jpg
3312,715dde6a-4588-411c-957f-caa3a6ffcd2b,21,The trousers don't fit him.,/Volumes/Disc 2/1Pictures/Flashcard/trousers.jpg
3313,b1736be3-6e4e-431b-8582-5e6f35506a59,21,The new hat suits her well.,/Volumes/Disc 2/1Pictures/Flashcard/hat.jpg
3314,7c508aa0-9cf5-45ab-95af-1527293ca063,21,"It is cold, put your jacket on.(inf.sing)",/Volumes/Disc 2/1Pictures/Flashcard/jacket.jpg
3315,b81788e4-2c34-4656-b944-ce0960de871b,21,Young people all wear jeans nowadays.,/Volumes/Disc 2/1Pictures/Flashcard/jeans.jpg
3161,fd8609ee-4df7-469f-8995-706a91e6738d,21,Did you sleep well? (inf.sing),/Volumes/Disc 2/1Pictures/Flashcard/sleep.jpg
3164,faff0da7-4024-4360-8aff-c45415b1e7b0,21,The children are getting (get) dressed.,/Volumes/Disc 2/1Pictures/Flashcard/get dressed.jpg
3163,56979296-d565-4ab0-80a0-a3cbfd3c2ea0,21,This shampoo smells of apple.,/Volumes/Disc 2/1Pictures/Flashcard/shampoo-nt.jpg
3162,949d89a7-cd89-481b-8dc0-6e7dfc5a291a,21,They wash their hands with soap.,/Volumes/Disc 2/1Pictures/Flashcard/soap.jpg
3564,2ea6962c-90da-45e9-b856-786d584c6d34,21,They are measuring the distance.,/Volumes/Disc 2/1Pictures/Flashcard/measure.jpg
2635,b7a5048b-694d-4557-85f8-3ff02e17f771,21,Freshly-baked cookies (K...) smell so good.,"/Volumes/Disc 2/1Pictures/Flashcard/biscuit ,cookie.jpg"
2886,49d21dfd-8e93-4feb-bf35-9972af73cf1b,21,My mother is baking a birthday cake.,/Volumes/Disc 2/1Pictures/Flashcard/bake.jpg
2649,a9f937ee-441a-4dfa-932d-c5a983083232,21,This dish (S...) has the fewest calories.,"/Volumes/Disc 2/1Pictures/Flashcard/food ,dish.jpg"
2684,33f4ff0f-657b-46b5-b115-1f6664e46378,21,Just a moment,/Volumes/Disc 2/1Pictures/Flashcard/moment.jpg
3335,ccb9d994-dcd2-46ee-83a5-72bc99d376dd,21,Think first,/Volumes/Disc 2/1Pictures/Flashcard/think.jpg
3160,48d3e480-9dbf-4675-85a0-94e46741c5a8,21,He normally shaves before breakfast.,/Volumes/Disc 2/1Pictures/Flashcard/shave.jpg
2683,a2cb39d9-1ba6-43be-aa49-5751c56c74e0,21,The beginning (A...) is easy.,/Volumes/Disc 2/1Pictures/Flashcard/beginning.jpg
2686,34319418-bc17-4fa9-a442-a28b327763f0,21,What's the date today?,/Volumes/Disc 2/1Pictures/Flashcard/whats the date.jpg
3176,ef59a4ba-1306-4b5a-92f3-0b32ccbe2c08,21,Since when do you have a beard? (inf.sing),/Volumes/Disc 2/1Pictures/Flashcard/beard.jpg
3179,182d5bc6-e273-4b2e-a8e8-f2d475a62ebf,21,The horses ran breast to breast.,"/Volumes/Disc 2/1Pictures/Flashcard/breast ,chest.jpg"
3180,e9e8e661-43bc-4798-bb42-10fdde197d09,21,He makes gestures with the thumb.,/Volumes/Disc 2/1Pictures/Flashcard/thumb.jpg
2691,5089d7dc-12ff-48df-80cb-742680dd0bf5,21,Next time (M...) we'll go bowling.,/Volumes/Disc 2/1Pictures/Flashcard/time (ocassion)-nt.jpg
2693,e46495b4-728e-4058-b45e-27f9961b11e1,21,The baker closes at noon.,"/Volumes/Disc 2/1Pictures/Flashcard/noon ,midday.jpg"
3182,c82620b6-dfed-4979-aa25-de7fb0e18dbf,21,I go to school every day by foot. ( I walk to school every day.),/Volumes/Disc 2/1Pictures/Flashcard/foot.jpg
3188,bf7711bc-21aa-4bf3-b5c8-649ccf7ae976,21,Suncreme protects the skin.,/Volumes/Disc 2/1Pictures/Flashcard/skin.jpg
2694,4335b8bb-bc89-42f3-9147-da40bada1f8e,21,I must go to the dentist tomorrow.,/Volumes/Disc 2/1Pictures/Flashcard/tomorrow.jpg
4437,e15ecd72-5162-4be1-8f61-fe5c5627a8f5,22,Someone rang the doorbell.,/Volumes/Disc 2/2Pictures/Flashcard/someone.jpg
3202,0f90d7a8-8dce-498c-89b7-7fc5e5ba730b,21,Her cheek is red.,/Volumes/Disc 2/1Pictures/Flashcard/cheek.jpg
2695,765d3c78-c7d8-43c5-8468-fec2b49b588d,21,We eat rolls every morning.,/Volumes/Disc 2/1Pictures/Flashcard/morning.jpg
3200,88e7cd91-bda5-43dd-bbf4-3914e0fd38bb,21,My brother has had a moustache for a year (now).,/Volumes/Disc 2/1Pictures/Flashcard/moustache.jpg
2699,cbede2ee-cde7-4402-bbcf-6f6dff35f715,21,It is still (n...) light outside.,"/Volumes/Disc 2/1Pictures/Flashcard/still ,yet.jpg"
3204,eccca2b3-ecd8-4529-8306-5a9203d7005a,21,I have burnt my tongue.,/Volumes/Disc 2/1Pictures/Flashcard/tongue.jpg
2703,6bd20c3b-ff30-44c6-97ae-8843e9961cbd,21,He comes home at five o'clock.,/Volumes/Disc 2/1Pictures/Flashcard/at (time) - around (spacial).jpg
2704,3ea73f34-3111-430a-a3dd-9c5c4e33e7a5,21,It is time (Z...) to go.,/Volumes/Disc 2/1Pictures/Flashcard/time (hour).jpg
7,44c67566-15f0-4c01-92a5-1875f1f6d95e,1,"on ,onto","/Volumes/Disc 2/1Pictures/Flashcard/on ,onto.jpg"
13,f3252803-b779-4385-bc73-daa74f5fb167,1,friend (female) / girlfriend,/Volumes/Disc 2/1Pictures/Flashcard/friend (female) - girlfriend.jpg
40,6e8025cf-8bed-4643-8215-5a65ecad5d4a,1,"youth ,young people","/Volumes/Disc 2/1Pictures/Flashcard/youth ,young people.jpg"
2706,791f9435-b136-4fab-a44e-9b893f77ae54,21,In future,/Volumes/Disc 2/1Pictures/Flashcard/future.jpg
3015,73b1564e-cd9e-4a57-8446-0d57f0f9379a,21,He is drinking a beer in the pub.,"/Volumes/Disc 2/1Pictures/Flashcard/pub ,tavern-nt.jpg"
43,37c43aef-9b12-4a24-bd2c-ec61e3d4c4eb,1,child,/Volumes/Disc 2/1Pictures/Flashcard/child-nt.jpg
45,fadc2e99-c0f1-41c5-81b8-8a5198d50d75,1,"man ,husband","/Volumes/Disc 2/1Pictures/Flashcard/man ,husband.jpg"
3009,1a1fe830-4203-4137-9913-27ef68fab360,21,We were married in this church.,/Volumes/Disc 2/1Pictures/Flashcard/church.jpg
19,75b1a61d-6b7c-4599-a068-98361cde6aad,1,"to ,after (behind)","/Volumes/Disc 2/1Pictures/Flashcard/to ,after (behind).jpg"
2709,9358553a-880b-4232-976f-8ae029f93096,21,"Yesterday we had a thunderstorm, there was thunder and lightning (flashing).",/Volumes/Disc 2/1Pictures/Flashcard/flash (lightning).jpg
41,9eab18f9-1a1a-4d8f-a2e9-e487b992e96d,1,young person,/Volumes/Disc 2/1Pictures/Flashcard/young person.jpg
42,324d1f2f-1c83-495c-a1eb-ecc23640795a,1,boy,/Volumes/Disc 2/1Pictures/Flashcard/boy.jpg
2711,92826c79-6249-4827-873e-e08c42dd433b,21,Did you hear the thunder? (inf.sing),/Volumes/Disc 2/1Pictures/Flashcard/thunder.jpg
49,eda11502-b418-4ad2-9568-74681b330bac,1,person,/Volumes/Disc 2/1Pictures/Flashcard/person.jpg
51,e1e9cb05-9240-442d-a999-8248d4a55cab,1,"bloke ,type ,guy","/Volumes/Disc 2/1Pictures/Flashcard/bloke ,type ,guy.jpg"
50,6126a59e-d579-499e-9a3f-06e8fc0bdb89,1,personality,/Volumes/Disc 2/1Pictures/Flashcard/personality.jpg
54,6a88ed85-0962-4203-8c24-d718375135ee,1,balcony,/Volumes/Disc 2/1Pictures/Flashcard/balcony.jpg
55,add5f85f-9d4f-4e45-9c0b-51692e17c921,1,"ground ,bottom ,floor (B…)","/Volumes/Disc 2/1Pictures/Flashcard/ground ,bottom ,floor.jpg"
2713,586a7e48-5ceb-49e5-850c-805c756f1efe,21,My shoes are still damp.,"/Volumes/Disc 2/1Pictures/Flashcard/humid ,damp.jpg"
2714,2620f15c-af2a-4059-aedf-a7331f46600b,21,The strong (heavy) frost makes everything white.,/Volumes/Disc 2/1Pictures/Flashcard/frost.jpg
56,88e5be1e-395e-491f-9a4b-661738c3d592,1,to iron,/Volumes/Disc 2/1Pictures/Flashcard/iron.jpg
57,edabca96-4ded-44ad-9d4c-5087b9ef398b,1,computer,/Volumes/Disc 2/1Pictures/Flashcard/computer.jpg
68,508397c0-47e6-44d5-a565-dcddcd08c7b7,1,radio,/Volumes/Disc 2/1Pictures/Flashcard/radio-nt.jpg
76,3ae35922-faf4-4f9a-b3b0-fba1649cb897,1,"clock ,watch","/Volumes/Disc 2/1Pictures/Flashcard/clock ,watch.jpg"
2715,a435da6a-50f3-4021-a084-4bdf75e44f30,21,We have 30 degrees Celsius today.,/Volumes/Disc 2/1Pictures/Flashcard/degree.jpg
71,27709436-2a92-4b38-8491-4f26b37241bb,1,key,/Volumes/Disc 2/1Pictures/Flashcard/key.jpg
2719,46069d6a-3b8f-4247-b304-b256a3691443,21,The weather is cool today.,/Volumes/Disc 2/1Pictures/Flashcard/cool.jpg
2722,b043f547-dfae-4be3-bcd6-80e2389e5022,21,"Today we have thick fog, one can hardly see as far as 100m.",/Volumes/Disc 2/1Pictures/Flashcard/fog.jpg
69,c9ca3e97-fab0-4cb3-9be8-b54f8c776277,1,lawn,/Volumes/Disc 2/1Pictures/Flashcard/lawn.jpg
70,44b907c3-dae3-42a9-8054-993626bc2674,1,call,/Volumes/Disc 2/1Pictures/Flashcard/call.jpg
74,2e03dd8c-c6c1-4b6b-9273-e5fbe0103855,1,carpet,/Volumes/Disc 2/1Pictures/Flashcard/carpet.jpg
2721,77853aae-5904-426a-81cf-b0ac7af18ffe,21,Your hair is still wet. (inf.sing),/Volumes/Disc 2/1Pictures/Flashcard/wet.jpg
2724,abbc8ae1-501c-4de9-9c1f-bc2204a79ea3,21,It all appears to be in order.,"/Volumes/Disc 2/1Pictures/Flashcard/shine ,to appear.jpg"
2723,143d09c4-9fe0-46ee-bfce-698cfd1b0d51,21,The rain is good for the garden.,/Volumes/Disc 2/1Pictures/Flashcard/rain.jpg
77,b919e623-bb23-49be-8c79-20387d0bd54a,1,curtain (V…),/Volumes/Disc 2/1Pictures/Flashcard/curtain.jpg
2726,483b49f6-4720-425d-87ee-5b877a73f7e1,21,We hope it snows soon so that we can go ski-ing.,"/Volumes/Disc 2/1Pictures/Flashcard/snow ,v.jpg"
2727,e93e7c07-bf0f-42ce-ab81-cfe3ddb75e13,21,The sun is a yellow star.,/Volumes/Disc 2/1Pictures/Flashcard/sun.jpg
83,f1b9be86-b0e4-4fff-a4e8-22e38263a40f,1,angry (b…),/Volumes/Disc 2/1Pictures/Flashcard/angry.jpg
84,ddddfe93-a221-4130-a7db-13c17f1e7f0a,1,dirty (d…),/Volumes/Disc 2/1Pictures/Flashcard/dirty.jpg
98,6c4585d2-f64d-42ff-98c2-b434f9d31aa2,1,correct,/Volumes/Disc 2/1Pictures/Flashcard/correct.jpg
2729,1b42ec70-4a7c-4c3d-9f30-ac8dc2f76366,21,A thermometer measures the temperature.,/Volumes/Disc 2/1Pictures/Flashcard/temperature.jpg
2730,18d3c1de-617f-4053-b51a-12b1da9cafc9,21,A low weather system is lying over the North Sea.,"/Volumes/Disc 2/1Pictures/Flashcard/depression ,Low (weather)-nt.jpg"
88,2a03aafc-ace0-47ca-95a1-8b2ddbde56ca,1,bored,/Volumes/Disc 2/1Pictures/Flashcard/bored.jpg
99,54eafe30-3dc6-48ae-ba98-ad235b931923,1,clean (s…),/Volumes/Disc 2/1Pictures/Flashcard/clean.jpg
100,c3211c0f-e982-4b18-a439-8a2d7ce0a5b0,1,bad (s……t),/Volumes/Disc 2/1Pictures/Flashcard/bad.jpg
107,a7d109fd-18d0-450d-879f-78e40b940556,1,bread,/Volumes/Disc 2/1Pictures/Flashcard/bread-nt.jpg
103,52ffa130-75e5-44d4-801c-27a0c1f98fe3,1,different (various),/Volumes/Disc 2/1Pictures/Flashcard/different (various).jpg
2728,5123da0b-27c7-4da1-912b-5d21807301f5,21,They are glad that the storm is over.,/Volumes/Disc 2/1Pictures/Flashcard/storm.jpg
2731,e1e170d9-fd64-43e0-8d36-9d97721c6bf0,21,My hair is almost dry.,/Volumes/Disc 2/1Pictures/Flashcard/dry.jpg
104,f8b55848-6dc9-41d7-b176-e8cea8a7af4e,1,awake,/Volumes/Disc 2/1Pictures/Flashcard/awake.jpg
111,286753a2-d4b9-4e18-ab28-05cde38e6faa,1,"food ,meal","/Volumes/Disc 2/1Pictures/Flashcard/food ,meal-nt.jpg"
119,1fe9be2d-6239-4498-9a63-afe9b7d4f6a5,1,"cake ,pie","/Volumes/Disc 2/1Pictures/Flashcard/cake ,pie.jpg"
2735,b54c8d16-83bf-4581-96dc-18e964698324,21,This cloud brings rain.,/Volumes/Disc 2/1Pictures/Flashcard/cloud.jpg
123,c908e982-595b-41b9-a729-ef14aef066f6,1,pudding,/Volumes/Disc 2/1Pictures/Flashcard/pudding.jpg
2914,974fead4-98e0-4c2b-8525-2ca084fe7f50,21,My main subject is mathematics.,/Volumes/Disc 2/1Pictures/Flashcard/subject-nt.jpg
120,1cbc719c-6803-4edf-810b-a37e7900c9b0,1,"meal ,mealtime","/Volumes/Disc 2/1Pictures/Flashcard/meal ,mealtime.jpg"
2919,fc57c8d6-e310-4d2a-98d7-8a9b738242a3,21,This course has taught me a lot about physics.,/Volumes/Disc 2/1Pictures/Flashcard/course.jpg
118,83b8b13b-c4b8-4a23-b0d1-4064cac1cab0,1,"to cook ,to boil","/Volumes/Disc 2/1Pictures/Flashcard/cook ,boil.jpg"
121,6386e08f-d314-401b-8e89-8204cb323cd7,1,flour,/Volumes/Disc 2/1Pictures/Flashcard/flour-nt.jpg
117,41b7bc4e-ba3a-4027-b3f2-9f72e50b21fb,1,"biscuit ,cookie","/Volumes/Disc 2/1Pictures/Flashcard/biscuit ,cookie.jpg"
2743,3422ecc1-aaf8-4fcb-90d1-0a981092dd70,21,"I feel so hot, I think I have a fever!",/Volumes/Disc 2/1Pictures/Flashcard/fever-nt.jpg
124,f29606c1-ce4a-4b10-a044-b06b34c1fc79,1,rice,/Volumes/Disc 2/1Pictures/Flashcard/rice.jpg
126,3a935e07-32a7-4578-b379-648f48814b4a,1,fresh cream,/Volumes/Disc 2/1Pictures/Flashcard/fresh cream.jpg
131,52d92a25-4a61-49c4-8d4b-577698a4487c,1,"food ,dish","/Volumes/Disc 2/1Pictures/Flashcard/food ,dish.jpg"
2926,c84a656b-c5ae-4be8-81f7-0af3bca423a7,21,The hall (S...) was splendidly decorated for the celebration.,/Volumes/Disc 2/1Pictures/Flashcard/hall.jpg
2742,8ddced38-f743-4196-8d8f-003babe56483,21,She is in bed with a cold. (E...),"/Volumes/Disc 2/1Pictures/Flashcard/cold ,flu.jpg"
130,e3c26f88-03db-4fce-9e1f-82f86b9cbe71,1,chocolate (S…),/Volumes/Disc 2/1Pictures/Flashcard/chocolate.jpg
2754,0dffe260-8ff9-48ee-bcd0-8f8a73ad29b6,21,I need a band aid for my wound.,/Volumes/Disc 2/1Pictures/Flashcard/band aid-nt.jpg
2745,c026804c-6292-41c2-93c2-0345109333d4,21,What are you taking for the cough? (form.sing),/Volumes/Disc 2/1Pictures/Flashcard/cough.jpg
133,d99518b8-eff0-4626-bca5-8b4eefe5c226,1,sweets,/Volumes/Disc 2/1Pictures/Flashcard/sweets.jpg
157,1816381b-f4cd-4e9d-a332-cbfa13360044,1,fifty,/Volumes/Disc 2/1Pictures/Flashcard/fifty.jpg
165,9ca5c19e-4937-4dc0-95db-3804f90e2780,1,beginning (A…),/Volumes/Disc 2/1Pictures/Flashcard/beginning.jpg
2747,34958bc4-57b0-47c5-a6b8-5aecb1c809da,21,She works at the hospital.,/Volumes/Disc 2/1Pictures/Flashcard/hospital-nt.jpg
167,233143e1-f44b-4111-bd96-dd689a673116,1,soon,/Volumes/Disc 2/1Pictures/Flashcard/soon.jpg
170,63972247-13e6-4eb2-803c-dc911e284a6d,1,early,/Volumes/Disc 2/1Pictures/Flashcard/early.jpg
169,e0890d25-3f3d-4a85-a3e3-a1f3399cd11e,1,end,/Volumes/Disc 2/1Pictures/Flashcard/end-nt.jpg
173,44094df6-17b5-4b55-afe4-4b34645551de,1,time (ocassion),/Volumes/Disc 2/1Pictures/Flashcard/time (ocassion)-nt.jpg
177,18dfbec0-83f6-4b57-bc55-9ff53fdb0da9,1,morning,/Volumes/Disc 2/1Pictures/Flashcard/morning.jpg
186,bfe284f5-6a64-4785-adde-3492ae0df221,1,time (hour),/Volumes/Disc 2/1Pictures/Flashcard/time (hour).jpg
188,4d440cc7-f17e-485a-a85a-90b32dbeaac7,1,future,/Volumes/Disc 2/1Pictures/Flashcard/future.jpg
185,71589405-b2d2-446b-b2da-91622eeca11b,1,at (time) / around (spacial),/Volumes/Disc 2/1Pictures/Flashcard/at (time) - around (spacial).jpg
187,9d8c1047-40f7-439b-b9be-8e92f8872503,1,at first,/Volumes/Disc 2/1Pictures/Flashcard/at first.jpg
2911,aeb0faf9-e676-4057-beff-51c073feeafc,21,The doctor has forbidden him any activity.,/Volumes/Disc 2/1Pictures/Flashcard/activity.jpg
190,4ef60f19-2782-458d-9108-ec5d5b3336fb,1,cloudy,/Volumes/Disc 2/1Pictures/Flashcard/cloudy.jpg
4175,5d86d21a-72e4-401a-ae9f-b32cb117c6df,22,The flag flaps in the wind.,/Volumes/Disc 2/2Pictures/Flashcard/flag.jpg
1485,77224e59-01cf-4439-83af-c8cf671c8ecf,2,peach,/Volumes/Disc 2/2Pictures/Flashcard/peach.jpg
191,0795bcc8-4827-4d01-8a25-b25999df1d3d,1,to flash (lightning),/Volumes/Disc 2/1Pictures/Flashcard/flash (lightning).jpg
193,c6996bef-fcba-4194-98c7-40fa04d7f546,1,thunder,/Volumes/Disc 2/1Pictures/Flashcard/thunder.jpg
196,672cf683-6965-435c-849f-b3a77c689fcf,1,frost,/Volumes/Disc 2/1Pictures/Flashcard/frost.jpg
195,adaf5b03-e98a-4d88-84ce-1b6f5a6ec4a9,1,"humid ,damp","/Volumes/Disc 2/1Pictures/Flashcard/humid ,damp.jpg"
198,7d835055-7e88-412f-908e-2a1f1ef2bd5b,1,hot,/Volumes/Disc 2/1Pictures/Flashcard/hot.jpg
2934,33612d33-d36e-4d80-aad2-51ab8ab313d5,21,Repeat this exercise three times. (inf.pl),/Volumes/Disc 2/1Pictures/Flashcard/exercise.jpg
3336,ee4b254c-5bfb-4e1a-9269-607982bbaf97,21,I have no money,"/Volumes/Disc 2/1Pictures/Flashcard/therefore ,so ,for that reason.jpg"
2988,284e828e-3253-4fbb-b25b-589fa62184a6,21,That's crazy!,"/Volumes/Disc 2/1Pictures/Flashcard/crazy ,mad.jpg"
3017,2f1ac741-fc71-47d2-86fe-f4d84a32a322,21,The church is in the city centre. (Z...),/Volumes/Disc 2/1Pictures/Flashcard/centre-nt.jpg
3024,364d1986-6e6e-4c2c-b3b1-ca3f32c16c2f,21,"To be honest, I feel sorry for you. (inf.sing)",/Volumes/Disc 2/1Pictures/Flashcard/honest.jpg
3028,879ae609-41ce-46d7-8207-ba15e25ae3d1,21,Don't be so lazy! (inf.sing),/Volumes/Disc 2/1Pictures/Flashcard/lazy.jpg
2936,2533f80a-475e-4f9e-921e-53d52ee4f849,21,We can understand each word.,/Volumes/Disc 2/1Pictures/Flashcard/understand.jpg
2942,10acc83c-0c12-4584-b043-b994875b6b4e,21,These beans come from our garden.,/Volumes/Disc 2/1Pictures/Flashcard/bean.jpg
2943,5e58675a-0a1f-4c5b-9a79-418f21edd990,21,Broccoli tastes very good.,/Volumes/Disc 2/1Pictures/Flashcard/broccoli.jpg
3441,28a74455-95e1-4aa5-b9b1-6a23ea5910f0,21,We wish you all the best for the New Year. (inf.sing),/Volumes/Disc 2/1Pictures/Flashcard/all the best.jpg
218,da7cdb64-e2ef-425e-867a-4b1732e38191,1,doctor (A…),/Volumes/Disc 2/1Pictures/Flashcard/doctor.jpg
237,11f6dc78-0e3a-48e8-b744-07108087abc2,1,ointment,/Volumes/Disc 2/1Pictures/Flashcard/ointment.jpg
4294,72dd8a3a-00ec-43a9-b4af-ca7630a5fb42,22,It's been snowing all day.,/Volumes/Disc 2/2Pictures/Flashcard/it-s snowing.jpg
223,86493982-2e69-4d13-85bb-e35f49ec515d,1,"cold ,flu","/Volumes/Disc 2/1Pictures/Flashcard/cold ,flu.jpg"
3035,6c96b563-90e8-491e-80e9-2d33a55f804d,21,The carnival costume is strange. (k...),"/Volumes/Disc 2/1Pictures/Flashcard/funny ,strange.jpg"
227,0b7c27f5-fb18-4c54-b56a-bc7f8d35a945,1,"ill ,sick","/Volumes/Disc 2/1Pictures/Flashcard/ill ,sick.jpg"
226,4e574a76-2c86-4487-80ec-cb6953c29f42,1,cough,/Volumes/Disc 2/1Pictures/Flashcard/cough.jpg
232,398dcc3f-0a92-4097-ab6b-e43ca14638aa,1,operation,/Volumes/Disc 2/1Pictures/Flashcard/operation.jpg
233,214e7068-992f-4a6f-81cb-19baadfb2fa7,1,patient,/Volumes/Disc 2/1Pictures/Flashcard/patient.jpg
234,abb716fd-5396-4e3b-9e1c-8263ed12865b,1,band aid,/Volumes/Disc 2/1Pictures/Flashcard/band aid-nt.jpg
235,bd62c566-0813-4ded-a608-c8f50baf8720,1,"to nurse ,to look after","/Volumes/Disc 2/1Pictures/Flashcard/nurse ,to look after.jpg"
2946,f44dcd73-adcd-4b38-8ae5-430ad1478b40,21,Today we'll have beautifully fresh strawberries with vanilla ice-cream and cream.,/Volumes/Disc 2/1Pictures/Flashcard/strawberries.jpg
244,d40a89dc-faac-4345-9e30-1e73fa48a020,1,injury,/Volumes/Disc 2/1Pictures/Flashcard/injury.jpg
2949,ab61be06-9165-40e3-9e8d-174dec48f708,21,We buy our vegetables fresh at the market.,/Volumes/Disc 2/1Pictures/Flashcard/vegetables-nt.jpg
2952,511a7711-b0b8-4702-bd16-0b6b09e57323,21,The rabbit eats carrots. (K...),/Volumes/Disc 2/1Pictures/Flashcard/carrot.jpg
2953,451e5cf5-3ea6-427e-9859-e19f72127b6c,21,Who is going to peel the potatoes?,/Volumes/Disc 2/1Pictures/Flashcard/potato.jpg
2957,7801b76d-08f2-4f46-91a9-c8b2e2be6cd9,21,Can you crack this nut (open)? (inf.sing),/Volumes/Disc 2/1Pictures/Flashcard/nut.jpg
2955,20c1bfed-3764-4732-8f46-2a6fc2b702df,21,Rabbits have eaten the cabbage.,/Volumes/Disc 2/1Pictures/Flashcard/cabbage.jpg
249,c340445c-826a-4ffa-bd26-f9b1f02fc0a7,1,cutlery,/Volumes/Disc 2/1Pictures/Flashcard/cutlery-nt.jpg
4519,80097eda-866f-4df4-9327-d9205b4fa935,22,He pushes the yellow button.,"/Volumes/Disc 2/2Pictures/Flashcard/to press ,push ,print.jpg"
252,ed2ba239-1984-4dbe-b303-5d6dd2daa2fd,1,bottle,/Volumes/Disc 2/1Pictures/Flashcard/bottle.jpg
251,fea22ae5-1395-4127-b016-f155b0cb1537,1,café,/Volumes/Disc 2/1Pictures/Flashcard/cafe-nt.jpg
3356,c4cb5ec9-001f-4fd8-96b4-4f6b13b129de,21,Do you have the same jacket in grey? (form.sing),/Volumes/Disc 2/1Pictures/Flashcard/same.jpg
260,16ebf58a-8768-495a-9d65-2bdae8924afe,1,cook,/Volumes/Disc 2/1Pictures/Flashcard/cook.jpg
2971,125b0373-bcb7-47a1-ae33-31315720aa3b,21,In my family we have all blond hair and blue eyes.,/Volumes/Disc 2/1Pictures/Flashcard/blonde.jpg
3379,01638a61-9ec5-4474-8b55-5a9c0aa9402f,21,Feathers were strewn about everywhere.,/Volumes/Disc 2/1Pictures/Flashcard/everywhere.jpg
3381,3c3e3620-f5ba-430e-bee6-f6ffe319bbe7,21,The front is painted yellow.,/Volumes/Disc 2/1Pictures/Flashcard/front.jpg
269,442730fd-df16-434c-bd5c-a6c6e85427be,1,sauce,/Volumes/Disc 2/1Pictures/Flashcard/sauce.jpg
3226,0cafa207-5469-48ef-96ef-7c64c0c3bddd,21,All cars are stopped at the border.,/Volumes/Disc 2/1Pictures/Flashcard/border.jpg
3400,93b96984-cc80-4bc5-8d7c-158e16119b27,21,Why did you not mow the grass? (inf.sing),/Volumes/Disc 2/1Pictures/Flashcard/grass-nt.jpg
1705,1bbcf28a-5fbe-41f2-ad06-648cbc1135e3,2,"doll ,puppet","/Volumes/Disc 2/2Pictures/Flashcard/doll ,puppet.jpg"
274,efb53261-0e25-4333-99c4-a33c0b268823,1,sugar,/Volumes/Disc 2/1Pictures/Flashcard/sugar.jpg
273,b3b234f9-3a95-4e85-acac-51658546bb26,1,choice (W…),/Volumes/Disc 2/1Pictures/Flashcard/choice.jpg
1685,0b14ef7a-7caf-4e2c-8bb4-220bbb0bbd04,2,hotel (G……e),/Volumes/Disc 2/2Pictures/Flashcard/hotel (G).jpg
3206,e71b2696-8280-4dbd-8c93-b57698a83666,21,"Please, keep the exit (for vehicles) clear! (form.sing)",/Volumes/Disc 2/1Pictures/Flashcard/exit (for transport).jpg
3039,2d140b2a-a5b0-410c-98bb-954756ff3610,21,"Come in, the door is open. (inf.sing)",/Volumes/Disc 2/1Pictures/Flashcard/open.jpg
3041,64fe7e85-c37c-470d-9623-cab385cb1d94,21,This bridge is not safe.,"/Volumes/Disc 2/1Pictures/Flashcard/safe ,sure.jpg"
3059,7d00ac26-6c4b-4d0e-8662-810d8c1be8a3,21,We are very happy.,/Volumes/Disc 2/1Pictures/Flashcard/very.jpg
2962,fc63abcc-ecf6-4a77-a376-8dfc3a8798a2,21,Whoever eats a lot of salad stays healthy.,"/Volumes/Disc 2/1Pictures/Flashcard/salad ,lettuce.jpg"
2966,f7333275-0284-4a5a-8c4b-fda13b449c09,21,This lemon has lots of juice.,/Volumes/Disc 2/1Pictures/Flashcard/lemon.jpg
2761,472763a5-fe7c-4840-bedb-b92b640d92e5,21,I have a head cold (S...) and am staying at home.,/Volumes/Disc 2/1Pictures/Flashcard/cold (head).jpg
281,2164d47d-1462-43ef-bbe7-ef17410747ec,1,almost,/Volumes/Disc 2/1Pictures/Flashcard/almost.jpg
286,f9acb30d-c212-41f4-a4e2-245d88a44033,1,"in ,into (i…)","/Volumes/Disc 2/1Pictures/Flashcard/in ,into.jpg"
296,d7da348a-3791-4706-96bd-0621f5a203bd,1,and,/Volumes/Disc 2/1Pictures/Flashcard/and.jpg
2975,709b88c9-54de-42b3-9766-6a003d1c40cc,21,I like the colour of autumn leaves.,/Volumes/Disc 2/1Pictures/Flashcard/colour.jpg
2763,64615c17-9484-4b31-8848-ce6e57840f03,21,I don't feel so well.,"/Volumes/Disc 2/1Pictures/Flashcard/feel ,v.jpg"
295,81b7d8af-4bd7-4e00-9cef-02c6063bd315,1,oneself (reflexive),/Volumes/Disc 2/1Pictures/Flashcard/oneself (reflexive).jpg
298,59373514-8f35-4f36-99e4-b7210644da86,1,"from ,by ,of","/Volumes/Disc 2/1Pictures/Flashcard/from ,by ,of.jpg"
3075,e9b2ff7b-0c08-4af8-9aba-caf9811433cc,21,Give me a goodbye kiss! (inf.sing),/Volumes/Disc 2/1Pictures/Flashcard/kiss.jpg
300,1aa63e14-0452-4c49-9e47-2afa19d91648,1,because,/Volumes/Disc 2/1Pictures/Flashcard/because.jpg
2764,0fe71386-5be5-4a24-a8bd-0ee59d4dbd58,21,"Watch out, you could burn yourself on/with that! (inf.sing)",/Volumes/Disc 2/1Pictures/Flashcard/burn oneself.jpg
2767,eb2ecef4-a0c8-4f6a-914b-af69cc2f980c,21,My toe is aching. (My toe is giving me an ache.),"/Volumes/Disc 2/1Pictures/Flashcard/ache ,pain-nt.jpg"
303,6ef194c2-20e6-48ae-8d80-c84a5fca3f09,1,relationship,/Volumes/Disc 2/1Pictures/Flashcard/relationship.jpg
2768,0046f9da-7d51-4147-8294-c2735af64da1,21,The nurse binds the wound.,/Volumes/Disc 2/1Pictures/Flashcard/wound.jpg
305,9c389903-d5c8-4851-8e4b-bdf6e6b3693f,1,marriage,/Volumes/Disc 2/1Pictures/Flashcard/marriage.jpg
308,58764c6c-3859-4653-8bfd-2e060df21e93,1,parents,/Volumes/Disc 2/1Pictures/Flashcard/parents.jpg
2789,f3647252-0a99-4ac6-9361-f5357a750a8a,21,The restaurant has a good reputation.,/Volumes/Disc 2/1Pictures/Flashcard/restaurant-nt.jpg
2780,b71229a8-f042-4d5d-b4cf-55c0dd50ce76,21,The glass is full of fingerprints.,/Volumes/Disc 2/1Pictures/Flashcard/glass-nt.jpg
2773,c88de4a6-934a-407f-81a4-4a6eaabeadfb,21,We drink a cup of coffee in the café.,/Volumes/Disc 2/1Pictures/Flashcard/cafe-nt.jpg
307,d45c22d2-69de-4b2e-ae72-623757363f06,1,husband,/Volumes/Disc 2/1Pictures/Flashcard/husband.jpg
2784,95408cc7-2625-4559-8dbe-a19139e7d292,21,The waiter sets the pitcher on the table.,"/Volumes/Disc 2/1Pictures/Flashcard/jug ,pitcher.jpg"
313,fa0582fd-6b6a-4999-97e8-5bfe8bcfede3,1,brothers and sisters,/Volumes/Disc 2/1Pictures/Flashcard/brothers and sisters.jpg
312,2fc270a2-7331-4218-af7d-169ebfbaefc2,1,birthday,/Volumes/Disc 2/1Pictures/Flashcard/birthday.jpg
2774,6813be6d-8911-4362-90e5-825dd3910db6,21,Is the bottle half empty or half full?,/Volumes/Disc 2/1Pictures/Flashcard/bottle.jpg
317,60640d5b-c2e2-4be1-b885-4c96a637e996,1,mother,/Volumes/Disc 2/1Pictures/Flashcard/mother.jpg
319,16c67617-569a-4ab4-8a60-0f118963164c,1,niece,/Volumes/Disc 2/1Pictures/Flashcard/niece.jpg
3230,525f05bf-af34-4c7a-971b-a3c874b8ceed,21,He shows the town on the map.,"/Volumes/Disc 2/1Pictures/Flashcard/card ,ticket ,map.jpg"
2781,572dbb3e-2f0c-4710-8188-c0b882d846d2,21,Is the service charge included in the price?,/Volumes/Disc 2/1Pictures/Flashcard/included.jpg
2787,b857c5b4-c74c-4c67-a455-07aed3cd45e2,21,"Serve yourself, salt and pepper (P...r) are on the table.  (inf.sing)",/Volumes/Disc 2/1Pictures/Flashcard/pepper.jpg
327,2e08c7f7-259e-4ecd-b0f0-a83d31aa7c1a,1,relative,/Volumes/Disc 2/1Pictures/Flashcard/relative.jpg
2783,54bcdd8a-f8a1-4ac5-b912-d6b5f2c1c432,21,The cook embellishes the roast goose.,/Volumes/Disc 2/1Pictures/Flashcard/cook.jpg
2788,782657e4-796e-441b-bcb1-53ccb4b6ad97,21,I have found a mistake in the bill.,/Volumes/Disc 2/1Pictures/Flashcard/bill.jpg
2791,e7c6581f-e03c-45b5-9dfc-ff8f802a9cb3,21,Would you like spicy-hot or mild mustard? (form.sing),/Volumes/Disc 2/1Pictures/Flashcard/mustard.jpg
329,62429e9b-b67f-4c3f-be5c-c289dcbd7dcc,1,today,/Volumes/Disc 2/1Pictures/Flashcard/today.jpg
3700,b9e49ea0-f133-427e-bb18-d05198661875,22,The people in England are friendly.,/Volumes/Disc 2/2Pictures/Flashcard/England.jpg
3239,728dfdc8-1564-451a-b384-3c8683e157d6,21,"Please, make us an offer. (form.sing)",/Volumes/Disc 2/1Pictures/Flashcard/offer-nt.jpg
2793,aee33a07-b4d1-441b-9d02-ab99922b54be,21,The soup is still very hot.,/Volumes/Disc 2/1Pictures/Flashcard/soup.jpg
2994,8476cd40-63a9-4f07-b5db-5c7140977756,21,The bridge was built by the Romans.,/Volumes/Disc 2/1Pictures/Flashcard/bridge.jpg
2806,f66a5df8-b329-47fa-8ff5-6905cc0c42d6,21,Are you almost done? (inf.sing),/Volumes/Disc 2/1Pictures/Flashcard/almost.jpg
361,914819af-5b03-4a2b-9d04-4bdccc5d7b59,1,sideboard (B…),/Volumes/Disc 2/1Pictures/Flashcard/sideboard-nt.jpg
371,5f1ca4d9-3bc1-4cad-8fab-3197c3cfd1eb,1,cellar,/Volumes/Disc 2/1Pictures/Flashcard/cellar.jpg
363,4139e206-7ca4-4418-9ef2-3cb979e0e190,1,can-opener,/Volumes/Disc 2/1Pictures/Flashcard/can-opener.jpg
368,48c71339-7942-4969-a940-a8a072cdd820,1,dishwasher (G…),/Volumes/Disc 2/1Pictures/Flashcard/dishwasher.jpg
380,7195723d-8c69-41bf-b8ec-ecb6a6288be9,1,"pot ,saucepan","/Volumes/Disc 2/1Pictures/Flashcard/pot ,saucepan.jpg"
3251,cc48206b-151e-4040-b1e2-82be04cfc8cc,21,The department store is closed on Sundays.,/Volumes/Disc 2/1Pictures/Flashcard/department store-nt.jpg
372,263fa3e8-304d-4206-83ab-271f77d8bd42,1,"kitchen ,cooking","/Volumes/Disc 2/1Pictures/Flashcard/kitchen ,cooking.jpg"
3255,3e75dc67-ea36-46ff-80cd-7018b6b930f2,21,This shop sells postcards.,"/Volumes/Disc 2/1Pictures/Flashcard/shop ,store.jpg"
405,abf5d7b2-c5df-4265-a9b5-53982c9ca04c,1,lesson,/Volumes/Disc 2/1Pictures/Flashcard/lesson.jpg
3257,ffcd70b7-e4e7-4ea6-8584-a2b82897fa3b,21,The price is too high.,/Volumes/Disc 2/1Pictures/Flashcard/price.jpg
2991,2ac54a05-b1bd-4807-acf3-441c0d5334c4,21,We (will) meet at the (foot) exit.,/Volumes/Disc 2/1Pictures/Flashcard/exit (on foot).jpg
3056,073b951c-c48f-49a0-a48e-3c64846beca7,21,I don't know if the time is correct.,"/Volumes/Disc 2/1Pictures/Flashcard/if ,whether.jpg"
2799,b109838f-0d75-4d06-b7da-d71cf2c6862d,21,I come out of school at 3.30.,"/Volumes/Disc 2/1Pictures/Flashcard/from ,out ,out of.jpg"
2804,f524fb45-25e3-4cee-a196-64f5b7ab76fc,21,Your garden is very beautiful. (inf.pl),/Volumes/Disc 2/1Pictures/Flashcard/your (informal plural).jpg
419,dbf90855-6369-4871-a6d0-dd0d11e62653,1,strawberry,/Volumes/Disc 2/1Pictures/Flashcard/strawberries.jpg
3096,481514e4-b8db-4433-b208-561e60b2ce9b,21,Alligators eat only meat,/Volumes/Disc 2/1Pictures/Flashcard/meat-nt.jpg
416,3f988274-6f25-4c94-858c-0fc6213ddb09,1,broccoli,/Volumes/Disc 2/1Pictures/Flashcard/broccoli.jpg
418,b30bffbd-efed-4ac9-b301-c50772e941e7,1,pea,/Volumes/Disc 2/1Pictures/Flashcard/pea.jpg
428,8bff08aa-81a2-4ccc-87b2-fee570cc484d,1,herb,/Volumes/Disc 2/1Pictures/Flashcard/herb-nt.jpg
435,df6e91e0-47d0-4c11-b479-e0bcf76aed4e,1,tomato,/Volumes/Disc 2/1Pictures/Flashcard/tomato.jpg
2705,a3701a1a-a7b3-4a16-942f-2c3ebecdd243,21,At first he didn't recognize him.,/Volumes/Disc 2/1Pictures/Flashcard/at first.jpg
2892,8bb8fc0f-8675-4e72-b17b-dedb884a3683,21,My father steps on the gas (accelerator) when he wants to overtake.,/Volumes/Disc 2/1Pictures/Flashcard/gas-nt.jpg
2900,811ff1cb-5177-455b-b256-46370a9b92f7,21,The margarine is in the fridge.,/Volumes/Disc 2/1Pictures/Flashcard/fridge.jpg
421,344ec2eb-dc6f-42b1-9f36-2b7481224fd4,1,vegetables,/Volumes/Disc 2/1Pictures/Flashcard/vegetables-nt.jpg
425,e3274fd5-c0ab-457a-af89-1f30599471a5,1,potato,/Volumes/Disc 2/1Pictures/Flashcard/potato.jpg
427,71057853-0d19-49f0-b571-61972b3c9de9,1,cabbage,/Volumes/Disc 2/1Pictures/Flashcard/cabbage.jpg
622,b27bf6ef-5fa6-43cc-be58-ebe1b9307729,1,hairdrier,/Volumes/Disc 2/1Pictures/Flashcard/hairdrier.jpg
429,de8dbcb4-f082-48f9-8a58-f2fd689e5a78,1,nut,/Volumes/Disc 2/1Pictures/Flashcard/nut.jpg
531,663e0d7c-dcb8-4be7-9500-f89fdd61a8dd,1,but (rather),/Volumes/Disc 2/1Pictures/Flashcard/but (rather).jpg
424,c82c1a19-9377-485b-a569-3517ec7774e9,1,carrot (K…),/Volumes/Disc 2/1Pictures/Flashcard/carrot.jpg
434,3d9c1b66-c8c8-46cd-b6a7-baf77a4e645d,1,"salad ,lettuce","/Volumes/Disc 2/1Pictures/Flashcard/salad ,lettuce.jpg"
935,ac781887-ec2c-4f61-941e-f36a7cb5afcf,1,pig,/Volumes/Disc 2/1Pictures/Flashcard/pig-nt.jpg
2893,5f6a51c6-fa69-48bd-baea-dd4f88cce77b,21,The appliance does not work.,/Volumes/Disc 2/1Pictures/Flashcard/appliance-nt.jpg
530,0ad77210-5137-4327-9be5-6841b51eed63,1,oneself (demonstrative),/Volumes/Disc 2/1Pictures/Flashcard/oneself (demonstrative).jpg
441,9deea4cc-9246-4847-bcc1-6d5f1216bf30,1,blonde,/Volumes/Disc 2/1Pictures/Flashcard/blonde.jpg
2894,1ea74bf1-3465-4b56-85d0-bfeb0e92fd56,21,You can wash (up) the crockery (dishes). (inf.sing),/Volumes/Disc 2/1Pictures/Flashcard/crockery-nt.jpg
2898,8e3df317-25bb-4f3b-9fac-1258954d109e,21,The Christmas decoration(s) are in the cellar.,/Volumes/Disc 2/1Pictures/Flashcard/cellar.jpg
2903,b06efc88-9f84-456a-ab67-1273c20b7f49,21,Breakfast is ready soon,/Volumes/Disc 2/1Pictures/Flashcard/pan.jpg
925,566af11d-e8b2-4937-b9b7-6836f8c053c4,1,dog,/Volumes/Disc 2/1Pictures/Flashcard/dog.jpg
933,5325ac6b-8ce1-4c0d-a575-3545ba72b2ef,1,horse,/Volumes/Disc 2/1Pictures/Flashcard/horse-nt.jpg
2912,0698fa28-4d7a-49b0-8827-58295833735b,21,Without a good education one has poor prospects.,/Volumes/Disc 2/1Pictures/Flashcard/education.jpg
2935,ef621450-fd66-40d8-9b43-15ed513d91a4,21,Lessons (U...) begin at eight o'clock and last till one o'clock,/Volumes/Disc 2/1Pictures/Flashcard/lessons - education.jpg
620,bdebfc13-58c8-4256-81c5-618f10590660,1,blanket,/Volumes/Disc 2/1Pictures/Flashcard/blanket.jpg
928,fe277617-296b-49ff-bfe6-ca662124e9e5,1,cat,/Volumes/Disc 2/1Pictures/Flashcard/cat.jpg
1032,d914678d-cc2d-4fa4-bebd-a6bfe40f48ce,1,"exquisite , priceless","/Volumes/Disc 2/1Pictures/Flashcard/exquisite , priceless.jpg"
626,c43e7f7a-0863-49a3-bced-c543ad60dfb7,1,cushion,/Volumes/Disc 2/1Pictures/Flashcard/cushion-nt.jpg
449,0e47c41a-3b15-4e21-a164-9f8a52270c06,1,"light ,bright","/Volumes/Disc 2/1Pictures/Flashcard/light ,bright.jpg"
931,56706223-c86c-4bd8-951c-8b3dd6772685,1,mouse,/Volumes/Disc 2/1Pictures/Flashcard/mouse.jpg
932,cabee853-2316-4d3a-8932-fb62a2a4380d,1,mosquito,/Volumes/Disc 2/1Pictures/Flashcard/mosquito.jpg
936,692b990a-525f-42c9-831c-57a63d300507,1,sparrow,/Volumes/Disc 2/1Pictures/Flashcard/sparrow.jpg
2901,d90f85b2-e864-4ca9-9b20-3ff46fc383f5,21,Warm it up in the microwave. (inf.sing),/Volumes/Disc 2/1Pictures/Flashcard/microwave.jpg
2918,7856d7f5-8d02-4a36-a51a-1b235e87e25b,21,He is an expert in modern art.,/Volumes/Disc 2/1Pictures/Flashcard/art.jpg
1031,fd71d065-5b2c-43fb-93e4-b5edacf66b82,1,to get to know,/Volumes/Disc 2/1Pictures/Flashcard/get to know.jpg
939,dc83fb2a-1623-45a2-98d7-d098821f4f38,1,bird,/Volumes/Disc 2/1Pictures/Flashcard/bird.jpg
464,a720ba1e-5f76-4cdd-b4a1-c90ed2cd0d15,1,bridge,/Volumes/Disc 2/1Pictures/Flashcard/bridge.jpg
445,874240f2-9cc9-4486-991c-26f08f07e8b4,1,colour,/Volumes/Disc 2/1Pictures/Flashcard/colour.jpg
1033,0d366c72-f569-412c-ac15-157c7d93793c,1,"to get ,to attain","/Volumes/Disc 2/1Pictures/Flashcard/get ,to attain.jpg"
3260,6047cd92-9261-4a2e-ac05-4900f09c1758,21,She is very frugal.,"/Volumes/Disc 2/1Pictures/Flashcard/sparing ,economical ,frugal.jpg"
3265,65b31963-2bbc-4eb5-9ac1-6628bbec4a13,21,How much do these shoes cost?,/Volumes/Disc 2/1Pictures/Flashcard/how much how many.jpg
451,05d22bad-efef-46fc-8c12-378a31eba7e8,1,orange (O…),/Volumes/Disc 2/1Pictures/Flashcard/orange.jpg
3316,d1ec7fee-ec0b-4289-9ef1-05834ea470b1,21,Should I wear the blue dress?,/Volumes/Disc 2/1Pictures/Flashcard/dress-nt.jpg
461,bc466f60-0142-450a-bb0f-8d3ab6997265,1,exit (on foot),/Volumes/Disc 2/1Pictures/Flashcard/exit (on foot).jpg
454,5a3f92a8-60f0-4635-8f5b-3be5de23ea16,1,"horrible ,awful","/Volumes/Disc 2/1Pictures/Flashcard/horrible ,awful.jpg"
460,62ce0412-aa2f-42e2-8756-99d5c2fbe3f4,1,position,/Volumes/Disc 2/1Pictures/Flashcard/position-nt.jpg
3095,c5fd41c6-578e-4bf5-9528-e069246f0617,21,This piece of meat is too fat (f...) for me.,/Volumes/Disc 2/1Pictures/Flashcard/fat.jpg
477,0b7ade67-957f-43ea-b1b6-d78c3a1e3f31,1,cinema,/Volumes/Disc 2/1Pictures/Flashcard/cinema-nt.jpg
463,02ac4b99-c4fc-45b7-84d3-bd2e7e4f03cb,1,library,/Volumes/Disc 2/1Pictures/Flashcard/library.jpg
486,6e0e5771-4e56-456d-bec8-f8126c4dd663,1,centre (Z…),/Volumes/Disc 2/1Pictures/Flashcard/centre-nt.jpg
473,c88017ce-081e-4a9e-b7b4-349c2b632a92,1,"community ,local council","/Volumes/Disc 2/1Pictures/Flashcard/community ,local council.jpg"
467,86cbb57c-7686-42db-9be0-7a03971df136,1,inhabitant,/Volumes/Disc 2/1Pictures/Flashcard/inhabitant.jpg
474,ecb7c6cb-bae9-42cd-b3e4-1a1e0c073c3f,1,court of law,/Volumes/Disc 2/1Pictures/Flashcard/court of law-nt.jpg
490,02c2cdc2-6b61-4114-89ec-36d2abd15645,1,"fat ,thick","/Volumes/Disc 2/1Pictures/Flashcard/fat ,thick.jpg"
475,ec43f2bf-4fef-4965-ba35-5f91e9194749,1,"shop ,business","/Volumes/Disc 2/1Pictures/Flashcard/shop ,business-nt.jpg"
498,684a3831-19cb-4114-8133-1da8d1f9996e,1,hard,/Volumes/Disc 2/1Pictures/Flashcard/hard.jpg
471,9138ceaf-401a-4eba-937b-0ef78a1a85c7,1,danger,/Volumes/Disc 2/1Pictures/Flashcard/danger.jpg
476,34bd516e-bf89-45c1-9933-999ca8b55e04,1,industry,/Volumes/Disc 2/1Pictures/Flashcard/industry.jpg
3100,c74c29b5-ba94-4b87-a6ee-80d66c67e0eb,21,My mother drinks coffee without milk and sugar.,/Volumes/Disc 2/1Pictures/Flashcard/coffee.jpg
3103,72f5f215-b7d4-4577-967e-b7be3fd89d52,21,She likes to eat seafood.,/Volumes/Disc 2/1Pictures/Flashcard/seafood.jpg
480,4ccc250a-9079-4597-a5ff-900c474de27a,1,town hall,/Volumes/Disc 2/1Pictures/Flashcard/town hall-nt.jpg
481,fbe280ab-e730-4258-a65b-b8ffd44e5709,1,safety,/Volumes/Disc 2/1Pictures/Flashcard/safety.jpg
508,262bb35b-00aa-48e0-9ce9-b7e854ee9f06,1,"heavy ,difficult","/Volumes/Disc 2/1Pictures/Flashcard/heavy ,difficult.jpg"
497,b51497f7-c434-4c58-9eee-0d488190d8e2,1,good,/Volumes/Disc 2/1Pictures/Flashcard/good.jpg
485,ebb4326e-d029-4346-a8b2-4864e2cd17b8,1,"flat ,apartment","/Volumes/Disc 2/1Pictures/Flashcard/flat ,apartment.jpg"
3064,4b151799-3a29-4151-a388-a4d9b2078d37,21,There is only little butter left.,/Volumes/Disc 2/1Pictures/Flashcard/little.jpg
496,c4a93ce1-4164-4fc1-a2f6-0a51e87411bb,1,lazy,/Volumes/Disc 2/1Pictures/Flashcard/lazy.jpg
483,2cc55c90-1944-499d-86d0-4e4554ba3391,1,"economy ,bar ,household ,business","/Volumes/Disc 2/1Pictures/Flashcard/economy ,bar ,household ,business.jpg"
517,bb533fed-e5b6-4fd4-bcb9-44736cf92e93,1,outside,/Volumes/Disc 2/1Pictures/Flashcard/outside.jpg
501,803fe24a-16a6-42b8-97c4-440efcd3b62b,1,interesting,/Volumes/Disc 2/1Pictures/Flashcard/interesting.jpg
507,f59359b3-8c31-4fc7-aab4-8c56e27b25a2,1,open,/Volumes/Disc 2/1Pictures/Flashcard/open.jpg
512,251c3e78-6402-4a04-8b10-498bad2305ef,1,"so ,well ,therefore","/Volumes/Disc 2/1Pictures/Flashcard/so ,well ,therefore.jpg"
2913,dfdc6dcc-cc07-4028-8b71-e4709f5b8eb2,21,"Please, spell your name. (form.sing)",/Volumes/Disc 2/1Pictures/Flashcard/spell.jpg
2916,e2848b70-4cfb-4a47-b6a8-1e7dd2073173,21,I like music class the most.,/Volumes/Disc 2/1Pictures/Flashcard/class.jpg
505,62cba832-57dc-44d6-877b-ce4b1a7b650f,1,loud,/Volumes/Disc 2/1Pictures/Flashcard/loud.jpg
510,a03c162b-ef84-4630-9adc-0a8b72bb6e27,1,forbidden,/Volumes/Disc 2/1Pictures/Flashcard/forbidden.jpg
564,b0fa51d4-69cf-40fa-8467-5d0c76059ae6,1,iced tea,/Volumes/Disc 2/1Pictures/Flashcard/iced tea.jpg
515,b022f8b8-946c-4a68-ba53-38dd61c7b633,1,thanks,/Volumes/Disc 2/1Pictures/Flashcard/thanks.jpg
3102,86bac1fd-f70b-43f6-9d73-af076d4ba9f7,21,This lemonade is sour.,/Volumes/Disc 2/1Pictures/Flashcard/lemonade.jpg
511,49ea1aa1-dfab-403e-bebc-d716d9dfe53f,1,important,/Volumes/Disc 2/1Pictures/Flashcard/important.jpg
3264,9b19d8f8-269f-4ca4-aded-23352d0d2632,21,What sort of salad is this?,/Volumes/Disc 2/1Pictures/Flashcard/what sort of.jpg
3267,dee0151f-d19e-47f6-91f5-cdafc70df66f,21,"He is attacking us, and we are fearful (we have/experience fear).",/Volumes/Disc 2/1Pictures/Flashcard/attack.jpg
547,22bd54cc-5392-49a0-a853-25e9529baf50,1,to laugh,/Volumes/Disc 2/1Pictures/Flashcard/laugh.jpg
572,5a91e900-c51b-4253-8699-9909c383be21,1,lemonade,/Volumes/Disc 2/1Pictures/Flashcard/lemonade.jpg
524,1dfdfa1d-2261-4f89-ac32-03e5c2855a73,1,to have to,/Volumes/Disc 2/1Pictures/Flashcard/have to.jpg
576,024d9706-98c6-495a-82e3-be96a59aaced,1,juice,/Volumes/Disc 2/1Pictures/Flashcard/juice.jpg
3106,d4928081-8fe1-4762-84e6-9311d069ed16,21,This appliance (device) presses juice from oranges.,/Volumes/Disc 2/1Pictures/Flashcard/juice.jpg
539,c7604a13-4548-4852-bf21-5e57e6f0bd2e,1,to thank,/Volumes/Disc 2/1Pictures/Flashcard/thank.jpg
548,eae024e3-8b86-4f80-a449-eebc106fb1dd,1,"desire ,interest ,lust ,pleasure","/Volumes/Disc 2/1Pictures/Flashcard/desire ,interest ,lust ,pleasure.jpg"
565,8b2cc40e-da68-4fb6-a931-dc8c06100fbc,1,fat,/Volumes/Disc 2/1Pictures/Flashcard/fat.jpg
542,7b0383a3-4930-4a96-804d-d80aa4910449,1,conversation (G…),/Volumes/Disc 2/1Pictures/Flashcard/conversation-nt.jpg
554,a490e4d0-75d3-4767-ba09-1be0e35c2667,1,"to quarrel ,to argue ,to fight","/Volumes/Disc 2/1Pictures/Flashcard/quarrel ,argue ,fight.jpg"
569,49e2e353-d8ab-4cf3-b195-e4d18d8f9bc2,1,chicken,/Volumes/Disc 2/1Pictures/Flashcard/chicken-nt.jpg
549,b1c55785-894b-41c7-b213-fe640f8c4c87,1,to chat,/Volumes/Disc 2/1Pictures/Flashcard/chat.jpg
568,824c765e-5177-4c92-a210-cbefd5b2a0e4,1,drinks,/Volumes/Disc 2/1Pictures/Flashcard/drinks-nt.jpg
553,bdbc619d-27b9-4928-8181-21b1b93fecfc,1,to get on well,/Volumes/Disc 2/1Pictures/Flashcard/get on well.jpg
559,db3a35b7-152a-4d9e-9a04-82f33125506a,1,alcohol,/Volumes/Disc 2/1Pictures/Flashcard/alcohol.jpg
566,02d927e8-c79c-467d-a51b-19d61190983b,1,meat,/Volumes/Disc 2/1Pictures/Flashcard/meat-nt.jpg
579,8a7c0267-8ba1-4ec2-833f-bab9cc1a90a0,1,champagne,/Volumes/Disc 2/1Pictures/Flashcard/champagne.jpg
575,e61fe4cb-9786-4eb1-bfbe-aa6ecdd5f377,1,beef,/Volumes/Disc 2/1Pictures/Flashcard/beef-nt.jpg
582,b353ac36-154a-480c-a3f8-23773abcdd83,1,tea,/Volumes/Disc 2/1Pictures/Flashcard/tea.jpg
585,277ab2a7-ba6a-4370-aa99-9ca6c19431b8,1,wine,/Volumes/Disc 2/1Pictures/Flashcard/wine.jpg
3269,2e2bba1e-c1a3-41c3-bd52-2ce6ca5b7386,21,Why do rich parents receive child benefit?,"/Volumes/Disc 2/1Pictures/Flashcard/receive ,to get ,to obtain.jpg"
603,67109b21-7143-4012-a8eb-cf758bd9738a,1,account,/Volumes/Disc 2/1Pictures/Flashcard/account-nt.jpg
604,7b6a2d1e-c9cc-4ca4-91f8-4a58f4cba74e,1,credit card,/Volumes/Disc 2/1Pictures/Flashcard/credit card.jpg
608,7cc5ffe4-10f0-44df-9f7d-6825dca36c13,1,name,/Volumes/Disc 2/1Pictures/Flashcard/name.jpg
592,00ffb286-880c-4664-bde1-2438d3166326,1,banknote,/Volumes/Disc 2/1Pictures/Flashcard/banknote.jpg
590,c3ddb234-a181-4d8a-beb4-7de3d028a630,1,to fill in,/Volumes/Disc 2/1Pictures/Flashcard/fill in.jpg
591,bde89ea1-2909-4af6-bb5a-7b80214cb40f,1,bank,/Volumes/Disc 2/1Pictures/Flashcard/bank.jpg
598,4b8909a3-3ac4-40b4-8266-bb12535d5d6f,1,date,/Volumes/Disc 2/1Pictures/Flashcard/date-nt.jpg
629,7bb62246-7970-4f3d-9d88-53d9a1025dec,1,perfume,/Volumes/Disc 2/1Pictures/Flashcard/perfume-nt.jpg
588,eca81a31-daf5-4801-b391-c1c53ffc657b,1,sender,/Volumes/Disc 2/1Pictures/Flashcard/sender.jpg
618,36ffc741-466e-497b-86b6-a823f8d394f3,1,bedding,/Volumes/Disc 2/1Pictures/Flashcard/bedding-nt.jpg
617,73eca7a0-0f49-49cb-9002-2b823420a18f,1,bed,/Volumes/Disc 2/1Pictures/Flashcard/bed-nt.jpg
609,86ae0452-2ebe-4523-94e9-e7ca31d35055,1,"parcel ,packet (P……t)","/Volumes/Disc 2/1Pictures/Flashcard/parcel ,packet-nt.jpg"
597,449fea5d-4338-4585-93ff-610a37cc1bb1,1,envelope (B…),/Volumes/Disc 2/1Pictures/Flashcard/envelope.jpg
594,bc41a5c2-412f-40f9-bb4a-49678625258b,1,letter,/Volumes/Disc 2/1Pictures/Flashcard/letter.jpg
3165,9badf712-3233-4319-9baf-d842903e0b31,21,Get undressed and go in the bathtub! (inf.sing),/Volumes/Disc 2/1Pictures/Flashcard/get undressed.jpg
3123,7b648bd7-bf59-4110-aa17-43d10da5cfd8,21,No goods without payment in cash.,/Volumes/Disc 2/1Pictures/Flashcard/payment.jpg
3104,a50ee11f-2cb6-48f0-8744-fd9e53151ead,21,We like milk in our coffee.,/Volumes/Disc 2/1Pictures/Flashcard/milk.jpg
644,a2b6baab-f2d5-4337-b26f-9f1cdeece3db,1,arm,/Volumes/Disc 2/1Pictures/Flashcard/arm.jpg
616,86fcf934-677d-4d38-bea8-a0a5a8a32e26,1,to bathe,"/Volumes/Disc 2/1Pictures/Flashcard/bathe ,v.jpg"
647,e4de060f-51d5-4eb5-949f-0525142fdd71,1,leg,/Volumes/Disc 2/1Pictures/Flashcard/leg-nt.jpg
610,37dd9fc6-e1b7-4b21-8ed6-58677d2983d8,1,post office/mail,/Volumes/Disc 2/1Pictures/Flashcard/post office-mail.jpg
631,09238e77-025a-40c2-b571-ff54bf5ae2a1,1,to sleep,/Volumes/Disc 2/1Pictures/Flashcard/sleep.jpg
641,686bc802-a6d7-40c1-9b21-9d7d46ee4507,1,to wash,/Volumes/Disc 2/1Pictures/Flashcard/wash.jpg
3279,d7da3a75-250a-4105-86b6-7c4a2622dbc9,21,Let's knock on this door.,/Volumes/Disc 2/1Pictures/Flashcard/knock.jpg
4013,89812357-9e26-4112-8c26-061e249d2ebe,22,"What happened, why are you crying? (inf.sing)",/Volumes/Disc 2/2Pictures/Flashcard/to cry (tears).jpg
645,5e2b107b-db87-4b78-a3c9-3304c071b576,1,eye,/Volumes/Disc 2/1Pictures/Flashcard/eye-nt.jpg
648,46d38d4f-e854-4267-a375-ac9f1987827a,1,blood,/Volumes/Disc 2/1Pictures/Flashcard/blood-nt.jpg
655,5d70e1fc-9a50-45b0-bbd7-d7d5ef725d5a,1,hair,/Volumes/Disc 2/1Pictures/Flashcard/hair-nt.jpg
3559,ed518ec1-2a06-4a19-9d0a-85438f2ec381,21,All stones stand in a perfect circle.,/Volumes/Disc 2/1Pictures/Flashcard/circle.jpg
684,090c96d6-e194-4beb-ad07-24884196ee46,1,bus,/Volumes/Disc 2/1Pictures/Flashcard/bus.jpg
689,98922411-f227-4e74-bdd3-d02d15c1f4fd,1,aeroplane,/Volumes/Disc 2/1Pictures/Flashcard/aeroplane-nt.jpg
697,722f7fec-6545-4d7e-aaef-239cd6f3aaec,1,passport,/Volumes/Disc 2/1Pictures/Flashcard/passport.jpg
635,19eef2fc-cbf2-4ebc-a549-3101c32d9acb,1,to get undressed,/Volumes/Disc 2/1Pictures/Flashcard/get undressed.jpg
711,b0b9640b-9976-474d-9028-216a9c3af061,1,free (no charge) (g…),/Volumes/Disc 2/1Pictures/Flashcard/free (no charge).jpg
666,be665cc9-7205-41b4-bf6e-d7c2154e1d16,1,mouth,/Volumes/Disc 2/1Pictures/Flashcard/mouth.jpg
670,b6a6d02d-59f4-4fe0-927e-db10399afe14,1,moustache,/Volumes/Disc 2/1Pictures/Flashcard/moustache.jpg
668,75a22abd-ac00-417a-a453-19056f301324,1,ear,/Volumes/Disc 2/1Pictures/Flashcard/ear-nt.jpg
669,ec265f43-b8b1-467a-9d00-710e17ccf9dc,1,back (body),/Volumes/Disc 2/1Pictures/Flashcard/back (body).jpg
678,377e2845-11b3-48e5-9011-fc4e7445eae6,1,to get off/out of,/Volumes/Disc 2/1Pictures/Flashcard/get off-out of.jpg
651,120b6349-e94c-4f25-960c-96c2afc01a27,1,finger,/Volumes/Disc 2/1Pictures/Flashcard/finger.jpg
657,7ac1411a-f492-4e37-9bbd-e8afaa76617a,1,hand,/Volumes/Disc 2/1Pictures/Flashcard/hand.jpg
721,e49f6be8-57ff-489c-8b80-2d0abd9895bf,1,fashion,/Volumes/Disc 2/1Pictures/Flashcard/fashion.jpg
690,5bac8332-77b8-4e47-970d-0902e770d12a,1,guest,/Volumes/Disc 2/1Pictures/Flashcard/guest.jpg
665,1a5d448c-0d2b-4105-902f-5599a9064fe4,1,stomach,/Volumes/Disc 2/1Pictures/Flashcard/stomach.jpg
687,b4b0ebcb-2d8c-40cb-92e7-7602f417f0d6,1,"drive ,trip","/Volumes/Disc 2/1Pictures/Flashcard/drive ,trip.jpg"
692,108dd68d-9e30-4a2f-b45b-51e895c189e7,1,luggage,/Volumes/Disc 2/1Pictures/Flashcard/luggage-nt.jpg
693,039010e5-496c-4551-8f5b-c1fe1ab0d405,1,platform,/Volumes/Disc 2/1Pictures/Flashcard/platform-nt.jpg
719,47d3d3ca-d5d4-41b0-aa6a-6a45c06a7315,1,"customer ,client","/Volumes/Disc 2/1Pictures/Flashcard/customer ,client.jpg"
746,0d35fd9e-f387-4fe7-b3f9-8b2f16f92814,1,to try,/Volumes/Disc 2/1Pictures/Flashcard/try.jpg
672,a2e2bf59-f180-4c76-b224-b88d9b9a4ed1,1,tooth,/Volumes/Disc 2/1Pictures/Flashcard/tooth.jpg
712,baab371b-5301-4beb-a4a3-03f7bde21a32,1,size,/Volumes/Disc 2/1Pictures/Flashcard/size.jpg
701,66afc56e-15b3-41fe-b1c7-f1b00e7b6788,1,delay,/Volumes/Disc 2/1Pictures/Flashcard/delay.jpg
755,00b1bba5-82d6-464e-972f-6cd2bec15b85,1,to close,/Volumes/Disc 2/1Pictures/Flashcard/close.jpg
2803,08646e6d-4bd6-42bc-b11f-9fcb67b957e4,21,"Don't be so formal, say (the informal) ""you"" to me.  (inf.sing)",/Volumes/Disc 2/1Pictures/Flashcard/you (informal).jpg
2814,80c7957b-9cdd-42f5-8117-3ddd4d6cef76,21,Now everything is over.,/Volumes/Disc 2/1Pictures/Flashcard/now.jpg
2841,db217243-a08c-4cd0-910d-b56ff5376105,21,My cousin (f) is coming for a visit today.,/Volumes/Disc 2/1Pictures/Flashcard/cousin (female).jpg
685,7bce04bb-f527-4348-8a91-4158a4238b7f,1,to get in,/Volumes/Disc 2/1Pictures/Flashcard/get in.jpg
733,4006a19d-bce0-4205-990e-647cb27d087c,1,to move,/Volumes/Disc 2/1Pictures/Flashcard/move.jpg
764,e02081c7-e999-4d31-bbc6-036007a5b675,1,jacket,/Volumes/Disc 2/1Pictures/Flashcard/jacket.jpg
734,16e824c4-65cc-4750-8768-047e6ddab52f,1,break,/Volumes/Disc 2/1Pictures/Flashcard/break.jpg
708,1f39ef4e-d6f4-4c55-ac2e-e2b2610b0b90,1,to need,/Volumes/Disc 2/1Pictures/Flashcard/need.jpg
710,9b03b5a5-678b-4acf-aa23-576393023cb7,1,"willingly ,gladly ,with pleasure","/Volumes/Disc 2/1Pictures/Flashcard/willingly ,gladly ,with pleasure.jpg"
724,03604490-ed79-4220-903d-5b0035836e96,1,"sparing ,economical ,frugal","/Volumes/Disc 2/1Pictures/Flashcard/sparing ,economical ,frugal.jpg"
749,54b580e7-5d11-4563-8a64-3f938e3842f5,1,to sit,/Volumes/Disc 2/1Pictures/Flashcard/sit.jpg
688,88ebc778-ef39-412e-a092-b50dd6461bf5,1,flight,/Volumes/Disc 2/1Pictures/Flashcard/flight.jpg
735,b0cf349a-ef13-48b8-af4e-870e8b9682d4,1,to be allowed,/Volumes/Disc 2/1Pictures/Flashcard/be allowed.jpg
695,bcad5c80-0dc3-45be-a67f-c957fc212620,1,"stop (bus ,tram)","/Volumes/Disc 2/1Pictures/Flashcard/stop (bus ,tram).jpg"
702,9387be07-21d4-49cc-afb3-d47cdb1b400d,1,customs,/Volumes/Disc 2/1Pictures/Flashcard/customs.jpg
722,bfb6e524-5b02-4ae4-9219-be66efb7181f,1,price,/Volumes/Disc 2/1Pictures/Flashcard/price.jpg
727,8cbf784e-7fe8-4033-8185-e56e6d1ae67b,1,to sell,"/Volumes/Disc 2/1Pictures/Flashcard/sell ,v.jpg"
737,1ccc9fea-b425-44f3-b45c-f920a4c65a6f,1,to fly,"/Volumes/Disc 2/1Pictures/Flashcard/fly ,v.jpg"
2802,b0950841-9a16-477b-9e24-d4df095a2881,21,Is that your brother? (inf.sing),/Volumes/Disc 2/1Pictures/Flashcard/your (informal singular).jpg
2811,4cef261d-b164-4ca9-9842-90abc41bde3d,21,She is coming back into the room in five minutes.,"/Volumes/Disc 2/1Pictures/Flashcard/in ,into.jpg"
762,34d90eb8-59e4-4c73-b341-84d11cad26ea,1,trousers,/Volumes/Disc 2/1Pictures/Flashcard/trousers.jpg
726,e6be879b-054f-468e-b920-f326015fd515,1,expensive,/Volumes/Disc 2/1Pictures/Flashcard/expensive.jpg
2808,5a6158f6-dc7d-46c4-8fa8-3a30c9f77503,21,You cannot park here. (form.sing),/Volumes/Disc 2/1Pictures/Flashcard/here.jpg
2826,bf8e3f38-1d07-427a-93b8-bc3ccfc1aa7b,21,We'll go to the mountains again. (w...),/Volumes/Disc 2/1Pictures/Flashcard/again (one more time).jpg
2831,83acb91e-c9ac-4314-9e35-c887be48ceec,21,The wife is German,/Volumes/Disc 2/1Pictures/Flashcard/wife.jpg
732,37eb82fb-e52f-4aef-8f95-0c8f62930d5c,1,"to receive ,to get ,to obtain","/Volumes/Disc 2/1Pictures/Flashcard/receive ,to get ,to obtain.jpg"
741,c33ec348-2002-48be-a9aa-e91259b1eb1a,1,"to let ,to allow","/Volumes/Disc 2/1Pictures/Flashcard/let ,allow.jpg"
752,326de4df-5eb3-4231-8870-eb8b51edc2b8,1,to lose,/Volumes/Disc 2/1Pictures/Flashcard/lose.jpg
753,210fbacc-56ca-472d-93c2-85fcb90e13c5,1,to grow,/Volumes/Disc 2/1Pictures/Flashcard/grow.jpg
754,4e6297c0-b9f5-4ee9-a242-a86eb41d68a6,1,to want to,/Volumes/Disc 2/1Pictures/Flashcard/want to.jpg
2832,140e6459-40cf-4d10-94d9-55b33076975e,21,May I introduce my husband?,/Volumes/Disc 2/1Pictures/Flashcard/husband.jpg
2889,04a87f01-c5e9-407a-b06b-2a7878ae36fa,21,A can (D...) of Coca Cola,"/Volumes/Disc 2/1Pictures/Flashcard/tin ,can.jpg"
2820,5024b319-fc0d-4a90-8310-580c467d82c9,21,One has to acquaint oneself with the situation.,/Volumes/Disc 2/1Pictures/Flashcard/oneself (reflexive).jpg
2821,b5c1c0bc-ecc2-4de1-a6a9-f277b3a0a7e7,21,We have a boxer and a terrier.,/Volumes/Disc 2/1Pictures/Flashcard/and.jpg
2834,1279dfe3-0b56-47d5-a5e7-0dc9a8b9aecc,21,Unfortunately I don't have a grandson (I have no grandson).,/Volumes/Disc 2/1Pictures/Flashcard/grandson.jpg
2842,4c94d4b3-0044-4890-90c7-0f76afc1cb13,21,My mother has a new computer.,/Volumes/Disc 2/1Pictures/Flashcard/mother.jpg
2882,ae2e2183-4c1e-4553-9fab-3f75e274336f,21,Spring is the nicest season of the year.,/Volumes/Disc 2/1Pictures/Flashcard/spring.jpg
766,7575ec6c-5d2a-455a-b865-cddf7c6e3c17,1,dress,/Volumes/Disc 2/1Pictures/Flashcard/dress-nt.jpg
3834,eaaf8ad8-b0fb-4fd4-a58d-d69c1dfc6b05,22,Her head sank into the soft pillow.,/Volumes/Disc 2/2Pictures/Flashcard/pillow.jpg
3825,66bce8d6-7d3f-4343-9b23-fcebefeb2de3,22,The skirt is a bit tight around the waist.,/Volumes/Disc 2/2Pictures/Flashcard/waist.jpg
3824,31fa0a8c-ef2d-4c93-b064-1a9ab53defcf,22,Your forehead feels hot. (inf.sing),/Volumes/Disc 2/2Pictures/Flashcard/forehead.jpg
3831,6161a611-16e7-442e-974b-1d5e7a809238,22,The quilt is soft and warm.,"/Volumes/Disc 2/2Pictures/Flashcard/quilt ,duvet.jpg"
3835,8ecf38a9-8b98-4497-b2e7-830de66907be,22,This mattress is worn out.,/Volumes/Disc 2/2Pictures/Flashcard/mattress.jpg
3840,f2aa1f35-d11a-4629-b388-a375d42db555,22,My make-up stuff is on the dressing table.,/Volumes/Disc 2/2Pictures/Flashcard/dressing table.jpg
3845,5a5eb797-2b94-4664-9de1-cc1305fff7bc,22,In winter we swim in an indoor pool.,/Volumes/Disc 2/2Pictures/Flashcard/indoor pool.jpg
798,d73a05f6-0090-45c7-81b0-b5629ec29197,1,"no ,not any","/Volumes/Disc 2/1Pictures/Flashcard/no ,not any.jpg"
773,018263aa-079a-47de-8f35-7e2c4b6451bb,1,"pullover ,sweater ,jersey","/Volumes/Disc 2/1Pictures/Flashcard/pullover ,sweater ,jersey.jpg"
784,446df242-7012-4a57-8eb7-1652707bdf01,1,"to use ,to utilize","/Volumes/Disc 2/1Pictures/Flashcard/use ,utilize.jpg"
2846,8bd49345-c2d0-4bf7-9df9-7ccf0fd20d9a,21,Your sister has just called. (inf.sing),/Volumes/Disc 2/1Pictures/Flashcard/sister.jpg
2825,fcb6bcd4-7946-4c4a-8ccd-de59c56c742c,21,He runs because he is in a hurry.,/Volumes/Disc 2/1Pictures/Flashcard/because.jpg
2828,f7f39634-f4ab-4d70-bfc1-c9aca0c7390c,21,I cannot see the relationship to the theme.,/Volumes/Disc 2/1Pictures/Flashcard/relationship.jpg
771,5fd99735-3b6d-4058-999c-551ed7a6287b,1,cap,/Volumes/Disc 2/1Pictures/Flashcard/cap.jpg
783,516a5460-e565-4ed4-b709-e9b915ecd173,1,underclothes,/Volumes/Disc 2/1Pictures/Flashcard/underclothes.jpg
848,1ac9d5cf-bd42-4323-b3a6-d5f67c8cd590,1,grass,/Volumes/Disc 2/1Pictures/Flashcard/grass-nt.jpg
779,178f9caf-c645-430a-8129-2510e3566805,1,boot,/Volumes/Disc 2/1Pictures/Flashcard/boot.jpg
793,2055f113-7f72-4156-84d0-3a0a02b66d8e,1,"to go ,to walk","/Volumes/Disc 2/1Pictures/Flashcard/go ,to walk.jpg"
814,61339c48-230b-4318-a291-8a7381168453,1,away (f…),/Volumes/Disc 2/1Pictures/Flashcard/away.jpg
818,65590bc9-34d5-4a27-8578-673ebc712144,1,left,/Volumes/Disc 2/1Pictures/Flashcard/left.jpg
854,8a080127-5d3c-4fff-be13-b4eefae40ada,1,hole,/Volumes/Disc 2/1Pictures/Flashcard/hole-nt.jpg
2830,9400b8d8-2f32-45f0-a4e2-4375954a0ea2,21,Many modern marriages end in divorce.,/Volumes/Disc 2/1Pictures/Flashcard/marriage.jpg
3850,5c07c561-4e72-48c6-acfb-6ffff6ee1eed,22,I have no reservation for you. (formal),/Volumes/Disc 2/2Pictures/Flashcard/reservation.jpg
838,8dfffee6-d0cc-48a6-8846-c25f1e6e22f7,1,change (A…),/Volumes/Disc 2/1Pictures/Flashcard/change.jpg
805,dca21218-3f21-4a58-86d4-1ea955e9531a,1,to be,/Volumes/Disc 2/1Pictures/Flashcard/be.jpg
852,931d9412-94d5-4d49-b562-d4078de401c8,1,countryside,/Volumes/Disc 2/1Pictures/Flashcard/countryside.jpg
800,87abc69b-2af2-49b0-8c05-ecbb1a53ecf8,1,to love,"/Volumes/Disc 2/1Pictures/Flashcard/love ,v.jpg"
815,8c08ea82-f23a-4dd3-a285-0bff91b08a31,1,opposite,/Volumes/Disc 2/1Pictures/Flashcard/opposite-nt.jpg
825,afa3a3cf-224f-496e-964d-43bc700328c7,1,on the right,/Volumes/Disc 2/1Pictures/Flashcard/on the right.jpg
861,22b8f2af-915a-4906-bad3-59ef6dee30ab,1,to wear,/Volumes/Disc 2/1Pictures/Flashcard/wear.jpg
886,42eca04a-0b06-4c30-a753-6e57aece594f,1,agreed!,"/Volumes/Disc 2/1Pictures/Flashcard/agreed ,exc.jpg"
830,57d74d4c-2509-4579-a093-a51d39e32860,1,"below ,downstairs ,beneath","/Volumes/Disc 2/1Pictures/Flashcard/below ,downstairs ,beneath.jpg"
837,45f94939-6655-4e4e-9d0b-1c3ce7ddbfa3,1,rubbish (A…),/Volumes/Disc 2/1Pictures/Flashcard/rubbish.jpg
851,17579d77-76de-48a8-91a9-40759a7aab41,1,"country ,state","/Volumes/Disc 2/1Pictures/Flashcard/country ,state-nt.jpg"
875,e0417e8f-772a-4620-b81f-57c7b91907bb,1,portion,/Volumes/Disc 2/1Pictures/Flashcard/portion.jpg
841,4e222ca0-2cb9-4f92-8888-343494b1c01c,1,flower,/Volumes/Disc 2/1Pictures/Flashcard/flower.jpg
862,1852cc41-83f9-475e-97f5-e737c61abc22,1,to build,/Volumes/Disc 2/1Pictures/Flashcard/build.jpg
867,ef2149d0-69c7-44ca-a88b-376b58c2b61d,1,to greet,/Volumes/Disc 2/1Pictures/Flashcard/greet.jpg
2844,fad6212f-8d1d-4180-8e36-2c6035e4e7ff,21,My niece goes to school now.,/Volumes/Disc 2/1Pictures/Flashcard/niece.jpg
2843,fda484b5-ece3-458d-b88e-1652d33cf99a,21,His nephew has red hair.,/Volumes/Disc 2/1Pictures/Flashcard/nephew.jpg
840,acf32740-8a02-49fb-89fc-917aeb93b5e3,1,tree,/Volumes/Disc 2/1Pictures/Flashcard/tree.jpg
967,6a08d3b4-b2e3-4f36-a0e0-a45c1e5e16d1,1,"by ,at ,at the house of","/Volumes/Disc 2/1Pictures/Flashcard/by ,at ,at the house of.jpg"
940,4e137e91-2575-46b1-9662-19293449079e,1,wasp,/Volumes/Disc 2/1Pictures/Flashcard/wasp.jpg
968,185b220e-0c41-40dd-84e9-9f319059ab3d,1,"as ,than ,when","/Volumes/Disc 2/1Pictures/Flashcard/as ,than ,when.jpg"
845,4a5fcb79-5cc1-4dba-9bb1-d464aca6898c,1,free,/Volumes/Disc 2/1Pictures/Flashcard/free (no charge).jpg
865,fce80c44-b1b6-4474-86f4-e4b631e002f8,1,to meet (to encounter),/Volumes/Disc 2/1Pictures/Flashcard/meet (to encounter).jpg
863,8e93c3bb-5cc7-4b9b-ba3d-ad4a955e47e0,1,to serve,/Volumes/Disc 2/1Pictures/Flashcard/serve.jpg
870,85188f8e-b364-4ebe-9e7a-1854ffcefc36,1,to marry,/Volumes/Disc 2/1Pictures/Flashcard/marry.jpg
914,4d0f6557-c11c-4579-a431-6ceb29b54eff,1,for example,/Volumes/Disc 2/1Pictures/Flashcard/for example.jpg
1037,59530cfa-2ea2-4c59-a803-61b4d356413d,1,married,/Volumes/Disc 2/1Pictures/Flashcard/married.jpg
1003,48b82f2f-0407-4766-8146-09ed49fff83a,1,kilometer / kilometre,/Volumes/Disc 2/1Pictures/Flashcard/kilometre.jpg
966,b190b1e5-34ea-4795-85db-d92daa9e2cd6,1,anger,/Volumes/Disc 2/1Pictures/Flashcard/anger.jpg
3847,19fe0038-6aa0-43f8-9b23-056607bebfc3,22,This price is including everything.,/Volumes/Disc 2/2Pictures/Flashcard/including.jpg
2847,5874ac88-da3c-4ef5-822d-cd1279a01592,21,My father-in-law is coming for a visit.,/Volumes/Disc 2/1Pictures/Flashcard/in law.jpg
941,18c91ee1-7225-473e-a78c-3128be958f3b,1,fear,/Volumes/Disc 2/1Pictures/Flashcard/fear.jpg
2852,43825b2c-de5f-4bdb-adea-98f1487e5c96,21,She is my relative.,/Volumes/Disc 2/1Pictures/Flashcard/relative.jpg
885,3721b057-1039-4579-8089-3e36b3d1988a,1,quite,/Volumes/Disc 2/1Pictures/Flashcard/quite.jpg
3849,6019ff28-d0d3-41ea-aeb9-c8a23d12da6b,22,Can you reserve a table for two people? (formal),/Volumes/Disc 2/2Pictures/Flashcard/to reserve.jpg
947,2f45cd79-bd2e-4414-9098-26b6eecce397,1,"luck ,fortune","/Volumes/Disc 2/1Pictures/Flashcard/luck ,fortune-nt.jpg"
3852,143b7a0a-67f5-4de5-b028-e92d66d3662e,22,This orange (A...) has a lot of juice.,/Volumes/Disc 2/1Pictures/Flashcard/orange.jpg
3855,941097f5-2c7f-45bf-badb-031423f3b2ae,22,Grapefruit (G...) are usually bitter.,/Volumes/Disc 2/2Pictures/Flashcard/grapefruit (G).jpg
920,3d6948d3-4752-4ce1-91d5-cee6e60ddfff,1,fish,/Volumes/Disc 2/1Pictures/Flashcard/fish.jpg
961,e44ef06d-92fd-4e5e-b859-df42ee6f8ba0,1,surprise,/Volumes/Disc 2/1Pictures/Flashcard/surprise.jpg
977,3981c9b4-f0ad-4e0f-aa87-fc6bf81e7ed5,1,with,/Volumes/Disc 2/1Pictures/Flashcard/with.jpg
918,aa030b0f-c7e4-4fe6-86eb-0d616cc9e955,1,duck,/Volumes/Disc 2/1Pictures/Flashcard/duck.jpg
919,6fe0afb6-b72d-4ea1-addf-d928cf1efb2e,1,donkey,/Volumes/Disc 2/1Pictures/Flashcard/donkey.jpg
948,fba8eed2-0c65-4a03-90b9-0b1562acc5e7,1,hate,/Volumes/Disc 2/1Pictures/Flashcard/hate.jpg
1005,115e7944-4ce4-4ac7-9bea-24166afba44f,1,short,/Volumes/Disc 2/1Pictures/Flashcard/short.jpg
952,ee1ff755-1406-439d-b4cd-954265d0947c,1,"to be alive ,to live","/Volumes/Disc 2/1Pictures/Flashcard/be alive ,to live.jpg"
959,8522854c-d81b-4007-9c20-c03202d316eb,1,death,/Volumes/Disc 2/1Pictures/Flashcard/death.jpg
943,dd8f1490-06a8-4df2-bd7b-69f3525ff12a,1,"hurry ,haste","/Volumes/Disc 2/1Pictures/Flashcard/hurry ,haste.jpg"
946,e3924177-0e69-4710-b104-8de7b584cc4f,1,to believe,/Volumes/Disc 2/1Pictures/Flashcard/believe.jpg
3401,16840e8b-f3e6-4abc-899e-240fed4121c8,21,The ship is coming to port.,/Volumes/Disc 2/1Pictures/Flashcard/port.jpg
1026,b2886b76-4c18-46e1-9485-065bb9ce4f32,1,"strange ,foreign","/Volumes/Disc 2/1Pictures/Flashcard/strange ,foreign.jpg"
951,e032c849-1d50-4ce9-acbc-e931e7467e21,1,mood,/Volumes/Disc 2/1Pictures/Flashcard/mood.jpg
963,37b3773d-0c65-46e1-9b06-5332d1a03041,1,"pardon ,sorry","/Volumes/Disc 2/1Pictures/Flashcard/pardon ,sorry.jpg"
2519,52d64835-c92e-477f-ae32-4a3d58514a07,21,On which day are you coming to visit me? (inf.sing),"/Volumes/Disc 2/1Pictures/Flashcard/on ,at ,to ,by.jpg"
983,bfd26d36-1687-4391-86b3-33a550740500,1,to do,/Volumes/Disc 2/1Pictures/Flashcard/do.jpg
1000,e3e74113-5eb2-4b34-a73d-4415d5f2c385,1,half,/Volumes/Disc 2/1Pictures/Flashcard/half.jpg
957,6ab2cf70-ce1b-4085-9140-0a602473ff9c,1,"blame ,debt","/Volumes/Disc 2/1Pictures/Flashcard/blame ,debt.jpg"
973,f54869b5-e927-4fb3-9d00-8c7393bb079b,1,at the back,/Volumes/Disc 2/1Pictures/Flashcard/at the back.jpg
1008,19492a88-c93d-4187-a6c0-fadaa4370fe4,1,mile,/Volumes/Disc 2/1Pictures/Flashcard/mile.jpg
1001,35eda4e7-cf11-4a04-802d-05057ccfe019,1,"high ,tall","/Volumes/Disc 2/1Pictures/Flashcard/high ,tall.jpg"
1011,102ce619-2623-4066-a527-dc88ea8e623f,1,edge,/Volumes/Disc 2/1Pictures/Flashcard/edge.jpg
1012,8e976ab0-8c03-4d9c-a028-f36730e366e5,1,round,/Volumes/Disc 2/1Pictures/Flashcard/round.jpg
2544,991a86e8-29e4-4240-bad5-da3f8134f7e4,21,We are going shopping.,/Volumes/Disc 2/1Pictures/Flashcard/we.jpg
1016,c0a79bf1-b48b-4cf7-add3-c38c79dec9c9,1,centimetre,/Volumes/Disc 2/1Pictures/Flashcard/centimetre.jpg
1027,21db0727-467a-4764-87e0-0a5a506ced4b,1,"cosy ,comfortable","/Volumes/Disc 2/1Pictures/Flashcard/cosy ,comfortable.jpg"
2622,ea0686e7-278f-4d2a-8363-8a9c06e9076f,21,Are you awake? (inf.sing),/Volumes/Disc 2/1Pictures/Flashcard/awake.jpg
1002,ce4776c8-9cae-4e8f-8c0e-02aba592ad6f,1,kilo,/Volumes/Disc 2/1Pictures/Flashcard/kilo-nt.jpg
2555,400128cd-5746-41ab-8b98-efd6be53bf5b,21,The little Miss had big eyes.,/Volumes/Disc 2/1Pictures/Flashcard/Miss-nt.jpg
2558,40307c6f-99ba-4b5c-aa16-eece2445fc81,21,In my youth I did a lot of rambling.,"/Volumes/Disc 2/1Pictures/Flashcard/youth ,young people.jpg"
2561,90491f36-5e80-4393-8496-62c992412028,21,Our child likes to go swimming.,/Volumes/Disc 2/1Pictures/Flashcard/child-nt.jpg
1028,e09d39c6-25f6-4117-a0df-f61245e6b27a,1,"divorced ,separated","/Volumes/Disc 2/1Pictures/Flashcard/divorced ,separated.jpg"
1035,eab2900a-1f79-408b-a243-7b1a3ee14cf0,1,complain,/Volumes/Disc 2/1Pictures/Flashcard/complain.jpg
23,05967b36-31bf-412c-ba33-b5d8d4261cc4,1,"above ,upstairs","/Volumes/Disc 2/1Pictures/Flashcard/above ,upstairs.jpg"
22,52bb278b-852f-40a0-9594-2a715ffec568,1,again,/Volumes/Disc 2/1Pictures/Flashcard/again.jpg
32,d3e9952f-3eed-400d-8bc9-b792a2490beb,1,"citizen ,civilian","/Volumes/Disc 2/1Pictures/Flashcard/citizen ,civilian.jpg"
31,c8664478-d7bc-4181-a9d9-b963a527c8ba,1,acquaintance,/Volumes/Disc 2/1Pictures/Flashcard/acquaintance.jpg
1006,ac300fbc-44a6-4669-b8eb-d9ed2debd022,1,long,/Volumes/Disc 2/1Pictures/Flashcard/long.jpg
3984,9affaddd-3e80-420d-987c-036a374b2788,22,The doctor prescribes the medicine.,/Volumes/Disc 2/2Pictures/Flashcard/to prescribe.jpg
3978,d232efff-f5d3-496f-9d02-54e5e4a4b504,22,The patient complains of an ear ache.,/Volumes/Disc 2/2Pictures/Flashcard/patient (male).jpg
3976,bb7377ad-3b85-48fb-b28b-dde32c84aa29,22,Where is the nearest clinic?,/Volumes/Disc 2/2Pictures/Flashcard/clinic.jpg
3975,b546fdd7-a029-4fcd-9a65-240e52258fd7,22,The doctor (D...) examines the patient.,/Volumes/Disc 2/1Pictures/Flashcard/doctor.jpg
3986,a23df891-d992-475a-8574-ad29b6ffa712,22,This baker bakes the best bread.,/Volumes/Disc 2/2Pictures/Flashcard/baker.jpg
3980,b08bfeaf-78ae-483f-8757-fbf955b20b10,22,I am giving you a prescription for the tablets. (formal),"/Volumes/Disc 2/2Pictures/Flashcard/prescription ,recipe.jpg"
1018,fabe2abe-2d27-40bd-b177-b3ba37ab9a31,1,to attack,/Volumes/Disc 2/1Pictures/Flashcard/attack.jpg
3982,0fe327c6-cb3e-4265-9d5d-82fc79680206,22,The thermometer shows 30 degrees Celsius.,/Volumes/Disc 2/2Pictures/Flashcard/thermometer.jpg
1021,2caf7979-913e-48b3-936e-0d708c6c0e8b,1,famous,/Volumes/Disc 2/1Pictures/Flashcard/famous.jpg
1024,4db74719-7ae4-4380-a742-9993b82c20fd,1,double,/Volumes/Disc 2/1Pictures/Flashcard/double.jpg
2528,e59bc62a-6ef2-4364-892a-e2e3ebf4f8d5,21,My boyfriend likes playing the saxophone.,/Volumes/Disc 2/1Pictures/Flashcard/friend (male) - boyfriend.jpg
2580,0cdfb0f0-701b-4b4a-8ac3-bf3243da8157,21,The house belongs to me.,/Volumes/Disc 2/1Pictures/Flashcard/house-nt.jpg
2535,5d90c90a-079d-427f-a706-c26c69433d76,21,Let's drive to Cologne tomorrow.,"/Volumes/Disc 2/1Pictures/Flashcard/to ,after (behind).jpg"
2543,a4a2f2ab-6ff7-4345-92d2-902711e2d564,21,Please send us a card from your holiday.,/Volumes/Disc 2/1Pictures/Flashcard/us.jpg
2550,0f5422eb-4448-4275-ab3c-d5e94a2e37fa,21,The lady has booked her table.,/Volumes/Disc 2/1Pictures/Flashcard/lady.jpg
2583,55091331-a0b6-4a81-a01f-017b20de7710,21,Did you switch on the heating? (inf.sing),/Volumes/Disc 2/1Pictures/Flashcard/heating.jpg
2602,b57c5c20-31ed-421e-a801-d87f0762bf67,21,Are you still angry with me? (inf.sing),/Volumes/Disc 2/1Pictures/Flashcard/angry.jpg
2608,1b504275-e5cb-4ee4-9d1d-4fa53c8002bd,21,Smoking is not permitted in the restaurant.,"/Volumes/Disc 2/1Pictures/Flashcard/allowed ,permitted.jpg"
1025,c36b0eb1-ca55-4341-ad86-5bb05903a209,1,agreed,/Volumes/Disc 2/1Pictures/Flashcard/agreed.jpg
2937,f4dee812-ce35-4586-9635-573d95d2b7d5,21,Very good pineapples grow in Hawaii.,/Volumes/Disc 2/1Pictures/Flashcard/pineapple.jpg
2516,ad28db97-839d-4f1c-9c2b-c459a482c3a0,21,From January on I've been jogging every morning.,"/Volumes/Disc 2/1Pictures/Flashcard/off ,from.jpg"
2517,80591f03-19de-44d9-9efd-f0f7693988e7,21,I find it beautiful but (a...) much too expensive.,"/Volumes/Disc 2/1Pictures/Flashcard/but ,however.jpg"
2527,fcbeb500-e75e-4435-991c-6db2cf9a56e1,21,He is the author of this book.,/Volumes/Disc 2/1Pictures/Flashcard/he.jpg
2576,7b578a09-a3e2-45b6-9d8f-518ccb41e067,21,We are meeting at the corner.,/Volumes/Disc 2/1Pictures/Flashcard/corner.jpg
2554,64fabf00-4107-4fc5-b182-935d95e973fb,21,The woman ordered five loaves of bread from the baker.,/Volumes/Disc 2/1Pictures/Flashcard/woman.jpg
2563,29ca4144-127d-4ec9-80da-ba54d263f0f0,21,Her husband likes to polish the car. (A...),"/Volumes/Disc 2/1Pictures/Flashcard/man ,husband.jpg"
2618,b1ebe634-1d93-44a9-821f-cc70a724947b,21,The laundry comes out of the machine completely clean.,/Volumes/Disc 2/1Pictures/Flashcard/clean.jpg
2779,46d29b7d-06ba-4092-ba80-b8f3279d86cf,21,This spice is for the stollen.,/Volumes/Disc 2/1Pictures/Flashcard/spice-nt.jpg
2616,63c36a3d-88a9-42cd-b533-50166377e49d,21,The weather was really fantastic.,/Volumes/Disc 2/1Pictures/Flashcard/fantastic.jpg
2939,7a67b34a-e2a8-4f61-bdf9-89458a6bbd95,21,We need a banana for the fruit salad.,/Volumes/Disc 2/1Pictures/Flashcard/banana.jpg
62,f65c059e-202c-46f3-9d85-479fb277b5d6,1,household,/Volumes/Disc 2/1Pictures/Flashcard/household.jpg
39,72cea0ec-827a-49fc-a55d-e7b7d7480c16,1,"Mr ,gentleman","/Volumes/Disc 2/1Pictures/Flashcard/Mr ,gentleman.jpg"
2545,bc274221-79a6-4e85-9d56-48abb7678727,21,Eighty is a good (high) age.,/Volumes/Disc 2/1Pictures/Flashcard/age-nt.jpg
2553,ef129bbf-dde5-470f-944d-a10112c7665f,21,The swingset is too small for adults.,/Volumes/Disc 2/1Pictures/Flashcard/adult.jpg
2572,87fafb60-9f87-4002-bc27-2927f6f40955,21,The house has a balcony.,/Volumes/Disc 2/1Pictures/Flashcard/balcony.jpg
2573,ba1f98ad-03f8-45d2-95b3-1d8b9b4ce29e,21,The cup fell on the floor and broke.,"/Volumes/Disc 2/1Pictures/Flashcard/ground ,bottom ,floor.jpg"
2998,3f6c2cf8-3959-4d28-b9ba-2a1777b8b7ba,21,This city has more than 1 million inhabitants.,/Volumes/Disc 2/1Pictures/Flashcard/inhabitant.jpg
1,7e45ec26-4772-4bef-baf3-62977ed37de4,1,"off ,from","/Volumes/Disc 2/1Pictures/Flashcard/off ,from.jpg"
61,b626ca4a-04ac-4599-b088-b2a438c4f030,1,house,/Volumes/Disc 2/1Pictures/Flashcard/house-nt.jpg
3,fd3908c4-359b-43c9-bde7-b839d4257894,1,"every ,all","/Volumes/Disc 2/1Pictures/Flashcard/every ,all.jpg"
12,b7c6d69c-b7b1-410c-968e-6a4c2058a0e6,1,friend (male) / boyfriend,/Volumes/Disc 2/1Pictures/Flashcard/friend (male) - boyfriend.jpg
8,ac6bac1c-d201-4ca0-a86e-928ef11b6975,1,before,/Volumes/Disc 2/1Pictures/Flashcard/before.jpg
15,5843ea5b-2fbf-47d1-9ecd-75d9bf9cc8f6,1,"big ,great ,grand","/Volumes/Disc 2/1Pictures/Flashcard/big ,great ,grand.jpg"
17,5d9dd069-d190-498b-9825-811a378c5e11,1,always,/Volumes/Disc 2/1Pictures/Flashcard/always.jpg
60,637a3584-4eee-41df-8137-af05d9f4bf9a,1,garage,/Volumes/Disc 2/1Pictures/Flashcard/garage.jpg
48,64510eb0-5a65-48f9-83f2-65fc2ef9bfa6,1,partner,/Volumes/Disc 2/1Pictures/Flashcard/partner.jpg
52,3807f7b5-9858-4d3f-a241-449a11d7c0b5,1,"people ,nation","/Volumes/Disc 2/1Pictures/Flashcard/people ,nation-nt.jpg"
75,e9d6c56f-4981-4b8d-8fb6-20a0bce5572e,1,door,/Volumes/Disc 2/1Pictures/Flashcard/door.jpg
85,f5558c78-16bb-4aa9-b7b7-c4a41fb64634,1,distant,/Volumes/Disc 2/1Pictures/Flashcard/distant.jpg
80,eee6afbb-1af6-4d4e-97d6-45777dd9d145,1,different,/Volumes/Disc 2/1Pictures/Flashcard/different.jpg
4014,c16336f0-43a1-4500-bff3-0576324c8071,22,My daughter wants to become a veterinarian.,/Volumes/Disc 2/2Pictures/Flashcard/to become.jpg
86,4b2c39ac-eb22-4a60-ab1b-9a32c795c5b6,1,cheeky,/Volumes/Disc 2/1Pictures/Flashcard/cheeky.jpg
87,b7e9cc36-c49b-4875-8438-dc3b3fca6659,1,dangerous,/Volumes/Disc 2/1Pictures/Flashcard/dangerous.jpg
82,21ea845e-72a5-48c0-a18c-1d0b030958e6,1,excellent,/Volumes/Disc 2/1Pictures/Flashcard/excellent.jpg
73,600bfb04-edb3-47b8-943f-67850901b362,1,chair,/Volumes/Disc 2/1Pictures/Flashcard/chair.jpg
109,2afd480b-12e9-4a7b-b539-9f3428babe74,1,delicious,/Volumes/Disc 2/1Pictures/Flashcard/delicious.jpg
108,6a44b834-cbe2-4ee0-b88d-bcc2ecbbe9e7,1,butter,/Volumes/Disc 2/1Pictures/Flashcard/butter.jpg
110,88e1f563-f7c2-4d73-aecd-00d05d533ee3,1,egg,/Volumes/Disc 2/1Pictures/Flashcard/egg-nt.jpg
102,f2da8ccf-88ed-472e-bda4-c098652159a6,1,absolute,/Volumes/Disc 2/1Pictures/Flashcard/absolute.jpg
112,e44deb32-a132-4987-8b9e-2c335e5482a6,1,fresh,/Volumes/Disc 2/1Pictures/Flashcard/fresh.jpg
114,02589341-291b-4688-80eb-7883ea8fe456,1,biscuits,/Volumes/Disc 2/1Pictures/Flashcard/biscuits-nt.jpg
132,69bafbc3-d907-4fbd-9aea-f3c426dd5f35,1,sweet,/Volumes/Disc 2/1Pictures/Flashcard/sweet.jpg
125,90d0044e-878d-497a-85ab-a86c2036da9d,1,to smell,/Volumes/Disc 2/1Pictures/Flashcard/smell.jpg
129,0f152b03-7368-45bd-ad76-797bdbd55b48,1,to taste,/Volumes/Disc 2/1Pictures/Flashcard/taste (good).jpg
127,c27db6ae-faee-4eb1-93ef-88f92a985c61,1,"full up ,satisfied","/Volumes/Disc 2/1Pictures/Flashcard/full up ,satisfied.jpg"
164,95283727-1326-4fec-83be-3bec6ab29738,1,evening,/Volumes/Disc 2/1Pictures/Flashcard/evening.jpg
175,5a8b7ed0-0040-4f2a-b9c8-ecfe5f280f1f,1,"noon ,midday","/Volumes/Disc 2/1Pictures/Flashcard/noon ,midday.jpg"
178,ef741bb9-26f2-496d-b09d-c6ad0aeab2b1,1,afterwards (n…),/Volumes/Disc 2/1Pictures/Flashcard/afterwards.jpg
176,b2d6e494-f403-4403-94ef-c3c628c76292,1,tomorrow,/Volumes/Disc 2/1Pictures/Flashcard/tomorrow.jpg
180,fb890c86-2537-46ff-924d-e25f9cac2c58,1,night,/Volumes/Disc 2/1Pictures/Flashcard/night.jpg
174,7a5dd524-695b-449b-95ce-6b00e42fa98c,1,minute,/Volumes/Disc 2/1Pictures/Flashcard/minute.jpg
207,daa2cad6-49d2-42ae-b252-e79b869e46ee,1,snow,/Volumes/Disc 2/1Pictures/Flashcard/snow.jpg
181,c49ee755-e0cf-4e80-a7d7-1fb11ba3a964,1,"still ,yet","/Volumes/Disc 2/1Pictures/Flashcard/still ,yet.jpg"
197,22cf5ea3-d690-4ecc-996f-28426f712dba,1,degree,/Volumes/Disc 2/1Pictures/Flashcard/degree.jpg
205,f788f7ee-9d7d-4741-956b-7c7fc2cf97bd,1,rain,/Volumes/Disc 2/1Pictures/Flashcard/rain.jpg
206,0c55fe42-aaab-43c2-83e9-43c9f21a7e10,1,"to shine ,to appear","/Volumes/Disc 2/1Pictures/Flashcard/shine ,to appear.jpg"
199,d147fcd7-bc68-4ec1-aaa5-c80b22f1780e,1,heat,/Volumes/Disc 2/1Pictures/Flashcard/heat.jpg
201,eb5fed8c-c542-41a9-ac8d-5437a6b75b5e,1,cool,/Volumes/Disc 2/1Pictures/Flashcard/cool.jpg
200,bb30ad92-265c-4d8e-8bd4-2e87b5dc0bde,1,cold,"/Volumes/Disc 2/1Pictures/Flashcard/cold ,adj.jpg"
202,13c0587e-a2f9-455d-83e4-8af76309bfa1,1,air,/Volumes/Disc 2/1Pictures/Flashcard/air.jpg
204,e62b9e29-28ba-43b8-9d01-51e10613871c,1,fog,/Volumes/Disc 2/1Pictures/Flashcard/fog.jpg
224,82f56dcd-b7a5-4d66-a08b-a877de67a9bf,1,fever,/Volumes/Disc 2/1Pictures/Flashcard/fever-nt.jpg
220,7664c005-0488-462a-90fe-923488b6e806,1,description,/Volumes/Disc 2/1Pictures/Flashcard/description.jpg
214,130e6f89-eca4-4d16-be8f-41c2c5cea35e,1,warm,/Volumes/Disc 2/1Pictures/Flashcard/warm.jpg
229,438054c1-7d67-4c82-ba34-706207d52b8f,1,ambulance,/Volumes/Disc 2/1Pictures/Flashcard/ambulance.jpg
230,c67f8d24-637c-4a95-9b7f-5fb51cd22951,1,medicine,/Volumes/Disc 2/1Pictures/Flashcard/medicine-nt.jpg
216,efe65c85-b07d-4b95-af95-43e9892a4073,1,wind,/Volumes/Disc 2/1Pictures/Flashcard/wind.jpg
228,24e4b4a2-10f5-4d65-ac2e-04a9e34d1518,1,hospital,/Volumes/Disc 2/1Pictures/Flashcard/hospital-nt.jpg
221,74e22b5d-739d-40cf-8490-ce8f79f70e97,1,to bleed,/Volumes/Disc 2/1Pictures/Flashcard/bleed.jpg
245,4c535f7b-1c14-4a69-a646-9e141f191702,1,"ache ,pain","/Volumes/Disc 2/1Pictures/Flashcard/ache ,pain-nt.jpg"
236,365cc595-ff3a-41ab-b77a-1bb8a65a5236,1,pill (P…),/Volumes/Disc 2/1Pictures/Flashcard/pill.jpg
246,359f79b0-8aae-4700-afd3-ed01e480af99,1,wound,/Volumes/Disc 2/1Pictures/Flashcard/wound.jpg
239,70b5ee66-ed6d-40a5-a90c-3ab1dec0ba8b,1,cold (head),/Volumes/Disc 2/1Pictures/Flashcard/cold (head).jpg
248,87309708-a28e-46a7-9ba1-60a63eb7b029,1,service,/Volumes/Disc 2/1Pictures/Flashcard/service.jpg
242,04dee335-0bbb-48da-9355-2f080c75bc08,1,to burn oneself,/Volumes/Disc 2/1Pictures/Flashcard/burn oneself.jpg
262,4e702e20-8e50-4821-bdf8-873aea065fb2,1,spoon,/Volumes/Disc 2/1Pictures/Flashcard/spoon.jpg
258,475d7bbd-434f-43be-b8b0-ce055043f1f9,1,included,/Volumes/Disc 2/1Pictures/Flashcard/included.jpg
265,c8a3800e-da21-4b27-b9d8-5de941d80c0a,1,bill,/Volumes/Disc 2/1Pictures/Flashcard/bill.jpg
259,386f0d88-66e3-48f7-b792-8d1e6699d9bb,1,ketchup,/Volumes/Disc 2/1Pictures/Flashcard/ketchup-nt.jpg
268,60bfdc59-8c3e-436e-ad0b-3c19baf70343,1,mustard,/Volumes/Disc 2/1Pictures/Flashcard/mustard.jpg
270,28d608db-a66f-4d7b-9473-77b5923a6b33,1,soup,/Volumes/Disc 2/1Pictures/Flashcard/soup.jpg
253,411e3c84-73c2-43e8-9bf8-a3217d9dc4bc,1,fork,/Volumes/Disc 2/1Pictures/Flashcard/fork.jpg
277,1498d4c9-6244-4dc3-ac52-789b9a83e2a8,1,a little,/Volumes/Disc 2/1Pictures/Flashcard/a little.jpg
287,7900d660-ef49-476c-be1c-1fe2074f18d4,1,yes,/Volumes/Disc 2/1Pictures/Flashcard/yes.jpg
606,6efbabc1-d39f-4345-99d5-97fb0595443b,1,to lend,/Volumes/Disc 2/1Pictures/Flashcard/lend.jpg
302,2fa4b1a6-7f13-4372-93ba-c32fed84a53a,1,baby,/Volumes/Disc 2/1Pictures/Flashcard/baby-nt.jpg
309,867e4f6b-7ce3-46b0-8ad6-805e2a2681b3,1,grandson,/Volumes/Disc 2/1Pictures/Flashcard/grandson.jpg
311,d9eda037-290e-4221-9209-439d188f647c,1,family,/Volumes/Disc 2/1Pictures/Flashcard/family.jpg
304,304af2c6-4c03-4569-9205-df00dcb8fed0,1,brother,/Volumes/Disc 2/1Pictures/Flashcard/brother.jpg
310,3b670bc5-a939-4d43-a132-9d5cee3cdb6c,1,granddaughter,/Volumes/Disc 2/1Pictures/Flashcard/granddaughter.jpg
318,1d0d6f98-9441-42fc-9bbc-189da1e1854a,1,nephew,/Volumes/Disc 2/1Pictures/Flashcard/nephew.jpg
324,fbefc7a8-198c-4e28-bc9e-78723f19a18f,1,aunt,/Volumes/Disc 2/1Pictures/Flashcard/aunt.jpg
316,f8678e53-97f1-441f-bd82-bb67c876cb2d,1,cousin (female),/Volumes/Disc 2/1Pictures/Flashcard/cousin (female).jpg
328,1ca07c99-8978-49ae-b3a2-5be86e8dc4c6,1,cousin (male) (V…),/Volumes/Disc 2/1Pictures/Flashcard/cousin (male).jpg
355,daf1761d-220b-49b5-8fd4-fef71a768f84,1,spring,/Volumes/Disc 2/1Pictures/Flashcard/spring.jpg
357,b81538c2-3794-48d9-9cb5-a147184b75d6,1,"autumn ,fall","/Volumes/Disc 2/1Pictures/Flashcard/autumn ,fall.jpg"
362,c8b6e080-a52d-457b-a085-674d35af4618,1,"tin ,can (D…)","/Volumes/Disc 2/1Pictures/Flashcard/tin ,can.jpg"
383,1aa4fb8c-554e-4da3-8b8f-ad9875207420,1,to begin,/Volumes/Disc 2/1Pictures/Flashcard/begin.jpg
367,9ca1130d-7568-4979-bb31-b52fdd7ab445,1,crockery,/Volumes/Disc 2/1Pictures/Flashcard/crockery-nt.jpg
377,69cd81c5-be7d-4d75-bf6b-09f1d263918b,1,"bowl ,dish","/Volumes/Disc 2/1Pictures/Flashcard/bowl ,dish.jpg"
373,e7d5d30a-6c18-4ab9-aa9b-b5bc8dcf3239,1,fridge,/Volumes/Disc 2/1Pictures/Flashcard/fridge.jpg
381,db07dba2-ce9e-40e7-8e1b-35ec591730a4,1,cloth (T…),/Volumes/Disc 2/1Pictures/Flashcard/cloth-nt.jpg
382,2a778349-e9ea-4a48-8186-8145e20d3989,1,answer,/Volumes/Disc 2/1Pictures/Flashcard/answer.jpg
369,3fdd53cf-c501-4789-b107-b5d9d34c73d3,1,"cooker ,oven (H…)","/Volumes/Disc 2/1Pictures/Flashcard/cooker ,oven.jpg"
379,77a0703c-a181-4b43-99dd-11e2bae6c67f,1,table,/Volumes/Disc 2/1Pictures/Flashcard/table.jpg
394,e6d013b8-aa54-4e94-b230-aa9d6e73b7a8,1,"to learn ,to study","/Volumes/Disc 2/1Pictures/Flashcard/learn ,study.jpg"
399,3e93ab22-c278-4b9b-b229-ae81ec3ca8e1,1,hall (S…),/Volumes/Disc 2/1Pictures/Flashcard/hall.jpg
397,b956f864-b4e8-40e1-a08a-43d115ea896a,1,"exam ,test (P…)","/Volumes/Disc 2/1Pictures/Flashcard/exam ,test.jpg"
395,fea31710-6456-4d78-878e-baa239b01854,1,to read,/Volumes/Disc 2/1Pictures/Flashcard/read.jpg
398,280464ab-640d-41e7-b151-a19e79ed0cc7,1,"eraser ,rubber","/Volumes/Disc 2/1Pictures/Flashcard/eraser ,rubber.jpg"
401,0a2b6aec-979c-4a29-87b4-0aa244a48074,1,schoolboy,/Volumes/Disc 2/1Pictures/Flashcard/schoolboy.jpg
415,5f0630b7-4a42-47a8-83fa-73d475fe5b55,1,bean,/Volumes/Disc 2/1Pictures/Flashcard/bean.jpg
412,564c260d-3c75-4154-bb9f-2d259c1f6794,1,banana,/Volumes/Disc 2/1Pictures/Flashcard/banana.jpg
431,a03fe94a-6b72-4df4-98eb-92d64fcd1016,1,orange (O…),/Volumes/Disc 2/1Pictures/Flashcard/orange.jpg
430,e89e59ab-27fe-474e-a9ff-35dda512603b,1,fruit,/Volumes/Disc 2/1Pictures/Flashcard/fruit-nt.jpg
432,3de54935-0f76-43ea-8800-9b35d3e7d3a0,1,mushroom (fungus),/Volumes/Disc 2/1Pictures/Flashcard/mushroom (fungus).jpg
439,c0e2ca14-8da9-4c49-a691-91f99dab3952,1,all sorts,/Volumes/Disc 2/1Pictures/Flashcard/all sorts.jpg
433,d9bc44de-521f-432b-8ce9-b77b197f9b21,1,ripe,/Volumes/Disc 2/1Pictures/Flashcard/ripe.jpg
437,1ca13449-c516-48a8-94ce-ff7c7415627d,1,lemon,/Volumes/Disc 2/1Pictures/Flashcard/lemon.jpg
529,686e85d2-56d3-4e3d-a6e2-92ff5beb5182,1,very,/Volumes/Disc 2/1Pictures/Flashcard/very.jpg
438,ae0c1dfd-de3f-41f6-8154-3a78cd9a43bb,1,onion,/Volumes/Disc 2/1Pictures/Flashcard/onion.jpg
924,eeef23d3-45b3-4f91-a18b-c83358379528,1,hen,/Volumes/Disc 2/1Pictures/Flashcard/hen-nt.jpg
929,8f260041-94bc-441d-b8bc-ce907adbb6ea,1,cow,/Volumes/Disc 2/1Pictures/Flashcard/cow.jpg
926,3fa3e48a-99dc-447e-b860-bb7bca9418fc,1,insect,/Volumes/Disc 2/1Pictures/Flashcard/insect-nt.jpg
930,4d5df3d8-a5f8-4ef2-9c29-170569fa9855,1,lion,/Volumes/Disc 2/1Pictures/Flashcard/lion.jpg
623,2f77c016-a482-4e53-825a-98005f026288,1,wardrobe (G…),/Volumes/Disc 2/1Pictures/Flashcard/wardrobe.jpg
625,a252ed59-c701-42a4-851b-ffb1eb5eaf96,1,comb,/Volumes/Disc 2/1Pictures/Flashcard/comb.jpg
444,d625ba1b-00ab-4c2a-a217-ec028f3ca3d8,1,dark,/Volumes/Disc 2/1Pictures/Flashcard/dark.jpg
621,efbfeaa6-5746-493c-a7ee-b37129c57c2b,1,to shower,"/Volumes/Disc 2/1Pictures/Flashcard/shower ,v.jpg"
938,6b59cc44-c667-4be7-8afc-f72cca5ed7f8,1,animal,/Volumes/Disc 2/1Pictures/Flashcard/animal-nt.jpg
937,d3038c56-a3e4-464e-9807-1306248a1b6e,1,spider,/Volumes/Disc 2/1Pictures/Flashcard/spider.jpg
1034,29a18066-fded-433e-b023-fc1080ac4b02,1,to paint,/Volumes/Disc 2/1Pictures/Flashcard/paint.jpg
443,7bac6fb2-258c-4c0e-b78f-b95d2f8bb7e6,1,"bright ,colourful","/Volumes/Disc 2/1Pictures/Flashcard/bright ,colourful.jpg"
456,5ecb309e-06ae-4f06-bd1e-966692d8605a,1,super,/Volumes/Disc 2/1Pictures/Flashcard/super.jpg
458,aaffd046-27d2-4877-a082-3a173c301289,1,"crazy ,mad","/Volumes/Disc 2/1Pictures/Flashcard/crazy ,mad.jpg"
462,28a07798-36f9-48e7-b5f9-347457235189,1,bench,/Volumes/Disc 2/1Pictures/Flashcard/bench.jpg
465,f9058d6a-53a2-4800-aaee-e68dc5299599,1,castle,/Volumes/Disc 2/1Pictures/Flashcard/castle.jpg
466,4ade49df-464e-4e12-8d99-ddfea2a408f3,1,cathedral,/Volumes/Disc 2/1Pictures/Flashcard/cathedral.jpg
470,d0c54512-e320-4139-9f8b-9e7b9ea95c20,1,"fee ,charge","/Volumes/Disc 2/1Pictures/Flashcard/fee ,charge.jpg"
484,2e973f40-85f8-4d22-a8df-c2630ea8b5d3,1,"pub ,tavern","/Volumes/Disc 2/1Pictures/Flashcard/pub ,tavern-nt.jpg"
491,cd375072-9fd8-4726-a826-3bc1a29c36b0,1,"genuine ,real","/Volumes/Disc 2/1Pictures/Flashcard/genuine ,real.jpg"
479,51053522-bd5b-4724-98a6-e46599d75f49,1,market,/Volumes/Disc 2/1Pictures/Flashcard/market.jpg
482,303b31d0-f41e-4e33-8ceb-7f916b4d35c4,1,tower,/Volumes/Disc 2/1Pictures/Flashcard/tower.jpg
487,086ab9a2-39b3-4492-9e85-04f3ae7052eb,1,old,/Volumes/Disc 2/1Pictures/Flashcard/old.jpg
488,d5f3fd96-1fd6-4e3b-b7e6-95bc044feca9,1,"silly ,stupid","/Volumes/Disc 2/1Pictures/Flashcard/silly ,stupid.jpg"
492,bab7877e-2c1d-493f-9746-845275b6adf6,1,honest,/Volumes/Disc 2/1Pictures/Flashcard/honest.jpg
504,839c0be9-cb1b-41fa-86ae-6fa7e6c40fd9,1,boring,/Volumes/Disc 2/1Pictures/Flashcard/boring.jpg
502,d25216d2-23a7-46ba-9694-ca41f9f43fcd,1,terrific,/Volumes/Disc 2/1Pictures/Flashcard/terrific.jpg
500,39f81c92-c50e-48a0-b16a-855528c8f8eb,1,hollow,/Volumes/Disc 2/1Pictures/Flashcard/hollow.jpg
506,9375e7c2-fdd7-4cc4-aac8-59750b04134d,1,nice,/Volumes/Disc 2/1Pictures/Flashcard/nice.jpg
503,0287aad8-9e00-4485-b9cc-415b565b9860,1,"funny ,strange","/Volumes/Disc 2/1Pictures/Flashcard/funny ,strange.jpg"
543,dfdf395d-3677-433e-9012-07f66d3bdc04,1,humour,/Volumes/Disc 2/1Pictures/Flashcard/humour.jpg
520,a6cd9d74-6dd2-4cfc-9baa-2db742baa65f,1,still,/Volumes/Disc 2/1Pictures/Flashcard/still.jpg
540,11ec138a-3c0e-4536-a41d-2c0fe3b1bea3,1,to invite,/Volumes/Disc 2/1Pictures/Flashcard/invite.jpg
534,df8719c9-a8d3-483d-b256-c1595a8a2ff2,1,little,/Volumes/Disc 2/1Pictures/Flashcard/little.jpg
537,fdb136f4-39f2-4830-b7e6-b4784cb3a950,1,"to ,at","/Volumes/Disc 2/1Pictures/Flashcard/to ,at.jpg"
541,183ec049-6dea-49b0-90d4-3a37823a0b45,1,invitation,/Volumes/Disc 2/1Pictures/Flashcard/invitation.jpg
519,d6aad662-41a6-4733-9360-c8abd8a9009e,1,something,/Volumes/Disc 2/1Pictures/Flashcard/something.jpg
560,117c24ff-5911-4c57-a250-0baab91dc332,1,cold meat,/Volumes/Disc 2/1Pictures/Flashcard/cold meat.jpg
562,261b5af9-df1f-4e30-9317-8780a09a408d,1,"roast ,roast dish","/Volumes/Disc 2/1Pictures/Flashcard/roast ,roast dish.jpg"
550,2ec76fab-e335-48d1-836b-2c7ed1b0ffe4,1,to give as a present,/Volumes/Disc 2/1Pictures/Flashcard/give as a present.jpg
557,e3c9dd1e-35a6-495a-bfd5-95caf6f23575,1,"affectionate ,tender","/Volumes/Disc 2/1Pictures/Flashcard/affectionate ,tender.jpg"
3484,2bcee3e1-8cb7-4218-96c2-7405a18ebc0d,21,Our cow likes buttercups.,/Volumes/Disc 2/1Pictures/Flashcard/cow.jpg
555,72d92a75-90be-42bb-897c-b002fe0128fe,1,to phone,/Volumes/Disc 2/1Pictures/Flashcard/phone.jpg
556,8d706248-bd2b-4336-8713-5133e2eb6bef,1,"introduction ,performance","/Volumes/Disc 2/1Pictures/Flashcard/introduction ,performance.jpg"
558,1f6cca28-db3a-479b-9da9-f495e79fa4d4,1,together,/Volumes/Disc 2/1Pictures/Flashcard/together.jpg
577,632761d0-783c-450f-b601-2cddc0ccbb1d,1,ham,/Volumes/Disc 2/1Pictures/Flashcard/ham.jpg
574,71f74fd9-cd45-4c6d-aaad-5c6fc15d6d89,1,milk,/Volumes/Disc 2/1Pictures/Flashcard/milk.jpg
583,e0d5e0b6-d341-417a-b4fa-715df0b1afb0,1,to drink,/Volumes/Disc 2/1Pictures/Flashcard/drink.jpg
571,a10f81f3-4743-4dde-9be4-8e21e26cd9a6,1,cocoa,/Volumes/Disc 2/1Pictures/Flashcard/cocoa.jpg
580,b007c95d-fda2-438c-88be-a0e6773417f1,1,bacon,/Volumes/Disc 2/1Pictures/Flashcard/bacon.jpg
578,5d7b25d7-38ed-4f15-8644-3d3507221ae3,1,cutlet,/Volumes/Disc 2/1Pictures/Flashcard/cutlet-nt.jpg
663,e0535ff2-27ae-4dfc-9d2f-aa8e87a9940b,1,body,/Volumes/Disc 2/1Pictures/Flashcard/body.jpg
586,08529f33-7874-4fdd-a9a7-8f3b8e9ba077,1,sausage,/Volumes/Disc 2/1Pictures/Flashcard/sausage.jpg
589,5190ebf1-1439-4522-a326-c1121790eaeb,1,address (A……e),/Volumes/Disc 2/1Pictures/Flashcard/address.jpg
596,116af3d6-f725-443a-abb9-020db2e2599f,1,stamp,/Volumes/Disc 2/1Pictures/Flashcard/stamp.jpg
600,27074bba-e262-47a7-ad34-8c23a1fadb87,1,form,/Volumes/Disc 2/1Pictures/Flashcard/form-nt.jpg
601,a3fd6bfb-a4e4-47d9-942c-7c8c0afe1d7d,1,money,/Volumes/Disc 2/1Pictures/Flashcard/money-nt.jpg
602,2df7a10e-0095-4dc8-8c02-730fc2dd549c,1,cashier,/Volumes/Disc 2/1Pictures/Flashcard/cashier.jpg
628,47939b8d-e745-4698-83de-b44835703624,1,to lay,/Volumes/Disc 2/1Pictures/Flashcard/lay.jpg
612,e421c902-efa3-4090-b513-177c611f4eaf,1,cheque,/Volumes/Disc 2/1Pictures/Flashcard/cheque.jpg
632,fb98335e-26d8-4205-89e3-49429dae46de,1,soap,/Volumes/Disc 2/1Pictures/Flashcard/soap.jpg
634,2436e9f0-937a-4d99-83e3-4f116df1f80b,1,to get dressed,/Volumes/Disc 2/1Pictures/Flashcard/get dressed.jpg
614,2e367a47-3eac-4cc5-990d-fe39b353e36a,1,to save,/Volumes/Disc 2/1Pictures/Flashcard/save.jpg
636,de54641c-ab04-40ce-b070-df5a6012db18,1,to brush,"/Volumes/Disc 2/1Pictures/Flashcard/brush ,v.jpg"
654,c14c3b08-5e76-4a28-b4f6-ac8690db83ba,1,face,/Volumes/Disc 2/1Pictures/Flashcard/face-nt.jpg
658,71f2ae89-463d-470b-ad69-28a45c0f1069,1,skin,/Volumes/Disc 2/1Pictures/Flashcard/skin.jpg
646,8f8865dc-2af2-4701-a666-d5e2f5fed3c2,1,beard,/Volumes/Disc 2/1Pictures/Flashcard/beard.jpg
660,d5c13b13-20af-4d2f-802b-ced301dd37d5,1,knee,/Volumes/Disc 2/1Pictures/Flashcard/knee-nt.jpg
649,582edb75-0261-46a3-843e-fb7ebe3a4304,1,"breast ,chest","/Volumes/Disc 2/1Pictures/Flashcard/breast ,chest.jpg"
650,a3ce1d3b-ffa8-4977-adce-8a38dd8cc29a,1,thumb,/Volumes/Disc 2/1Pictures/Flashcard/thumb.jpg
652,357ad789-f01a-4e58-b6c5-a3bf2763ff72,1,foot,/Volumes/Disc 2/1Pictures/Flashcard/foot.jpg
662,5fe00b24-d53c-43fa-8b34-d5b71657e0f5,1,head,/Volumes/Disc 2/1Pictures/Flashcard/head.jpg
673,9652a10b-64de-44b3-972e-d5f32a842cf0,1,tongue,/Volumes/Disc 2/1Pictures/Flashcard/tongue.jpg
680,6c4bbfd7-4f67-4518-a061-c691749e81c2,1,car (A…),/Volumes/Disc 2/1Pictures/Flashcard/car-nt.jpg
686,6d1814c4-6eb9-44e4-8abe-00c88779894e,1,to drive,"/Volumes/Disc 2/1Pictures/Flashcard/drive ,v.jpg"
671,849ae1d3-26f9-40da-9442-8cdb3c572c5b,1,cheek,/Volumes/Disc 2/1Pictures/Flashcard/cheek.jpg
675,36a3e80c-a1b6-4891-b42a-6863892c7280,1,exit (for transport),/Volumes/Disc 2/1Pictures/Flashcard/exit (for transport).jpg
679,4467df71-848b-45bc-94b1-6e8c2c2ede08,1,Identification card,/Volumes/Disc 2/1Pictures/Flashcard/Identification card.jpg
682,3d476f78-2544-4982-a362-0f911296431c,1,train station,/Volumes/Disc 2/1Pictures/Flashcard/train station.jpg
707,3a9c5bc0-1ab6-41e0-a452-64399a899a41,1,cheap (b…),/Volumes/Disc 2/1Pictures/Flashcard/cheap.jpg
696,b052b376-80f5-464f-bbe5-dba7617a258a,1,"card ,ticket ,map","/Volumes/Disc 2/1Pictures/Flashcard/card ,ticket ,map.jpg"
698,e2230dbd-8504-4ef2-84e5-7da031602767,1,journey,/Volumes/Disc 2/1Pictures/Flashcard/journey.jpg
704,ac9e85a0-b34d-4264-bb1a-85645972aeba,1,offer,/Volumes/Disc 2/1Pictures/Flashcard/offer-nt.jpg
700,fcbeb77a-6f99-4cfe-b9c3-1dd0aa207491,1,tourist,/Volumes/Disc 2/1Pictures/Flashcard/tourist.jpg
705,9fb7bb1d-c7b9-4f04-a044-6526059cf77c,1,to try on,/Volumes/Disc 2/1Pictures/Flashcard/try on.jpg
703,602e2b75-9e3a-4e7a-81f1-841c3b1de6bf,1,department,/Volumes/Disc 2/1Pictures/Flashcard/department.jpg
713,28835e4d-71e9-4c7d-9136-9380bf6d4be1,1,altogether,/Volumes/Disc 2/1Pictures/Flashcard/altogether.jpg
717,5236cc55-d447-4516-b732-dfb9c6dc8d93,1,basket,/Volumes/Disc 2/1Pictures/Flashcard/basket.jpg
714,bdde69f3-3aee-412f-aa2e-3fa7426b9b3c,1,check-out,/Volumes/Disc 2/1Pictures/Flashcard/check-out.jpg
715,4d40d7b5-aac0-474b-ae93-d467766495a6,1,to buy,/Volumes/Disc 2/1Pictures/Flashcard/buy.jpg
718,5b9af0b5-3d5c-418e-9ad3-292c0e78c0df,1,to cost,/Volumes/Disc 2/1Pictures/Flashcard/cost.jpg
828,7142f95f-cf0e-4302-a149-63a7c001c4f5,1,south,/Volumes/Disc 2/1Pictures/Flashcard/south.jpg
725,3724d1cd-94ed-4cf3-8d2f-2ada17209b05,1,to look (for),/Volumes/Disc 2/1Pictures/Flashcard/look (for).jpg
739,c71f46d9-0cc7-4393-ae0d-bd061eef3cf6,1,to turn (k…),/Volumes/Disc 2/1Pictures/Flashcard/turn.jpg
736,78b1c098-3f1d-46d7-b904-c1a9d85c1393,1,to be missing,/Volumes/Disc 2/1Pictures/Flashcard/be missing.jpg
743,e30ce5b6-4a65-4b2d-b730-4984a67e20a6,1,to take,/Volumes/Disc 2/1Pictures/Flashcard/take.jpg
731,8532d35b-375c-408d-815d-7188467b7024,1,to wake up,/Volumes/Disc 2/1Pictures/Flashcard/wake up.jpg
2645,5678fbea-ed0e-49bf-a44a-2bfc79f076f4,21,"Thanks, I am full up / I am satisfied (I've had enough).","/Volumes/Disc 2/1Pictures/Flashcard/full up ,satisfied.jpg"
745,ebe3c348-cc03-494b-b89e-2ce6feeeecf6,1,to open,"/Volumes/Disc 2/1Pictures/Flashcard/open ,v.jpg"
742,8fcc3a3e-a871-433e-813b-37408c0c8cff,1,to like,/Volumes/Disc 2/1Pictures/Flashcard/like.jpg
757,dd201282-28b9-443c-b0fc-d27611663eaf,1,blouse,/Volumes/Disc 2/1Pictures/Flashcard/blouse.jpg
761,82037d41-913d-450f-b3e2-3821ce2fa54c,1,shirt,/Volumes/Disc 2/1Pictures/Flashcard/shirt-nt.jpg
750,14474678-b203-4910-8595-ab13454b7f8b,1,to be supposed to,/Volumes/Disc 2/1Pictures/Flashcard/be supposed to.jpg
790,90f933d8-3333-43f2-9068-9da58aabf21e,1,"cheerful ,happy (f…)","/Volumes/Disc 2/1Pictures/Flashcard/cheerful ,happy.jpg"
2644,5be1c0a6-4b33-4321-8b86-442b1167f329,21,Would you like fresh cream with that? (form.sing),/Volumes/Disc 2/1Pictures/Flashcard/fresh cream.jpg
774,bbc2d1b7-39ea-4d3c-a199-e212ceb5e0d0,1,umbrella,/Volumes/Disc 2/1Pictures/Flashcard/umbrella.jpg
772,fc575c47-4ee1-4952-bcb0-b9a658d89a27,1,purse,/Volumes/Disc 2/1Pictures/Flashcard/purse-nt.jpg
778,f1889e7e-23fa-4513-9795-bf109ef459cf,1,sock,/Volumes/Disc 2/1Pictures/Flashcard/sock.jpg
788,4463f0b8-b510-40e3-8847-8161eba924c8,1,to find,/Volumes/Disc 2/1Pictures/Flashcard/find.jpg
796,54c6b31d-cf46-4332-95b6-a09b75ec6c06,1,up,/Volumes/Disc 2/1Pictures/Flashcard/up.jpg
804,b1c8dd95-97d0-46ec-9ce7-1cd4d966585f,1,place,/Volumes/Disc 2/1Pictures/Flashcard/place.jpg
794,fd626e92-4e29-4ad6-9bad-4204991010c2,1,"fortunate ,happy ,lucky","/Volumes/Disc 2/1Pictures/Flashcard/fortunate ,happy ,lucky.jpg"
806,fb756e69-4824-4f5f-9de1-2fc43a0a7bda,1,same,/Volumes/Disc 2/1Pictures/Flashcard/same.jpg
803,471813b2-d15c-427a-babb-fe6bae1eb2bb,1,sometimes,/Volumes/Disc 2/1Pictures/Flashcard/sometimes.jpg
821,2218a88c-9308-4bba-9719-45b2c4af963f,1,"beside ,next to","/Volumes/Disc 2/1Pictures/Flashcard/beside ,next to.jpg"
827,15194e14-d2dc-454d-9ea8-e4b57247b1c2,1,backwards,/Volumes/Disc 2/1Pictures/Flashcard/backwards.jpg
817,b028ac0c-f828-4066-be59-082386ffc17f,1,into,/Volumes/Disc 2/1Pictures/Flashcard/into.jpg
826,6a5f80fa-2bca-40fb-a526-f149363eb8ab,1,back,/Volumes/Disc 2/1Pictures/Flashcard/back.jpg
832,dc89bdb0-ad9b-4ab4-8b99-8ad668dfe258,1,at the front,/Volumes/Disc 2/1Pictures/Flashcard/at the front.jpg
831,7683077b-ce02-4826-802f-ed6f554022d2,1,front,/Volumes/Disc 2/1Pictures/Flashcard/front.jpg
813,c219ba1a-a219-4233-930e-541828759317,1,along,/Volumes/Disc 2/1Pictures/Flashcard/along.jpg
853,a079f9ad-2feb-45d8-9993-6e5e10ae8f01,1,noise,/Volumes/Disc 2/1Pictures/Flashcard/noise.jpg
842,4f318d31-d963-49aa-a04c-d7dd42d3f17d,1,"fire ,burn","/Volumes/Disc 2/1Pictures/Flashcard/fire ,burn.jpg"
855,22f56ddd-f39f-4968-871f-f12a2a75cecb,1,plant,/Volumes/Disc 2/1Pictures/Flashcard/plant.jpg
839,25ca6f09-a008-448d-826e-880656d21f6e,1,farm,/Volumes/Disc 2/1Pictures/Flashcard/farm.jpg
849,cface1a0-6b04-438f-979b-2d36d8786db2,1,port,/Volumes/Disc 2/1Pictures/Flashcard/port.jpg
872,fdee7697-ae67-4b1e-a0da-128973a36ebf,1,"to name ,to call","/Volumes/Disc 2/1Pictures/Flashcard/name ,call.jpg"
874,9fcc3513-00e5-4a83-9440-ef3d099429d1,1,to pack,/Volumes/Disc 2/1Pictures/Flashcard/pack.jpg
877,67ef3a6b-cae4-4f88-b45e-32070c7c6f81,1,"quickly ,fast","/Volumes/Disc 2/1Pictures/Flashcard/quickly ,fast.jpg"
878,5288fd8a-a3be-4c43-95e6-0b86e40ab6c9,1,rarely,/Volumes/Disc 2/1Pictures/Flashcard/rarely.jpg
866,f03a3f6f-f04f-4fb1-a8d8-7f04c9bd241c,1,to accompany,/Volumes/Disc 2/1Pictures/Flashcard/accompany.jpg
868,acc3b768-55c5-4f14-87a8-70aefb9e244c,1,to recommend,/Volumes/Disc 2/1Pictures/Flashcard/recommend.jpg
893,76f6bc99-1de4-4569-90b7-7a4101b35062,1,that is,/Volumes/Disc 2/1Pictures/Flashcard/that is (ie).jpg
887,45e911a8-8ea3-41de-8525-38fdcf6b8f1c,1,careful!,/Volumes/Disc 2/1Pictures/Flashcard/careful.jpg
897,e83cb7df-b068-4d59-a0be-881a0709d7dc,1,it doesn't matter!,/Volumes/Disc 2/1Pictures/Flashcard/it doesnt matter.jpg
896,4cbace4c-7d1e-4cab-96c5-553063a18efd,1,it worked!,/Volumes/Disc 2/1Pictures/Flashcard/it worked.jpg
921,23dd6579-ccce-443b-9c24-4a5fa93b4fc3,1,fly,/Volumes/Disc 2/1Pictures/Flashcard/fly.jpg
916,07bf2423-e3c8-4d6a-9b34-1b957f05aaab,1,bee,/Volumes/Disc 2/1Pictures/Flashcard/bee.jpg
953,52cce453-1fee-4b9d-a668-40cdb89f85af,1,tired,/Volumes/Disc 2/1Pictures/Flashcard/tired.jpg
949,5593716d-f039-40ca-a185-b9230647b29b,1,hope,/Volumes/Disc 2/1Pictures/Flashcard/hope.jpg
958,d52ab1dc-6aa9-48a2-b9f0-055f83f68bc3,1,"style ,way ,manner","/Volumes/Disc 2/1Pictures/Flashcard/style ,way ,manner.jpg"
964,790d50ef-c9e0-4f37-bab1-5a87b9dedef6,1,caution,/Volumes/Disc 2/1Pictures/Flashcard/caution.jpg
960,2c39f5e3-7b34-4bac-8345-254ccfd174c7,1,grief,/Volumes/Disc 2/1Pictures/Flashcard/grief.jpg
4015,a6a03b55-c2a3-4d0a-b0ad-e8deb7777883,22,These glasses pinch my nose.,"/Volumes/Disc 2/2Pictures/Flashcard/pinch ,nip.jpg"
4086,54608340-3baf-4173-ae3f-78a94fb25039,22,All the members of the club are present.,/Volumes/Disc 2/2Pictures/Flashcard/all the.jpg
972,e2f1a9e6-318c-455f-a6cd-81e9cf6f24f9,1,across (ge...),/Volumes/Disc 2/1Pictures/Flashcard/across.jpg
974,73f47046-7cc9-4668-8c7b-eadb5dc1f742,1,down,/Volumes/Disc 2/1Pictures/Flashcard/down.jpg
980,74b5a98c-7fb4-43d9-b8b3-9ca6b385c103,1,to say,/Volumes/Disc 2/1Pictures/Flashcard/say.jpg
982,7b3af192-4e83-427f-86f4-271e2bc35416,1,to meet,/Volumes/Disc 2/1Pictures/Flashcard/meet.jpg
979,fe871253-203a-4092-b550-0dd9a9c9ca0c,1,without,/Volumes/Disc 2/1Pictures/Flashcard/without.jpg
990,b04e8261-8ef3-485f-9ac6-128ef79ed094,1,to know (facts),/Volumes/Disc 2/1Pictures/Flashcard/know (facts).jpg
987,b297f448-4891-4062-b00b-97da1ee504ec,1,what?,/Volumes/Disc 2/1Pictures/Flashcard/what.jpg
985,acad29d1-321a-41d3-a615-e9de2eb4aded,1,when?,/Volumes/Disc 2/1Pictures/Flashcard/when.jpg
993,e73b4359-68c3-4018-b48a-4c1b967292d2,1,where to?,/Volumes/Disc 2/1Pictures/Flashcard/where to.jpg
994,92b120c9-8728-48bf-9c8d-1d4c6f42eeed,1,between,/Volumes/Disc 2/1Pictures/Flashcard/between.jpg
1007,8b6a4835-86bc-4466-bcbc-8e58b01a2002,1,liter / litre,/Volumes/Disc 2/1Pictures/Flashcard/liter.jpg
1015,61431898-ef86-40d3-9957-de01613fa831,1,cube,/Volumes/Disc 2/1Pictures/Flashcard/cube.jpg
1014,a8b2dd15-1a9a-446c-aff7-2c2598625546,1,part,/Volumes/Disc 2/1Pictures/Flashcard/part-nt.jpg
1004,2131ab7e-e74b-47e3-94d6-eb958404735b,1,circle,/Volumes/Disc 2/1Pictures/Flashcard/circle.jpg
1019,898ff894-ff62-4c6c-b4f1-9eec5a4b551b,1,popular,/Volumes/Disc 2/1Pictures/Flashcard/popular.jpg
1010,aa498a7c-9d5e-4aee-b0e7-120dc565896d,1,meter / metre,/Volumes/Disc 2/1Pictures/Flashcard/metre.jpg
2623,a4d0d971-3847-42a3-a8cf-7d945f3a82d0,21,In the evening we enjoy the evening meal.,/Volumes/Disc 2/1Pictures/Flashcard/evening meal-nt.jpg
2619,74ba0e36-2763-4c77-8db7-619cba7e9a88,21,We had bad (s...t) weather every day.,/Volumes/Disc 2/1Pictures/Flashcard/bad.jpg
2565,030e263a-f899-43d6-b521-4927ebad1b30,21,He was a good person.,"/Volumes/Disc 2/1Pictures/Flashcard/person ,man.jpg"
2621,52d07376-c343-4329-9ceb-4002560de63c,21,She demands absolute obedience.,/Volumes/Disc 2/1Pictures/Flashcard/absolute.jpg
1036,17b04a4a-e7ae-41d1-a13a-aa3209e84b73,1,independent,/Volumes/Disc 2/1Pictures/Flashcard/independent.jpg
2566,aa41de43-e683-4a7f-84d1-bd79bd765749,21,He has a partner in business.,/Volumes/Disc 2/1Pictures/Flashcard/partner.jpg
2567,55615ebb-bf47-441b-bbf6-bd2f50eebd95,21,How many persons (people) are taking part in the conference?,/Volumes/Disc 2/1Pictures/Flashcard/person.jpg
2564,ba96d0ac-1eeb-4c60-8f61-17dc8bc6d9db,21,Look at this crowd! (inf.sing),/Volumes/Disc 2/1Pictures/Flashcard/crowd.jpg
2620,2b7d3fbb-4c49-4de3-8e68-ad5a20488995,21,How deep is the lake?,/Volumes/Disc 2/1Pictures/Flashcard/deep.jpg
2529,c4c9530a-02e0-429a-a99d-cf4299db0643,21,Will your girlfriend come too? (inf. sing),/Volumes/Disc 2/1Pictures/Flashcard/friend (female) - girlfriend.jpg
2518,307fc3e5-4a82-414f-98af-87a69cb1b681,21,All these things are for sale (are to sell).,"/Volumes/Disc 2/1Pictures/Flashcard/every ,all.jpg"
2534,4a19c7c4-09b9-4a8f-982f-501b9bbbb0f0,21,Every-one should do his best.,"/Volumes/Disc 2/1Pictures/Flashcard/every ,all ,each.jpg"
2523,71b1252c-b9f8-4145-ab10-0c3f56284867,21,He must pay,/Volumes/Disc 2/1Pictures/Flashcard/before.jpg
2531,ab54b880-4ba7-4361-a55d-fca68daa9ce1,21,How big is your house? (inf.sing),"/Volumes/Disc 2/1Pictures/Flashcard/big ,great ,grand.jpg"
2532,50d345c4-51df-4811-b23e-9c92b6138888,21,I come from Germany.,/Volumes/Disc 2/1Pictures/Flashcard/I.jpg
2546,2211bf90-4eec-4ad1-8aa6-179a043ebfd6,21,Germany has very many foreigners now.,/Volumes/Disc 2/1Pictures/Flashcard/foreigner.jpg
2556,08981f21-1658-43f6-8ebd-0d82e94e4757,21,What are you and your friends called? (inf.sing),/Volumes/Disc 2/1Pictures/Flashcard/be called.jpg
2542,9dd26fb0-f2c4-4c08-a1da-8058355a0884,21,She is winning the race.,"/Volumes/Disc 2/1Pictures/Flashcard/she ,they.jpg"
2559,cd5ca08d-f450-4f12-a5e2-74fa097197bf,21,Young persons may drive from 18 on.,/Volumes/Disc 2/1Pictures/Flashcard/young person.jpg
2562,5b75ee31-46c4-455a-af77-5f94597017eb,21,The girl is carrying a satchel.,/Volumes/Disc 2/1Pictures/Flashcard/girl-nt.jpg
2548,1cc25862-12f3-4ac9-af1e-6fe55caeff6a,21,May I introduce my acquaintance?,/Volumes/Disc 2/1Pictures/Flashcard/acquaintance.jpg
2549,f07e2a27-76a4-424d-91b7-0170682901ba,21,Every German citizen has an identity card.,"/Volumes/Disc 2/1Pictures/Flashcard/citizen ,civilian.jpg"
2547,bb16632a-ea75-4cb0-9615-a45b6e264844,21,She looks good with the new hairstyle.,"/Volumes/Disc 2/1Pictures/Flashcard/look ,to appear.jpg"
2551,ad303ca7-b126-4e7d-8298-61f06b495a45,21,The couple is celebrating their Golden Wedding.,/Volumes/Disc 2/1Pictures/Flashcard/couple-nt.jpg
2557,acee9db1-e76c-4bd2-9457-e2eda4f01428,21,I don't know the gentleman.,"/Volumes/Disc 2/1Pictures/Flashcard/Mr ,gentleman.jpg"
2569,6999bd87-befe-47cf-9438-5b650cd1035d,21,What a strange bloke!,"/Volumes/Disc 2/1Pictures/Flashcard/bloke ,type ,guy.jpg"
2590,37bdea20-4630-4ad0-97ac-e3652c56e618,21,This key does not fit.,/Volumes/Disc 2/1Pictures/Flashcard/key.jpg
2571,78a83e95-7307-4c8d-87bc-41de0eead78b,21,The female animal lays eggs.,"/Volumes/Disc 2/1Pictures/Flashcard/female ,feminine.jpg"
2592,823380bd-83da-4d8d-8159-188a9feb0e61,21,Sit down on that chair. (inf.sing),/Volumes/Disc 2/1Pictures/Flashcard/chair.jpg
2582,fee92d4b-3f92-421f-a0ef-984b3f9e1c2a,21,When are you coming home? (h..m) (inf.sing),/Volumes/Disc 2/1Pictures/Flashcard/home.jpg
2720,209e5e59-07a3-4370-b6af-86f34031cadd,21,The air is refreshing today.,/Volumes/Disc 2/1Pictures/Flashcard/air.jpg
2587,b83590a9-1703-4b07-8c77-440e49543ca6,21,Did you hear the news on the radio? (inf.sing),/Volumes/Disc 2/1Pictures/Flashcard/radio-nt.jpg
2579,979e2294-10ef-4714-8787-0c94fb8f8fa9,21,The garage has room for two cars.,/Volumes/Disc 2/1Pictures/Flashcard/garage.jpg
2581,625f4f43-7c95-42a6-be7f-1fd82cbcddcc,21,The housekeeper is responsible for the household.,/Volumes/Disc 2/1Pictures/Flashcard/household.jpg
2585,d70fd750-9095-48d1-b006-74110963dff1,21,Can you please turn on the light? (inf.sing),/Volumes/Disc 2/1Pictures/Flashcard/light-nt.jpg
2591,f2cb20b0-caa3-47d8-acc6-146abab2e0c5,21,Have you something in your cupboard for the party? (inf.sing),/Volumes/Disc 2/1Pictures/Flashcard/cupboard.jpg
2584,1ae06816-924c-4d6e-b1af-84ba9c2d694f,21,My forefather lived in a small hut.,"/Volumes/Disc 2/1Pictures/Flashcard/hut ,shed.jpg"
2588,2339d112-11b5-47b8-b996-c1ed8f2e3003,21,In the holidays I have to mow the lawn.,/Volumes/Disc 2/1Pictures/Flashcard/lawn.jpg
2612,59a88c94-23ac-4a02-ae67-ef2b0689068d,21,This calculation is so complicated.,/Volumes/Disc 2/1Pictures/Flashcard/complicated.jpg
2604,d874d707-d7c5-414b-8e39-dd6b54a480a1,21,She would like to travel to distant lands.,/Volumes/Disc 2/1Pictures/Flashcard/distant.jpg
2605,04f98448-d09a-46ea-b3f9-94d17da5861b,21,The waiter's attitude toward Alice and Bob was cheeky.,/Volumes/Disc 2/1Pictures/Flashcard/cheeky.jpg
2599,eed800a1-98e6-405b-a47e-b17b341d04b8,21,From January on the weather is different.,/Volumes/Disc 2/1Pictures/Flashcard/different.jpg
2611,d843927a-7712-4bcc-ae76-cb4fcd263a4e,21,What a clever (k...) raccoon!,/Volumes/Disc 2/1Pictures/Flashcard/clever.jpg
2614,bd67da6d-0963-4830-b674-7fb2bb7b925c,21,The milk bottle is empty.,/Volumes/Disc 2/1Pictures/Flashcard/empty.jpg
2610,89336b5f-f6c5-4ced-9e70-40560dede260,21,Just a small moment,"/Volumes/Disc 2/1Pictures/Flashcard/small ,little.jpg"
2607,e405908d-feed-4a92-b245-186c3d99ccdc,21,We got bored to death.,/Volumes/Disc 2/1Pictures/Flashcard/bored.jpg
2617,1c8efd39-efb0-4294-af68-4cd5d9312513,21,"That is correct, I am quite of your opinion. (form.sing)",/Volumes/Disc 2/1Pictures/Flashcard/correct.jpg
2603,b88bf134-d590-4067-ab42-0f7cc3b7acbd,21,My boots are dirty. (d...),/Volumes/Disc 2/1Pictures/Flashcard/dirty.jpg
2613,eaa14a49-b708-4a7e-a356-87c910965b55,21,A snail is slow.,/Volumes/Disc 2/1Pictures/Flashcard/slow.jpg
2615,8f4c94f2-07bf-4587-bd14-d2f4f0d5378a,21,This knitting pattern is easy. (l...),"/Volumes/Disc 2/1Pictures/Flashcard/light ,easy.jpg"
2938,d77fddf2-860c-4e2c-af29-b24efdc0abdd,21,How much does an apple cost?,/Volumes/Disc 2/1Pictures/Flashcard/apple.jpg
3050,7395a666-6a36-4a97-ae1a-2925d692b1eb,21,He is still (i.. n...) talking about his holiday.,/Volumes/Disc 2/1Pictures/Flashcard/still.jpg
2627,363fa987-3dbf-4db9-995d-6008fc7fa72a,21,This hazelnut cake is delicious!,/Volumes/Disc 2/1Pictures/Flashcard/delicious.jpg
2629,c735c0d7-6113-481b-8c49-49ea65908843,21,Let's go out for a meal today!,"/Volumes/Disc 2/1Pictures/Flashcard/food ,meal-nt.jpg"
3221,10915187-f294-4c96-853c-ef5f2f81343b,21,May I sit by the window in the aeroplane?,/Volumes/Disc 2/1Pictures/Flashcard/aeroplane-nt.jpg
3000,eed950c2-e6c8-4ec3-a838-3bae4e1262b0,21,To whom does the building belong?,/Volumes/Disc 2/1Pictures/Flashcard/building-nt.jpg
3047,e8b15553-434d-46ae-a476-ec4be03dcc3e,21,The children are playing outside.,/Volumes/Disc 2/1Pictures/Flashcard/outside.jpg
3048,a47f7169-5d12-48bf-9008-6b722c2a95e2,21,I have some (several) tomatoes.,/Volumes/Disc 2/1Pictures/Flashcard/some.jpg
2626,1dba723b-87f9-4a1d-9dfb-95bd7ea60438,21,Too much butter is not good for health.,/Volumes/Disc 2/1Pictures/Flashcard/butter.jpg
2634,d569b42d-ca07-4254-9d51-289198f7cce1,21,Why does Swiss cheese have holes in it?,/Volumes/Disc 2/1Pictures/Flashcard/cheese.jpg
2646,37b6bbd6-c840-4547-864e-06dbab327d92,21,Honey is sweet and vinegar is sour.,/Volumes/Disc 2/1Pictures/Flashcard/sour.jpg
2651,e8dbefb2-37a9-4e1b-a502-205203aa1d4b,21,Almost everyone likes sweets.,/Volumes/Disc 2/1Pictures/Flashcard/sweets.jpg
2647,40844385-ac19-431d-96f1-6d9043234aaa,21,This coffee tastes very good.,/Volumes/Disc 2/1Pictures/Flashcard/taste (good).jpg
4173,a62de111-09cd-4b8e-bf8c-5c24b15f378f,22,They enjoy their civil liberty.,/Volumes/Disc 2/2Pictures/Flashcard/civil.jpg
2650,cbfba28e-0203-4674-84c8-a39992f5f984,21,The dough/batter is sweet enough.,/Volumes/Disc 2/1Pictures/Flashcard/sweet.jpg
2638,95b1b838-3ef5-428f-b886-ef24bab09bb1,21,We had an excellent meal.,"/Volumes/Disc 2/1Pictures/Flashcard/meal ,mealtime.jpg"
2642,e7c59240-10df-418e-9256-75a0cdd8fcca,21,In many countries people eat rice every day.,/Volumes/Disc 2/1Pictures/Flashcard/rice.jpg
2639,b54dccd3-19db-4d47-80b8-09c87cf11bba,21,I need a little bit more flour.,/Volumes/Disc 2/1Pictures/Flashcard/flour-nt.jpg
2641,5a44642c-d754-4b71-a7c0-583e85550ae5,21,What is for pudding today?,/Volumes/Disc 2/1Pictures/Flashcard/pudding.jpg
2676,299f7927-f63b-4138-b8bf-be1db10101b5,21,After fifty years the couple celebrate their Golden Wedding.,/Volumes/Disc 2/1Pictures/Flashcard/fifty.jpg
2688,1dbc4e9e-b024-4b53-ad7c-30f4c83a6d75,21,I don't like getting up early.,/Volumes/Disc 2/1Pictures/Flashcard/early.jpg
2692,04c1c564-e599-44a2-aa41-f5cb412603ec,21,The train leaves in three minutes.,/Volumes/Disc 2/1Pictures/Flashcard/minute.jpg
2690,41df6b8d-3c75-40ec-9e24-bf0b2b69ddaf,21,The second Monday of the month is the best day each time.,/Volumes/Disc 2/1Pictures/Flashcard/each time.jpg
2700,a00128b8-8093-4d3d-aba9-1985063afa29,21,"Hurry up, every second counts! (inf.sing)",/Volumes/Disc 2/1Pictures/Flashcard/second (time).jpg
2685,53e9488f-99a5-472c-a5a3-537f79d0c3f6,21,Is the doctor coming soon?,/Volumes/Disc 2/1Pictures/Flashcard/soon.jpg
2702,e73cbd6a-57b8-4206-92f1-96b2940aec42,21,The bell chimes every hour.,/Volumes/Disc 2/1Pictures/Flashcard/hour.jpg
2701,3d24754b-4279-4cf6-a81f-571d66dcf44c,21,"Tell me, how late is it?",/Volumes/Disc 2/1Pictures/Flashcard/late.jpg
2698,291b358b-4c54-4eb4-96db-034577045b44,21,This night is (a) full moon night.,/Volumes/Disc 2/1Pictures/Flashcard/night.jpg
2696,76bc31d1-16dd-4de5-bc6c-1edfc6784213,21,We can go to for a meal afterwards. (N...),/Volumes/Disc 2/1Pictures/Flashcard/afterwards.jpg
2707,83444039-ee21-40f8-9adf-98fe1fcd04b6,21,"At the moment, we don't have any ice cream.",/Volumes/Disc 2/1Pictures/Flashcard/at the moment.jpg
2716,dde49e35-189d-46ad-9334-8051a44a40ab,21,"The coffee is too hot, I can't drink it.",/Volumes/Disc 2/1Pictures/Flashcard/hot.jpg
2708,d9fb71c3-ad9a-4119-97b4-58704534e11e,21,The weather forecast is first cloudy (bew...),/Volumes/Disc 2/1Pictures/Flashcard/cloudy.jpg
2717,edba42b6-bc89-4df4-b7d3-15e0fe1a71e4,21,We are perspiring in this heat.,/Volumes/Disc 2/1Pictures/Flashcard/heat.jpg
2725,76a81472-8d4b-4bd5-a92f-550978be0521,21,White snow is covering the whole landscape.,/Volumes/Disc 2/1Pictures/Flashcard/snow.jpg
2712,c1104783-13c6-4124-b059-fa85b2d31139,21,The ice is too thin to go ice-skating.,/Volumes/Disc 2/1Pictures/Flashcard/ice-nt.jpg
2718,db0a92fd-5f7b-4847-ae3a-05ad58ff587e,21,The weather is too cold for a walk.,"/Volumes/Disc 2/1Pictures/Flashcard/cold ,adj.jpg"
2750,414bc7d1-5fa9-4625-b929-860a4d566440,21,This medicine really helps.,/Volumes/Disc 2/1Pictures/Flashcard/medicine-nt.jpg
2738,a06c78a8-90d5-4f3e-b377-5962d6f73195,21,He complains about the treatment.,/Volumes/Disc 2/1Pictures/Flashcard/treatment.jpg
2741,b2154fb9-f808-4144-9a33-fa249945ec14,21,His inflammation looks bad!,/Volumes/Disc 2/1Pictures/Flashcard/inflammation.jpg
2739,6a88dcc7-54de-471b-854b-0162b8318130,21,The description of the accident is exact and clear.,/Volumes/Disc 2/1Pictures/Flashcard/description.jpg
2733,58052cd2-c9ac-47e4-aadf-9dae3253f3b8,21,The weather was stormy.,/Volumes/Disc 2/1Pictures/Flashcard/weather-nt.jpg
2732,6685e756-6c8f-4ed1-907a-64224d92703d,21,I feel warm now.,/Volumes/Disc 2/1Pictures/Flashcard/warm.jpg
2746,c70aaf5e-41c6-4b9a-8684-595d67b03264,21,He was sick yesterday.,"/Volumes/Disc 2/1Pictures/Flashcard/ill ,sick.jpg"
2734,a0e23691-d779-4f42-8b80-9d7df9db8f4c,21,The wind blows strongly.,/Volumes/Disc 2/1Pictures/Flashcard/wind.jpg
2740,739541a2-183e-458a-9ca5-c0c627b8faac,21,I need a plaster because my finger is bleeding.,/Volumes/Disc 2/1Pictures/Flashcard/bleed.jpg
2744,2fdb8798-32d7-4a91-af5e-7c2f0eab9943,21,Carrots are good for your health.,/Volumes/Disc 2/1Pictures/Flashcard/health.jpg
2751,5fc31945-e951-4bb9-815c-8e00dab1f4f1,21,This is an emergency!,/Volumes/Disc 2/1Pictures/Flashcard/emergency.jpg
2775,f01e0413-a47c-49db-b4af-debc5f2571ba,21,Normally the fork lies on the left beside the plate.,/Volumes/Disc 2/1Pictures/Flashcard/fork.jpg
2758,1869f7b3-7898-4fde-892d-c94572a2a4ce,21,You have to take one pill three times a day. (inf.sing),/Volumes/Disc 2/1Pictures/Flashcard/pill.jpg
2753,bc374c95-ed42-4739-9c60-1089ef4cd89d,21,How is the patient doing today?,/Volumes/Disc 2/1Pictures/Flashcard/patient.jpg
2765,28a844cf-245f-48d4-995d-b4dcb4d2ac9c,21,His parents were involved in a small accident.,/Volumes/Disc 2/1Pictures/Flashcard/accident.jpg
2762,29b73fe7-346c-46a3-ba8b-7ef7b69771b6,21,I hope he'll get better soon.,"/Volumes/Disc 2/1Pictures/Flashcard/recover ,to get better.jpg"
2766,d71d02f3-8917-4d23-ae3c-29fc9e40502a,21,This injury is not severe.,/Volumes/Disc 2/1Pictures/Flashcard/injury.jpg
2769,d49322b7-0a8f-4048-8ee3-89d6faeeeac5,21,We are meeting in the bar of the hotel.,/Volumes/Disc 2/1Pictures/Flashcard/bar.jpg
2771,329a04cb-674e-4b61-812e-ff690fd8e2ee,21,Where is the cutlery for the first course?,/Volumes/Disc 2/1Pictures/Flashcard/cutlery-nt.jpg
2772,622bf8dd-64c4-4b20-8d34-8431d458499d,21,Have you already ordered? (form.sing),/Volumes/Disc 2/1Pictures/Flashcard/order.jpg
2796,f17b76e2-8954-4b98-8a6e-b60c87823014,21,You have a (the) choice.  (inf.pl),/Volumes/Disc 2/1Pictures/Flashcard/choice.jpg
2790,a9f047e4-8b9a-4e25-a491-464c6ae5a3a4,21,Too much salt damages your health.,/Volumes/Disc 2/1Pictures/Flashcard/salt-nt.jpg
2782,d98e8dd0-f61f-491e-8fc6-1022bbe01a5e,21,He likes mashed potatoes with ketchup.,/Volumes/Disc 2/1Pictures/Flashcard/ketchup-nt.jpg
2795,0142e332-56bc-4b36-a4fd-afadf867241d,21,The dog licks the plate clean.,/Volumes/Disc 2/1Pictures/Flashcard/plate.jpg
2786,b483c7ad-b7ee-4659-9012-9bf0ac56c359,21,"Be careful, the knife is very sharp! (inf.sing)",/Volumes/Disc 2/1Pictures/Flashcard/knife-nt.jpg
2801,158feabc-da86-4829-8cf1-46162531b138,21,I speak a little German.,/Volumes/Disc 2/1Pictures/Flashcard/a little.jpg
2798,705d9eb5-2f4a-4e48-9ab3-724ffebf2a21,21,You have done everything well. (inf.sing),/Volumes/Disc 2/1Pictures/Flashcard/everything.jpg
2792,55beee36-1ba6-40d2-b8b3-b1197f796bc6,21,Would you like more sauce on your roast? (inf.sing),/Volumes/Disc 2/1Pictures/Flashcard/sauce.jpg
2797,d4434aaf-e4f6-4975-bdb7-f4a7e48c322f,21,Do you like sugar in your coffee? (inf.sing),/Volumes/Disc 2/1Pictures/Flashcard/sugar.jpg
2807,6937cdab-7d46-4479-a218-4c261d8901f1,21,"Hello, who is speaking?",/Volumes/Disc 2/1Pictures/Flashcard/hello.jpg
2815,72e09f58-db9f-4555-b30b-18215dc90c2f,21,"Did you read ""The Last Mohican""? (inf.sing)",/Volumes/Disc 2/1Pictures/Flashcard/last.jpg
2824,7c5f8549-4413-458d-b45a-7de7a2f01375,21,We are standing in front of the statue.,"/Volumes/Disc 2/1Pictures/Flashcard/before ,in front of.jpg"
2810,43b5492f-5821-4e8a-9f1b-c8fbbaa8e24e,21,Is that your final word? (form.sing),/Volumes/Disc 2/1Pictures/Flashcard/your (formal).jpg
2809,b1fc39d0-c25c-4e4a-b5b4-586d4fa5448a,21,Is that their car in the car park?,"/Volumes/Disc 2/1Pictures/Flashcard/their ,her.jpg"
2813,0bfd6828-c339-4ffb-bb1a-a4df608da9e9,21,Everybody can do it if he wants to.,/Volumes/Disc 2/1Pictures/Flashcard/everybody.jpg
2823,b3848f15-3516-4b60-8736-844f6df93194,21,The wind blows from the North.,"/Volumes/Disc 2/1Pictures/Flashcard/from ,by ,of.jpg"
2817,789720bb-0ee9-4100-b44c-b7ba67c62f7c,21,My daughter's name is Andrea.,/Volumes/Disc 2/1Pictures/Flashcard/my.jpg
2822,4417eea8-7e61-40b9-87c2-df591e8934aa,21,Our vacation was wonderful.,/Volumes/Disc 2/1Pictures/Flashcard/our.jpg
2819,b208986f-62a1-497c-86d5-0a51ac11da4d,21,His beard has grown very long.,/Volumes/Disc 2/1Pictures/Flashcard/his.jpg
2833,26f09aa9-98d0-4e2a-81ea-92abe3729a8e,21,I live at home with my parents.,/Volumes/Disc 2/1Pictures/Flashcard/parents.jpg
2835,3f80640e-90e5-4ce1-bf6e-b0403a9de6b8,21,My granddaughter has a little hamster.,/Volumes/Disc 2/1Pictures/Flashcard/granddaughter.jpg
2887,93ac1932-3781-4a09-9dd3-1fcba26d86b4,21,"Give me a mug (beaker) with coca cola, please!",/Volumes/Disc 2/1Pictures/Flashcard/mug.jpg
2895,5a05744f-f152-4d91-bb7d-5d30016b8bfd,21,When are you finally buying a dishwasher (G...)?  (inf.pl),/Volumes/Disc 2/1Pictures/Flashcard/dishwasher.jpg
3101,f3dfabbf-b74e-46c5-a15e-64de1a9c43ac,21,Would you like a cup of cocoa? (inf.sing),/Volumes/Disc 2/1Pictures/Flashcard/cocoa.jpg
2890,29b71912-e734-4ac4-a6fe-827ee3d1598e,21,We have forgotten the can-opener.,/Volumes/Disc 2/1Pictures/Flashcard/can-opener.jpg
2896,5937005c-8436-46a5-928b-f17093cfa88c,21,The cook spends the whole day at the cooker in the kitchen.,"/Volumes/Disc 2/1Pictures/Flashcard/cooker ,oven.jpg"
2902,19727501-b988-40ec-a7af-831f539b7009,21,The casserole is baking in the oven.,/Volumes/Disc 2/1Pictures/Flashcard/oven.jpg
2897,23475316-ddb8-4cb4-834a-14e1f8264454,21,This can is only meant for milk.,"/Volumes/Disc 2/1Pictures/Flashcard/can ,pot.jpg"
2899,0a893a12-0ce1-4405-85f6-7c3842d0fdd7,21,A delicious aroma comes from the kitchen.,"/Volumes/Disc 2/1Pictures/Flashcard/kitchen ,cooking.jpg"
2924,184cd2aa-7170-41cb-ae6d-24fbc717edfd,21,I have the exam (P...) behind me.,"/Volumes/Disc 2/1Pictures/Flashcard/exam ,test.jpg"
2929,a5073a45-1465-433d-8d9f-1d114c29a4d9,21,Yes,/Volumes/Disc 2/1Pictures/Flashcard/be correct.jpg
2915,bc38a7a0-0ce9-4251-9934-fca843964381,21,I have a question ….,/Volumes/Disc 2/1Pictures/Flashcard/question.jpg
2920,1c7e3c2f-9c74-4faa-8a54-6da1aa09b5f6,21,I'd like to become a teacher. (m),/Volumes/Disc 2/1Pictures/Flashcard/teacher.jpg
2917,735208b1-5ece-451c-ad66-f7b0743c7ecb,21,The teacher has a red ball-point pen.,/Volumes/Disc 2/1Pictures/Flashcard/ball-point pen.jpg
2933,309622f5-6f6f-4fa4-b401-0ec576095c09,21,Write the word on the blackboard. (inf.sing),"/Volumes/Disc 2/1Pictures/Flashcard/board ,blackboard.jpg"
2923,a8721ea7-efb2-4ec0-b0c5-c8c27122322b,21,They went to a lot of trouble.,"/Volumes/Disc 2/1Pictures/Flashcard/trouble ,effort.jpg"
2921,341c4f00-6747-4ae2-af84-87449ee51481,21,He would like to learn the language.,"/Volumes/Disc 2/1Pictures/Flashcard/learn ,study.jpg"
2925,763e7246-008e-4c62-8c05-437172a31bc0,21,Can you lend me your eraser? (inf.sing),"/Volumes/Disc 2/1Pictures/Flashcard/eraser ,rubber.jpg"
2930,e2737d79-872b-4534-a496-10d7d17a0081,21,Is he a student at this university?,/Volumes/Disc 2/1Pictures/Flashcard/student.jpg
2958,0bce9fc4-75b9-4c4e-8b1a-034e31f7cfb7,21,The fruit is juicy.,/Volumes/Disc 2/1Pictures/Flashcard/fruit-nt.jpg
2954,970a66c2-8d8f-441d-b621-65a2eed208d8,21,Vampires don't like garlic.,/Volumes/Disc 2/1Pictures/Flashcard/garlic.jpg
2947,175d3f71-f25b-4e33-ba3d-3c59097e06fc,21,I would like mixed ice cream.,/Volumes/Disc 2/1Pictures/Flashcard/mixed.jpg
2940,32d862ad-b0cb-415e-a4cb-a9b85749366e,21,Would you like a pear? (inf.sing),/Volumes/Disc 2/1Pictures/Flashcard/pear.jpg
2941,fefdd785-86ee-42d2-9c80-aba880efe373,21,I like (to eat) cauliflower with cheese sauce.,/Volumes/Disc 2/1Pictures/Flashcard/cauliflower.jpg
2944,cf6657ef-0d45-4e51-a570-db9f08a2d221,21,Do you have rice with mushrooms? (Ch...) (form.sing),/Volumes/Disc 2/1Pictures/Flashcard/mushroom.jpg
2960,5d80168c-ef05-4369-911c-30991dde5607,21,"Careful, this mushroom (P...) is poisonous.",/Volumes/Disc 2/1Pictures/Flashcard/mushroom (fungus).jpg
2945,cf8bf92e-24b8-47a2-bd3d-e28ebafaebf0,21,A pea fresh from the pod tastes sweet.,/Volumes/Disc 2/1Pictures/Flashcard/pea.jpg
2959,fa649df5-fa7b-4109-a430-2a1a4bcea54a,21,Oranges (O...) contain many vitamins.,/Volumes/Disc 2/1Pictures/Flashcard/orange.jpg
2951,03d0545e-e1c2-47cc-a82b-481e24077dde,21,Raspberries with cream taste wonderful.,/Volumes/Disc 2/1Pictures/Flashcard/raspberry.jpg
2956,98039513-d7af-4717-acf9-002fa55032a6,21,This herb is used for medicine.,/Volumes/Disc 2/1Pictures/Flashcard/herb-nt.jpg
2967,17a08642-6e47-4269-a15c-a98e517a6133,21,I don't like to cut onions.,/Volumes/Disc 2/1Pictures/Flashcard/onion.jpg
2963,54990e9e-cd7e-4c98-9b45-9a2d856728ed,21,The tomato is a fruit,/Volumes/Disc 2/1Pictures/Flashcard/tomato.jpg
2974,8787980c-a1a2-48f3-bf81-18e62ac77ada,21,When it is dark one can see the stars.,/Volumes/Disc 2/1Pictures/Flashcard/dark.jpg
3111,b779591f-b42d-4cb6-a09e-0238752d13bb,21,Can I have a some soft drink?,/Volumes/Disc 2/1Pictures/Flashcard/soft drink.jpg
2968,4a78ce84-eb1a-49ae-8f25-8d65af876891,21,There are all sorts of interesting things.,/Volumes/Disc 2/1Pictures/Flashcard/all sorts.jpg
3004,ad53f6b3-36bc-400a-b055-0796aab53f41,21,We have not enough play areas in the community.,"/Volumes/Disc 2/1Pictures/Flashcard/community ,local council.jpg"
3010,43f7028f-4f38-4560-8901-e483cd96f559,21,We buy vegetables from the market.,/Volumes/Disc 2/1Pictures/Flashcard/market.jpg
2997,466efa88-18f7-4721-971e-02c7617c716c,21,Cologne cathedral is very famous.,/Volumes/Disc 2/1Pictures/Flashcard/cathedral.jpg
2993,02fda325-ec20-42b6-ad01-13223128328a,21,The library has many English books.,/Volumes/Disc 2/1Pictures/Flashcard/library.jpg
3216,b7db3fed-a88c-4eb8-b7c3-68799eaa732d,21,Who goes to school by bus?,/Volumes/Disc 2/1Pictures/Flashcard/bus.jpg
3011,cfbc6805-43c2-4c16-b368-ac3abf2c105a,21,How do I best get to the town hall?,/Volumes/Disc 2/1Pictures/Flashcard/town hall-nt.jpg
3013,51238a92-6308-4a62-89f4-c0f24aec17cf,21,Rapunzel lived high up in a tower.,/Volumes/Disc 2/1Pictures/Flashcard/tower.jpg
3014,1f55ac78-b7d8-4c46-a0b9-4784ddf0b52c,21,Hopefully the economy will improve.,"/Volumes/Disc 2/1Pictures/Flashcard/economy ,bar ,household ,business.jpg"
3001,b7a4bfd7-9c25-437b-a7f1-610dfe5c2a0f,21,What is the charge for a translation?,"/Volumes/Disc 2/1Pictures/Flashcard/fee ,charge.jpg"
3005,6c4aee18-5430-4041-b70c-358e3969e24c,21,It was his first appearance before the court.,/Volumes/Disc 2/1Pictures/Flashcard/court of law-nt.jpg
3008,a3b83845-dccf-450a-b223-fb3c4a659b12,21,The new cinema has twelve screens.,/Volumes/Disc 2/1Pictures/Flashcard/cinema-nt.jpg
3026,83f58cc0-255f-43c0-abdb-80be3605e941,21,Is the earth the only (sole) live-in planet?,"/Volumes/Disc 2/1Pictures/Flashcard/only ,sole.jpg"
3016,0a6e9eab-8f4d-48f4-9b63-b19c8d02cfdc,21,We live in a three-room flat.,"/Volumes/Disc 2/1Pictures/Flashcard/flat ,apartment.jpg"
3033,ce0d829e-3429-4b68-8424-52092fbf6a82,21,The new programme sounds interesting.,/Volumes/Disc 2/1Pictures/Flashcard/interesting.jpg
3034,512c84d2-1052-41df-969a-2b7381f9dc1b,21,The concert was terrific!,/Volumes/Disc 2/1Pictures/Flashcard/terrific.jpg
3025,10d437b8-865e-4672-bc5a-b31cb9f202da,21,That is all my own work.,/Volumes/Disc 2/1Pictures/Flashcard/own.jpg
3037,6ced61e2-3a7d-4b80-8c8b-95c7dff67ed0,21,The horn is very loud.,/Volumes/Disc 2/1Pictures/Flashcard/loud.jpg
3029,0b60be73-9920-4ff2-bb29-1cf8ccaf511f,21,You did that well. (That was well done.) (inf.sing),/Volumes/Disc 2/1Pictures/Flashcard/good.jpg
3031,07318ac2-cf59-490a-a8f1-a4180dea6151,21,We had wonderful weather all week.,/Volumes/Disc 2/1Pictures/Flashcard/wonderful.jpg
3044,c58ea9ad-3ab1-4946-8636-d5713e0f4f3d,21,She cannot come,"/Volumes/Disc 2/1Pictures/Flashcard/since ,as.jpg"
3042,1537408c-aad5-4e97-9913-42f869a70728,21,I have therefore had (am having) enough of you! (inf.sing),"/Volumes/Disc 2/1Pictures/Flashcard/so ,well ,therefore.jpg"
3055,7cc32ab7-cd80-47a8-a44e-384a3c1f4117,21,We can only (n...) stay one hour.,/Volumes/Disc 2/1Pictures/Flashcard/only.jpg
3062,975218fb-f98e-4801-884c-9c95fb7e01ef,21,A thick fog hovers above the ground.,"/Volumes/Disc 2/1Pictures/Flashcard/over ,across ,above.jpg"
3043,1889e945-38b0-4e27-ac98-fcb9f21ea194,21,"Who am I speaking to, please?",/Volumes/Disc 2/1Pictures/Flashcard/please.jpg
3054,0ae9e35f-7b1a-4f9e-99e0-b13feef234be,21,Do I have to go to sleep already?,/Volumes/Disc 2/1Pictures/Flashcard/have to.jpg
3065,d514808a-b2fa-4f2f-82e1-c8a3fab5f9fd,21,I'll call when I arrive.,"/Volumes/Disc 2/1Pictures/Flashcard/if ,when.jpg"
3070,57a1bc62-6626-4d8e-828b-620a82dab364,21,May I invite my friends (m) for the birthday?,/Volumes/Disc 2/1Pictures/Flashcard/invite.jpg
3080,93941128-c9f0-4322-a594-04089d2ffc4e,21,What shall I give (sch...) her as a birthday present?,/Volumes/Disc 2/1Pictures/Flashcard/give as a present.jpg
3083,67859045-96ff-4602-bcbe-3c2e3d2e51ee,21,He gets on well with his neighbours.,/Volumes/Disc 2/1Pictures/Flashcard/get on well.jpg
3078,5833b55c-57cc-483f-b9a6-bc48bc29af73,21,Lust is not the same as love.,"/Volumes/Disc 2/1Pictures/Flashcard/desire ,interest ,lust ,pleasure.jpg"
3073,e39a0f80-dd92-47f0-8b3d-96aa8975302f,21,Everything is better with a sense of humour.,/Volumes/Disc 2/1Pictures/Flashcard/humour.jpg
3082,811a9051-c08c-4277-93c4-d17024cadbd1,21,Can you remember the name? (inf.sing),/Volumes/Disc 2/1Pictures/Flashcard/remember.jpg
3079,fed90963-a3fe-45b5-9dee-4d554754067d,21,The girl-friends chat for hours in the café.,/Volumes/Disc 2/1Pictures/Flashcard/chat.jpg
3084,1a1db0a0-cabf-441d-a59f-0a23e9ec36c4,21,You shouldn't quarrel about that. (inf.pl),"/Volumes/Disc 2/1Pictures/Flashcard/quarrel ,argue ,fight.jpg"
3107,1b3ad38f-6b6c-4479-a4cb-1f57981cb15f,21,Would you like a fresh roll with ham? (inf.sing),/Volumes/Disc 2/1Pictures/Flashcard/ham.jpg
3091,9fa435ca-15e8-4dc6-ad3d-69eec6eaa850,21,A lot of beer (B...) is drunk during the October (beer) festival.,/Volumes/Disc 2/1Pictures/Flashcard/beer-nt.jpg
3098,92680757-7668-4c87-960e-c4971db58011,21,The drinks here are very expensive.,/Volumes/Disc 2/1Pictures/Flashcard/drinks-nt.jpg
3109,3dd5acf4-b1af-4e01-a7ad-f5ff5e29d8c5,21,Champagne and New Year go together.,/Volumes/Disc 2/1Pictures/Flashcard/champagne.jpg
3110,37dd94ac-c531-4289-aedc-3b3239578493,21,The bacon sizzles in the frying pan.,/Volumes/Disc 2/1Pictures/Flashcard/bacon.jpg
3097,93ffc9db-b2c8-4017-b461-cc177fe14eb0,21,My aunt rears poultry on the farm.,/Volumes/Disc 2/1Pictures/Flashcard/poultry-nt.jpg
3094,dbc809fd-e2ca-4526-9f98-ff7885babd6a,21,She likes her iced tea with lemon.,/Volumes/Disc 2/1Pictures/Flashcard/iced tea.jpg
3099,3f7f8b22-9dd9-43fb-be4d-abc431d44ac7,21,I like eating chicken and rice.,/Volumes/Disc 2/1Pictures/Flashcard/chicken-nt.jpg
3105,f761b53f-d629-4d91-af82-1be53b9d4c30,21,The best beef is very expensive.,/Volumes/Disc 2/1Pictures/Flashcard/beef-nt.jpg
3126,d95a4dc2-206f-49e8-978a-69f5b425e994,21,Have you a stamp for a letter abroad? (inf.sing),/Volumes/Disc 2/1Pictures/Flashcard/stamp.jpg
3117,63db1186-ccc6-4ebe-9bec-3a2339977706,21,"Cheers, let's drink!",/Volumes/Disc 2/1Pictures/Flashcard/cheers (wellbeing).jpg
3135,750558e7-026e-468b-9485-25da59d2db8b,21,The collection of mail is at 9 a.m.,/Volumes/Disc 2/1Pictures/Flashcard/collection of mail.jpg
3134,6d0e3223-7cf6-4541-bec1-58c6f39e0ad1,21,She uses her credit card every day.,/Volumes/Disc 2/1Pictures/Flashcard/credit card.jpg
3118,b92f8259-63c4-4652-a66a-de1b6cb81f86,21,Is the sender on your letter? (inf.sing),/Volumes/Disc 2/1Pictures/Flashcard/sender.jpg
3130,9ffec2a3-b421-47cc-87b2-7fb2cb3db73f,21,"Fill out (in) the form, please. (form.sing)",/Volumes/Disc 2/1Pictures/Flashcard/form-nt.jpg
3136,6c92020f-df08-48f1-ac2d-89bb0703e009,21,Can you please lend me one Euro? (inf.sing),/Volumes/Disc 2/1Pictures/Flashcard/lend.jpg
3119,bb90dad4-54f3-4768-a5c2-5ac04cc9ef62,21,Can I have your address? (inf.sing) (A...e),/Volumes/Disc 2/1Pictures/Flashcard/address.jpg
3129,73c76462-c22b-4864-b28d-1e70e94e85fb,21,Where can I cash this cheque?,/Volumes/Disc 2/1Pictures/Flashcard/cash.jpg
3125,56600ca2-b5c7-427a-b20a-2e7eecb12226,21,"I am sorry, the letter-box is empty.","/Volumes/Disc 2/1Pictures/Flashcard/mailbox ,letter-box.jpg"
3124,5fd48c9a-275a-4cdf-a39a-a80125212d88,21,Did you send the letter off already? (inf.sing),/Volumes/Disc 2/1Pictures/Flashcard/letter.jpg
3131,3af93032-d53d-4cd6-8fcd-989c1ac27eba,21,Everybody wants to earn a lot of money.,/Volumes/Disc 2/1Pictures/Flashcard/money-nt.jpg
3153,992f4e46-6bf1-403b-a900-a2a6e6361f78,21,Mrs. Schmidt is responsible for the theatre wardrobe. (G…),/Volumes/Disc 2/1Pictures/Flashcard/wardrobe.jpg
3144,b3e9edb8-1093-41fd-9d8e-3b7db3e09e6c,21,They are saving for a new car.,/Volumes/Disc 2/1Pictures/Flashcard/save.jpg
3155,aa6aa027-6174-400d-bcd9-a96a8390dafe,21,I have forgotten my comb.,/Volumes/Disc 2/1Pictures/Flashcard/comb.jpg
3152,16bf4ba0-7d5a-42ba-81f0-100893108cb7,21,"My hair is wet, do you have a hairdryer? (inf.sing)",/Volumes/Disc 2/1Pictures/Flashcard/hairdrier.jpg
3143,f01b493c-1087-4793-98ef-adbe21d61d22,21,We will send the consignment as soon as possible.,/Volumes/Disc 2/1Pictures/Flashcard/send.jpg
3142,e0623c0e-72fd-4fd2-9afb-e720e02c4ae9,21,Can I give you a cheque? (form.sing),/Volumes/Disc 2/1Pictures/Flashcard/cheque.jpg
3145,0a13600c-ba58-4ee8-ba9f-43dd66596732,21,I would like a single room with bath.,/Volumes/Disc 2/1Pictures/Flashcard/bath-nt.jpg
3156,5df9ecbd-71b2-42c7-8ffa-90708b8d75a6,21,This cushion is embroidered by hand.,/Volumes/Disc 2/1Pictures/Flashcard/cushion-nt.jpg
3151,445cd30d-884f-4a90-b831-2ab0819275a8,21,You have to shower first. (inf.sing),"/Volumes/Disc 2/1Pictures/Flashcard/shower ,v.jpg"
3158,4feb6020-4035-458d-9abb-caf219e3c179,21,You can lay the napkins on the table. (Inf.pl),/Volumes/Disc 2/1Pictures/Flashcard/lay.jpg
3189,22c43e51-aec9-4c09-b3da-4ec675c09000,21,My friend has a heart of gold. (m),/Volumes/Disc 2/1Pictures/Flashcard/heart-nt.jpg
3170,c30a68ac-01a4-4d0e-ac3e-7da6fc039a57,21,The comb is near the washbasin.,/Volumes/Disc 2/1Pictures/Flashcard/washbasin-nt.jpg
3171,086f545a-120d-4cc1-82a6-7b1d31c38de5,21,We wash the car on Saturdays.,/Volumes/Disc 2/1Pictures/Flashcard/wash.jpg
3168,2fa1be4c-3ead-4342-88a2-b6363d870108,21,The mirror has a golden frame.,/Volumes/Disc 2/1Pictures/Flashcard/mirror.jpg
3190,2c52aa67-b565-44af-9307-34c501de3398,21,He balances the ball on his knee.,/Volumes/Disc 2/1Pictures/Flashcard/knee-nt.jpg
3191,a393eac3-70f0-4067-842b-ba07d0eef9a4,21,This mammoth bone is gigantic.,/Volumes/Disc 2/1Pictures/Flashcard/bone.jpg
3173,3c9b1c30-13f2-4403-813d-eb97e9a5bca7,21,The toothpaste contains fluoride.,/Volumes/Disc 2/1Pictures/Flashcard/toothpaste.jpg
3183,db5191bf-6f4a-4925-9d2f-771028c9b96b,21,The trousers are too tight around the buttocks.,/Volumes/Disc 2/1Pictures/Flashcard/buttock-nt.jpg
3192,f6375b73-5157-4abc-b2b9-5cd6ddd84053,21,My head hurts.,/Volumes/Disc 2/1Pictures/Flashcard/head.jpg
3181,03554534-5e83-471f-855d-766be6a9fc00,21,She wears a ring on every finger.,/Volumes/Disc 2/1Pictures/Flashcard/finger.jpg
3184,7310ea2c-c0fb-4a5d-a599-281cdf2824cb,21,I see my face in the mirror.,/Volumes/Disc 2/1Pictures/Flashcard/face-nt.jpg
3185,271356dd-87d0-4023-9e84-845bbb3babda,21,I must wash my hair.,/Volumes/Disc 2/1Pictures/Flashcard/hair-nt.jpg
3186,97366221-c85d-4eed-bb0b-cbf9f6a35c6a,21,He fastened the necklace round her neck.,"/Volumes/Disc 2/1Pictures/Flashcard/neck ,throat.jpg"
3224,e70d129f-7ee4-40de-8a3b-1d432d09f543,21,How much luggage are we allowed to take?,/Volumes/Disc 2/1Pictures/Flashcard/luggage-nt.jpg
3223,9b260172-97e6-43df-97a4-f06d29a747a3,21,"You get (one gets) good food in the hotel ""Zur Linde"".",/Volumes/Disc 2/1Pictures/Flashcard/hotel.jpg
3209,2e050cce-85b6-49e3-a724-0c4368af0da7,21,The family travels abroad every year.,"/Volumes/Disc 2/1Pictures/Flashcard/abroad ,overseas-nt.jpg"
3203,07878e59-e63e-4cb5-8040-9a95c77b16a7,21,My tooth needs a new crown.,/Volumes/Disc 2/1Pictures/Flashcard/tooth.jpg
3205,63868837-8d64-48ed-b0c8-0970912cfba2,21,"Please, let me know your arrival. (inf.sing)",/Volumes/Disc 2/1Pictures/Flashcard/arrival.jpg
3210,05c93967-f7ca-4096-a34c-2fcefc612adf,21,Careful/Take care when you get off the train. (form.sing),/Volumes/Disc 2/1Pictures/Flashcard/get off-out of.jpg
3215,bf0e4efb-d799-4752-8217-7b0c0b51b4f1,21,The wind rocks the boat back and forth.,/Volumes/Disc 2/1Pictures/Flashcard/boat-nt.jpg
3214,07d4997f-1967-4166-abfa-7038bc727117,21,I don't know where the train station is. How do I best get to the station?,/Volumes/Disc 2/1Pictures/Flashcard/train station.jpg
3222,63a4ee1f-21b1-456b-9d77-4c565b6d3e27,21,I have invited a guest for dinner.,/Volumes/Disc 2/1Pictures/Flashcard/guest.jpg
3234,5bef4e77-2c53-4941-8506-6480852af957,21,We like to travel most by train.,/Volumes/Disc 2/1Pictures/Flashcard/travel.jpg
3235,8c797cec-abcd-4f45-8d15-c43835680e24,21,The tourists come here from all over the world.,/Volumes/Disc 2/1Pictures/Flashcard/tourist.jpg
3248,097f6311-1819-41ea-83b4-e8bdef19a7b3,21,Altogether the invoice comes to a total of € 500.00.,/Volumes/Disc 2/1Pictures/Flashcard/altogether.jpg
3250,76546749-d2b6-49b8-9afe-05d9c8b1ae40,21,Are you going to buy this house? (inf.pl),/Volumes/Disc 2/1Pictures/Flashcard/buy.jpg
3233,c7ad3c81-0660-4eea-a822-bae3bda2b34f,21,The journey through the dessert was very dangerous.,/Volumes/Disc 2/1Pictures/Flashcard/journey.jpg
3236,b0346e13-3472-4267-8f1e-ca985c67f07f,21,The flight departure has a delay.,/Volumes/Disc 2/1Pictures/Flashcard/delay.jpg
3244,e6bd44f6-f627-44c5-b603-041f403336d9,21,We go shopping every Friday.,/Volumes/Disc 2/1Pictures/Flashcard/shop.jpg
3249,df2e6736-c7fd-46e7-9b56-7fbd24fd33d4,21,They pay at the check-out.,/Volumes/Disc 2/1Pictures/Flashcard/check-out.jpg
3241,1158f63e-0b62-4b15-8292-135fe726b6df,21,I (have) got the bag in the sale.,/Volumes/Disc 2/1Pictures/Flashcard/sale.jpg
3252,4ca986a2-c535-47c6-89ef-ea1abf885b6d,21,This basket was woven from pine needles.,/Volumes/Disc 2/1Pictures/Flashcard/basket.jpg
3245,1e49f95f-165b-47d3-a3ed-f0a3ca29662f,21,He did not go willingly (He did not want to go).,"/Volumes/Disc 2/1Pictures/Flashcard/willingly ,gladly ,with pleasure.jpg"
3246,7e76d8f7-1179-43fb-a397-548ff6b48fa7,21,The first glass of wine is free. (g...),/Volumes/Disc 2/1Pictures/Flashcard/free (no charge).jpg
3268,e814a79f-fac1-494e-845e-409d75d97833,21,The children always wake (au…) up with the birds.,/Volumes/Disc 2/1Pictures/Flashcard/wake up.jpg
3266,f464818c-3807-438c-955e-c00291f7e7b1,21,We will pay this price.,/Volumes/Disc 2/1Pictures/Flashcard/pay.jpg
3271,09318ffb-2d8e-4ee1-8e31-643759c1dc3e,21,Old bones break easily.,/Volumes/Disc 2/1Pictures/Flashcard/break.jpg
3256,1380f3c9-230b-4f11-888d-d2a8eda5a25c,21,She always wears the latest fashion.,/Volumes/Disc 2/1Pictures/Flashcard/fashion.jpg
3261,9146a0e3-7fc7-4442-b65f-494a28c82b54,21,I will look for the keys.,/Volumes/Disc 2/1Pictures/Flashcard/look (for).jpg
3262,a20a642f-e658-4b83-af0b-a97ee94a3325,21,The leather boots are very expensive.,/Volumes/Disc 2/1Pictures/Flashcard/expensive.jpg
3277,8c291115-b2bb-453e-8684-8938d5a44528,21,I turn (k…) right in the street.,/Volumes/Disc 2/1Pictures/Flashcard/turn.jpg
3272,3edb6eb4-9980-461e-90a1-1e6ab337704f,21,We are not allowed to park here.,/Volumes/Disc 2/1Pictures/Flashcard/be allowed.jpg
3275,14bbc1de-59ec-470a-a4ed-5054ab79bbf4,21,We are flying to Mallorca next May.,"/Volumes/Disc 2/1Pictures/Flashcard/fly ,v.jpg"
3276,527502e8-7ee5-48e4-b406-2727aa5b8734,21,First I must fetch a ladder.,/Volumes/Disc 2/1Pictures/Flashcard/fetch.jpg
3293,c158d897-bb83-4506-9ecc-9a47c089df7d,21,I have complained about the parcel at the post office.,/Volumes/Disc 2/1Pictures/Flashcard/complain.jpg
3285,cbf65ac3-2123-4f64-afa7-3d076ada4f3c,21,They will take us with them.,/Volumes/Disc 2/1Pictures/Flashcard/take.jpg
3286,341778a8-cc2b-4203-ace5-acce10aeaa47,21,I had to sneeze all the time.,/Volumes/Disc 2/1Pictures/Flashcard/sneeze.jpg
3303,f0fda8d8-981e-4028-a7ad-05079d81c7e3,21,Flowers need rain to grow.,/Volumes/Disc 2/1Pictures/Flashcard/grow.jpg
3282,d31818e1-f438-4ee4-8f0a-228ab0d12586,21,Please let me come in! (inf.sing),"/Volumes/Disc 2/1Pictures/Flashcard/let ,allow.jpg"
3301,0928b607-fe29-4b41-9704-6b8af1125213,21,Don't lose your keys. (inf.sing),/Volumes/Disc 2/1Pictures/Flashcard/lose.jpg
3288,3a88b849-7f60-4dcd-9b58-44aa5e043ed1,21,In the mornings we open at nine (o'clock).,"/Volumes/Disc 2/1Pictures/Flashcard/open ,v.jpg"
3302,166e2423-46b5-4604-be71-696f2fe23c56,21,I promise (that).,/Volumes/Disc 2/1Pictures/Flashcard/promise.jpg
3295,aabb4c6e-a738-49e9-9b4b-c2ed75b01c86,21,They are interested in photography.,/Volumes/Disc 2/1Pictures/Flashcard/be interested in.jpg
3296,81cdd83b-4880-4ec7-9969-f7eb4c9c960d,21,I would like to sit in the sun.,/Volumes/Disc 2/1Pictures/Flashcard/sit.jpg
3328,1930bad8-f822-4884-9481-44493e0fa0e3,21,Where is my matching sock?,/Volumes/Disc 2/1Pictures/Flashcard/sock.jpg
3339,bab3ce4d-050c-4310-b16a-d94503f8a306,21,Happy Christmas!,"/Volumes/Disc 2/1Pictures/Flashcard/happy ,glad.jpg"
3338,ed8ea3e6-1467-457c-b9b7-6d7ae2e298ed,21,Hopefully we'll soon find a hotel.,/Volumes/Disc 2/1Pictures/Flashcard/find.jpg
3319,e02bab82-2c96-432c-98f2-8c38597ad296,21,Can you please help me with this tie? (K...) (inf.sing),/Volumes/Disc 2/1Pictures/Flashcard/tie.jpg
3321,ba5f4d1a-5dc8-4b7e-ad15-3417a8de3dd2,21,The wind blew his cap away.,/Volumes/Disc 2/1Pictures/Flashcard/cap.jpg
3385,6d3c4a97-4059-46e2-89fa-881a1b9f7eaa,21,The cat will come back.,/Volumes/Disc 2/1Pictures/Flashcard/back (returned).jpg
3324,b8866e6c-4682-4f76-9900-0b140a1f79a1,21,In this weather you need an umbrella. (form.sing),/Volumes/Disc 2/1Pictures/Flashcard/umbrella.jpg
3334,427c0e6c-1359-4866-8f7f-e901624502a9,21,You can use (b…) this container as a dustbin.,"/Volumes/Disc 2/1Pictures/Flashcard/use ,utilize.jpg"
3325,e696bff4-7b6a-447f-9e83-ee7c1f439de8,21,Du you like my new skirt? (inf.sing),/Volumes/Disc 2/1Pictures/Flashcard/skirt.jpg
3332,ac458ae1-4bde-4943-9d94-374c5fba29a6,21,I bought three t-shirts for the price of one.,/Volumes/Disc 2/1Pictures/Flashcard/tee-shirt-nt.jpg
3435,28adc495-ebdc-45f1-9814-6415f00acbf4,21,My piggy bank is full.,/Volumes/Disc 2/1Pictures/Flashcard/full.jpg
3558,67d9057e-d605-4b74-acf5-270807d31799,21,We cycled four kilometres.,/Volumes/Disc 2/1Pictures/Flashcard/kilometre.jpg
3439,a4f3c196-beac-4c23-8837-2c379eb1d1c6,21,Agreed! (A...) We'll go to the cinema this evening.,"/Volumes/Disc 2/1Pictures/Flashcard/agreed ,exc.jpg"
3557,635edd58-0244-4742-bf1c-c5382f17823f,21,I gained one kilo during my holidays.,/Volumes/Disc 2/1Pictures/Flashcard/kilo-nt.jpg
3554,b38b6e5d-8b2f-4f5a-b149-bec3a0450822,21,Can you explain to me exactly what has happened?  (inf.sing),"/Volumes/Disc 2/1Pictures/Flashcard/exactly ,exact.jpg"
3556,114e07a2-f4b8-4da7-9968-eb8febffc288,21,He jumps high,"/Volumes/Disc 2/1Pictures/Flashcard/high ,tall.jpg"
3387,38722f38-c0f2-4633-838c-8d25413284b7,21,Rubbish (A...) belongs in the rubbish bin.,/Volumes/Disc 2/1Pictures/Flashcard/rubbish.jpg
3367,1ab94251-edd5-4a38-8d13-2730a1d4cbe2,21,The children jump into the water.,/Volumes/Disc 2/1Pictures/Flashcard/into.jpg
3368,ebf1b3f5-76cb-4958-a069-1400ccc5c2c9,21,Turn left at the crossroads. (inf.sing),/Volumes/Disc 2/1Pictures/Flashcard/left.jpg
3364,b1040e6f-2a4c-421d-8df0-6653b52d8248,21,It drew him away (f...) to the strange land.,/Volumes/Disc 2/1Pictures/Flashcard/away.jpg
3371,b0dbcd4c-74bc-4fe5-bc7c-02545277f7ef,21,I am standing next to the entrance.,"/Volumes/Disc 2/1Pictures/Flashcard/beside ,next to.jpg"
3386,ab799d08-b3c3-43e8-bac4-97dc112b106b,21,That was a strange adventure.,/Volumes/Disc 2/1Pictures/Flashcard/adventure-nt.jpg
3471,53c82e76-5752-44f4-bf26-493f8e9d9d24,21,Can you differentiate between a bee and a wasp? (inf.sing),/Volumes/Disc 2/1Pictures/Flashcard/bee.jpg
3372,115a373f-18b8-4762-8dfd-7e31309d3675,21,Iceland lies in the north.,/Volumes/Disc 2/1Pictures/Flashcard/north.jpg
3383,dbf0f4ab-8599-4670-a05e-9cb66cd70fcc,21,It is too far to walk.,/Volumes/Disc 2/1Pictures/Flashcard/far (also wide).jpg
3375,8ccc0cdc-8bc4-40f1-9dc2-db07f6ce91b8,21,The town is situated on the right of the Rhine.,/Volumes/Disc 2/1Pictures/Flashcard/on the right.jpg
3412,9e08d947-5ed3-40fe-b509-6f1cdf373eba,21,The pollution must stop.,/Volumes/Disc 2/1Pictures/Flashcard/pollution.jpg
3391,99bb9a1e-f7de-4edc-9c07-536ee50e0dc5,21,I (have) planted a tree last year.,/Volumes/Disc 2/1Pictures/Flashcard/tree.jpg
3402,90fdf615-5880-43db-89b9-f96f85286707,21,An island is totally surrounded by water.,/Volumes/Disc 2/1Pictures/Flashcard/island.jpg
3393,81c2464e-0b57-4901-b4c2-147dfc7f833d,21,The building quickly caught fire. (B...),"/Volumes/Disc 2/1Pictures/Flashcard/fire ,burn.jpg"
3420,0dc9e98f-c252-4441-b8d9-268491cf8cff,21,We greet our guests.,/Volumes/Disc 2/1Pictures/Flashcard/greet.jpg
3445,11856ad9-51f1-4d9e-a7c7-5d7b04f1eaf6,21,I have received the present. Thank you!,/Volumes/Disc 2/1Pictures/Flashcard/thank you.jpg
3428,11fa3376-7be9-4671-b0b0-168876c99588,21,One portion roast pork with sour cabbage,/Volumes/Disc 2/1Pictures/Flashcard/portion.jpg
3419,1d789c73-e41e-4941-8521-c86898d24e63,21,I will accompany you to the exhibition. (inf.sing),/Volumes/Disc 2/1Pictures/Flashcard/accompany.jpg
3424,4cc45309-0ea7-4092-8a59-58c16a2b1176,21,I am sorry that you're not feeling well. (inf.sing),/Volumes/Disc 2/1Pictures/Flashcard/be sorry.jpg
3425,99b40f9a-06b2-40ef-9197-d1aec68cce09,21,What (How) should I call my kitten?,"/Volumes/Disc 2/1Pictures/Flashcard/name ,call.jpg"
3421,5cf0b2bc-e93d-40ed-b6cc-e79a5f32574a,21,I can recommend the stuffed cabbage rolls.,/Volumes/Disc 2/1Pictures/Flashcard/recommend.jpg
3422,35ae9f99-2c83-4861-99b0-06144892acdc,21,Have you enough money for the air ticket? (inf.sing),/Volumes/Disc 2/1Pictures/Flashcard/enough.jpg
3426,524698ae-9e5c-409c-a622-aca3dde7d34d,21,Have you seen my new pair of shoes? (inf.sing),/Volumes/Disc 2/1Pictures/Flashcard/pair-nt.jpg
3430,683d4523-e773-4499-862e-e32abe298c7d,21,"Come quickly, before the fireworks are over. (inf.sing)","/Volumes/Disc 2/1Pictures/Flashcard/quickly ,fast.jpg"
3453,5e6f1263-ad90-4696-b5f0-5341d18e18db,21,"Thanks, same to you!",/Volumes/Disc 2/1Pictures/Flashcard/same to you.jpg
3464,e4443cec-5f3a-46cc-a59e-7f30996f3042,21,"I think that was it, or is there anything else?",/Volumes/Disc 2/1Pictures/Flashcard/anything else.jpg
3458,967ca53e-a50f-466b-a451-99ff75131ea3,21,"Sorry, I have no idea!",/Volumes/Disc 2/1Pictures/Flashcard/no idea.jpg
3462,70e92139-f023-4583-9929-87da1df0c9e2,21,"I won't say it again, get out!",/Volumes/Disc 2/1Pictures/Flashcard/get out.jpg
3463,ecd35137-3c75-432b-8fd2-9af52fcb44df,21,But what a pity!,/Volumes/Disc 2/1Pictures/Flashcard/what a pity.jpg
3447,3aefb293-8873-47da-bf41-6d710e15dd2d,21,"You are correct, that's right.",/Volumes/Disc 2/1Pictures/Flashcard/thats right.jpg
3470,6428ddac-3a17-4d40-adcb-aa3fb44e1092,21,Monkey(s) live in the jungle.,/Volumes/Disc 2/1Pictures/Flashcard/monkey.jpg
3469,6dc9f2c5-b717-4e75-9c88-cb5c48aea1b4,21,For example,/Volumes/Disc 2/1Pictures/Flashcard/for example.jpg
3456,ca4930b5-1bd6-4d80-a751-567230b1dcd9,21,"Yes indeed, it will be done at once!",/Volumes/Disc 2/1Pictures/Flashcard/yes indeed.jpg
3459,ca8ae29f-a074-4810-8665-b4e24d25dd22,21,"Please, don't mention it! (impersonal)",/Volumes/Disc 2/1Pictures/Flashcard/dont mention it.jpg
3505,7a5fe669-e80d-4adb-b48f-34240dd78178,21,Hercules had phenomenal strength.,/Volumes/Disc 2/1Pictures/Flashcard/strength.jpg
3504,b006e10b-b33b-4434-895d-056f06693c76,21,The prisoners of war were entirely without hope.,/Volumes/Disc 2/1Pictures/Flashcard/hope.jpg
3482,9e4b56c2-1372-4f37-ae52-0040f486d3ea,21,My grandfather breeds rabbits.,/Volumes/Disc 2/1Pictures/Flashcard/rabbit-nt.jpg
3493,35a93d3d-d157-4557-b6b6-252055536437,21,What kind of animal is that?,/Volumes/Disc 2/1Pictures/Flashcard/animal-nt.jpg
3479,65865871-8ccc-4d99-b403-92ee47eb0161,21,The hen will be slaughtered for the weekend.,/Volumes/Disc 2/1Pictures/Flashcard/hen-nt.jpg
3494,0b128c32-116e-45bd-99a1-10d30af98a4b,21,The bird flew away.,/Volumes/Disc 2/1Pictures/Flashcard/bird.jpg
3488,484f71b9-bd2c-4832-811e-33c949e1ae61,21,The horse has thrown the rider off.,/Volumes/Disc 2/1Pictures/Flashcard/horse-nt.jpg
3502,70632994-cf40-43ef-94db-2906e2b57af4,21,We have luck with the weather.,"/Volumes/Disc 2/1Pictures/Flashcard/luck ,fortune-nt.jpg"
3495,0df9a6f1-e59b-4a01-8e35-a80245b825f4,21,He was stung by a wasp.,/Volumes/Disc 2/1Pictures/Flashcard/wasp.jpg
3513,e1e8ef28-06d7-44a1-a4fe-4db86e8326a5,21,The house was built in the classical style.,"/Volumes/Disc 2/1Pictures/Flashcard/style ,way ,manner.jpg"
3519,ade54439-5bf1-4c1d-99eb-81cc2faeb472,21,Please use caution. (form.sing),/Volumes/Disc 2/1Pictures/Flashcard/caution.jpg
3526,2f545809-00cd-495c-9ca9-24da18520e04,21,What have you got against the government?  (inf.sing),/Volumes/Disc 2/1Pictures/Flashcard/against.jpg
3518,f20adce5-a221-4ca2-b571-cc2f9ce28c76,21,I beg your pardon. (form.sing),"/Volumes/Disc 2/1Pictures/Flashcard/pardon ,sorry.jpg"
3511,247774bd-726b-498c-b1a1-322530ad001d,21,Our products are of the best quality.,/Volumes/Disc 2/1Pictures/Flashcard/quality.jpg
3509,5f4d3011-635f-47f6-8985-2568b68e8484,21,She showed a lot of courage.,/Volumes/Disc 2/1Pictures/Flashcard/courage.jpg
3524,b07e19f1-aa7b-4ede-9ee5-cccb8a6f6312,21,"It rained, however (d...) we had fun in spite of it.","/Volumes/Disc 2/1Pictures/Flashcard/but ,however ,yet.jpg"
3525,e3979ced-7a94-4f17-bb01-2cf0430e3df0,21,"Decide, either yes or no! (inf.sing)",/Volumes/Disc 2/1Pictures/Flashcard/eitheror.jpg
3516,00a8ee1f-8aed-435f-a87e-ac4b86762832,21,Such a surprise to meet you here! (inf.pl),/Volumes/Disc 2/1Pictures/Flashcard/surprise.jpg
3517,af2ca39b-929e-4ade-9b3f-f630fc536347,21,It has been a pleasure.,/Volumes/Disc 2/1Pictures/Flashcard/pleasure-nt.jpg
3528,e3be920a-a283-455e-9c01-508972299767,21,What do the trousers look like at the back?,/Volumes/Disc 2/1Pictures/Flashcard/at the back.jpg
3530,d2c7fb20-5e77-4bd9-a07a-7fc9002cb64a,21,Can you see me now? (inf.sing),/Volumes/Disc 2/1Pictures/Flashcard/me.jpg
3534,f3d2573a-b0bc-4687-8bcd-104cb453ef74,21,You don't (one doesn't) get far without money.,/Volumes/Disc 2/1Pictures/Flashcard/without.jpg
3542,6fa32df5-f43e-42d5-8984-f47d4738a9e7,21,What did you find? (inf.pl),/Volumes/Disc 2/1Pictures/Flashcard/what.jpg
3536,8279ac0c-44c2-4e5a-8292-68615d970b6c,21,You can see the Milky Way today.,/Volumes/Disc 2/1Pictures/Flashcard/see.jpg
3545,f814f50b-a061-4c09-9500-3c1a08f5515f,21,I know his name (what he is called).,/Volumes/Disc 2/1Pictures/Flashcard/know (facts).jpg
3538,8243ad30-2ab6-44dd-839e-93cb1dad01f0,21,You should do (tu...) something about this. (inf.pl),/Volumes/Disc 2/1Pictures/Flashcard/do.jpg
3548,719898fe-7ba8-48e8-95f3-3471eaa0b655,21,Where are you driving to with your car? (inf.sing),/Volumes/Disc 2/1Pictures/Flashcard/where to.jpg
3543,4d05ed7d-9d0a-4259-b9c5-0dbb1e4e2730,21,Which room do you have? (inf.pl),/Volumes/Disc 2/1Pictures/Flashcard/which.jpg
3541,a2dbef53-ecae-49d3-8da9-0e48b4880973,21,Why did he not come?,/Volumes/Disc 2/1Pictures/Flashcard/why.jpg
3547,a2ecbcbd-4028-491f-871d-dd0942aaf7be,21,Where do you come from? (inf.sing),/Volumes/Disc 2/1Pictures/Flashcard/where from.jpg
3566,3e1bbe93-8861-43ac-a61a-33bc1d54b2fa,21,The bucket is full to the edge (brim).,/Volumes/Disc 2/1Pictures/Flashcard/edge.jpg
3577,c9cc5f48-5453-4d50-a90b-8aeb050ea839,21,Please speak in a slow and clear (d...) manner (slowly and clearly). (inf.sing),/Volumes/Disc 2/1Pictures/Flashcard/clear.jpg
3567,1860a3b3-ec64-4117-99c7-9d5e929acf14,21,They danced round about the maypole.,/Volumes/Disc 2/1Pictures/Flashcard/round.jpg
3572,8dd16ff4-390a-4963-891e-81d047e595b5,21,We're having good weather in general.,/Volumes/Disc 2/1Pictures/Flashcard/general.jpg
3579,923d1e42-461b-48e2-9518-38e25f71d7b0,21,Do you agree (are you agreed) with that? (inf.sing),/Volumes/Disc 2/1Pictures/Flashcard/agreed.jpg
3568,d42e6e46-6767-4ccd-a0a0-3d2d5dfc4172,21,We will do as much sightseeing as we can.,"/Volumes/Disc 2/1Pictures/Flashcard/as much ,so much.jpg"
3571,745c1b02-96dc-490a-9be6-7374830b595c,21,This worm is seven centimetres long.,/Volumes/Disc 2/1Pictures/Flashcard/centimetre.jpg
3578,0a79e968-2a65-416e-b538-bbf52203530a,21,The two of them together are double (twice) as good.,/Volumes/Disc 2/1Pictures/Flashcard/double.jpg
3575,6010dca2-34a8-49c7-93ab-99bc8b9f721d,21,It is not always easy to be famous.,/Volumes/Disc 2/1Pictures/Flashcard/famous.jpg
1239,1f457ce4-7ff7-4fd1-957d-46cf7376d050,2,pleasant,/Volumes/Disc 2/2Pictures/Flashcard/pleasant.jpg
3583,be0c064f-004b-4a4a-8dfd-14ff27a44e25,21,Don't be so greedy! (inf.sing),/Volumes/Disc 2/1Pictures/Flashcard/greedy.jpg
3585,ec1a61d6-4966-437d-aed2-36d8e523dae5,21,The lobster tastes exquisite!,"/Volumes/Disc 2/1Pictures/Flashcard/exquisite , priceless.jpg"
1297,5f9c4612-836a-411f-8d61-575996f5f393,2,to bark,/Volumes/Disc 2/2Pictures/Flashcard/to bark.jpg
1241,408cae5c-bea0-4aa5-9cf7-9cca28286941,2,better,/Volumes/Disc 2/2Pictures/Flashcard/better.jpg
1298,e5b10570-3b96-42d8-82fd-59b27c4f6e5c,2,frog,/Volumes/Disc 2/2Pictures/Flashcard/frog.jpg
1233,d6dcde5e-e4bd-4c84-a5ea-b815113705f2,2,curious,/Volumes/Disc 2/2Pictures/Flashcard/curious.jpg
1237,ac045754-805a-4057-877e-7abe0aa0afe4,2,typical,/Volumes/Disc 2/2Pictures/Flashcard/typical.jpg
1249,0642fa67-5c05-4d29-b303-27233ff713e0,2,"strange ,odd","/Volumes/Disc 2/2Pictures/Flashcard/strange ,odd.jpg"
1226,382f08c8-2acb-43de-b07d-5890d27e81d2,2,"adequate ,suitable","/Volumes/Disc 2/2Pictures/Flashcard/adequate ,suitable.jpg"
1236,fe766a76-dc1d-4034-bdc8-410a1b1305d1,2,dirty (s…),/Volumes/Disc 2/1Pictures/Flashcard/dirty.jpg
1259,5c02911c-8586-41f4-aa58-1247e68cbb79,2,"defective ,weak","/Volumes/Disc 2/2Pictures/Flashcard/defective ,weak.jpg"
1266,3f07ea48-2254-4985-9576-98c065fa898e,2,dreadful,/Volumes/Disc 2/2Pictures/Flashcard/dreadful.jpg
1290,51d45126-9e34-434d-b518-bc0a4b74c8a8,2,less (adverb),/Volumes/Disc 2/2Pictures/Flashcard/less (adverb).jpg
1257,41f48e49-1674-4171-9905-b2cb04b760e4,2,"ready ,finished","/Volumes/Disc 2/2Pictures/Flashcard/ready ,finished.jpg"
1262,df30f965-00c1-4a35-928c-43b1195dd9f8,2,possible,/Volumes/Disc 2/2Pictures/Flashcard/possible.jpg
1263,dc3f698a-9318-4e13-a5dc-2611f4bcec45,2,new,/Volumes/Disc 2/2Pictures/Flashcard/new.jpg
1281,3a3dd65f-1f0a-4eda-bf54-7046eee66e16,2,sad,/Volumes/Disc 2/2Pictures/Flashcard/sad.jpg
1288,15bdfb0f-c1e4-4707-8446-8d65a4efd9a8,2,"scarcely ,hardly","/Volumes/Disc 2/2Pictures/Flashcard/scarcely ,hardly.jpg"
1283,7e2c25e5-b108-49d9-bcba-0a10134d16db,2,plump,/Volumes/Disc 2/2Pictures/Flashcard/plump.jpg
1273,f700d1ce-038a-44b4-9f9b-595d2ed7d989,2,"solid ,firm ,permanent","/Volumes/Disc 2/2Pictures/Flashcard/solid ,firm ,permament.jpg"
1280,09790a74-c185-47df-bcda-c7c9e860884c,2,innocent,/Volumes/Disc 2/2Pictures/Flashcard/innocent.jpg
1289,d69afcb5-84c8-4d52-98ad-de322caa868a,2,unfortunately,/Volumes/Disc 2/2Pictures/Flashcard/unfortunately.jpg
1318,ffd59761-ae1d-4889-b1b5-e5200a60be25,2,packet (P……n),/Volumes/Disc 2/2Pictures/Flashcard/packet.jpg
1321,d0968823-8391-43e8-a1ed-7cb48c23f0fa,2,"zip code ,post code","/Volumes/Disc 2/2Pictures/Flashcard/zip code ,post code.jpg"
1304,9883bf71-f9bf-435c-8294-9496bf60879e,2,rat,/Volumes/Disc 2/2Pictures/Flashcard/rat.jpg
1335,6dc15009-8843-4f6b-87d8-8bf3dbf02660,2,electrician,/Volumes/Disc 2/2Pictures/Flashcard/electrician.jpg
1347,a92799d9-6316-40c7-8ea5-2f67e31ac628,2,exhaust fumes,/Volumes/Disc 2/2Pictures/Flashcard/exhaust fumes.jpg
1325,3aa51b41-caa2-49f0-8dfa-1e382ddffddb,2,rubber stamp,/Volumes/Disc 2/2Pictures/Flashcard/rubber stamp.jpg
1330,001f1fab-f4ff-4c5c-979f-3d8bb948f275,2,chemist (Career),/Volumes/Disc 2/2Pictures/Flashcard/chemist.jpg
1333,548c7004-4f8f-4594-8d36-162597acf5d1,2,"director ,manager ,headmaster","/Volumes/Disc 2/2Pictures/Flashcard/director ,manager ,headmaster.jpg"
1334,8de79abc-c0e2-4de8-92c8-b45ea6dce386,2,interpreter,/Volumes/Disc 2/2Pictures/Flashcard/interpreter.jpg
1360,2a202944-de8f-487b-a31a-a5b089518d1e,2,breakdown (car),/Volumes/Disc 2/2Pictures/Flashcard/breakdown (car).jpg
1354,4ab147af-793a-4986-bb7a-05016838b3fc,2,vehicle,/Volumes/Disc 2/2Pictures/Flashcard/vehicle.jpg
1358,a78a8080-435c-4a4d-890c-b25aaf7f7fcb,2,engine,/Volumes/Disc 2/2Pictures/Flashcard/engine.jpg
1348,9c939c63-d8fe-43dd-8d20-0e71caf0d204,2,carwash,/Volumes/Disc 2/2Pictures/Flashcard/carwash.jpg
1355,6baba99f-48d8-4666-a058-f40e9c8d0007,2,gear (car),/Volumes/Disc 2/2Pictures/Flashcard/gear (car).jpg
1359,923d3474-4286-488c-9c6f-6643ee9d5827,2,oil,/Volumes/Disc 2/2Pictures/Flashcard/oil.jpg
1369,02c753fc-e31a-4f3b-bd76-080203462963,2,giving out of Christmas presents,/Volumes/Disc 2/2Pictures/Flashcard/giving out of Christmas presents.jpg
1367,9583a3f1-7c35-43a3-8527-6602c52ac44f,2,car (W…),/Volumes/Disc 2/2Pictures/Flashcard/car.jpg
1371,281edf23-7dbc-4f43-840e-bd2e54a0ea44,2,carnival (F…),/Volumes/Disc 2/2Pictures/Flashcard/carnival (F).jpg
1472,6db528f2-4414-49ca-8080-cbff7187feba,2,cracker,/Volumes/Disc 2/2Pictures/Flashcard/cracker.jpg
1372,76b8707e-1cee-4fd4-9ead-89cadd466258,2,to celebrate,/Volumes/Disc 2/2Pictures/Flashcard/to celebrate.jpg
1378,fbee5fdb-1d7f-4307-92b4-274a7cecbf64,2,carnival (K…),/Volumes/Disc 2/2Pictures/Flashcard/carnival (K).jpg
1387,fe444a42-05fe-4446-9e33-7683b6f63ce4,2,button,/Volumes/Disc 2/2Pictures/Flashcard/button.jpg
1393,12ab5183-ac10-4781-a00e-38c584b1768d,2,tie (S…),/Volumes/Disc 2/1Pictures/Flashcard/tie.jpg
1385,ef6bbe0e-bf92-43c3-8b31-2128b59df82f,2,glove,/Volumes/Disc 2/2Pictures/Flashcard/glove.jpg
1386,3b7108fd-2bac-4247-b37b-a13ba24df7b5,2,checked/checkered,/Volumes/Disc 2/2Pictures/Flashcard/checked-checkered.jpg
1403,355fda3a-e9bd-4102-834f-0b435141e458,2,never,/Volumes/Disc 2/2Pictures/Flashcard/never.jpg
1415,e2835f5e-f68a-4617-b6a1-a603753d6c72,2,Greece,/Volumes/Disc 2/2Pictures/Flashcard/Greece.jpg
1407,8157fbaa-8c41-4b15-8dc9-8c065016e299,2,"since ,since then","/Volumes/Disc 2/2Pictures/Flashcard/since ,since then.jpg"
1408,d2c24d30-c083-4254-baa9-067b8d7f1405,2,instead of,/Volumes/Disc 2/2Pictures/Flashcard/instead of.jpg
1462,f8f93a99-9b48-4314-9dda-cf2516acac42,2,"tin ,can (B…)","/Volumes/Disc 2/1Pictures/Flashcard/tin ,can.jpg"
1418,bfc32eb8-a3e6-4103-8776-e8725eaefadd,2,Austria,/Volumes/Disc 2/2Pictures/Flashcard/Austria.jpg
1417,16abf653-3767-4a08-b1bd-11bcbbddabc6,2,Italy,/Volumes/Disc 2/2Pictures/Flashcard/Italy.jpg
1436,d3f0d859-fc60-4ea9-9aa6-a8ae98b5dc00,2,nature,/Volumes/Disc 2/2Pictures/Flashcard/nature.jpg
1426,16d1c212-7e2d-4cd3-9022-7e16d120a83d,2,jungle,/Volumes/Disc 2/2Pictures/Flashcard/jungle.jpg
1470,b549acf7-9711-4ce0-bf3c-014971fa4333,2,cottage cheese,/Volumes/Disc 2/2Pictures/Flashcard/cottage cheese.jpg
1431,e8e7695f-6399-4980-821f-f6ff1f239af7,2,river,/Volumes/Disc 2/2Pictures/Flashcard/river.jpg
1422,16815eec-bd94-41b9-8afb-bb458332aa2e,2,Turkey,/Volumes/Disc 2/2Pictures/Flashcard/Turkey.jpg
1425,7c6b08d6-a49a-4b87-a3af-e9ea03659170,2,village,/Volumes/Disc 2/2Pictures/Flashcard/village.jpg
1475,38837c2f-02bd-487b-af5c-d8e56b143b80,2,slice,/Volumes/Disc 2/2Pictures/Flashcard/slice.jpg
1471,78aec0ab-b2c3-434b-986c-e61aaa0fb590,2,yoghurt,/Volumes/Disc 2/2Pictures/Flashcard/yoghurt.jpg
1477,ffa168ad-a2fc-40fe-b4b2-15f27f6571eb,2,fried egg,/Volumes/Disc 2/2Pictures/Flashcard/fried egg.jpg
1483,cee0a3a4-46e6-449e-9fb5-f8b48d53199f,2,cherry,/Volumes/Disc 2/2Pictures/Flashcard/cherry.jpg
1510,3a5c4e4a-8652-438b-9ab1-f2f417612814,2,chewing gum,/Volumes/Disc 2/2Pictures/Flashcard/chewing gum.jpg
1508,dd42f88b-f061-4bff-a19d-91b0e512a0e0,2,jelly,/Volumes/Disc 2/2Pictures/Flashcard/jelly.jpg
1498,6ce5ec76-ca6c-47a4-8673-b8f596159efa,2,chop,/Volumes/Disc 2/2Pictures/Flashcard/chop.jpg
1496,a0c9ca69-1e2e-4142-b185-dda925b3cb22,2,coffee pot,/Volumes/Disc 2/2Pictures/Flashcard/coffee pot.jpg
1500,ec118465-f577-4ecf-9b3f-05278cea56b5,2,liver,/Volumes/Disc 2/2Pictures/Flashcard/liver.jpg
1509,a620aa19-9f89-4b27-b17d-2ee28c1e3916,2,honey,/Volumes/Disc 2/2Pictures/Flashcard/honey.jpg
1511,a0885dcd-0adf-4e0b-96d3-b683b05deb65,2,stewed fruit,/Volumes/Disc 2/2Pictures/Flashcard/stewed fruit.jpg
1532,783d1a02-b6a5-4177-bbd5-aa74722755db,2,asparagus,/Volumes/Disc 2/2Pictures/Flashcard/asparagus.jpg
1519,b9cb6614-49fc-4639-949d-489fe680a961,2,"aubergine ,eggplant","/Volumes/Disc 2/2Pictures/Flashcard/aubergine ,eggplant.jpg"
1535,6ca1f9e6-8d56-491e-820a-9dc677d92da6,2,"zucchini ,courgette","/Volumes/Disc 2/2Pictures/Flashcard/zucchini ,courgette.jpg"
1536,540e2b2e-07a9-45d6-8881-6593ec5f4145,2,"improvement ,recovery","/Volumes/Disc 2/2Pictures/Flashcard/improvement ,recovery.jpg"
1584,99792c22-e3a3-4425-bdfa-3c8cd0b08376,2,make-up,/Volumes/Disc 2/2Pictures/Flashcard/make-up.jpg
1542,ef677ff7-fb3e-4cf6-992f-af96850ff66d,2,plaster cast,/Volumes/Disc 2/2Pictures/Flashcard/plaster cast.jpg
1564,c726a807-6a71-41d8-b082-4e288562e380,2,"tablet ,pill (T…)","/Volumes/Disc 2/2Pictures/Flashcard/tablet ,pill.jpg"
1568,4d0c3281-8d05-42ea-b3c1-c0e769e3fecf,2,allergy,/Volumes/Disc 2/2Pictures/Flashcard/allergy.jpg
1582,94d3326a-1241-4baf-ad09-7471b6f16f4e,2,curly,/Volumes/Disc 2/2Pictures/Flashcard/curly.jpg
1571,a4866d76-6ee3-4373-b88e-9c777f1b2356,2,flu,/Volumes/Disc 2/2Pictures/Flashcard/flu.jpg
1575,ba0f216a-b129-49fd-80f1-b72789fbfd86,2,headache,/Volumes/Disc 2/2Pictures/Flashcard/headache.jpg
1601,6888dc93-7204-4eba-b8b0-01982797458c,2,drawer,/Volumes/Disc 2/2Pictures/Flashcard/drawer.jpg
1609,62c1d5fe-1c8b-4c03-9107-daeb69bb9828,2,to dig,/Volumes/Disc 2/2Pictures/Flashcard/to dig.jpg
1592,8995acc3-972f-4e74-873f-d2bcd726c38f,2,sheet,/Volumes/Disc 2/2Pictures/Flashcard/sheet.jpg
1610,75af8acd-2424-46a6-b531-f583c30f86c2,2,to mow,/Volumes/Disc 2/2Pictures/Flashcard/to mow.jpg
1605,b2b6db4f-23a0-49a5-9cd7-9d3149c68291,2,dressing table,/Volumes/Disc 2/2Pictures/Flashcard/dressing table.jpg
1646,3acfdaad-2600-47bd-9583-61909c15911e,2,"pin ,needle",/Volumes/Disc 2/2Pictures/Flashcard/pin.jpg
1589,e1baad37-207c-44aa-b13a-ae825a528155,2,cotton bud,/Volumes/Disc 2/2Pictures/Flashcard/cotton bud.jpg
1619,1d52377f-0520-40a2-833f-344aaeaec871,2,entrance,/Volumes/Disc 2/2Pictures/Flashcard/entrance.jpg
1626,609d2470-a460-4a2e-914c-29eed48f5294,2,bell (door) (K…),/Volumes/Disc 2/2Pictures/Flashcard/bell (door).jpg
1621,295c95a8-351b-4729-9888-7f5ab30ddb9f,2,curtain (G…),/Volumes/Disc 2/1Pictures/Flashcard/curtain.jpg
1614,0f17c734-8d12-45dc-b785-c4957042b554,2,shrub,/Volumes/Disc 2/2Pictures/Flashcard/shrub.jpg
1620,693f797d-156c-477b-84cf-b070c2306fb2,2,window,/Volumes/Disc 2/2Pictures/Flashcard/window.jpg
1630,4577fc5e-e918-4270-bb31-d1d32c2027e9,2,ground floor (P…),/Volumes/Disc 2/2Pictures/Flashcard/ground floor.jpg
1629,c1b4ff2a-521a-46a5-a6eb-81d2dd10374a,2,furnished,/Volumes/Disc 2/2Pictures/Flashcard/furnished.jpg
1631,364089fd-cf72-4855-a73c-14057962d353,2,shelf,/Volumes/Disc 2/2Pictures/Flashcard/shelf.jpg
1637,6e89a539-4315-40de-8090-01000d24a389,2,"rubbish bin ,garbage can","/Volumes/Disc 2/2Pictures/Flashcard/rubbish bin ,garbage can.jpg"
1647,1b9b364a-7ee2-4e97-bc3d-205cea835cb8,2,tidy,/Volumes/Disc 2/2Pictures/Flashcard/tidy.jpg
1650,58b888af-0607-484b-a3d3-f4fdf361ace3,2,dust,/Volumes/Disc 2/2Pictures/Flashcard/dust.jpg
1635,f5481965-66dd-48b5-9403-ba6e4b2ba8eb,2,stairs,/Volumes/Disc 2/2Pictures/Flashcard/stairs.jpg
1640,c9d4aea6-a643-451f-ac6d-cd6ec8d1c0f2,2,thread,/Volumes/Disc 2/2Pictures/Flashcard/thread.jpg
1656,d337d253-7362-4c6f-b1b7-2a064e8f0d76,2,to wash up,/Volumes/Disc 2/2Pictures/Flashcard/to wash up.jpg
1668,af057223-5d7b-4083-b2da-9ae6a5955c1b,2,to shake,/Volumes/Disc 2/2Pictures/Flashcard/to shake.jpg
1674,301ac59f-3f56-48fa-b15c-caca76c23957,2,ashtray,/Volumes/Disc 2/2Pictures/Flashcard/ashtray.jpg
1663,fe0e2a2f-d8f4-4323-95de-b9ea44207615,2,corkscrew,/Volumes/Disc 2/2Pictures/Flashcard/corkscrew.jpg
1664,93f94ae2-b5d1-4180-8032-481d34b622bb,2,"tub ,pail","/Volumes/Disc 2/2Pictures/Flashcard/tub ,pail.jpg"
1665,d1142bec-c6c6-40ee-85f0-d6b45c24a2ab,2,"cloth ,rag (L…)","/Volumes/Disc 2/2Pictures/Flashcard/cloth ,rag.jpg"
1666,ad43cfd1-fc28-4c2c-93ce-c338bfe85157,2,to peel,/Volumes/Disc 2/2Pictures/Flashcard/to peel.jpg
1671,0a6b91da-6799-4f12-a2ed-613dd068a9c5,2,tray,/Volumes/Disc 2/2Pictures/Flashcard/tray.jpg
1653,88ea8d0c-a2be-4d95-a9bd-1e3fb7b62783,2,laundry,/Volumes/Disc 2/2Pictures/Flashcard/laundry.jpg
1689,c6a3b3ee-e7d2-4bb5-b7ee-6f43ce4d3057,2,including,/Volumes/Disc 2/2Pictures/Flashcard/including.jpg
1692,ae38b8f4-1310-4868-87c2-0287ae207160,2,reservation,/Volumes/Disc 2/2Pictures/Flashcard/reservation.jpg
1684,97c03d44-ec5b-4c91-9224-dc59818119bf,2,host,/Volumes/Disc 2/2Pictures/Flashcard/host.jpg
1704,81252513-cf87-4321-a232-b218790beca0,2,"funny ,amusing","/Volumes/Disc 2/2Pictures/Flashcard/funny ,amusing.jpg"
1707,cbf434e2-e0c7-4627-9ef9-afc41bb2cc8c,2,chess,/Volumes/Disc 2/2Pictures/Flashcard/chess.jpg
1708,9d1711c2-4b1e-44a7-ae39-8f2693e3defa,2,attraction (feature),/Volumes/Disc 2/2Pictures/Flashcard/attraction (feature).jpg
1733,099f28e7-1171-4d32-a50e-21e2be1981ac,2,coal,/Volumes/Disc 2/2Pictures/Flashcard/coal.jpg
1737,44e2f20d-2ee8-452c-ad3b-c51024e084e9,2,plastic,/Volumes/Disc 2/2Pictures/Flashcard/plastic.jpg
1726,3ffafe09-50fb-4881-b6e3-ec9ddb773c58,2,aluminium,/Volumes/Disc 2/2Pictures/Flashcard/aluminium.jpg
1736,db5a3329-be68-4622-9f30-eff127d516c7,2,nylon,/Volumes/Disc 2/2Pictures/Flashcard/nylon.jpg
1729,84b6b2f4-c153-41de-a5a6-908284ae883d,2,iron (household),/Volumes/Disc 2/1Pictures/Flashcard/iron.jpg
3690,a8171d0c-78e9-4db9-895e-629c7c6a53b2,22,When do you have to get up in the mornings? (inf.sing),"/Volumes/Disc 2/2Pictures/Flashcard/to stand up ,to get up.jpg"
1734,bb986588-d7ab-4be0-8fa1-14b3e455c09a,2,leather,/Volumes/Disc 2/2Pictures/Flashcard/leather.jpg
1738,c995e95f-6f78-4569-a56f-9f5976335fb6,2,silk,/Volumes/Disc 2/2Pictures/Flashcard/silk.jpg
1746,47b4cf92-1e24-441f-80b9-eb89294aef48,2,"choir , chorus","/Volumes/Disc 2/2Pictures/Flashcard/choir , chorus.jpg"
1742,4ac0a76c-4ff7-4188-9513-ea1bab30bfdc,2,wool,/Volumes/Disc 2/2Pictures/Flashcard/wool.jpg
1747,b2e0b679-6c45-450e-a611-25de410e68c5,2,conductor,/Volumes/Disc 2/2Pictures/Flashcard/conductor.jpg
1750,2bf5fc6f-b3e0-47ed-85d6-bb647eb27110,2,instrument,/Volumes/Disc 2/2Pictures/Flashcard/instrument.jpg
1745,b21b321d-3a5c-40d9-adf9-0fa239ed4bb5,2,CD,/Volumes/Disc 2/2Pictures/Flashcard/CD.jpg
1755,190e7d51-0c51-4236-9cc8-d17c89697ea7,2,concert,/Volumes/Disc 2/2Pictures/Flashcard/concert.jpg
1775,fa05f59a-8a38-4a0e-af09-b16ac541de40,2,Austrian,/Volumes/Disc 2/2Pictures/Flashcard/Austrian.jpg
1771,684d6530-43de-48af-9180-3d523df4568c,2,Irishman,/Volumes/Disc 2/2Pictures/Flashcard/Irishman.jpg
1773,b7be6432-21bd-45dc-9336-fd5a55b9fea4,2,Irish,/Volumes/Disc 2/2Pictures/Flashcard/Irish.jpg
1816,d4c7b300-6f3a-4869-a5ac-7e355a05f070,2,hip,/Volumes/Disc 2/2Pictures/Flashcard/hip.jpg
1776,20973c17-000d-4ead-a116-34c7887d1e30,2,Swiss (male),/Volumes/Disc 2/2Pictures/Flashcard/Swiss (male).jpg
1777,70291710-2ea0-4a02-895f-f72f25e184d7,2,Spaniard,/Volumes/Disc 2/2Pictures/Flashcard/Spaniard.jpg
1788,7d981596-cda0-42cc-93f9-e788e6aa052b,2,well-known,/Volumes/Disc 2/2Pictures/Flashcard/well-known.jpg
1790,ba384a40-a2a1-4182-9945-813ad378c17f,2,exhausted,/Volumes/Disc 2/2Pictures/Flashcard/exhausted.jpg
1791,f2f8056e-b148-49b5-9c25-1344df357c3f,2,"surprised, astonished","/Volumes/Disc 2/2Pictures/Flashcard/surprised, astonished.jpg"
1817,ea03eb2d-263b-46f2-8cf5-8fb1aa46770f,2,chin,/Volumes/Disc 2/2Pictures/Flashcard/chin.jpg
1792,f84c331f-1f78-4217-b6e9-d42738f5d01a,2,fine,/Volumes/Disc 2/2Pictures/Flashcard/fine.jpg
1794,070d01fe-0bd7-45d4-b559-0ae74b39f3c9,2,terrible,/Volumes/Disc 2/2Pictures/Flashcard/terrible.jpg
1800,d1f7f592-4309-4a5b-adfb-41e57554e656,2,shy (s……u),/Volumes/Disc 2/2Pictures/Flashcard/shy (su).jpg
1804,9c74edbc-00c0-4d90-9b10-26f8a7d4bfbc,2,"in vain ,of no avail","/Volumes/Disc 2/2Pictures/Flashcard/in vain ,of no avail.jpg"
1806,70cd6311-7af3-4075-83db-ff552f802bf2,2,spoilt,/Volumes/Disc 2/2Pictures/Flashcard/spoilt.jpg
3797,d1272b58-f15e-4525-b35a-fa013a00c7a7,22,He is my best friend.,/Volumes/Disc 2/2Pictures/Flashcard/best.jpg
1798,d1f2c4be-0bfa-4f5e-a832-c870a97700ef,2,optimistic,/Volumes/Disc 2/2Pictures/Flashcard/optimistic.jpg
1813,f834be72-4905-47fe-afd6-a81e9ec73f53,2,bald head,/Volumes/Disc 2/2Pictures/Flashcard/bald head.jpg
1827,b7e3e05c-a614-45bb-8357-13e168b71f4d,2,tear (crying),/Volumes/Disc 2/2Pictures/Flashcard/tear (crying).jpg
1829,9e42f530-2009-4b44-8c11-f9dcf9af64da,2,cousin (male) (C…),/Volumes/Disc 2/1Pictures/Flashcard/cousin (male).jpg
1835,91d88237-ad51-4193-9769-5638fe18f205,2,pregnant,/Volumes/Disc 2/2Pictures/Flashcard/pregnant.jpg
1824,7858c5bc-414d-4826-b42f-f3c6e60d848d,2,voice,/Volumes/Disc 2/2Pictures/Flashcard/voice.jpg
1859,ac083b37-d8a0-47b5-80a5-3368c215dc8b,2,in a good mood,/Volumes/Disc 2/2Pictures/Flashcard/in a good mood.jpg
1856,46d8926d-01c3-4583-9376-e8f4c4e88334,2,frustration,/Volumes/Disc 2/2Pictures/Flashcard/frustration.jpg
1938,c31b2cd1-ab3a-4bb7-9a99-cc08a47656c5,2,"equal ,same","/Volumes/Disc 2/2Pictures/Flashcard/equal ,same.jpg"
1846,4ab30b27-f597-4a59-ad67-051c9e99a224,2,"present ,gift","/Volumes/Disc 2/2Pictures/Flashcard/present ,gift.jpg"
1857,dafa84e2-c213-4ae0-b0b6-7be617aff651,2,born,/Volumes/Disc 2/2Pictures/Flashcard/born.jpg
1840,11118659-8b2e-431a-91cd-342536537397,2,request,/Volumes/Disc 2/2Pictures/Flashcard/request.jpg
1849,558a98ae-c2ae-45ae-ad68-0f1f36184d0d,2,"conversation ,entertainment (U…)","/Volumes/Disc 2/2Pictures/Flashcard/conversation ,entertainment.jpg"
1863,fcd708ce-349f-4d22-ad42-b52dbd9d5959,2,life,/Volumes/Disc 2/2Pictures/Flashcard/life.jpg
1867,a9c7505b-fad9-4474-a5fe-73b72a29f905,2,protection,/Volumes/Disc 2/2Pictures/Flashcard/protection.jpg
1868,b5f33c33-3f99-4a9d-87de-5db41718522a,2,"care ,worry","/Volumes/Disc 2/2Pictures/Flashcard/care ,worry.jpg"
1872,e458433d-98c6-417a-848c-2f17b3256f84,2,embarrassed,/Volumes/Disc 2/2Pictures/Flashcard/embarrassed.jpg
2087,324435a9-fe38-4704-bf04-c4606a8fe0ff,2,club (K…),/Volumes/Disc 2/2Pictures/Flashcard/club (K).jpg
1871,84ccfb45-51c0-438a-9fee-a966dccc615c,2,"bad luck ,misfortune (U…)","/Volumes/Disc 2/2Pictures/Flashcard/bad luck ,misfortune.jpg"
1874,cc95dad3-1fc8-45de-88da-915519dd2a88,2,"anger ,fury","/Volumes/Disc 2/2Pictures/Flashcard/fury ,anger.jpg"
1879,737ce55a-286e-48f1-b056-044d6baf34ac,2,entrance (ie onto a train/bus),/Volumes/Disc 2/2Pictures/Flashcard/entrance (ie onto a train-bus).jpg
1888,c71877df-bc00-4943-b0ff-69b6d14a087f,2,driving licence,/Volumes/Disc 2/2Pictures/Flashcard/driving licence.jpg
1890,e76b3160-c7ce-475e-9765-174556975b20,2,"crossing ,intersection (K…)","/Volumes/Disc 2/2Pictures/Flashcard/crossing ,intersection.jpg"
1894,3411595b-633a-4c7a-b89f-ceb39db9cc76,2,traffic,/Volumes/Disc 2/2Pictures/Flashcard/traffic.jpg
1892,3f564993-c63a-44cd-b9fe-b7ca94139b43,2,"cross roads ,intersection","/Volumes/Disc 2/2Pictures/Flashcard/cross roads ,intersection.jpg"
1914,88aae65b-f155-42ce-8458-c8646d8b6e7d,2,ruler,/Volumes/Disc 2/2Pictures/Flashcard/ruler.jpg
1885,ad6561f8-b234-49d9-be38-2c112ba7f316,2,connection / association,/Volumes/Disc 2/2Pictures/Flashcard/connection - association.jpg
1897,489b1abd-457d-4429-94d5-d45e3e11a730,2,A-level exam,/Volumes/Disc 2/2Pictures/Flashcard/A-level exam.jpg
1918,5687c3a8-30f2-4b93-a069-ebdcaab834a3,2,headmaster,/Volumes/Disc 2/2Pictures/Flashcard/headmaster.jpg
1917,7d12faa9-77cd-459a-be4f-b7a032343339,2,to write,/Volumes/Disc 2/2Pictures/Flashcard/to write.jpg
1909,2da87901-2880-4a5b-9c97-60a5bddbf71f,2,to understand (coll.),/Volumes/Disc 2/2Pictures/Flashcard/to understand (coll-).jpg
1921,929d8e87-7884-49e8-80dd-135d80ab47e2,2,word,/Volumes/Disc 2/2Pictures/Flashcard/word.jpg
1912,c54e6d30-b5ac-4a8b-b0d3-aa5da458f662,2,biro,/Volumes/Disc 2/2Pictures/Flashcard/biro.jpg
3812,878701cd-ea33-43c6-8039-e839cc754b2e,22,Only Achilles' heel was vulnerable.,/Volumes/Disc 2/2Pictures/Flashcard/heel.jpg
1951,2b419def-bf28-4b8e-9464-9dd0906e19f7,2,percent,/Volumes/Disc 2/2Pictures/Flashcard/percent.jpg
1960,e37f8e0b-d5ae-47f5-8b94-f2c7363e48aa,2,vending machine,/Volumes/Disc 2/2Pictures/Flashcard/vending machine.jpg
1959,14c61396-6aa0-4814-ab6f-b13f57fc0a6b,2,"selection ,choice (A…)","/Volumes/Disc 2/2Pictures/Flashcard/selection ,choice.jpg"
1950,4906448c-e430-4d4b-ade5-ffec0742c245,2,"a couple, a few","/Volumes/Disc 2/2Pictures/Flashcard/a couple, a few.jpg"
1963,4fe91154-be45-4872-ac39-a418d5843966,2,purchase,/Volumes/Disc 2/2Pictures/Flashcard/purchase.jpg
1964,5a811dac-827e-4f3d-ba6e-a51b24f2fd63,2,guarantee,/Volumes/Disc 2/2Pictures/Flashcard/guarantee.jpg
1976,79ad4b87-4418-40b5-929c-f553a85dd59d,2,"to suit ,fit","/Volumes/Disc 2/2Pictures/Flashcard/to suit ,fit.jpg"
1970,197f2e0b-20cf-414d-8d36-37fec5462a86,2,clothing (ready to wear),/Volumes/Disc 2/2Pictures/Flashcard/clothing (ready to wear).jpg
1978,edb3ed7c-ed23-49ac-9afe-acdd2ae30f79,2,"cheap ,good value (p…)","/Volumes/Disc 2/2Pictures/Flashcard/cheap ,good value.jpg"
1980,6167cc65-c771-4646-9466-7f0de43b24f2,2,worth,/Volumes/Disc 2/2Pictures/Flashcard/worth.jpg
1981,1ee6d2b3-b4e4-49a8-9f39-f3eafe539b6a,2,"pharmacy ,chemist ,drug store  (A…)","/Volumes/Disc 2/2Pictures/Flashcard/pharmacy ,chemist ,drug store.jpg"
1986,e4d76217-c8a0-439a-8075-d22079f2c5f6,2,"chemist ,drug store  (D…)","/Volumes/Disc 2/2Pictures/Flashcard/chemist ,drug store.jpg"
2006,29cb79c8-181f-49cf-9146-5f44298870d3,2,hunger,/Volumes/Disc 2/2Pictures/Flashcard/hunger.jpg
1997,17536c00-6c5d-4703-be97-d13eb87ac37a,2,dry cleaner,/Volumes/Disc 2/2Pictures/Flashcard/dry cleaner-s.jpg
2002,386a5986-c5d0-46bc-af89-97565572a58f,2,opposite (contrast),/Volumes/Disc 2/2Pictures/Flashcard/opposite (contrast).jpg
1991,7e574d8c-b85c-4873-b5de-1bf410c52637,2,barber shop,/Volumes/Disc 2/2Pictures/Flashcard/barber shop.jpg
2010,ba8f40dd-48e3-4e75-8c03-5ff9f1ca0323,2,problem,/Volumes/Disc 2/2Pictures/Flashcard/problem.jpg
2007,90900cab-09cb-425c-9aac-1f5c2ad7ef9f,2,idea (I…),/Volumes/Disc 2/2Pictures/Flashcard/idea.jpg
2030,c5046e58-d4b6-4362-889e-a673853397f9,2,sport,/Volumes/Disc 2/2Pictures/Flashcard/sport.jpg
2031,d68fe3d3-ba0d-47cb-b501-5b79d5592750,2,goal,/Volumes/Disc 2/2Pictures/Flashcard/goal.jpg
2022,3023f026-09c1-441a-8b21-2c945cb8630c,2,race,/Volumes/Disc 2/2Pictures/Flashcard/race.jpg
2027,5ee54fab-3c18-4bbd-a500-c2fad0180c8d,2,"referee ,umpire","/Volumes/Disc 2/2Pictures/Flashcard/referee ,umpire.jpg"
2028,ea7feee2-8600-45be-a1f9-fccdf7d47eeb,2,game,/Volumes/Disc 2/2Pictures/Flashcard/game.jpg
4293,28fbdb75-1cb0-4d24-b9b1-f00b055958dd,22,The oak was struck by lightning.,/Volumes/Disc 2/2Pictures/Flashcard/lightning.jpg
2020,4e11c555-f3c2-4e6f-9e57-5440e40627cf,2,fit,/Volumes/Disc 2/2Pictures/Flashcard/fit.jpg
2029,61b672f2-2abd-450b-a8be-fe40fa7cf42c,2,to play,/Volumes/Disc 2/2Pictures/Flashcard/to play.jpg
2040,a45d5a84-3bb1-45d8-89fe-b9116344d993,2,football,/Volumes/Disc 2/2Pictures/Flashcard/football.jpg
2038,22981ea6-8ade-4ed3-8f11-131cec202604,2,badminton (B…),/Volumes/Disc 2/2Pictures/Flashcard/badminton (1).jpg
2039,8d9f14b6-04a6-4988-b350-1e64d95acd3e,2,badminton (F…),/Volumes/Disc 2/2Pictures/Flashcard/badminton (2).jpg
2045,1addbbf9-252c-4e2b-b2fd-6d2e9ad7d2ed,2,ski,/Volumes/Disc 2/2Pictures/Flashcard/ski.jpg
2033,89c08265-ea8a-455f-b872-e6a4bea41407,2,competition,/Volumes/Disc 2/2Pictures/Flashcard/competition.jpg
2079,f77967dd-4126-4bc4-b0aa-df0de6d804e4,2,"well ,fountain","/Volumes/Disc 2/2Pictures/Flashcard/well ,fountain.jpg"
2063,80b05375-3fec-46e0-9264-74531daf12d5,2,"yearly ,annually","/Volumes/Disc 2/2Pictures/Flashcard/yearly ,annually.jpg"
2066,a2fc35f7-2951-4a8f-a455-ca7cedf8c1fe,2,monthly,/Volumes/Disc 2/2Pictures/Flashcard/monthly.jpg
2060,b20f87af-ab41-4296-8126-04532bd7819c,2,"at last ,finally","/Volumes/Disc 2/2Pictures/Flashcard/at last ,finally.jpg"
2068,f28eeaf7-210f-4a5b-ba54-297ab119ece5,2,already,/Volumes/Disc 2/2Pictures/Flashcard/already.jpg
2067,638727cd-7e98-40cd-af5c-7ed470673564,2,"finally ,after all","/Volumes/Disc 2/2Pictures/Flashcard/finally ,after all.jpg"
2094,3b4ce7d4-a432-4fc1-8260-a4076f6bf64c,2,path,/Volumes/Disc 2/2Pictures/Flashcard/path.jpg
2096,78f38f6f-3534-40cd-926d-a78061bdd583,2,central,/Volumes/Disc 2/2Pictures/Flashcard/central.jpg
2085,193c6ffd-048f-48d4-9280-7b74bd43b7e2,2,bell (G…),/Volumes/Disc 2/2Pictures/Flashcard/bell.jpg
2080,c4e09ade-4d95-4da3-9965-ec93a1119b67,2,civil,/Volumes/Disc 2/2Pictures/Flashcard/civil.jpg
2092,9c280a75-840b-4c21-be03-d7535c71ae0b,2,accommodation,/Volumes/Disc 2/2Pictures/Flashcard/accommodation.jpg
2090,722e7253-584b-46f9-8a45-a1cf83d1116d,2,poster,/Volumes/Disc 2/2Pictures/Flashcard/poster.jpg
2078,8b0f2293-f89f-42d5-9d5e-d05b46c17cc0,2,flower bed,/Volumes/Disc 2/2Pictures/Flashcard/flower bed.jpg
2110,c3bf9c76-46cd-40e4-ad18-134ff8f4a094,2,bus company,/Volumes/Disc 2/2Pictures/Flashcard/bus company.jpg
2119,66011265-91dc-42ff-ba34-ab515876a0ef,2,direction,/Volumes/Disc 2/2Pictures/Flashcard/direction.jpg
2370,b0e462b7-72d8-4b95-b1fb-6d47a9977c9c,2,wall (exterior),/Volumes/Disc 2/2Pictures/Flashcard/wall (exterior).jpg
2117,e90501a7-09e0-4751-809e-08a734ee4371,2,"curve ,bend","/Volumes/Disc 2/2Pictures/Flashcard/curve ,bend.jpg"
2131,73203e6a-7691-4b57-b8be-f2c1682912c0,2,information office,/Volumes/Disc 2/2Pictures/Flashcard/information office.jpg
2121,0b4e62c8-06c4-43c3-842e-33308c4cdd39,2,flight departure,/Volumes/Disc 2/2Pictures/Flashcard/flight departure.jpg
2125,f8d5b440-3209-445b-b569-6fbf902e6dee,2,brochure,/Volumes/Disc 2/2Pictures/Flashcard/brochure.jpg
2126,5adca6a3-775d-4b34-bcbc-fe069936440a,2,"direct ,non-stop","/Volumes/Disc 2/2Pictures/Flashcard/direct ,non-stop.jpg"
2124,05467c0d-ea33-43f8-8abe-885493235795,2,"booking ,registration","/Volumes/Disc 2/2Pictures/Flashcard/booking ,registration.jpg"
2164,6325b1c8-4cd7-4542-bd01-d4409e6bc839,2,to stay (remain),/Volumes/Disc 2/2Pictures/Flashcard/to stay (remain).jpg
2165,fc3e5df6-c47a-428d-a5fb-4963369a9e2d,2,to bring,/Volumes/Disc 2/2Pictures/Flashcard/to bring.jpg
2168,b23cce6b-b26f-4812-9a4b-b732f51beadf,2,to ask,/Volumes/Disc 2/2Pictures/Flashcard/to ask.jpg
2167,4c8f23e9-52b6-4995-b277-ce190769ea3d,2,to decide,/Volumes/Disc 2/2Pictures/Flashcard/to decide.jpg
2150,b644e72f-4a0d-4ce2-8018-d054ab010102,2,TV set,/Volumes/Disc 2/2Pictures/Flashcard/TV set.jpg
2151,e70b1ec0-9353-4f57-8292-6758f58df7f2,2,to watch TV,/Volumes/Disc 2/2Pictures/Flashcard/to watch TV.jpg
2185,9b96f1b4-b7ff-4f90-9517-c6d1fdd8c978,2,"to advise ,guess","/Volumes/Disc 2/2Pictures/Flashcard/to advise ,guess.jpg"
2188,eff79c32-2cf9-4915-831d-395901a28b2b,2,"to push ,shove","/Volumes/Disc 2/2Pictures/Flashcard/to push ,shove.jpg"
2179,ffbbb061-eed9-4aa6-a25e-9eed854b72d9,2,"to press ,push ,print","/Volumes/Disc 2/2Pictures/Flashcard/to press ,push ,print.jpg"
2173,3fd3af5c-02dc-4882-9948-0994bf71d437,2,to tear,/Volumes/Disc 2/2Pictures/Flashcard/to tear.jpg
2180,d0f763b5-ca84-4c16-af9b-1487615ee3bc,2,to frighten,/Volumes/Disc 2/2Pictures/Flashcard/to frighten.jpg
2189,1cf499e4-d3b2-44a5-988e-647a8a15dfc8,2,"to close ,to finish ,to shut","/Volumes/Disc 2/2Pictures/Flashcard/to close ,to finish ,to shut.jpg"
2191,26771263-e2bb-496a-b3c7-5dd01a9b6385,2,to cry (tears),/Volumes/Disc 2/2Pictures/Flashcard/to cry (tears).jpg
2215,c0933001-9a2a-4ca7-8d35-40da73150863,2,away (from the speaker),/Volumes/Disc 2/2Pictures/Flashcard/away from the speaker.jpg
2221,30ed6532-255f-4237-aab0-7316f30571fd,2,forwards,/Volumes/Disc 2/2Pictures/Flashcard/forwards.jpg
2216,6f9e5c43-8c4f-4051-96cb-e325f014d8f4,2,in (h…),/Volumes/Disc 2/2Pictures/Flashcard/in.jpg
2204,4a3aa814-275d-48c0-9648-dbd9651627a7,2,"damp,wet","/Volumes/Disc 2/2Pictures/Flashcard/damp,wet.jpg"
2199,09b2230c-63fa-4ca0-8211-8268b69f0639,2,thunderstorm,/Volumes/Disc 2/2Pictures/Flashcard/thunderstorm.jpg
2207,121347d7-8e83-4d38-9817-98a41eb7b8b4,2,icy,/Volumes/Disc 2/2Pictures/Flashcard/icy.jpg
2210,5c63fee7-3fed-4793-96fa-44af5648a8a1,2,windy,/Volumes/Disc 2/2Pictures/Flashcard/windy.jpg
2237,10e48858-532c-4400-b648-f398b7261aed,2,"end of work ,'home time'","/Volumes/Disc 2/2Pictures/Flashcard/end of work ,-home time-.jpg"
2227,b418238a-e220-49fd-89ea-a34255ac1385,2,"work , job","/Volumes/Disc 2/2Pictures/Flashcard/work , job.jpg"
2226,5d9d5d78-05de-453f-973c-6a997ea5b430,2,"job ,position","/Volumes/Disc 2/2Pictures/Flashcard/job ,position.jpg"
2230,32f92211-c21a-43fe-a8c8-6ee4234fae55,2,employee (Ar…),/Volumes/Disc 2/2Pictures/Flashcard/employee (Ar).jpg
2232,2ab67134-5839-45f3-a131-d8af5eecf9fc,2,profession,/Volumes/Disc 2/2Pictures/Flashcard/profession.jpg
2233,0482369a-1f2f-4c86-81ff-0d39a83c5835,2,professional,/Volumes/Disc 2/2Pictures/Flashcard/professional.jpg
2238,4bbfb526-7eff-49ff-a45c-46ba2a096558,2,firm,/Volumes/Disc 2/2Pictures/Flashcard/firm.jpg
2257,cc67d2e7-c29c-46dc-a996-a424c1c85764,2,to apply (for a job),/Volumes/Disc 2/2Pictures/Flashcard/to apply (for a job).jpg
2255,df4d7d78-ae38-442e-8aa2-169c59fabfbc,2,apprentice,/Volumes/Disc 2/2Pictures/Flashcard/apprentice.jpg
2586,619da905-e0e4-4bdb-b9ef-51a0db592840,21,What kind of furniture is there in a bedroom?,/Volumes/Disc 2/1Pictures/Flashcard/furniture-nt.jpg
2483,c488b1a0-d5c9-4b44-bf2f-6c45057d208c,2,"to place ,put","/Volumes/Disc 2/2Pictures/Flashcard/to place ,put.jpg"
2490,85cbb006-dbdb-4da2-bf87-dcaa0a0a0cfe,2,wall (interior),/Volumes/Disc 2/2Pictures/Flashcard/wall (interior).jpg
3201,8721be31-f7f9-4a87-9365-762bdef105a5,2,to spit or hiss,/Volumes/Disc 2/2Pictures/Flashcard/to spit-hiss.jpg
3227,8254bd17-3956-4abb-bfd6-bd1b18740aa6,2,to lust,/Volumes/Disc 2/2Pictures/Flashcard/lust.jpg
3231,fa793cc2-9a91-48e9-ba6b-c24403ff6e44,2,to nod,/Volumes/Disc 2/2Pictures/Flashcard/to nod.jpg
2970,74e0995d-2d5b-4cc5-8ea3-e6acbbe931fb,2,riding,/Volumes/Disc 2/2Pictures/Flashcard/riding.jpg
3274,c4c47348-cb99-42c7-af7d-f2010c9ce965,2,to go away,/Volumes/Disc 2/2Pictures/Flashcard/to go away.jpg
3597,75a53124-4609-45c6-bc7e-fd3bc79d0fb6,22,You are too young to drive. (inf.sing),/Volumes/Disc 2/2Pictures/Flashcard/young.jpg
3590,d9eaa4da-7162-43a2-969a-c529cdb88776,22,A full cup is suitable.,"/Volumes/Disc 2/2Pictures/Flashcard/adequate ,suitable.jpg"
3594,686860e7-d864-449c-ac01-8a8947d2c357,22,The audience was in a good mood.,/Volumes/Disc 2/2Pictures/Flashcard/in a good mood.jpg
3603,f8231401-6213-4a88-bc5e-f165fb6c5203,22,Moss is typical for this area.,/Volumes/Disc 2/2Pictures/Flashcard/typical.jpg
3605,f42174ae-69b3-4d47-be22-20c194798a0b,22,Moles are blind.,/Volumes/Disc 2/2Pictures/Flashcard/blind.jpg
3602,a3db0d5a-bb99-489b-9b65-4da71800d30a,22,This arithmetic problem is difficult.,/Volumes/Disc 2/2Pictures/Flashcard/difficult.jpg
3601,d4a43421-e834-49f2-847c-1917d333f49d,22,Don't come into the house with the dirty (s...) shoes. (inf.pl),/Volumes/Disc 2/1Pictures/Flashcard/dirty.jpg
3595,d3afb086-37d9-4232-a46e-c1d4906c68d8,22,The main thing is that we stay healthy.,/Volumes/Disc 2/2Pictures/Flashcard/main.jpg
3596,1e82cae1-f635-44c8-a7d8-ad9c2552a30b,22,It is an historical building.,/Volumes/Disc 2/2Pictures/Flashcard/historical.jpg
3600,1e14616a-897d-4e0c-9308-7975977b10e1,22,A professional footballer can become very rich.,/Volumes/Disc 2/2Pictures/Flashcard/rich.jpg
3614,a36555df-ad0b-453a-8de1-758244a66939,22,She is very proud of her diploma.,/Volumes/Disc 2/2Pictures/Flashcard/proud.jpg
3626,ab612573-4282-4060-b63c-16efbb8e4c26,22,He shaves himself every morning.,/Volumes/Disc 2/2Pictures/Flashcard/to shave oneself.jpg
3612,f762436d-dbb3-45fa-8eb6-73d48a86eed2,22,Casablanca is my favourite movie.,/Volumes/Disc 2/2Pictures/Flashcard/favourite.jpg
3723,d58c0a89-1b2c-4142-9327-2940cfa2f3c9,22,The list of applicants is very long.,/Volumes/Disc 2/2Pictures/Flashcard/list.jpg
3609,20404b69-14e4-40e7-9667-8feac2b74ece,22,Such an intelligent elephant!,/Volumes/Disc 2/2Pictures/Flashcard/intelligent.jpg
3615,2e70a2d5-560f-48c8-99bd-f3fd35645fc6,22,Sadness can be a sign of depression.,/Volumes/Disc 2/2Pictures/Flashcard/sadness.jpg
3617,86a7c13d-b151-444d-ab2d-694f30d6d951,22,His anger was great but quickly subsided.,"/Volumes/Disc 2/2Pictures/Flashcard/fury ,anger.jpg"
3623,18973d5d-f96a-41f4-af64-afd24c024381,22,The child has curly hair.,/Volumes/Disc 2/2Pictures/Flashcard/curly.jpg
3638,2c6e922a-3b9f-4f89-8d9b-3e09c15443bf,22,That was the funniest (l...) joke!,"/Volumes/Disc 2/2Pictures/Flashcard/funny ,amusing.jpg"
3635,444caea0-a660-4df2-9719-c8de3b18e95e,22,The host greets his guests.,/Volumes/Disc 2/2Pictures/Flashcard/host.jpg
3644,573b3148-7a4b-471e-b8b1-9fd30d7918bc,22,I like to see the acrobats in the circus.,/Volumes/Disc 2/2Pictures/Flashcard/circus.jpg
3629,bffe5654-9ab0-4841-8526-cbdb1441c5f8,22,The tap is dripping.,"/Volumes/Disc 2/2Pictures/Flashcard/tap ,faucet.jpg"
3648,b92116e6-4c3e-4dd2-b3f5-c819c580c722,22,I would like a sandwich with ham.,/Volumes/Disc 2/2Pictures/Flashcard/sandwich.jpg
3632,99933ab6-4bfd-4828-b4c3-845ed5907195,22,This album has beautiful pictures.,/Volumes/Disc 2/2Pictures/Flashcard/album.jpg
3633,3b79fd57-4468-4fca-834a-8511623b2231,22,Which necklace should I wear to the ball?,"/Volumes/Disc 2/1Pictures/Flashcard/ball, dance.jpg"
3647,dc3e8e19-ba6c-4ba8-b7ea-211e4c040897,22,"Do you have a can (B...) of beans, please? (formal)","/Volumes/Disc 2/1Pictures/Flashcard/tin ,can.jpg"
3641,7acb5cda-571c-4b62-b1fb-f0c6f3dabf4e,22,Are you playing rugby today? I will be watching the match on television. (inf.sing),/Volumes/Disc 2/2Pictures/Flashcard/to play.jpg
3654,2a616d29-6c7a-473d-ba1d-eeaf683f9ade,22,I like to eat yoghurt with fruit.,/Volumes/Disc 2/2Pictures/Flashcard/yoghurt.jpg
3670,341d706d-8d43-453b-b7f3-3c24d9f42c63,22,One can take a mud bath at (in) the health spa.,/Volumes/Disc 2/2Pictures/Flashcard/health spa - health resort.jpg
3655,fa15916e-fc45-4400-8d2f-3b36b3d9fa45,22,Crackers taste good with cheese and grapes.,/Volumes/Disc 2/2Pictures/Flashcard/cracker.jpg
3656,d27b49d4-afb8-4f89-9b09-29e007ab1fc5,22,We decorate the chocolate cake with almonds.,/Volumes/Disc 2/2Pictures/Flashcard/almond.jpg
3664,df1c51b2-22ad-4c7c-af33-c7e5de0a0e0c,22,All drugs cause addiction.,/Volumes/Disc 2/2Pictures/Flashcard/drug.jpg
3658,290b93cb-2331-4be6-9c5d-fad904fb48ba,22,The buns are freshly baked.,"/Volumes/Disc 2/2Pictures/Flashcard/filled roll ,bun.jpg"
3669,f77ae941-7265-4158-bc6b-62480f54fbd9,22,He has a prominent chin.,/Volumes/Disc 2/2Pictures/Flashcard/chin.jpg
3667,57223de9-baf5-4451-bf0c-4da412f2c931,22,I'll be happy  to help you with that. (inf.sing),/Volumes/Disc 2/2Pictures/Flashcard/to help.jpg
3662,8c812e2a-c07f-463b-bb69-b45f5bbeba6d,22,Your blood pressure is too high. (formal),/Volumes/Disc 2/2Pictures/Flashcard/blood pressure.jpg
4314,a11f8e9c-ec98-42a3-afb4-c528176e856a,22,She works in an office.,"/Volumes/Disc 2/2Pictures/Flashcard/office , agency.jpg"
3663,11bb3251-85fd-41b2-bcf3-9f08a1b5a898,22,The bowels have an important function.,"/Volumes/Disc 2/2Pictures/Flashcard/intestines ,bowels.jpg"
3682,ba30afb1-ded8-4d09-badd-4ced28eb8456,22,I like writing short stories the best.,"/Volumes/Disc 2/2Pictures/Flashcard/history ,story ,tale.jpg"
3679,ffc2c655-dd5c-4345-950b-d747764bcc86,22,Biology is my favourite subject.,/Volumes/Disc 2/2Pictures/Flashcard/biology.jpg
3687,be670706-f291-4e1c-afd5-1ed488920398,22,I'm interested in foreign languages.,/Volumes/Disc 2/2Pictures/Flashcard/language.jpg
3678,32b7cdd9-9dc5-450a-86e2-3d395a64073b,22,The company earnings have increased.,/Volumes/Disc 2/2Pictures/Flashcard/to increase.jpg
3673,65a18268-9fcc-4d60-a4ae-82a08e2efedf,22,Careful,/Volumes/Disc 2/2Pictures/Flashcard/to tear.jpg
3685,50f1f334-7618-405d-9895-41517f007e70,22,Mathematics is a compulsory subject.,/Volumes/Disc 2/2Pictures/Flashcard/compulsory subject.jpg
3681,2083a8e8-41e4-45e6-aaa8-aab196f3514f,22,Every pupil should study geography.,/Volumes/Disc 2/2Pictures/Flashcard/geography.jpg
3677,d78b1846-11f4-4abe-b300-9985b27f8fcc,22,"You're shivering, are you cold? (inf.sing)",/Volumes/Disc 2/2Pictures/Flashcard/to shiver.jpg
3691,f4a3d9ce-e86f-4d16-af74-fba5578fcde0,22,She will regret this for a long time.,/Volumes/Disc 2/2Pictures/Flashcard/to regret.jpg
3686,b35e23b0-73da-4ba5-93b0-e2fda239bc4c,22,Physics is a natural science subject.,/Volumes/Disc 2/2Pictures/Flashcard/physics.jpg
3705,17cf1b3b-a5af-4391-b209-cf9f201f8bc0,22,Vienna is the capital of Austria.,/Volumes/Disc 2/2Pictures/Flashcard/Austria.jpg
3704,48b71be7-a14c-4132-8c9c-4fe70e8c256c,22,Italy exports beautiful glass articles.,/Volumes/Disc 2/2Pictures/Flashcard/Italy.jpg
3708,8f128483-305f-43ed-b324-c705f126aea9,22,"In Spain we enjoy the sun, the beach",/Volumes/Disc 2/2Pictures/Flashcard/Spain.jpg
3709,613bb0a6-71a0-4af5-b13a-d86a3fc153fb,22,Istanbul is in Turkey.,/Volumes/Disc 2/2Pictures/Flashcard/Turkey.jpg
3716,5fd0712c-cd86-4659-a097-746652b8a3aa,22,This restaurant has reasonable prices.,"/Volumes/Disc 2/2Pictures/Flashcard/reasonable ,favourable.jpg"
3714,ed58ad15-e138-42fd-a488-f238415ac735,22,The oven is still under guarantee.,/Volumes/Disc 2/2Pictures/Flashcard/guarantee.jpg
3718,09e40ba0-f06a-470d-be00-ee756bcf44c6,22,They collect (k...) their reward.,/Volumes/Disc 2/2Pictures/Flashcard/to collect (e-g-money).jpg
3710,ba704799-c44b-4c07-9db2-5fcee0d32278,22,You have a choice between red and violet. (formal),"/Volumes/Disc 2/2Pictures/Flashcard/selection ,choice.jpg"
3735,b508cb56-b0c0-4b7c-ba55-f9cacdf08695,22,This paint is leadfree.,/Volumes/Disc 2/2Pictures/Flashcard/leadfree.jpg
3747,ec8e0732-23a4-41e3-848b-b929a1a5d614,22,This compartment is for non-smokers/no-smoking.,"/Volumes/Disc 2/2Pictures/Flashcard/compartment (eg of train), section.jpg"
3731,bc9e9197-df66-4658-b313-56304ceec160,22,Car engines (the engine of cars) produce a lot of exhaust fumes.,/Volumes/Disc 2/2Pictures/Flashcard/exhaust fumes.jpg
3733,8a31ba70-711a-45b9-bf06-6d8ffb431168,22,This battery is drained.,/Volumes/Disc 2/2Pictures/Flashcard/battery.jpg
4295,38af9808-9020-49ca-b92a-94eccaa28b6f,22,A heavy thunderstorm is forecast.,/Volumes/Disc 2/2Pictures/Flashcard/thunderstorm.jpg
3744,b6048105-db45-413d-bd38-51809260af86,22,Now turn the steering wheel to the right. (inf.sing),/Volumes/Disc 2/2Pictures/Flashcard/steering wheel.jpg
3732,6f771359-eb5f-4082-90ce-319e48066d87,22,The car sparkles after a car wash.,/Volumes/Disc 2/2Pictures/Flashcard/carwash.jpg
3745,debebe9a-1706-4ade-87d7-259679c687d0,22,They think this punishment is fair.,"/Volumes/Disc 2/2Pictures/Flashcard/fine ,punishment.jpg"
3746,7963fb4a-83a7-43e7-b764-5bb09bdc8fd4,22,Leaded fuel is rare nowadays.,/Volumes/Disc 2/2Pictures/Flashcard/leaded.jpg
3736,15c52465-abe6-4e17-88f0-e7aa17e538a3,22,He steps on the brakes.,/Volumes/Disc 2/2Pictures/Flashcard/brakes.jpg
3740,7168fe59-c776-4f65-a2fc-4c8ec86cfa42,22,The engine starts up immediately.,/Volumes/Disc 2/2Pictures/Flashcard/engine.jpg
3748,fe017166-e701-4b25-ac77-6bf3ecd1bd69,22,He filled out the registration form at the hotel.,"/Volumes/Disc 2/2Pictures/Flashcard/booking ,registration.jpg"
3763,a74fc16d-40b1-48c0-b28f-87c8ee926a4b,22,The goldfish needs fresh water.,/Volumes/Disc 2/2Pictures/Flashcard/goldfish.jpg
3768,c9a4947e-424a-4271-b3fb-ae1e3081925a,22,The caterpillar becomes a butterfly.,/Volumes/Disc 2/2Pictures/Flashcard/caterpillar.jpg
3767,670c4aa0-0e76-430c-b585-ff6af24ce0c6,22,A rat can bring illness into the house.,/Volumes/Disc 2/2Pictures/Flashcard/rat.jpg
3756,1fd0bf92-a38b-4a6b-b3c7-04da096452c4,22,Our car (W...) is parked further back.,/Volumes/Disc 2/2Pictures/Flashcard/car.jpg
3761,4c3427da-9af2-48d3-8eae-3ccb2d2598c1,22,The child is feeding the chickens.,/Volumes/Disc 2/2Pictures/Flashcard/to feed (animals).jpg
3760,4237180a-0443-469a-8be5-3a658364b2d0,22,"Can I keep the frog, Mummy?",/Volumes/Disc 2/2Pictures/Flashcard/frog.jpg
3753,24c9e16f-6dfd-44ff-8397-42158fd639f0,22,The oldest cable railway is situated in Wuppertal.,/Volumes/Disc 2/2Pictures/Flashcard/cable railway.jpg
3782,071f8b61-e5c4-4925-8a7b-e216c4575e1d,22,To whom is the packet addressed?,/Volumes/Disc 2/2Pictures/Flashcard/packet.jpg
3785,6ae1481e-4e24-47da-a345-aab04822c036,22,The bank gave me three 10-Euro bank-notes (S...) back.,"/Volumes/Disc 2/2Pictures/Flashcard/bank-note ,certificate ,form.jpg"
3783,00f256dd-4748-4402-9353-3c6a075f0fc8,22,One can buy stamps at the Post Office.,/Volumes/Disc 2/2Pictures/Flashcard/post office.jpg
3779,ec03962b-b42e-48c9-ae05-3f4822e30f49,22,Did you receive your permit? (inf.sing),"/Volumes/Disc 2/2Pictures/Flashcard/approval ,permit.jpg"
3784,f51bd4cc-a07b-4409-afda-a10939e7bb7a,22,The post code consists of five numbers.,"/Volumes/Disc 2/2Pictures/Flashcard/zip code ,post code.jpg"
3795,30bf36d7-9aa4-42e6-8924-e6518a870001,22,This hairdo is very fancy.,"/Volumes/Disc 2/2Pictures/Flashcard/fancy ( also odd ,unusual).jpg"
3790,e76a31f9-4a65-4a05-88bc-d3ffa22183a4,22,I'd like an appointment with Doctor Müller.,/Volumes/Disc 2/2Pictures/Flashcard/appointment.jpg
3794,fd799f4e-1b0c-4f6b-8b8f-1833eb5d3467,22,I am disgusted by the mess.,/Volumes/Disc 2/2Pictures/Flashcard/disgusted.jpg
3788,e4fd3ba8-54aa-4915-8069-dce8da2b88a8,22,She presses the rubber stamp on the paper.,/Volumes/Disc 2/2Pictures/Flashcard/rubber stamp.jpg
3804,63d00bed-d11f-4c71-97a3-9337ac537d8d,22,That seems very strange (odd) to me.,"/Volumes/Disc 2/2Pictures/Flashcard/strange ,odd.jpg"
3800,da37045c-6608-435e-9e4b-bd304c7a8fc5,22,You are very patient. (inf.pl),/Volumes/Disc 2/1Pictures/Flashcard/patient.jpg
3809,b20f88bf-a451-481e-84d6-1f0c3518e645,22,She raises her eyebrows.,/Volumes/Disc 2/2Pictures/Flashcard/eyebrow.jpg
3910,cdebbedf-df43-4baa-9895-c2c5d49f7db1,22,I know a really funny joke.,/Volumes/Disc 2/2Pictures/Flashcard/really.jpg
3808,1b9343a8-e969-45ca-bb73-32f983738bc4,22,She is completely out of breath.,/Volumes/Disc 2/2Pictures/Flashcard/breath.jpg
3814,e14c0269-6bb3-429d-8c5f-fa6f80bcb14c,22,I have sprained my wrist.,/Volumes/Disc 2/2Pictures/Flashcard/wrist.jpg
3802,4d9a4f07-6c74-46dd-921d-eba960a38908,22,What a remarkable (odd) coincidence!,/Volumes/Disc 2/2Pictures/Flashcard/remarkable.jpg
3806,e17e8fa1-2b68-4941-9163-963e42b75f9c,22,He could use a strong cup of coffee.,/Volumes/Disc 2/2Pictures/Flashcard/strong.jpg
3813,4d8a0b0b-811d-45fb-871d-c2377e9cf84f,22,You're still attractive even with a bald head. (inf.sing),/Volumes/Disc 2/2Pictures/Flashcard/bald head.jpg
3810,4111d91b-a48d-4cd0-9c19-35b8aaed8474,22,My belly is full of cookies.,/Volumes/Disc 2/2Pictures/Flashcard/abdomen-belly.jpg
3959,963e6886-c818-4541-94cd-77e61c1f348c,22,The waves are very high today.,"/Volumes/Disc 2/2Pictures/Flashcard/wave ,n.jpg"
4313,2dc9cb5e-baa0-4bee-8986-04683374eb38,22,The factory has 500 employees.,"/Volumes/Disc 2/2Pictures/Flashcard/factory ,firm ,operation.jpg"
4209,56739b4d-463b-4977-931d-02f7145d28cc,22,The bird house is made of wood.,/Volumes/Disc 2/2Pictures/Flashcard/wood.jpg
3821,4dc218f4-85fe-439f-9487-e632ef9c4bdb,22,I have dislocated my shoulder.,/Volumes/Disc 2/2Pictures/Flashcard/shoulder.jpg
4210,94ef90b9-62ea-4f2f-bce2-191a577fdd86,22,The book cover is made of cardboard.,/Volumes/Disc 2/2Pictures/Flashcard/cardboard.jpg
3820,85410de6-25cb-4cd4-bb9e-09e52ff5c9d9,22,She hammers the nail into the wood.,/Volumes/Disc 2/2Pictures/Flashcard/nail.jpg
3819,f59b03ec-15e2-4919-9eb8-8ff454e07c9e,22,All mammals have a navel.,/Volumes/Disc 2/2Pictures/Flashcard/navel.jpg
3817,d60389fc-eab6-4db6-bcda-304a21c62ff2,22,He hurt his ankle while playing football.,/Volumes/Disc 2/2Pictures/Flashcard/ankle - knuckle.jpg
3864,03faad8f-5286-4f25-a307-4ce103c8282b,22,Excuse me please!,/Volumes/Disc 2/2Pictures/Flashcard/excuse meE.jpg
3860,9bdf5c91-b055-4d1c-99c1-cd84a9bc5f69,22,You have picked enough plums for a plum cake. (inf.pl),/Volumes/Disc 2/2Pictures/Flashcard/plum.jpg
3859,a9ce63ed-1d21-47cb-a305-4bb8e4830bdd,22,Peaches from Georgia are delicious.,/Volumes/Disc 2/2Pictures/Flashcard/peach.jpg
3876,620ac1e0-e79d-4a7e-9c5a-e799b31d4b09,22,"Well, what do you think of that? (inf.sing)",/Volumes/Disc 2/2Pictures/Flashcard/WellQ.jpg
3861,2d423f21-9ec4-412f-8794-58b172d17e2d,22,Water melons are juicy.,/Volumes/Disc 2/2Pictures/Flashcard/water melon.jpg
3887,d96ae401-882d-44ba-a278-5b774e767754,22,This drawing was done with chalk.,/Volumes/Disc 2/2Pictures/Flashcard/chalk.jpg
3893,96b1907c-abfe-427a-a977-62b6a0e55f52,22,Do you sell green ink for this fountain pen? (formal),/Volumes/Disc 2/2Pictures/Flashcard/ink.jpg
3884,63b0746e-ab39-4d53-9088-86bb0d4e8032,22,The exam (E...) was very difficult.,/Volumes/Disc 2/2Pictures/Flashcard/exam.jpg
3885,18bd89b8-d49c-4d38-9302-6ca5f53e9758,22,Hanging in the corridor is a large mirror.,/Volumes/Disc 2/2Pictures/Flashcard/corridor.jpg
3892,0559f099-1e4b-4946-87cb-eff1188c3756,22,The headmaster has written to the parents.,/Volumes/Disc 2/2Pictures/Flashcard/headmaster.jpg
3886,136e7b67-5ab1-438f-9b95-befa3ee0836c,22,"Yes, I understand that already!",/Volumes/Disc 2/2Pictures/Flashcard/to understand (coll-).jpg
3890,66f92985-cd7d-46be-850e-37272eabef55,22,This ruler shows centimetres and inches.,/Volumes/Disc 2/2Pictures/Flashcard/ruler.jpg
3902,f53daf86-6ce3-40de-8869-467b019a9c77,22,"Unfortunately, we're out of cookies.",/Volumes/Disc 2/2Pictures/Flashcard/unfortunately.jpg
3926,60cd0b9d-d37d-400c-bf7d-226c4d7b840e,22,The large river flows from the mountains to the sea.,/Volumes/Disc 2/2Pictures/Flashcard/large river.jpg
3925,97c99707-dff5-4f1a-8f98-f39b84b47ff9,22,The mountaineers reach the summit.,"/Volumes/Disc 2/2Pictures/Flashcard/summit ,apex ,peak.jpg"
3918,b1d8c444-e9c2-4a5d-b68c-f60071146eaf,22,The lake is flat today.,/Volumes/Disc 2/2Pictures/Flashcard/flat.jpg
3906,75309049-2573-4b03-9a08-f87ea5ed7c4f,22,Suddenly,/Volumes/Disc 2/2Pictures/Flashcard/suddenly.jpg
3927,90a1749e-9170-4262-a504-599c4c9e2dab,22,Australia is suffering from drought.,/Volumes/Disc 2/2Pictures/Flashcard/drought.jpg
3904,43a26703-25a5-488d-b084-32c1626bb116,22,I need at least (m...) another ten minutes.,/Volumes/Disc 2/1Pictures/Flashcard/at least.jpg
3909,cdd948c3-bca9-4008-8d6c-6d30756f5468,22,Maybe we could meet there.,"/Volumes/Disc 2/2Pictures/Flashcard/perhaps ,maybe.jpg"
3915,53e2df48-37cf-42e7-b395-f0d53864b0de,22,The jungle is impenetrable.,/Volumes/Disc 2/2Pictures/Flashcard/jungle.jpg
3923,e1f5d7ea-228c-47da-ab2e-64409e1bb5f6,22,There are many fjords along the coastline of Norway.,/Volumes/Disc 2/2Pictures/Flashcard/coastline.jpg
3934,afefb67a-c66e-481a-a029-320bf43b73b0,22,It's raining again.,/Volumes/Disc 2/2Pictures/Flashcard/it-s raining.jpg
3942,21b4a0b1-d6f7-4604-ad1a-11592d507e61,22,Holland is famous for tulips.,/Volumes/Disc 2/2Pictures/Flashcard/tulip.jpg
3945,209a08ba-c2c8-4bb4-b71f-159dde015073,22,They climb the fence.,/Volumes/Disc 2/2Pictures/Flashcard/fence.jpg
3933,e8669df3-9b64-4644-be30-6e9dfbec40a8,22,The squirrel is climbing on the branch.,/Volumes/Disc 2/2Pictures/Flashcard/branch.jpg
3949,626194fb-25ca-4263-83dc-444d4899be08,22,The guided tour was very informative.,/Volumes/Disc 2/2Pictures/Flashcard/guided tour.jpg
3943,e4b2b84e-4c4d-49b2-8a7d-9f4c3bfa5321,22,She pulls the weeds in the vegetable garden.,/Volumes/Disc 2/2Pictures/Flashcard/weed.jpg
3937,b8a8506e-0434-41ec-84fa-c8ebce3f2c87,22,The lawnmower has to be repaired.,/Volumes/Disc 2/2Pictures/Flashcard/lawnmower.jpg
3947,f1f7e155-59f7-49e1-8395-7525475938fe,22,The child is filling the bucket with sand.,/Volumes/Disc 2/2Pictures/Flashcard/bucket.jpg
3950,d6c7252e-8c59-4e79-87b3-83a4e42c2a4e,22,We are expecting a group of visitors.,/Volumes/Disc 2/2Pictures/Flashcard/group.jpg
3966,35bdc0ca-078c-4822-af5d-e47e59330fa1,22,We put the suitcase in the car-boot.,"/Volumes/Disc 2/2Pictures/Flashcard/car-boot ,trunk.jpg"
3957,b9ba1022-d212-4c1b-a9f7-8861c06c8811,22,I'll be going away for a few months. (travelling).,/Volumes/Disc 2/2Pictures/Flashcard/to go away.jpg
3958,9bf3ae43-f0b2-4210-9457-ab783b0decb0,22,The car slides forwards into the snowdrift.,/Volumes/Disc 2/2Pictures/Flashcard/forwards.jpg
3954,3fd6a5e4-9321-481a-97ab-0b1a16fc5195,22,The small children play in the sand.,/Volumes/Disc 2/2Pictures/Flashcard/sand.jpg
3969,f46fdce5-992c-45b9-9577-f6b338bca747,22,There is an internet café at the next intersection.,"/Volumes/Disc 2/2Pictures/Flashcard/cross roads ,intersection.jpg"
3956,4120792b-85f1-4dc9-b250-dc9c1f36da42,22,How was the vacation? (U...),"/Volumes/Disc 2/2Pictures/Flashcard/holiday ,vacation.jpg"
664,0ba7fdbd-f0ef-4234-8324-52ab8d5a56c8,1,lip,/Volumes/Disc 2/1Pictures/Flashcard/lip.jpg
3971,aecd33fa-a18b-4ef1-a24a-90db4457fdc0,22,The drive takes longer due to the diversion.,/Volumes/Disc 2/2Pictures/Flashcard/diversion.jpg
3964,b08d39e7-6537-442a-8a2e-9d4d4a0fdb4d,22,She has renewed her driving licence.,/Volumes/Disc 2/2Pictures/Flashcard/driving licence.jpg
3990,5c66a589-2e0e-42c0-b619-315b4f590372,22,The interpreter translates the speech.,/Volumes/Disc 2/2Pictures/Flashcard/interpreter.jpg
3994,4ed57985-6709-4c1d-b981-8e48c9d67a35,22,My hairdresser is a good listener.,/Volumes/Disc 2/2Pictures/Flashcard/hairdresser.jpg
4005,52d14d2e-896d-4a0d-bc99-39e887781edc,22,We will soon be leaving (on a trip).,/Volumes/Disc 2/2Pictures/Flashcard/to leave (on a trip).jpg
3995,366d63f4-84e6-4786-87e9-cd9f9568dd5e,22,The engineer spreads out the building plan.,/Volumes/Disc 2/2Pictures/Flashcard/engineer.jpg
4002,b1a5b374-9eb0-453c-8910-2be6eed220f6,22,The software relates to the qualification.,/Volumes/Disc 2/2Pictures/Flashcard/qualification.jpg
3996,17217fb2-e1c6-4afb-a601-00538875dc04,22,The journalist is interviewing the politician.,/Volumes/Disc 2/2Pictures/Flashcard/journalist.jpg
3998,acb94b7c-de9a-41cb-bfeb-3c79738a2fe7,22,The businessman gave us good advice. (advised us well),/Volumes/Disc 2/2Pictures/Flashcard/businessman.jpg
4003,340d9768-85a7-4193-8746-f8494a7fa304,22,The judge has pronounced the sentence.,/Volumes/Disc 2/2Pictures/Flashcard/judge.jpg
4035,ef0f69cc-e09e-42ff-9d05-5504e0198590,22,There's a fleamarket in the town centre.,/Volumes/Disc 2/2Pictures/Flashcard/flea market.jpg
4029,18e2cf71-99d7-474c-b296-4fcfbad4a7ce,22,It smells so good in the bakery.(B...),/Volumes/Disc 2/2Pictures/Flashcard/bakery.jpg
4022,f5a75e54-167c-4fad-8362-000202399420,22,Granddad too looks forward to seeing his grandchildren.,/Volumes/Disc 2/2Pictures/Flashcard/granddad.jpg
4023,96afc5b8-9dac-49ba-bd77-122c58a5419b,22,The woman is finally pregnant after ten years.,/Volumes/Disc 2/2Pictures/Flashcard/pregnant.jpg
4031,df42c130-8da2-4e25-8b95-bb0bddbdd6b8,22,The library is open on Sundays.,/Volumes/Disc 2/2Pictures/Flashcard/bookshop.jpg
4027,647da521-c9af-4e54-912f-3347d96b59cc,22,They are identical twins.,/Volumes/Disc 2/2Pictures/Flashcard/twin.jpg
4052,d2b9e055-a393-42af-8994-4f2ff63a68f1,22,The audience clapped enthusiastically.,"/Volumes/Disc 2/2Pictures/Flashcard/audience ,crowd.jpg"
4045,bc8ab768-e1f8-4c1f-aa28-57288e8cf6b8,22,Who doesn't want to win the lottery?,"/Volumes/Disc 2/2Pictures/Flashcard/to win ,gain.jpg"
4047,2c42cfb4-d5b1-4e49-8c97-c1dea3c5394c,22,He sticks the stamp on the letter.,"/Volumes/Disc 2/2Pictures/Flashcard/to stick ,to paste.jpg"
4058,6daea646-b5c5-4ac1-b8a6-4f3bceef1dbe,22,The football player scores a goal.,/Volumes/Disc 2/2Pictures/Flashcard/goal.jpg
4050,123170be-c24c-44dd-aa97-313dcf9fe791,22,The athletes compete for the championship.,/Volumes/Disc 2/2Pictures/Flashcard/championship.jpg
4057,a3c9de2e-4e88-4993-92be-59612d953eeb,22,The whole family plays sport.,/Volumes/Disc 2/2Pictures/Flashcard/sport.jpg
4043,8935683f-6cdb-4f9b-97e5-e87d5bc322fe,22,She is a great fan of this singer.,/Volumes/Disc 2/2Pictures/Flashcard/fan.jpg
4056,06d09fa2-8aae-40cd-89e2-fe91ecdda74f,22,"Daddy, can you play this game with us? (inf.sing)",/Volumes/Disc 2/2Pictures/Flashcard/game.jpg
4048,c21fbe5d-9a92-485a-b75f-68cda8562604,22,The winner (m) of the race won narrowly.,/Volumes/Disc 2/2Pictures/Flashcard/race.jpg
4053,b5f9ad78-dadb-4035-b920-ca6776ba040f,22,My daughter likes riding.,/Volumes/Disc 2/2Pictures/Flashcard/riding.jpg
4065,b37babce-be7f-4174-8764-2d97e71aacb0,22,When my mother is busy,/Volumes/Disc 2/2Pictures/Flashcard/stew.jpg
4069,3d5a8159-efa0-4755-8f50-4d85f2afc9df,22,They sell lobster in the supermarket.,/Volumes/Disc 2/2Pictures/Flashcard/lobster.jpg
4072,5e3c9ae4-43c5-4349-86ba-97e362ae66fb,22,The liver is an important organ.,/Volumes/Disc 2/2Pictures/Flashcard/liver.jpg
4073,23ff2a50-67b8-42d9-95fa-de2b1af7adaf,22,She fashions the seashell into a pendant.,"/Volumes/Disc 2/2Pictures/Flashcard/shellfish, seashell.jpg"
4084,2db0707e-8d72-43c4-adc8-8d0f126a8e74,22,Now do tell me what's the matter. (inf.sing),"/Volumes/Disc 2/2Pictures/Flashcard/now ,well.jpg"
4078,17cd71dd-bcb5-4ba2-a3e8-0361bb7077f8,22,The bar has several spirits to choose from.,/Volumes/Disc 2/2Pictures/Flashcard/spirits.jpg
4080,a98ab5f2-9375-4c5e-933d-d8a06caa2aed,22,However,/Volumes/Disc 2/2Pictures/Flashcard/however.jpg
4091,1c1f1ea9-36d0-4753-9a0a-31fc94ce3f70,22,All pupils are in the assembly hall.,/Volumes/Disc 2/2Pictures/Flashcard/assembly hall.jpg
4098,d56e9553-724f-4de5-bf9b-762fa291d8e2,22,That was a fantastic achievement!,"/Volumes/Disc 2/2Pictures/Flashcard/achievement ,performance.jpg"
4103,3171e662-1608-4170-ba09-7c71cc2c97fc,22,Unfortunately we didn't understand a word.,/Volumes/Disc 2/2Pictures/Flashcard/word.jpg
4102,d3ac4ec3-0366-43f0-92de-3c1cdb4c4192,22,The pen rolled off the table.,/Volumes/Disc 2/2Pictures/Flashcard/pen.jpg
4094,df0dad91-1077-404e-bad5-a0198353d3f9,22,The cartridge in my fountain pen is empty.,/Volumes/Disc 2/2Pictures/Flashcard/fountain pen.jpg
4095,555b47b2-47b1-4a0e-a090-43c9d879106a,22,Write this sentence in your exercise book. (inf.pl),/Volumes/Disc 2/2Pictures/Flashcard/exercise book.jpg
4107,3a12e6a9-7b4c-44ba-8444-a170a86ad200,22,At first they were very hostile.,/Volumes/Disc 2/2Pictures/Flashcard/hostile.jpg
4101,c555915e-bff8-450b-aae1-aaf9be83384a,22,I promise to write to you every week.,/Volumes/Disc 2/2Pictures/Flashcard/to write.jpg
4104,f17b66f0-b403-48bf-ac2c-6a028c1f5ab4,22,This is so annoying!,/Volumes/Disc 2/2Pictures/Flashcard/annoying.jpg
4110,95a7facb-0c0d-4c7b-8112-4c6766e1d657,22,This piece of equipment is defective.,"/Volumes/Disc 2/2Pictures/Flashcard/defective ,weak.jpg"
4114,9e055ba1-641c-459d-a60a-c23cc44ef9da,22,This hedge grows low.,/Volumes/Disc 2/2Pictures/Flashcard/low.jpg
4113,3c19b33b-007b-4246-a181-77956f2cb395,22,The new headmistress is open-minded.,/Volumes/Disc 2/2Pictures/Flashcard/new.jpg
4121,688155a8-1fbd-4a50-9d6d-017a644178ef,22,My husband is a Briton.,/Volumes/Disc 2/2Pictures/Flashcard/Briton.jpg
4123,ff0d8c11-6465-44c2-a948-2daf2be82dd0,22,The German (man) has settled here.,/Volumes/Disc 2/2Pictures/Flashcard/German (person).jpg
4127,2e0718b5-f7d3-4eef-ba2a-86db8c9ae7d6,22,He is a Dutchman from Utrecht.,/Volumes/Disc 2/2Pictures/Flashcard/Dutchman.jpg
4126,340033f3-8362-4b77-bb57-ff323fe05e96,22,Can you speak French? (inf.sing),/Volumes/Disc 2/2Pictures/Flashcard/french.jpg
4118,8bcef284-b52e-429c-9902-198a86d76990,22,My parents are divorced without blame (innocent).,/Volumes/Disc 2/2Pictures/Flashcard/innocent.jpg
4119,3a4e970e-8640-4705-aa16-3d3ce0901171,22,Americans love sport.,/Volumes/Disc 2/2Pictures/Flashcard/American (person).jpg
4135,fa6704cc-ad20-4c93-a196-f3ea454b0f59,22,The Welshman speaks English and Welsh.,/Volumes/Disc 2/2Pictures/Flashcard/Welshman.jpg
4140,6a4a193b-6006-443c-8e1f-8180a016f450,22,This curtain (G...) darkens the room.,/Volumes/Disc 2/1Pictures/Flashcard/curtain.jpg
4170,bcf85488-3206-43b2-ad4e-9ed81050762a,22,I will accompany you to the exhibition. (inf.sing),/Volumes/Disc 2/2Pictures/Flashcard/exhibition.jpg
4172,5391aef0-c4ab-4645-948f-4623abbff288,22,The well is deep.,"/Volumes/Disc 2/2Pictures/Flashcard/well ,fountain.jpg"
4168,de56e768-b3dd-4416-9247-7fbae02cc908,22,The children are looking forward to Christmas.,/Volumes/Disc 2/2Pictures/Flashcard/Christmas.jpg
4169,e3ccde7c-9fc8-476f-aa11-379a02c3a394,22,This avenue has big trees on both sides.,/Volumes/Disc 2/2Pictures/Flashcard/avenue.jpg
4171,4ca75949-fef7-4463-8b12-8e0a8bc9a849,22,She sows poppies in the flower bed.,/Volumes/Disc 2/2Pictures/Flashcard/flower bed.jpg
4167,73431ed8-c266-40cd-b395-dcf41daf0371,22,At Easter the children go on Easter egg hunts.,/Volumes/Disc 2/2Pictures/Flashcard/Easter.jpg
4193,a9e7478d-cfc1-44b5-bab7-d56df6078ff9,22,The internet was invented in the 20th century.,/Volumes/Disc 2/2Pictures/Flashcard/century.jpg
4194,7489c8b4-f0d5-4046-9e18-604c750339ff,22,An annual report comes out annually.,"/Volumes/Disc 2/2Pictures/Flashcard/yearly ,annually.jpg"
4178,86aa8769-d8b8-497f-abad-7c105d73f3b1,22,Can you hear the bell ring? (inf.pl),/Volumes/Disc 2/2Pictures/Flashcard/bell.jpg
4186,0b3a4b5d-f77c-42ce-80ee-090a945b1a48,22,The youth hostel is in a central location.,/Volumes/Disc 2/2Pictures/Flashcard/central.jpg
4192,b23dd60d-c29a-4c6b-8919-f2ecd67c3a27,22,Immediately here in front.,"/Volumes/Disc 2/2Pictures/Flashcard/same, at once.jpg"
4183,0a84b6ed-c8f9-46d3-b8bb-3236f377e978,22,Would you like to find accommodation in a five star hotel? (formal),/Volumes/Disc 2/2Pictures/Flashcard/accommodation.jpg
4187,e9d17946-b5ef-459f-a89c-cec2049a5b30,22,Following on from this show we will have a coffee.,"/Volumes/Disc 2/2Pictures/Flashcard/afterwards ,following on from-.jpg"
4188,33c15443-ffe0-4379-b549-2fe69646be99,22,All at once,"/Volumes/Disc 2/2Pictures/Flashcard/all at once ,at the same time.jpg"
4185,81d56970-45d5-454f-b03e-3eddee43deb5,22,The landlord wipes the counter.,/Volumes/Disc 2/2Pictures/Flashcard/landlord.jpg
4197,3f51d6e0-76a9-4897-b526-48041f28bc5e,22,We pay our electric bill monthly.,/Volumes/Disc 2/2Pictures/Flashcard/monthly.jpg
4199,b6ea49fb-202b-4fbb-a201-058421c482a6,22,Are you already done? (Have you already finished?) (inf.sing),/Volumes/Disc 2/2Pictures/Flashcard/already.jpg
4212,9a1ae798-3a04-4673-9c05-4f7a7581b24e,22,The saddle is made of leather.,/Volumes/Disc 2/2Pictures/Flashcard/leather.jpg
4205,2901f474-12f0-4606-844f-0d879c7d8d0a,22,Cotton is a natural product.,/Volumes/Disc 2/2Pictures/Flashcard/cotton.jpg
4206,884f92e0-1b46-410b-95bf-285a244983e0,22,Lead is grey in colour.,/Volumes/Disc 2/2Pictures/Flashcard/lead.jpg
4231,2ee8f687-a5f1-44e9-a3aa-62b41ff76187,22,We hope everything will go well.,/Volumes/Disc 2/2Pictures/Flashcard/to hope.jpg
4233,8a1756cd-f0f8-41c0-bc05-3b041b525810,22,One should not lie.,/Volumes/Disc 2/2Pictures/Flashcard/to lie (to tell lies).jpg
4238,46d51f8f-edfb-47f8-b6a6-ae0b79b92463,22,They accept the apology.,/Volumes/Disc 2/2Pictures/Flashcard/apology.jpg
4243,00d0eee7-8c7c-4ec7-a2a3-ea21e2125e99,22,The two lovebirds are kissing.,/Volumes/Disc 2/2Pictures/Flashcard/to kiss.jpg
4228,7e2add7f-2364-446b-9ecc-2d94d4790e62,22,She sweeps (f…) the kitchen floor.,/Volumes/Disc 2/2Pictures/Flashcard/to sweep (1).jpg
4230,2501e8e5-8666-4304-8111-38f593c07a75,22,Give me your hand. (inf.sing),/Volumes/Disc 2/2Pictures/Flashcard/to give.jpg
4244,e29b397d-13bc-4993-a8d5-4c81616fb60c,22,Many men lust after beautiful women.,/Volumes/Disc 2/2Pictures/Flashcard/lust.jpg
4236,523787d3-b3c8-4ef4-83e9-4c1890b295e7,22,Our correspondence goes back years.,/Volumes/Disc 2/2Pictures/Flashcard/correspondence.jpg
4241,96c8393a-558f-4b01-a32b-262e456afa1c,22,Have you bought your Christmas presents yet/already? (formal),"/Volumes/Disc 2/2Pictures/Flashcard/present ,gift.jpg"
4245,b0224c2c-0917-40bd-be7c-86cf25b33252,22,Sadly,/Volumes/Disc 2/2Pictures/Flashcard/to say goodbye.jpg
4246,73e6af95-d56c-4030-a07c-5d58ccc820bb,22,Our conversation was enlightening.,"/Volumes/Disc 2/2Pictures/Flashcard/conversation ,entertainment.jpg"
4269,d59c3c78-e6d3-41e6-9c51-b9fa4b5e2e67,22,I have bought striped socks.,/Volumes/Disc 2/2Pictures/Flashcard/striped.jpg
4256,e409e312-227b-4a0a-bad5-510fe7101ef0,22,Please take the rubbish (M...) to the dustbin. (inf.sing),"/Volumes/Disc 2/2Pictures/Flashcard/rubbish ,trash.jpg"
4260,b0580310-ef53-4726-900d-e5f6a202b955,22,After the flood we have to clean the whole house.,/Volumes/Disc 2/2Pictures/Flashcard/to clean.jpg
4257,a66f5b76-ebf1-48e2-a619-ee2cd3bbc6a3,22,We need a needle and thread. / We need a pin and thread.,/Volumes/Disc 2/2Pictures/Flashcard/pin.jpg
4262,3c1d4387-db75-4f48-9b83-cd9775066da5,22,Our dog barks at the vacuum cleaner.,/Volumes/Disc 2/2Pictures/Flashcard/vacuum cleaner.jpg
4268,2fa48031-2a47-40ea-beac-6e674b24012d,22,This brassiere is uncomfortable.,/Volumes/Disc 2/2Pictures/Flashcard/brassiere.jpg
4259,26f4a581-050d-4465-9736-5db31740da1b,22,Can you put the magazines in order? (inf.sing),"/Volumes/Disc 2/2Pictures/Flashcard/order ,tidiness.jpg"
4265,0f5bf8a2-0daa-47eb-affd-7b9c349022a7,22,He takes his washing to the laundry.,/Volumes/Disc 2/2Pictures/Flashcard/laundry.jpg
4263,48afa565-9ea9-45e9-aad3-21a7e86e5b02,22,Please put the broom back in the corner. (inf.sing),"/Volumes/Disc 2/2Pictures/Flashcard/to place ,put.jpg"
4273,01c5beb1-f1b7-4769-a1fa-4354fb726f5c,22,Some ready-to-wear clothing doesn't fit well.,/Volumes/Disc 2/2Pictures/Flashcard/clothing (ready to wear).jpg
4281,41af202a-c24e-4471-b94d-7c7740889c3b,22,I like raspberry jelly on bread.,/Volumes/Disc 2/2Pictures/Flashcard/jelly.jpg
4284,7d0f449e-88ff-4abc-8971-730835c14ad7,22,You are having stewed fruit for dessert.  (N..t..) (inf.pl),/Volumes/Disc 2/2Pictures/Flashcard/stewed fruit.jpg
4288,92890528-5947-4214-9f71-422a0e6942b3,22,Italian ice cream is expensive but good.,/Volumes/Disc 2/2Pictures/Flashcard/ice cream.jpg
4276,554799ea-3e92-4e5b-bdba-710b65794aa0,22,She has a matching scarf for each frock.,"/Volumes/Disc 2/2Pictures/Flashcard/shawl ,scarf.jpg"
4290,2a3c0711-ffd4-4c2b-8f3b-cfd3917a9e34,22,Vanilla is made from vanilla beans.,/Volumes/Disc 2/2Pictures/Flashcard/vanilla.jpg
4291,4f8ef405-331c-4bd9-908b-4b19aebd7518,22,A barometer shows the air pressure.,/Volumes/Disc 2/2Pictures/Flashcard/barometer.jpg
4289,1b605622-8e0c-4201-90c0-befa241ff3c1,22,The ladies eat strawberry pie with whipped cream.,"/Volumes/Disc 2/2Pictures/Flashcard/flan ,gateau ,pie.jpg"
4322,54d5cfa9-e611-44d0-896c-4d35522af58f,22,Take a break! (inf.sing),/Volumes/Disc 2/1Pictures/Flashcard/break.jpg
4301,f2e40e82-5ecc-4bea-ad93-48d3931930ff,22,"Drive carefully, the roads are icy. (inf.sing)",/Volumes/Disc 2/2Pictures/Flashcard/icy.jpg
4320,824c5e37-22cc-49c3-81f2-5d0fcea634c2,22,She will hand in her notice because she has found a better job.,/Volumes/Disc 2/2Pictures/Flashcard/to hand in one-s notice.jpg
4323,26338c6c-a357-4a08-aa8d-7a7777c630fc,22,They earn their keep.,/Volumes/Disc 2/2Pictures/Flashcard/to earn.jpg
4306,fd2af183-b189-4a3a-8af4-ee1150da7c76,22,Karl has a good job.,"/Volumes/Disc 2/2Pictures/Flashcard/job ,position.jpg"
4318,6266bfdd-7fe6-4c75-ad11-135730bb049a,22,Which firm do you work for? (inf.sing),/Volumes/Disc 2/2Pictures/Flashcard/firm.jpg
4309,4b144806-a04a-4634-ace5-837216df9a9e,22,This employer pays well. (m),/Volumes/Disc 2/2Pictures/Flashcard/employer.jpg
4310,1b753c99-d97d-4a2a-9344-b24e1857bb8c,22,The new employee starts today. (Ar...) (m),/Volumes/Disc 2/2Pictures/Flashcard/employee (Ar).jpg
4312,68e7e3f3-533d-4781-9120-684ba5d5e787,22,What's his profession?  He is a pilot.,/Volumes/Disc 2/2Pictures/Flashcard/profession.jpg
4339,9a5f9e91-11d9-44bd-b3a0-e7c9b748a557,22,My intention  is to go swimming tomorrow.,"/Volumes/Disc 2/2Pictures/Flashcard/intention ,purpose.jpg"
4342,d142c849-a8e9-4cf7-abee-cc63011fbb7b,22,They are members of the Society for Anachronism.,/Volumes/Disc 2/2Pictures/Flashcard/society.jpg
4328,88a2c842-c4dd-4180-8c74-50cfb1fbb58c,22,The mood was very cheerful. (h...),/Volumes/Disc 2/2Pictures/Flashcard/cheerful.jpg
4330,145d00ab-781d-43f3-93d6-d86836012a25,22,But that is very kind of you. (inf.sing),"/Volumes/Disc 2/2Pictures/Flashcard/dear ,kind.jpg"
4335,a007fe2f-408a-478e-be5d-14b43f8fa381,22,Why are you so sad today? (inf.sing),/Volumes/Disc 2/2Pictures/Flashcard/sad.jpg
4344,33a60391-815f-4c4f-b3a7-0e975fd487c7,22,Did this meal satisfy your hunger? (inf.pl),/Volumes/Disc 2/2Pictures/Flashcard/hunger.jpg
4345,13d17472-b98c-40ac-af5c-ba2ce553fe8b,22,I have a fantastic idea! (I...),/Volumes/Disc 2/2Pictures/Flashcard/idea.jpg
4340,77bab1bf-2051-42dd-8463-2008d8333c43,22,I have no idea (A...) who that is.,"/Volumes/Disc 2/2Pictures/Flashcard/idea ,notion.jpg"
4343,d4e12c7a-3a26-433b-821a-9de42e40beff,22,That is the true reason.,"/Volumes/Disc 2/2Pictures/Flashcard/ground, reason.jpg"
4354,f951decd-199c-4555-bf2a-c9077bd9a8ed,22,She is a real miracle with the crochet hook.,/Volumes/Disc 2/2Pictures/Flashcard/miracle.jpg
4370,ecfb3dfe-b973-4cff-af1d-5aa142056349,22,The hunt begins.,/Volumes/Disc 2/2Pictures/Flashcard/hunt.jpg
4366,b104fef7-973c-4774-b1f0-3d9b832b3388,22,He pulls the cork from the wine bottle.,/Volumes/Disc 2/2Pictures/Flashcard/to pull.jpg
4355,c7adfec4-0295-43fa-9bb7-9304c74e612d,22,Newspapers must be current (up-to-date).,/Volumes/Disc 2/2Pictures/Flashcard/current.jpg
4368,0108bdf4-1c55-4a5c-8fdc-169b8b0f18db,22,I have a new book for you. (inf.sing),/Volumes/Disc 2/2Pictures/Flashcard/book.jpg
4361,6a2b3f7e-083e-4e21-90e2-67da1c31b09c,22,We need a new film for the camera.,/Volumes/Disc 2/2Pictures/Flashcard/film.jpg
4362,bf9bd1c8-ac98-465a-8354-f914c4ba73f9,22,He has a digital camera.,/Volumes/Disc 2/2Pictures/Flashcard/camera.jpg
4369,d9412390-41c4-4512-858d-250d6955be7e,22,What is your favourite leisure activity? (inf.sing),/Volumes/Disc 2/2Pictures/Flashcard/leisure activity.jpg
4358,4cea290b-3ea1-44cd-b82d-12b6b53be8c0,22,Is this a drama or a comedy?,/Volumes/Disc 2/2Pictures/Flashcard/drama.jpg
4389,bc5bf1a5-f76e-4f29-85ad-d3bd4adf225f,22,The lift is stopping on the 21st floor.,"/Volumes/Disc 2/2Pictures/Flashcard/floor ,storey.jpg"
4394,18f184e5-07d3-46dc-83f2-62c5d1f6c9ad,22,She has the flu.,/Volumes/Disc 2/2Pictures/Flashcard/flu.jpg
4388,ff666537-ddac-4d70-ac43-0d85e7c250b3,22,We visited the cartoon museum.,/Volumes/Disc 2/2Pictures/Flashcard/museum.jpg
4375,3df30f07-d8f7-4dac-b010-f10b609bcc1d,22,The children are having fun while playing.,/Volumes/Disc 2/2Pictures/Flashcard/fun.jpg
4377,a360f961-437b-425f-bcf6-6118ef17482e,22,It is time to turn the steak over.,"/Volumes/Disc 2/2Pictures/Flashcard/to turn around ,or turn over.jpg"
4380,b020fb50-82bc-4121-a244-91d6db095d51,22,This is a very modern apartment.,/Volumes/Disc 2/2Pictures/Flashcard/apartment.jpg
4390,403cb3f6-e1e9-4bc7-89e9-7ff6bb584cbf,22,I have inherited this allergy.,/Volumes/Disc 2/2Pictures/Flashcard/allergy.jpg
4393,0b212a3a-8f4f-4122-902b-dde2fbbd2d19,22,Do you have a cold? (inf.sing),/Volumes/Disc 2/2Pictures/Flashcard/having a cold.jpg
4386,fcfeafe1-a32c-4342-ba30-f40da8b1fdca,22,The hostel still has room for us.,"/Volumes/Disc 2/2Pictures/Flashcard/hostel ,inn.jpg"
4402,0f0dcac6-23e5-4e37-9f1a-b9c099170303,22,"First, we'll go to the beach.","/Volumes/Disc 2/2Pictures/Flashcard/first ,firstly ,not until.jpg"
4399,0cdc2802-3137-42c2-8388-3941c0e34c55,22,His illness is nothing serious.,"/Volumes/Disc 2/2Pictures/Flashcard/illness ,disease.jpg"
4405,835e4d0e-b3d3-44f9-b7c3-29f919668fcc,22,Several people cheered.,/Volumes/Disc 2/2Pictures/Flashcard/several.jpg
4415,3df55e8b-48ee-4476-9a67-956c2339bd3b,22,The thread goes through the eye of the needle.,/Volumes/Disc 2/2Pictures/Flashcard/through.jpg
4412,8b9e47e2-f143-43f6-ae4b-80a064ef9f71,22,Apart from pudding there was apple pie.,"/Volumes/Disc 2/2Pictures/Flashcard/except ,apart from.jpg"
4435,918966f8-b855-4ebc-950e-c80815ce8b5e,22,That's terrible!,/Volumes/Disc 2/2Pictures/Flashcard/terrible.jpg
4423,8e829e17-8141-4565-bdea-81fbb8af6529,22,You should write to them nevertheless. (inf.sing),/Volumes/Disc 2/2Pictures/Flashcard/nevertheless.jpg
4428,37b98e1f-215d-4c8d-ae7f-a4bd71798ff2,22,I don't like being alone.,/Volumes/Disc 2/2Pictures/Flashcard/alone.jpg
4421,764ccb4e-0813-4fbe-8347-50d94b87551c,22,Instead of skim milk we have full (fat) milk.,/Volumes/Disc 2/2Pictures/Flashcard/instead of.jpg
4432,aa4d1c3c-8be3-4103-9bb2-4a462edfd6f2,22,The athlete was exhausted but happy.,/Volumes/Disc 2/2Pictures/Flashcard/exhausted.jpg
4470,92a7122d-0dac-4c1c-8b2a-c08deb4461aa,22,The concert is sold out.,/Volumes/Disc 2/2Pictures/Flashcard/concert.jpg
4431,da34e4e6-241d-44da-8394-9249c55a0735,22,She is a successful writer.,/Volumes/Disc 2/2Pictures/Flashcard/successful.jpg
4429,62dbfeb5-a3e7-4bbc-aa61-40991d0e7733,22,Both kittens are cute.,/Volumes/Disc 2/2Pictures/Flashcard/both.jpg
4451,35b939e0-765b-4aab-a522-c5d1f246633a,22,We cook tomato soup on the cooker.,"/Volumes/Disc 2/2Pictures/Flashcard/stove ,cooker.jpg"
4450,523e8e60-d9e3-4066-bfcc-2b544f17dd29,22,You can have breakfast until 10 o'clock. (formal),/Volumes/Disc 2/2Pictures/Flashcard/to have breakfast.jpg
4513,7e87370e-2da9-4ea9-b5c1-4abdd836e881,22,They are very hard-working.,/Volumes/Disc 2/2Pictures/Flashcard/hard-working.jpg
4466,d8cfce8b-5a9f-4ccd-bc29-a52235fcf642,22,New Orleans will be the city of jazz again.,/Volumes/Disc 2/2Pictures/Flashcard/jazz.jpg
4468,8ffaa969-6900-4c19-9bc4-c4745224fa71,22,We enjoy listening to classical music.,/Volumes/Disc 2/2Pictures/Flashcard/classical.jpg
4478,28d89af1-c863-474e-a785-925da85d46ee,22,The lettuce is freshly bought from the market.,/Volumes/Disc 2/2Pictures/Flashcard/lettuce.jpg
4482,b8b64246-521a-40e0-8d57-92ab623003bd,22,The peppers (pepperoni) are spicy hot.,/Volumes/Disc 2/2Pictures/Flashcard/pepper (peperoni).jpg
4473,96c6de57-3ff0-430b-b834-cbd6264e6892,22,The musician practices the violin every day.,/Volumes/Disc 2/2Pictures/Flashcard/musician.jpg
4479,cf6b5388-eccb-4a69-8036-75fbe8e66f11,22,We cook a vegetable stew with leek.,/Volumes/Disc 2/2Pictures/Flashcard/leek.jpg
4511,d2299407-3bfb-45d4-8e13-e31fea24ba59,22,He has three chances.,"/Volumes/Disc 2/2Pictures/Flashcard/chance ,opportunity.jpg"
4481,5a50fed5-5cb6-4324-85a6-c3d3ffac0f3e,22,The guinea pig nibbles the carrot.(M...),/Volumes/Disc 2/1Pictures/Flashcard/carrot.jpg
4504,0ca38472-3b37-417a-b0d6-baafac26e9fd,22,The chocolate just disappeared!,/Volumes/Disc 2/2Pictures/Flashcard/to disappear.jpg
4487,03d6f11b-407a-4256-bb69-63d501cb2e78,22,I need a celery stick for the salad.,/Volumes/Disc 2/2Pictures/Flashcard/celery.jpg
4505,63b30142-38df-4a4a-823e-70c447be4051,22,His destination was the South Pole.,"/Volumes/Disc 2/2Pictures/Flashcard/aim ,destination ,target.jpg"
4495,af8e26f7-0ab6-47d1-9e66-387bb8a504a1,22,We booked a direct flight.,"/Volumes/Disc 2/2Pictures/Flashcard/direct ,non-stop.jpg"
4534,265a75a5-4b28-44b9-a2f1-74375c60b42b,22,They made a good impression.,/Volumes/Disc 2/2Pictures/Flashcard/impression.jpg
4488,ed9d5054-cfc8-4030-950a-bd7806caee80,22,Do you like asparagus with sauce hollandaise? (inf.sing),/Volumes/Disc 2/2Pictures/Flashcard/asparagus.jpg
4499,27248f71-933d-4b2e-ad57-6dcf7b6102f9,22,There is a left-luggage office at the main train station.,/Volumes/Disc 2/2Pictures/Flashcard/left-luggage office.jpg
4529,23c207d7-7d9c-4da8-9ada-c8818251cf11,22,And with this thought I will finish. (sch...),"/Volumes/Disc 2/2Pictures/Flashcard/to close ,to finish ,to shut.jpg"
4527,086e7334-8516-475d-86f9-683abcefb966,22,How do you estimate our chances? (formal),/Volumes/Disc 2/2Pictures/Flashcard/to estimate.jpg
4531,2d9d7ed5-f9a7-4a74-8bc6-baffc5819a9a,22,A scorpion stings with its tail.,"/Volumes/Disc 2/2Pictures/Flashcard/to sting ,prick.jpg"
4507,8cdc6ec1-b6e0-471b-9abb-b04f795d0f14,22,His training was thorough.,/Volumes/Disc 2/2Pictures/Flashcard/training.jpg
4523,235beec3-f289-4a59-be74-bbd46754331c,22,He seizes him by the collar.,/Volumes/Disc 2/2Pictures/Flashcard/to seize.jpg
4533,5b959eaf-27eb-4b3a-b372-9a49bd2a4d0b,22,There was so much excitement (there)!,/Volumes/Disc 2/2Pictures/Flashcard/excitement.jpg
4532,1ee151d1-c245-438b-a1ab-c89d82730354,22,"My toe hurts! Don't be afraid, it won't hurt.",/Volumes/Disc 2/2Pictures/Flashcard/to hurt.jpg
4528,67bf95d5-ce58-4b03-97ad-6ad3fb713d59,22,We must push the car.,"/Volumes/Disc 2/2Pictures/Flashcard/to push ,shove.jpg"
4517,58ce1db5-2109-4871-b8b5-49f6896140b1,22,The apprentice pays close attention.,/Volumes/Disc 2/2Pictures/Flashcard/apprentice.jpg
4525,cfd5b265-ae4e-4fc0-9566-13a8cc52b67d,22,I advise you to go to the doctor. (inf.sing),"/Volumes/Disc 2/2Pictures/Flashcard/to advise ,guess.jpg"
4526,8d9ce827-1dc9-41df-b5e3-cf77dc0becf5,22,He rubs his eyes.,/Volumes/Disc 2/2Pictures/Flashcard/to rub.jpg
4545,89441255-9530-47f7-a341-b0b37b989cec,22,I can't force you to go to the cinema. (inf.sing),/Volumes/Disc 2/2Pictures/Flashcard/to force.jpg
4540,723a3a9f-e0f7-48ff-95e5-fbeec8444646,22,He must avoid (m...) peanut butter because he is allergic to it.,/Volumes/Disc 2/2Pictures/Flashcard/to avoid (m).jpg
4553,57abf3ae-3d7b-4c86-909f-9b8d5bf0ba8b,22,He takes a little nap on the sofa.,"/Volumes/Disc 2/2Pictures/Flashcard/sofa ,settee.jpg"
4556,25d96d84-567b-425f-ab96-40b55f1ca457,22,This video recorder can play different formats.,/Volumes/Disc 2/2Pictures/Flashcard/video recorder.jpg
4541,188a59e5-706c-47b7-ab3b-957fc143f564,22,There are many worries in the world.,"/Volumes/Disc 2/2Pictures/Flashcard/care ,worry.jpg"
4555,b05690b4-1478-42b0-a4e5-97e91fb78031,22,The room looks bigger with a light-coloured wallpaper.,/Volumes/Disc 2/2Pictures/Flashcard/wallpaper.jpg
4546,4b1a18dc-5118-432b-9a4f-e1d97d1e0bf2,22,The plates are (standing) on the sideboard. (A...),/Volumes/Disc 2/2Pictures/Flashcard/sideboard.jpg
4583,313ae11a-beab-460f-afa9-610782e45f25,22,Please do go (away) to him. (h...) (inf.sing),/Volumes/Disc 2/2Pictures/Flashcard/away from the speaker.jpg
4551,2f5075ce-e56f-4343-84c2-87d5aef7e3e1,22,This armchair (L....) is so cosy!,/Volumes/Disc 2/2Pictures/Flashcard/armchair (1).jpg
4552,4bf3d32f-e1a3-4cca-b58f-05c61f50dbe2,22,That's Granddad's armchair. (S...),/Volumes/Disc 2/2Pictures/Flashcard/armchair (2).jpg
4579,c326702c-554b-40c7-9385-cc281b357b3b,22,Would you like to live in the country? (inf.pl),/Volumes/Disc 2/2Pictures/Flashcard/in the country.jpg
4560,36a27626-fdd9-47e0-8d6c-8775c0d7c08e,22,Football is popular in many countries.,/Volumes/Disc 2/2Pictures/Flashcard/football.jpg
4578,db3c4e5f-9ec4-479f-8964-9b26182458aa,22,In which direction is the lake situated?,/Volumes/Disc 2/2Pictures/Flashcard/direction.jpg
4571,32943156-f824-49fd-8b75-75d0aad90793,22,The bus stop is opposite the post office.,/Volumes/Disc 2/2Pictures/Flashcard/bus stop.jpg
4564,4ba8a6a4-15bf-41c5-b9ac-c9b479d9e45c,22,Do you two have to fight all the time? (inf.pl),/Volumes/Disc 2/2Pictures/Flashcard/to fight.jpg
4582,cf15e750-3266-4ceb-b699-a7a6361e4338,22,The potter turns the wheel.,"/Volumes/Disc 2/2Pictures/Flashcard/to turn ,spin ,rotate.jpg"
4581,d7768442-0740-45b7-ab14-71c048a1c6be,22,We always had a lot of fun there.,/Volumes/Disc 2/1Pictures/Flashcard/there.jpg
14950,ac1ba766-3e0a-4765-8401-9cf7c8f2fc71,22,I spat (spu...) the chewing gum out.,/Volumes/Disc 2/2Pictures/Flashcard/spit (spu).jpg
4594,e14e6a6d-e162-4a45-800b-9597099c44be,22,There's not a gram of fat on it.,/Volumes/Disc 2/2Pictures/Flashcard/gram.jpg
4596,0f021f7b-da95-43f4-876e-34fc9376f15a,22,A planet is like a sphere in space.,/Volumes/Disc 2/2Pictures/Flashcard/sphere.jpg
4597,fa6810d2-5123-4c9e-9d20-589c224fbc74,22,The sun is in the centre (M...) of the solar system.,/Volumes/Disc 2/2Pictures/Flashcard/centre.jpg
4595,58d1ef67-ad6d-4eb8-865e-f0dc8ab47f7f,22,The sock is somewhere in this laundry pile.,"/Volumes/Disc 2/2Pictures/Flashcard/pile ,heap.jpg"
3476,b840e2df-e47d-42ad-860a-0dd6525b7b88,21,The fly is landing on the chocolate ice cream.,/Volumes/Disc 2/1Pictures/Flashcard/fly.jpg
769,05c65188-924e-457b-aebd-f5da117a3b67,1,tie (K…),/Volumes/Disc 2/1Pictures/Flashcard/tie.jpg
3198,9f20ebbc-a11f-47b7-8f27-65a0657c0746,21,He wears an earring on the left ear.,/Volumes/Disc 2/1Pictures/Flashcard/ear-nt.jpg
833,e40fd891-d446-4cb5-be87-e53ad0bc5145,1,far (also wide),/Volumes/Disc 2/1Pictures/Flashcard/far (also wide).jpg
835,0d634666-329e-4e54-a6e9-b0d067ba4bed,1,back (returned),/Volumes/Disc 2/1Pictures/Flashcard/back (returned).jpg
3475,cb668474-9d26-47a2-a322-a5e3d76b5bfd,21,What a colourful fish!,/Volumes/Disc 2/1Pictures/Flashcard/fish.jpg
2598,032b7677-92d3-465f-bb51-474e09591e3d,21,The room is on the fourth floor.,/Volumes/Disc 2/1Pictures/Flashcard/room-nt.jpg
14951,84fe5ba8-3fc9-4191-8180-edc313b92e4f,22,The spit is sticking in my throat.,/Volumes/Disc 2/2Pictures/Flashcard/spit.jpg
14952,e8ad8456-fc75-4089-9a85-bc9b9516f620,22,I had a stomach-ache and had to spit (vomit). (spe...),/Volumes/Disc 2/2Pictures/Flashcard/spit (spe).jpg
275,4b2ca9c3-70fe-4dcd-b3ec-6b62bc60c2a1,1,everything,/Volumes/Disc 2/1Pictures/Flashcard/everything.jpg
3196,5379025a-0f65-4ba6-a5bf-8d2d2c0ab479,21,My mouth is dry.,/Volumes/Disc 2/1Pictures/Flashcard/mouth.jpg
493,d1f7d843-77ba-47ca-8332-ef48c8c97103,1,own,/Volumes/Disc 2/1Pictures/Flashcard/own.jpg
231,2def3432-7602-4597-84b8-3018f33a6197,1,emergency,/Volumes/Disc 2/1Pictures/Flashcard/emergency.jpg
3474,ef4ac1a8-5659-4402-b706-31ca35a71e3d,21,His donkey likes carrots.,/Volumes/Disc 2/1Pictures/Flashcard/donkey.jpg
2589,a2a77ac0-c2c7-4d87-acbb-cbf263f5c131,21,Who has heard the first call of the cuckoo?,/Volumes/Disc 2/1Pictures/Flashcard/call.jpg
209,d0bb99d4-8790-4897-9501-a3236119b7df,1,sun,/Volumes/Disc 2/1Pictures/Flashcard/sun.jpg
2777,48d0131a-040c-4aa5-9aee-24e63ae99e1b,21,I will take (or have) the vegetarian dish.,/Volumes/Disc 2/1Pictures/Flashcard/dish (of a meal)-nt.jpg
2630,3e58d3d0-5af1-4ef0-ae81-5d7603633e36,21,I enjoy the fresh air in the mountains.,/Volumes/Disc 2/1Pictures/Flashcard/fresh.jpg
3473,5c15fa2d-056e-4597-b9ad-b1cca368d510,21,The duck has a yellow beak.,/Volumes/Disc 2/1Pictures/Flashcard/duck.jpg
3195,397f5f08-ba4a-400f-adfa-e1dfd5a6a17d,21,My stomach is rumbling.,/Volumes/Disc 2/1Pictures/Flashcard/stomach.jpg
2999,1c647923-474f-456d-9fbd-57b8e7ffffdf,21,The fire brigade put out the fire.,/Volumes/Disc 2/1Pictures/Flashcard/fire brigade.jpg
2640,5d3fcce5-d2e3-4a83-8609-54260bf6b05d,21,I like (eating) fried sausage with chips.,"/Volumes/Disc 2/1Pictures/Flashcard/french fries ,chips.jpg"
495,6e928a23-ca27-486d-8b55-8cbb999622a0,1,"false ,wrong","/Volumes/Disc 2/1Pictures/Flashcard/false ,wrong.jpg"
834,2d8d1849-0c28-49b6-b2ba-715e9848ab3d,1,west,/Volumes/Disc 2/1Pictures/Flashcard/west.jpg
2636,86a5a734-f803-428b-b207-37dd55fcfe2a,21,We like to cook casseroles.,"/Volumes/Disc 2/1Pictures/Flashcard/cook ,boil.jpg"
3052,9ca40f71-b5fc-41e2-b849-fba18861d0a2,21,Will you be able to carry this by yourself? (inf.sing),/Volumes/Disc 2/1Pictures/Flashcard/be able to.jpg
3219,01215e2b-42f9-48bd-8100-4103e7e673ca,21,The drive will take 20 hours.,"/Volumes/Disc 2/1Pictures/Flashcard/drive ,trip.jpg"
2628,e6f22146-aaa7-4006-ba75-ff55c26c830a,21,For breakfast I like eating an egg.,/Volumes/Disc 2/1Pictures/Flashcard/egg-nt.jpg
2643,016a0c7b-19d4-4c1d-87fd-d30e5b73cf84,21,Dirty socks smell dreadful.,/Volumes/Disc 2/1Pictures/Flashcard/smell.jpg
2648,dcd58c99-d3fc-42f2-9296-00fe8f728e89,21,Whoever wants to remain slim should avoid chocolate. (S...),/Volumes/Disc 2/1Pictures/Flashcard/chocolate.jpg
2652,447b2b34-5ba8-43c0-bf57-389d27ddc377,21,He is writing the number on a napkin.,/Volumes/Disc 2/1Pictures/Flashcard/number (telephone).jpg
3305,defa8737-733b-4c81-bac4-6741aac0b9f6,21,Can you close (z...) the window please? (inf.sing),/Volumes/Disc 2/1Pictures/Flashcard/close.jpg
3049,90910c54-9cca-4e79-b371-a141146fa1f7,21,Something red looks good with that.,/Volumes/Disc 2/1Pictures/Flashcard/something.jpg
2632,f5bd088a-da00-4b74-99a2-2e7279c7aa3b,21,For Christmas we have special biscuits. (G...),/Volumes/Disc 2/1Pictures/Flashcard/biscuits-nt.jpg
3415,77959506-2aa4-4c8a-a2ac-cafc2a3dce30,21,My grandparents have built the house.,/Volumes/Disc 2/1Pictures/Flashcard/build.jpg
2687,77265449-3c33-486a-b475-f5c2f9c57827,21,There is a tower at the end (E...) of this path. (At the end of this path stands a tower.),/Volumes/Disc 2/1Pictures/Flashcard/end-nt.jpg
2637,8fd7528f-eaa0-4f30-8be4-a6610f292cdf,21,Who wants to eat cake for dessert?,"/Volumes/Disc 2/1Pictures/Flashcard/cake ,pie.jpg"
2979,abde6d48-98ea-4aba-9ffc-4e08041cb7b8,21,In Summer it gets light as early as 4.30.,"/Volumes/Disc 2/1Pictures/Flashcard/light ,bright.jpg"
2995,505b7641-b1d8-4ce9-a5dc-f7562df3cc99,21,The castle is very popular with tourists.,/Volumes/Disc 2/1Pictures/Flashcard/castle.jpg
3002,61fbe3f2-34e2-43cd-9ad1-d8e9ff914fc9,21,A journey through the desert is not without dangers.,/Volumes/Disc 2/1Pictures/Flashcard/danger.jpg
3007,d568a205-845c-469a-aec0-5f40a59383fe,21,More people work in industry than in agriculture.,/Volumes/Disc 2/1Pictures/Flashcard/industry.jpg
3020,0f31dbda-16bf-4970-b7cf-118806d5a1f2,21,In my new school they are all silly.,"/Volumes/Disc 2/1Pictures/Flashcard/silly ,stupid.jpg"
3021,fd840f44-08a1-4e80-9ba5-636800a83628,21,Well-behaved children become good citizens of the world.,"/Volumes/Disc 2/1Pictures/Flashcard/good ,well-behaved.jpg"
3032,81580306-3fec-48ef-b7ba-5b79fa726892,21,She holds the bird in the hollow of her hand (where the hand is hollow).,/Volumes/Disc 2/1Pictures/Flashcard/hollow.jpg
3030,089eb350-aa18-4f72-a56e-302462a4d212,21,The egg is hard-boiled.,/Volumes/Disc 2/1Pictures/Flashcard/hard.jpg
3036,9e0c2508-ac47-49e2-9b88-553ccc90a264,21,This lecture was very boring.,/Volumes/Disc 2/1Pictures/Flashcard/boring.jpg
3405,3e94bb4e-b29c-492c-a4d0-9a1978ef988a,21,I can't stand the noise!,/Volumes/Disc 2/1Pictures/Flashcard/noise.jpg
3038,ea47d014-0ee6-4999-967a-50f4ab7193ce,21,Be nice to your sister! (inf.sing),/Volumes/Disc 2/1Pictures/Flashcard/nice.jpg
3053,236953fb-f3c4-4b32-99c6-3b03f15e5601,21,They have invited many people. (L...),/Volumes/Disc 2/1Pictures/Flashcard/people.jpg
3072,cb7c4e85-1925-45bd-b98a-42524ffcd0fa,21,They had an animated conversation.,/Volumes/Disc 2/1Pictures/Flashcard/conversation-nt.jpg
3076,c6ab77f3-1109-4acd-93f0-3dce541776b6,21,We are all smiling together in this photo.,/Volumes/Disc 2/1Pictures/Flashcard/smile.jpg
3090,dfea2dbf-3b55-4437-8b33-d5f53774d8a4,21,I would like a roll with cold meat.,/Volumes/Disc 2/1Pictures/Flashcard/cold meat.jpg
3442,2bd51ec4-83d3-475b-8db9-11eb63c1bd27,21,Best of all I like playing football.,/Volumes/Disc 2/1Pictures/Flashcard/best of all.jpg
3061,e5f4abaf-7300-420d-b167-b91697e5f111,21,He not only likes cabbage but (s...) all types of vegetables.,/Volumes/Disc 2/1Pictures/Flashcard/but (rather).jpg
3069,4bbd23db-85e5-4ab5-95ae-fd70e8926063,21,We thank you for your understanding. (form.sing),/Volumes/Disc 2/1Pictures/Flashcard/thank.jpg
3071,0ce3327c-a040-46ea-b4ef-c39a04d9a7fa,21,We received the invitation.,/Volumes/Disc 2/1Pictures/Flashcard/invitation.jpg
3081,77a47e47-cf58-467b-957c-e82f70fa837b,21,Why are the children shouting?,"/Volumes/Disc 2/1Pictures/Flashcard/shout ,to shriek.jpg"
3086,383ae83e-141f-47a2-aef2-ffd28247a83a,21,The performance was excellent.,"/Volumes/Disc 2/1Pictures/Flashcard/introduction ,performance.jpg"
3074,92f584ae-1651-46c5-8664-57aafbc212db,21,Do you know the owner of this car? (inf.sing),"/Volumes/Disc 2/1Pictures/Flashcard/know (person ,place).jpg"
3077,885f319f-1395-4e3a-93a4-adf9a65b55ca,21,The audience laughs at the joke.,/Volumes/Disc 2/1Pictures/Flashcard/laugh.jpg
3138,a0d4f3ad-2fbc-4ffc-9169-134a80484d1e,21,"What is your name, please? (form.sing)",/Volumes/Disc 2/1Pictures/Flashcard/name.jpg
3092,0b12f225-a7b5-4aa2-9ed0-cd24720b9be7,21,We always have roast on Sundays.,"/Volumes/Disc 2/1Pictures/Flashcard/roast ,roast dish.jpg"
3093,5a8d8d90-60ba-4b11-bfba-f61021bc37cc,21,"I am hungry, I am thirsty, where can I get coke, and where can I get sausage?",/Volumes/Disc 2/1Pictures/Flashcard/thirst.jpg
3120,eeb30c9b-ec13-4c93-a30c-975354f691b0,21,You have to fill in the form. (inf.sing),/Volumes/Disc 2/1Pictures/Flashcard/fill in.jpg
3127,e86cde38-a5b8-420a-bdec-cef67c2426b9,21,The envelope (B...) is damaged.,/Volumes/Disc 2/1Pictures/Flashcard/envelope.jpg
3147,517a865e-3e9d-465c-a6b8-26c7c33f467c,21,It is time to go to bed!,/Volumes/Disc 2/1Pictures/Flashcard/bed-nt.jpg
3157,a4841da4-e56d-4775-b216-628d960955b1,21,The lamp needs a new light bulb.,/Volumes/Disc 2/1Pictures/Flashcard/lamp.jpg
3108,6d4de44a-7fad-46ad-831d-f087204c1584,21,Do you have a genuine Vienna Schnitzel cutlet? (form.sing),/Volumes/Disc 2/1Pictures/Flashcard/cutlet-nt.jpg
3113,553cb457-4b27-4c20-954d-80e6499dddb3,21,They drink to his health.,/Volumes/Disc 2/1Pictures/Flashcard/drink.jpg
3114,7837d773-6136-4b0f-a03b-d088707e2502,21,The water is refreshing.,/Volumes/Disc 2/1Pictures/Flashcard/water-nt.jpg
3121,3506cef4-8b05-47bb-9a12-5c1ef996f15c,21,How much money have you in the bank? (inf.sing),/Volumes/Disc 2/1Pictures/Flashcard/bank.jpg
3169,e72c8fcd-41dd-4058-9871-15bb23c74d9c,21,Excuse me - where are the toilets? (T…),/Volumes/Disc 2/1Pictures/Flashcard/toilet.jpg
3174,6eafde36-e5dd-4f2c-b780-3b4be45ef156,21,The right arm is wounded.,/Volumes/Disc 2/1Pictures/Flashcard/arm.jpg
3177,08423cec-d780-4681-9422-f3b44899a592,21,She has broken her left leg.,/Volumes/Disc 2/1Pictures/Flashcard/leg-nt.jpg
3178,fc233eb8-d011-4fc3-8d92-e50386fa683a,21,Nobody believes anymore that members of the nobility have blue blood.,/Volumes/Disc 2/1Pictures/Flashcard/blood-nt.jpg
3122,d807d633-dea7-47d3-a312-d6c9dd7a58ee,21,The thief had many banknotes (B...) in the pocket.,/Volumes/Disc 2/1Pictures/Flashcard/banknote.jpg
3133,cc0b57ae-c144-49f9-a78a-c4aceb0fd5e6,21,Unfortunately my account is overdrawn.,/Volumes/Disc 2/1Pictures/Flashcard/account-nt.jpg
3140,0964a606-501b-42bf-9fc5-c4b82989d3ab,21,I must hurry to the Post Office with the mail.,/Volumes/Disc 2/1Pictures/Flashcard/post office-mail.jpg
3141,20e5ccc1-15d7-416c-9726-43d761c36103,21,Many people are waiting in the queue in front of the counter.,/Volumes/Disc 2/1Pictures/Flashcard/counter (also box office).jpg
3146,45b34292-ac43-445e-8388-def108137bec,21,In the Summer we bathe in the lake.,"/Volumes/Disc 2/1Pictures/Flashcard/bathe ,v.jpg"
3150,225ed742-978a-4e31-9083-a9fa41814d96,21,I am cold,/Volumes/Disc 2/1Pictures/Flashcard/blanket.jpg
3154,f2e63f0a-517f-4a6e-8b63-d90f695b53c1,21,Take your hand towel with you to the beach. (inf.sing),"/Volumes/Disc 2/1Pictures/Flashcard/towel ,handtowel-nt.jpg"
3167,32689450-6034-43d3-a747-fe5cf43ccc15,21,He hasn't combed his hair yet.,/Volumes/Disc 2/1Pictures/Flashcard/comb ones hair.jpg
3199,09ddec00-7d96-45b6-8dde-2cda0afe8d4e,21,He carries his rucksack on his back.,/Volumes/Disc 2/1Pictures/Flashcard/back (body).jpg
3208,d5a4e5a3-2e85-4ed7-af84-b76632545f27,21,Where do I get information about schools?,/Volumes/Disc 2/1Pictures/Flashcard/information.jpg
3211,6d4336bc-428d-4645-b630-8af139ecc5b6,21,Have you (got) your identification card with you? (form.sing),/Volumes/Disc 2/1Pictures/Flashcard/Identification card.jpg
3217,41785b6e-34a9-466a-93cd-88df2873576c,21,"We must get in quickly. (e.g. in the car, in the train)",/Volumes/Disc 2/1Pictures/Flashcard/get in.jpg
3242,7fc1d793-e61c-4d4a-ad3c-f4fc959662af,21,Everything is cheap (b...) in the summer sales.,/Volumes/Disc 2/1Pictures/Flashcard/cheap.jpg
3238,148d841b-3f8f-42fe-8f0a-f1f63ba85558,21,The boss of this department is well-liked.,/Volumes/Disc 2/1Pictures/Flashcard/department.jpg
3228,b170068c-1113-41bc-9972-970e8de38e70,21,Where is the next stop?,"/Volumes/Disc 2/1Pictures/Flashcard/stop (bus ,tram).jpg"
3232,eb28f28e-ef21-4471-a237-28e36fb378f1,21,Someone has stolen my passport.,/Volumes/Disc 2/1Pictures/Flashcard/passport.jpg
3243,741a54b9-d16d-4470-b31c-0f640091be9a,21,What do you need money for if you are happy? (inf.sing),/Volumes/Disc 2/1Pictures/Flashcard/need.jpg
3247,f324a383-52df-497b-9ab5-c7ec601d6a73,21,Unfortunately we don't have your size in stock. (form.sing),/Volumes/Disc 2/1Pictures/Flashcard/size.jpg
3218,db7a092c-7254-4524-b07f-b54e059fd522,21,This summer we're driving to Spain.,"/Volumes/Disc 2/1Pictures/Flashcard/drive ,v.jpg"
3320,87cfc46d-6d85-4dfa-b1c5-b67b89a809e3,21,Can I help you with (into) your coat? (form.sing),/Volumes/Disc 2/1Pictures/Flashcard/coat.jpg
3253,24691d76-3279-45fd-a26b-46f540dd4ee4,21,"What does it cost, please? (How much is it, please?)",/Volumes/Disc 2/1Pictures/Flashcard/cost.jpg
3263,26b4cb8d-4088-4ccc-8574-1c1076e57f8c,21,She wants to sell her car.,"/Volumes/Disc 2/1Pictures/Flashcard/sell ,v.jpg"
3304,fcde7cd0-91c4-4b85-b384-6242ce2c8b85,21,We want to try it.,/Volumes/Disc 2/1Pictures/Flashcard/want to.jpg
3278,72641778-8026-40d1-b9af-ce24c8bbcca2,21,I would like to get to know him better.,/Volumes/Disc 2/1Pictures/Flashcard/get to know.jpg
3294,9b60f753-55db-4070-bdda-93ae1a49a49f,21,Call if you need help. (form.sing),/Volumes/Disc 2/1Pictures/Flashcard/call (shout).jpg
3333,5661de9a-ac56-4b13-9323-dfdbd7fbe316,21,I am buying new underclothes.,/Volumes/Disc 2/1Pictures/Flashcard/underclothes.jpg
3322,caa26c27-8ec2-48cc-ba75-ac0351084963,21,Where did you lose your purse? (inf.sing),/Volumes/Disc 2/1Pictures/Flashcard/purse-nt.jpg
3330,b0326008-34cf-41ae-a2ab-bda5400c53f6,21,There is a run in my stocking.,/Volumes/Disc 2/1Pictures/Flashcard/stocking.jpg
3273,d6888e0a-a004-4aa7-881a-b79476647a43,21,The poor old lion is missing three teeth.,/Volumes/Disc 2/1Pictures/Flashcard/be missing.jpg
3283,6d6c71be-b2a3-4e1c-b3a8-cea281074f95,21,I will paint a picture.,/Volumes/Disc 2/1Pictures/Flashcard/paint.jpg
3300,25aaad54-d172-42ff-9690-fc03fb1e4bff,21,It is forbidden to cross the railway lines (tracks).,/Volumes/Disc 2/1Pictures/Flashcard/forbidden.jpg
3318,069acc8d-e08f-43df-8476-13588f631930,21,You need warm clothes (K..g) in winter.,/Volumes/Disc 2/1Pictures/Flashcard/clothes - outfit.jpg
3323,5822b54d-06cc-4b25-aa4e-1cf4bde965e7,21,Did you wash my pullover? (inf.sing),"/Volumes/Disc 2/1Pictures/Flashcard/pullover ,sweater ,jersey.jpg"
3326,fe4e6ef3-6ffa-4b99-a7d6-851a59a22e1a,21,My aunt has left me much (a lot of) jewellery.,/Volumes/Disc 2/1Pictures/Flashcard/jewellery.jpg
3440,41f1ef06-ec77-4d11-abcb-16c0c58063bb,21,Careful! This water is hot.,/Volumes/Disc 2/1Pictures/Flashcard/careful.jpg
3437,fe7b7617-6beb-4f04-8c49-590a3005767b,21,We have been living here for a long time.,"/Volumes/Disc 2/1Pictures/Flashcard/live ,v.jpg"
3436,53cb1bdc-46e4-494a-9b51-ca1f25a109f3,21,At least (W...) we tried.,/Volumes/Disc 2/1Pictures/Flashcard/at least.jpg
3500,a4ac6f8f-a3a8-4e9b-86ca-72293b69d1ce,21,How are you feeling today? (inf.sing),/Volumes/Disc 2/1Pictures/Flashcard/feel.jpg
3432,9275c210-2325-4e94-a2d2-2b47a4878cb4,21,Call the police immediately! (inf.sing),/Volumes/Disc 2/1Pictures/Flashcard/immediately.jpg
3434,8af2b379-be92-4b9e-ac15-f9b745c5e0ba,21,Many children die of malaria.,/Volumes/Disc 2/1Pictures/Flashcard/die.jpg
3343,1e56721e-9758-4a13-91f3-0d859f597629,21,We're going to London today.,"/Volumes/Disc 2/1Pictures/Flashcard/go ,to walk.jpg"
3348,c82f7566-dade-4bf7-a440-77cb797cc171,21,We don't have any children.,"/Volumes/Disc 2/1Pictures/Flashcard/no ,not any.jpg"
3351,003c9d57-24cd-46ae-af59-684d3c844a01,21,The children will make an Easter basket.,"/Volumes/Disc 2/1Pictures/Flashcard/make ,do.jpg"
3354,dec6b6d2-5771-4a2f-b98c-80d0addbbd9b,21,In our house everything must be in its right place.,/Volumes/Disc 2/1Pictures/Flashcard/place.jpg
3298,96657f7b-fd33-42af-a23f-4bb6171afd0e,21,She is supposed to be home by 11 (o'clock).,/Volumes/Disc 2/1Pictures/Flashcard/be supposed to.jpg
3317,9e522e31-19c1-4c60-83ca-9cce1ce2a0cd,21,She has so many clothes. (K..r),/Volumes/Disc 2/1Pictures/Flashcard/clothes.jpg
3331,24b8c635-474c-4e15-be8e-ee140adaaa4d,21,My bag was stolen.,"/Volumes/Disc 2/1Pictures/Flashcard/pocket ,bag.jpg"
3438,740e34f2-821a-4423-894e-cd0250e8d7c3,21,The meat is quite tough.,/Volumes/Disc 2/1Pictures/Flashcard/quite.jpg
3347,c31f1ddb-9565-484c-b38e-c69fadf74847,21,We have a large garden behind the house.,/Volumes/Disc 2/1Pictures/Flashcard/behind.jpg
3349,b1f0e837-8d9a-47c6-a31f-c7cbaa4f7990,21,The mailman will come at three o'clock.,/Volumes/Disc 2/1Pictures/Flashcard/come.jpg
3345,bf4fbf34-7835-4b06-9e3b-641f5e9eda24,21,When have you had the flu? (form.sing),/Volumes/Disc 2/1Pictures/Flashcard/have.jpg
3350,5fbc0383-b9f1-497d-9972-b97ceafa312a,21,We love mushroom pizza.,"/Volumes/Disc 2/1Pictures/Flashcard/love ,v.jpg"
3346,d1f4d27a-575a-4e28-a511-c5f5cb20f90d,21,Go up the street to the crossroads. (form.sing),/Volumes/Disc 2/1Pictures/Flashcard/up.jpg
3353,d3b8594e-25bc-4a92-a499-ab1056df8039,21,Sometimes you can see the island. (inf.sing),/Volumes/Disc 2/1Pictures/Flashcard/sometimes.jpg
3355,35d5a4e2-233b-4201-8881-6bb8082398f3,21,She would like to be famous.,/Volumes/Disc 2/1Pictures/Flashcard/be.jpg
3449,74ee5408-8d93-45f5-b00a-fffefb3fae56,21,I am so glad - it worked!,/Volumes/Disc 2/1Pictures/Flashcard/it worked.jpg
3378,f475ae1c-66bb-47af-bddf-d19bcfe9df4a,21,We are moving south.,/Volumes/Disc 2/1Pictures/Flashcard/south.jpg
3382,af95e6fb-9571-425b-9eda-241bc49f04e9,21,The brown horse runs at the very front.,/Volumes/Disc 2/1Pictures/Flashcard/at the front.jpg
3404,f5c38dce-f79e-40bc-a8e3-83b3825287dd,21,The countryside here is picturesque.,/Volumes/Disc 2/1Pictures/Flashcard/countryside.jpg
3410,95c96f7c-478f-4a1b-9c7f-ddf8ef477116,21,We go (drive) to the beach every summer.,/Volumes/Disc 2/1Pictures/Flashcard/beach.jpg
3414,c261aa73-7ef5-4840-8775-27fe747dacdf,21,She is wearing her new frock.,/Volumes/Disc 2/1Pictures/Flashcard/wear.jpg
3417,fa28b695-501d-4c9b-8029-b4395473cc54,21,I am friends with the mayor.,/Volumes/Disc 2/1Pictures/Flashcard/be friends with.jpg
3363,c16c9a6b-d9bf-4734-a3b6-884acc979bea,21,Go along the street up to the roundabout.,/Volumes/Disc 2/1Pictures/Flashcard/along.jpg
3366,cb8b7c91-61c3-42d3-a1b0-0a30ce8d49ee,21,"Go straight ahead, then right. (form.sing)",/Volumes/Disc 2/1Pictures/Flashcard/straight.jpg
3370,0477a847-5924-4d03-b4d4-c7fcaa9e2f2f,21,We are near the town centre.,/Volumes/Disc 2/1Pictures/Flashcard/near.jpg
3374,c2f99848-2bda-4c95-aaca-f79303ff0e53,21,The path led across (q...) the wood.,"/Volumes/Disc 2/1Pictures/Flashcard/across ,crosswise ,at right angles.jpg"
3380,909f5a98-a3e3-4d39-9337-a677633cf56e,21,Please take the tray downstairs. (inf.sing),"/Volumes/Disc 2/1Pictures/Flashcard/below ,downstairs ,beneath.jpg"
3389,f1a95395-c76c-4df4-8695-e3c48e294bcb,21,For a change (A...) we're going to the bathing beach.,/Volumes/Disc 2/1Pictures/Flashcard/change.jpg
3390,bed328ec-d029-439d-8a8e-f09206e79a89,21,We are taking a holiday on a farm.,/Volumes/Disc 2/1Pictures/Flashcard/farm.jpg
3377,942d20ce-e592-463e-a6d8-5e43c4f490ba,21,He steers the car backwards out of the garage.,/Volumes/Disc 2/1Pictures/Flashcard/backwards.jpg
3384,05265b32-1cc0-4817-8b84-b9e21fe3f2e2,21,The sun sets in the west.,/Volumes/Disc 2/1Pictures/Flashcard/west.jpg
3394,3869fd06-9040-4e58-90d7-1a127c79d11e,21,Our earth is suffering from climate change.,/Volumes/Disc 2/1Pictures/Flashcard/earth.jpg
3423,999375d0-fc9c-459d-bc10-b927846a92fe,21,We have decided to marry.,/Volumes/Disc 2/1Pictures/Flashcard/marry.jpg
3455,60e53ec4-175a-4ea6-8884-96a5f5151439,21,Please come in. (form.sing),/Volumes/Disc 2/1Pictures/Flashcard/come in.jpg
3454,65fb5b42-8e3d-4d0b-a0ee-c3f64d134251,21,Hearty congratulations for your (the) birthday.,/Volumes/Disc 2/1Pictures/Flashcard/congratulations.jpg
3461,6ec61f9d-93d2-4d9c-a8de-726bd64d8936,21,"We drink to the New Year, cheers!",/Volumes/Disc 2/1Pictures/Flashcard/cheers.jpg
3477,3b905c6e-dbda-4f0b-99eb-e0f4f0936e03,21,The dogs eat their dog food.,/Volumes/Disc 2/1Pictures/Flashcard/eat (of animals).jpg
3514,3aa6a8dd-bb26-4efa-b971-99e6c84df225,21,I was sad to hear of his death.,/Volumes/Disc 2/1Pictures/Flashcard/death.jpg
3486,d9f95a2b-30a3-4990-8931-4b3c021e8508,21,I think we have a mouse in the house.,/Volumes/Disc 2/1Pictures/Flashcard/mouse.jpg
3527,12bab588-b323-4e9c-acc5-63112e4e3a00,21,Across (Ge...) from the train station are the bus stops.,/Volumes/Disc 2/1Pictures/Flashcard/across.jpg
3396,ff2e2815-a9b6-46e9-a2a4-ff8d9ae69ddc,21,Please don't let the fire (F...) go out. (inf.sing),/Volumes/Disc 2/1Pictures/Flashcard/fire-nt.jpg
3398,61edbedf-2fd5-425a-b99c-54fe76149f86,21,You have a beautiful garden with so many colourful flowers. (form.sing),/Volumes/Disc 2/1Pictures/Flashcard/garden.jpg
3416,bcff5485-024e-4f80-b073-2a155e264424,21,Frau Schulz is serving you today. (form.sing),/Volumes/Disc 2/1Pictures/Flashcard/serve.jpg
3403,6b5ba8bd-436d-4514-8057-2d306820914c,21,Which country has the most volcanoes?,"/Volumes/Disc 2/1Pictures/Flashcard/country ,state-nt.jpg"
3406,8e5be34a-e3b5-476b-9f5a-3269c88522dc,21,There is a hole in your sock. (inf.sing),/Volumes/Disc 2/1Pictures/Flashcard/hole-nt.jpg
3407,b4815ec7-b114-4ba9-a7fe-56fe1ab78de8,21,The frost has destroyed the young plants.,/Volumes/Disc 2/1Pictures/Flashcard/plant.jpg
3413,323a9d8c-5afd-4761-98c2-11c451c9f284,21,Are there bears in this forest?,/Volumes/Disc 2/1Pictures/Flashcard/forest.jpg
3418,ace02efa-3b0e-45f8-8c8a-52af4e615ded,21,I encountered her in the park.,/Volumes/Disc 2/1Pictures/Flashcard/meet (to encounter).jpg
3427,d048b86a-7fdd-48bb-aa6f-199595b2a37e,21,She is packing her rucksack for the holidays.,/Volumes/Disc 2/1Pictures/Flashcard/pack.jpg
3444,95937844-2c7e-4a2e-8013-63bfd3cc0ff0,21,"Good bye, until next week!",/Volumes/Disc 2/1Pictures/Flashcard/goodbye.jpg
3460,9475139e-f560-4213-9608-04faf6835654,21,He can come in spite of it. Great!,/Volumes/Disc 2/1Pictures/Flashcard/great.jpg
3443,2b760889-3c87-4ec1-8257-eba6d65fee3e,21,"Many thanks for your call, good bye! (form.sing)",/Volumes/Disc 2/1Pictures/Flashcard/good bye (on the phone).jpg
3446,d26c4688-1b19-4160-a51b-2587090e23d4,21,Don't praise the day before it's over,/Volumes/Disc 2/1Pictures/Flashcard/that is (ie).jpg
3452,175a092f-fade-4988-9885-029aae574455,21,"I didn't see you, I'm sorry! (inf.sing)",/Volumes/Disc 2/1Pictures/Flashcard/Im sorry.jpg
3481,f3191798-3209-476a-a1f7-9236147f1a66,21,The butterfly is a beautiful insect.,/Volumes/Disc 2/1Pictures/Flashcard/insect-nt.jpg
3503,5350ea43-782e-4479-b45d-10e51e04029d,21,During war the propaganda teaches hate towards the enemy.,/Volumes/Disc 2/1Pictures/Flashcard/hate.jpg
3531,96c2a5ed-3761-4368-ac48-91afb3056a7c,21,The brown jacket belongs to me.,"/Volumes/Disc 2/1Pictures/Flashcard/me ,v.jpg"
3561,cfa90baa-b785-40ea-b61d-0dc4b17e19a8,21,The flight to Australia is very long.,/Volumes/Disc 2/1Pictures/Flashcard/long.jpg
3478,7aba715d-3e95-4529-9d68-40e89d792577,21,There are not many people who have a goat in a pen.,/Volumes/Disc 2/1Pictures/Flashcard/goat.jpg
3552,703ba8be-f161-43fd-8b72-1794e82a1a4f,21,This lizard is about 10 centimetres in length.,"/Volumes/Disc 2/1Pictures/Flashcard/approximately ,about.jpg"
3508,60ceaf27-0b2a-4d8b-9c7a-f2b41006f0dd,21,You are tired from the long trip. (inf.pl),/Volumes/Disc 2/1Pictures/Flashcard/tired.jpg
3529,838ce78c-3b8a-49f9-892f-1ef36eb9bf39,21,From now on it always goes down (it's all downhill).,/Volumes/Disc 2/1Pictures/Flashcard/down.jpg
3521,c50dbf45-5611-4736-8aee-056099bb821c,21,He has learned to control his anger.,/Volumes/Disc 2/1Pictures/Flashcard/anger.jpg
3523,e911631e-653b-4203-afca-9d5162acbdac,21,I live at the house of my aunt.,"/Volumes/Disc 2/1Pictures/Flashcard/by ,at ,at the house of.jpg"
3546,03c04420-47ce-4750-8505-a819896dc594,21,Where is the remote control?,/Volumes/Disc 2/1Pictures/Flashcard/where.jpg
3587,adc086d1-9142-4943-96d3-341861f7cda5,21,Are you married? (form.sing),/Volumes/Disc 2/1Pictures/Flashcard/married.jpg
3562,75eead55-884e-4e89-9e89-d516715760fa,21,This recipe makes 1 litre of soup.,/Volumes/Disc 2/1Pictures/Flashcard/liter.jpg
3483,72d9d91b-4af8-499e-9a1c-240d19604ac1,21,The cat is playing with the ball.,/Volumes/Disc 2/1Pictures/Flashcard/cat.jpg
3491,d74ec6d5-77ea-4525-a6d4-32ac0483e37b,21,Give the sparrow some bread crumbs. (inf.sing),/Volumes/Disc 2/1Pictures/Flashcard/sparrow.jpg
3507,7aa44c01-17dd-4073-8ba7-8fd1f176fa02,21,Few people live in these mountains.,"/Volumes/Disc 2/1Pictures/Flashcard/be alive ,to live.jpg"
3512,94c61698-a1d8-4341-904f-8b0b37bf6a28,21,He takes the blame (upon himself).,"/Volumes/Disc 2/1Pictures/Flashcard/blame ,debt.jpg"
3532,599c08d7-acc2-493f-b683-64484081f0cd,21,Would you like to come with us? (inf.sing),/Volumes/Disc 2/1Pictures/Flashcard/with.jpg
3549,67bddeae-92a0-44e3-b8b7-8d81f844c1b3,21,Do you see the gap between the trees? (inf.sing),/Volumes/Disc 2/1Pictures/Flashcard/between.jpg
3550,1d17fde7-8840-4055-a4e4-7dfd34e0e945,21,We('ll) let you know the quantity. (inf.sing),"/Volumes/Disc 2/1Pictures/Flashcard/number ,quantity.jpg"
3560,22176447-6861-4210-88c5-e9e4e53e24df,21,Our holiday was too short.,/Volumes/Disc 2/1Pictures/Flashcard/short.jpg
1465,b356bf3b-c1c3-49c8-99a7-98da641967b3,2,to eat,/Volumes/Disc 2/2Pictures/Flashcard/to eat.jpg
3506,64e84d51-aab1-4e39-bafd-706d969a3a3b,21,She's in a good mood.,/Volumes/Disc 2/1Pictures/Flashcard/mood.jpg
3537,5f1df89e-bd33-45f6-b4b0-6abc2e330999,21,When can we meet (tr...) again?,/Volumes/Disc 2/1Pictures/Flashcard/meet.jpg
3544,a8380a0d-85cc-4748-b029-81d64d962441,21,Who is that?,/Volumes/Disc 2/1Pictures/Flashcard/who.jpg
3553,d17b2bc7-9d49-4396-a207-24f53faa84d3,21,The shape of the building was in the modern style.,/Volumes/Disc 2/1Pictures/Flashcard/shape.jpg
3570,1fafdb64-691f-4d79-b80b-9a41bb042908,21,A cube has six sides.,/Volumes/Disc 2/1Pictures/Flashcard/cube.jpg
3487,0b4a0ce8-b399-4a7f-80eb-aa1da1e8c05e,21,The mosquitoes are driving me crazy!,/Volumes/Disc 2/1Pictures/Flashcard/mosquito.jpg
3490,877e5ea0-1afc-4a24-aad5-9e9c1a852457,21,The pig has eight little piglets.,/Volumes/Disc 2/1Pictures/Flashcard/pig-nt.jpg
3515,2b54a15d-6770-4171-b501-1adf163666c7,21,We would like to help you in your grief. (inf.sing),/Volumes/Disc 2/1Pictures/Flashcard/grief.jpg
3510,49521da3-280f-4865-82ed-fdf9601040b1,21,Unfortunately our team has had bad luck.,/Volumes/Disc 2/1Pictures/Flashcard/bad luck-nt.jpg
3522,69f1364c-22e7-40a3-a05b-51025abd51dd,21,My friend (male) is better at drawing than me.,"/Volumes/Disc 2/1Pictures/Flashcard/as ,than ,when.jpg"
3539,2bd3b571-1e42-498f-8eca-9e89dc9ebd9d,21,Your slippers are under the bed. (inf.sing),"/Volumes/Disc 2/1Pictures/Flashcard/under ,among.jpg"
3576,c0132dcd-a838-41db-acaa-1a911c43a967,21,We are always very busy before Christmas.,/Volumes/Disc 2/1Pictures/Flashcard/busy.jpg
3580,3b835d4e-87ab-49c3-9121-5c2ac730ad77,21,The surroundings were very strange-foreign to her.,"/Volumes/Disc 2/1Pictures/Flashcard/strange ,foreign.jpg"
3586,d68a607e-ea08-43f1-81d5-0102bc0bc412,21,He is very independent for his age.,/Volumes/Disc 2/1Pictures/Flashcard/independent.jpg
4232,13bb8881-fa47-4194-9555-fa238188e186,22,They load their baggage on the train.,/Volumes/Disc 2/2Pictures/Flashcard/to load.jpg
1659,3e794623-fb48-4099-aa93-2bbd52002b48,2,"to fry ,to roast","/Volumes/Disc 2/2Pictures/Flashcard/to fry ,to roast.jpg"
3696,60751da6-8241-484b-88f4-909956255807,22,I can't start the lawnmower.,/Volumes/Disc 2/2Pictures/Flashcard/to start.jpg
1712,a6b88c88-484e-4c92-9cd2-2769438f90e6,2,"pleasure, enjoyment","/Volumes/Disc 2/2Pictures/Flashcard/pleasure, enjoyment.jpg"
3823,389c4660-c97e-4660-b97d-1dc186d47fce,22,Have you lost your voice? (inf.sing),/Volumes/Disc 2/2Pictures/Flashcard/voice.jpg
3649,486e8c39-bd6d-45ee-9036-0bf7745b72a5,22,Unfortunately,/Volumes/Disc 2/2Pictures/Flashcard/diet.jpg
3697,dc6dae4a-506b-4b91-b150-3ccde0cdd07b,22,She inserts the key into the lock.,"/Volumes/Disc 2/2Pictures/Flashcard/to put ,stick ,insert.jpg"
3699,a0fed12b-ad73-4901-9809-3540f80cf06c,22,You are working (we…) so hard! (inf.pl),/Volumes/Disc 2/2Pictures/Flashcard/to work (operations).jpg
4010,0a3e078c-aad7-4b96-afdb-91b6c9b693d3,22,Wait for me! (inf.pl),/Volumes/Disc 2/2Pictures/Flashcard/to wait.jpg
3853,1b18578b-855c-42e3-8127-f0789d0b184d,22,Apricots make good jam. (From apricots one gets good jam).,/Volumes/Disc 2/2Pictures/Flashcard/apricot.jpg
4448,fb65904c-da83-48dc-8684-9eef90ccbc0d,22,How many eggs should I fry?,"/Volumes/Disc 2/2Pictures/Flashcard/to fry ,to roast.jpg"
4524,0514d613-0cad-4599-907f-1bf9cc997903,22,I would like to try the shark steak (out).,/Volumes/Disc 2/2Pictures/Flashcard/to try out.jpg
3291,e8967eab-f98f-4bb9-b492-0b7f0637ad3f,2,to force,/Volumes/Disc 2/2Pictures/Flashcard/to force.jpg
1486,4e50a4ae-de2c-41bd-9512-c58b110afa8b,2,plum,/Volumes/Disc 2/2Pictures/Flashcard/plum.jpg
3726,fc39c381-56f0-49e8-9104-ba5d338d59e8,22,This dress fits perfectly!,"/Volumes/Disc 2/2Pictures/Flashcard/to suit ,fit.jpg"
1644,616fd08f-902f-4f83-a1b7-7e191635a4a8,2,to sweep (k…),/Volumes/Disc 2/2Pictures/Flashcard/to sweep (2).jpg
3643,6f519a7c-9c2e-4d33-bc56-9228d74b410c,22,The pleasure is all mine.,"/Volumes/Disc 2/2Pictures/Flashcard/pleasure, enjoyment.jpg"
4462,e3f0218a-d685-471e-8eb4-100cc93d2ba6,22,The conductor dictates the rhythm.,/Volumes/Disc 2/2Pictures/Flashcard/conductor.jpg
3775,04590bd4-752d-4e70-95dd-0f33687e6057,22,This address must be written clearly (cleanly). (on letter),/Volumes/Disc 2/2Pictures/Flashcard/address (e-g-on a letter).jpg
1780,23f9f146-9ead-482a-95f1-08444e25300e,2,times or multiplied by,/Volumes/Disc 2/2Pictures/Flashcard/times or multiplied by.jpg
1268,be0bf242-aacb-4662-9b22-ccc60b54a3dc,2,difficult (s……g),/Volumes/Disc 2/2Pictures/Flashcard/difficult.jpg
3724,7515e8cb-713a-4a83-93e8-4ee36cd80150,22,This brand represents quality.,"/Volumes/Disc 2/2Pictures/Flashcard/brand ,make.jpg"
1295,1c5ed05c-9a8c-49dc-835b-aca810ae9b62,2,eel,/Volumes/Disc 2/2Pictures/Flashcard/eel.jpg
1923,1e9d346b-4951-4769-b8bc-08e5670229a5,2,biology,/Volumes/Disc 2/2Pictures/Flashcard/biology.jpg
3842,b1ea176c-b95f-4129-9c20-822a21d5ea98,22,What is there to eat today?,/Volumes/Disc 2/2Pictures/Flashcard/to eat.jpg
3828,9257e587-2034-4103-b1c9-9b724ad8f282,22,The blue sheet is getting washed. (i.e. is in the laundry.),/Volumes/Disc 2/2Pictures/Flashcard/sheet.jpg
3725,c0383e3e-fc47-4496-a0d6-2da7796b304b,22,Suddenly,/Volumes/Disc 2/2Pictures/Flashcard/opening.jpg
3830,61b52999-fea2-4a04-b164-0b169e2d6a55,22,Our guest room has a double bed.,/Volumes/Disc 2/2Pictures/Flashcard/double bed.jpg
4009,22c07d58-95be-4a65-95a4-d23f7b74cced,22,"It is a long trip, let's fill up the petrol.",/Volumes/Disc 2/2Pictures/Flashcard/to fill up (petrol).jpg
4011,21c1ac66-008e-477f-bcf7-ff4ac7328b97,22,You can change money at the airport. (inf.pl),"/Volumes/Disc 2/2Pictures/Flashcard/to change, exchange.jpg"
1270,9c41b465-dd1f-46fa-a5b4-6349a1b08e3a,2,true,/Volumes/Disc 2/2Pictures/Flashcard/true.jpg
3848,2f6495d4-2a08-4602-885a-ce39cf63dca6,22,The guest house is fully booked. (P..),"/Volumes/Disc 2/2Pictures/Flashcard/guest house ,board ,retirement.jpg"
2000,9df4e15a-46f2-4cf7-bcb9-21e7d5ddad81,2,"idea ,notion (A…)","/Volumes/Disc 2/2Pictures/Flashcard/idea ,notion.jpg"
1240,297a0562-2fb1-4fb3-aefd-18ac7f660cc4,2,"fancy ( also odd ,unusual)","/Volumes/Disc 2/2Pictures/Flashcard/fancy ( also odd ,unusual).jpg"
1243,2917f1c0-5fc8-49df-bb1d-af5b96c00f14,2,certain,/Volumes/Disc 2/2Pictures/Flashcard/certain.jpg
1299,c3fb901f-0bb6-48bc-8665-361014adf669,2,to feed (animals),/Volumes/Disc 2/2Pictures/Flashcard/to feed (animals).jpg
3839,14f626bb-251b-49e3-bc56-fbfa36e98060,22,What have you hidden in your drawer? (inf.sing),/Volumes/Disc 2/2Pictures/Flashcard/drawer.jpg
3854,b0b43b09-27d6-4d63-90ce-fbded1cb5d4d,22,We'll go to pick berries.,/Volumes/Disc 2/2Pictures/Flashcard/berry.jpg
3974,fe514cf8-dbc6-45a9-8453-550c943b732d,22,His doctor's practice is busy.,/Volumes/Disc 2/2Pictures/Flashcard/doctor-s practice.jpg
1275,593408af-67ac-43e2-afd2-36eaac1043a0,2,cheerful (h…),/Volumes/Disc 2/2Pictures/Flashcard/cheerful.jpg
1306,6a97d55e-492a-4a63-9c40-75600c0ae7a2,2,"snake ,queue","/Volumes/Disc 2/2Pictures/Flashcard/snake ,queue.jpg"
1244,bc1090eb-1088-4405-8aca-854b824d7654,2,"evident ,apparent","/Volumes/Disc 2/2Pictures/Flashcard/evident ,apparent.jpg"
1247,99ad8609-e1bb-44d6-b085-7ea97b91ed21,2,remarkable,/Volumes/Disc 2/2Pictures/Flashcard/remarkable.jpg
1246,1f2d557b-3f36-410f-b800-48c7e0fb3cba,2,childishly simple,/Volumes/Disc 2/2Pictures/Flashcard/childishly simple.jpg
1251,20e40a7a-9d42-45c8-ae66-9aa6ec4b3a8a,2,strong,/Volumes/Disc 2/2Pictures/Flashcard/strong.jpg
1231,3a3570bd-bd8e-4ecc-89d8-72686fa606d7,2,historical,/Volumes/Disc 2/2Pictures/Flashcard/historical.jpg
1256,d8e0502c-0ac3-4c7c-b268-558fadfb8322,2,hostile,/Volumes/Disc 2/2Pictures/Flashcard/hostile.jpg
3979,d361de5d-a68f-4a60-ae3d-eb8967c562e7,22,The female nurse (Pf...) is caring for the female patient.,/Volumes/Disc 2/2Pictures/Flashcard/female carer-nurse.jpg
1261,d1e94312-6c0a-421d-babc-602fcbf2902f,2,"rotten ,lousy","/Volumes/Disc 2/2Pictures/Flashcard/rotten ,lousy.jpg"
1227,f6a40c03-2342-49db-b12d-ebb9b4ff16d8,2,similar to,/Volumes/Disc 2/2Pictures/Flashcard/similar to.jpg
1252,672f90a5-4e4e-4aa1-bdfe-1c072e35721d,2,disgusted,/Volumes/Disc 2/2Pictures/Flashcard/disgusted.jpg
1285,a31cbda2-4db8-4c2d-98be-3d0e207cfec1,2,just as (e…),/Volumes/Disc 2/2Pictures/Flashcard/just as (e).jpg
1253,c95dfd68-57e7-427b-bba8-a006b981b87c,2,annoying,/Volumes/Disc 2/2Pictures/Flashcard/annoying.jpg
1242,461a9575-84da-4fa2-b9db-ad9e0693919f,2,best,/Volumes/Disc 2/2Pictures/Flashcard/best.jpg
1342,ef7abebc-f039-4e70-9076-79feaec4c3b1,2,businessman,/Volumes/Disc 2/2Pictures/Flashcard/businessman.jpg
1300,c0126afe-305b-4800-9223-e47710c965ac,2,goose,/Volumes/Disc 2/2Pictures/Flashcard/goose.jpg
1301,b0ab764d-ea2b-42e5-895f-3521c90bf2ad,2,goldfish,/Volumes/Disc 2/2Pictures/Flashcard/goldfish.jpg
1238,af96565d-3880-4ed5-9569-a313af524dac,2,additional,/Volumes/Disc 2/2Pictures/Flashcard/additional.jpg
1356,44f77a81-b40d-4eaf-8c55-8af3541d9a6c,2,to sound the horn,/Volumes/Disc 2/2Pictures/Flashcard/to sound the horn.jpg
1250,29f03842-0de5-49ae-a0f6-c165d3ea5c2f,2,exciting,/Volumes/Disc 2/2Pictures/Flashcard/exciting.jpg
1267,80199155-0cad-44a9-9ec9-0133bb970de5,2,bad (s……m),/Volumes/Disc 2/1Pictures/Flashcard/bad.jpg
1345,cd454364-6f06-4a34-b769-87d0100de740,2,judge,/Volumes/Disc 2/2Pictures/Flashcard/judge.jpg
1272,c908ea8e-fc14-411f-be39-3449dbbc4dac,2,thin,/Volumes/Disc 2/2Pictures/Flashcard/thin.jpg
1313,65c8d795-2937-4dac-80b7-f086c2118708,2,"recipient ,addressee","/Volumes/Disc 2/2Pictures/Flashcard/recipient ,addressee.jpg"
1228,c1135a72-1ae7-4640-9ea0-6b5e1c543d5e,2,poor,/Volumes/Disc 2/2Pictures/Flashcard/poor.jpg
1349,ce16f474-2e2f-4cd0-85e4-17f5a88f7673,2,battery,/Volumes/Disc 2/2Pictures/Flashcard/battery.jpg
1258,9ca1cbdd-fadb-42da-9a45-9f9ff13c6afb,2,"clear ,obvious (k…)","/Volumes/Disc 2/2Pictures/Flashcard/clear ,obvious.jpg"
1292,be48dd27-9b8f-440e-aaaf-1b449072020d,2,"perhaps ,maybe","/Volumes/Disc 2/2Pictures/Flashcard/perhaps ,maybe.jpg"
1326,d19d006f-8e4b-4ca6-bc29-008ecf47ad1c,2,phone call,/Volumes/Disc 2/2Pictures/Flashcard/phone call.jpg
1316,54389d63-d3bd-44e4-b395-8aac03769e35,2,"to cash in ,to buy (tickets)","/Volumes/Disc 2/2Pictures/Flashcard/to cash in ,to buy (tickets).jpg"
1265,85ae4629-134c-4ea0-a987-9e53442b399f,2,sharp,/Volumes/Disc 2/2Pictures/Flashcard/sharp.jpg
1274,e800d250-e26a-434b-9cbf-cd622e1708c2,2,excited (i.e. with anticipation) (g…),/Volumes/Disc 2/2Pictures/Flashcard/excited (i-e- with anticipation).jpg
1329,b5b956f9-7950-4f37-aa4d-b9a868b23428,2,insurance,/Volumes/Disc 2/2Pictures/Flashcard/insurance.jpg
1332,5272b048-57f6-4a2d-ace3-32f701b6fe78,2,farmer,/Volumes/Disc 2/2Pictures/Flashcard/farmer.jpg
1271,cf9977c8-e150-40a0-9c5c-d4b1961b9b93,2,stupid (d…),/Volumes/Disc 2/2Pictures/Flashcard/stupid.jpg
1282,a3773ac3-44ab-4333-a457-827c7aee5527,2,"frightened ,scared","/Volumes/Disc 2/2Pictures/Flashcard/frightened ,scared.jpg"
1327,04aad2fb-36c1-41b6-9549-652abe0d317c,2,appointment,/Volumes/Disc 2/2Pictures/Flashcard/appointment.jpg
1311,5c7a7d02-fcb8-4b5e-8ced-df42f3139cf5,2,address (e.g.on a letter) (A……t),/Volumes/Disc 2/2Pictures/Flashcard/address (e-g-on a letter).jpg
1319,5b35623f-07ea-4517-920f-7b7fb18a5118,2,post office,/Volumes/Disc 2/2Pictures/Flashcard/post office.jpg
1344,1f8fda42-b580-437d-bded-8d9173a0a75e,2,butcher,/Volumes/Disc 2/2Pictures/Flashcard/butcher.jpg
1278,c402724d-63e5-4f3a-8bcd-23f2d5800a2d,2,embarrassing,/Volumes/Disc 2/2Pictures/Flashcard/embarrassing.jpg
4190,3a3a4fa0-e2e7-4c5e-8bc6-ece7c59f7584,22,Afterwards (D...) we went for a swim.,/Volumes/Disc 2/1Pictures/Flashcard/afterwards.jpg
1287,a2ffa0a5-3c5f-471a-98b8-ea3f0887ac6b,2,hopefully,/Volumes/Disc 2/2Pictures/Flashcard/hopefully.jpg
1307,df3f4c9b-5314-4d40-a254-ac4ce8203071,2,butterfly,/Volumes/Disc 2/2Pictures/Flashcard/butterfly.jpg
1339,130cc9c6-9d05-4954-8657-7fb5613592e7,2,engineer,/Volumes/Disc 2/2Pictures/Flashcard/engineer.jpg
1366,e6d6e21c-88ce-4c0f-8d32-9e81a4328fef,2,to fill up (petrol),/Volumes/Disc 2/2Pictures/Flashcard/to fill up (petrol).jpg
1331,9605a447-e646-4b3d-b7b0-e585a5087c1c,2,baker,/Volumes/Disc 2/2Pictures/Flashcard/baker.jpg
1340,e320b177-15c0-44cf-8545-d44ed4b55944,2,journalist,/Volumes/Disc 2/2Pictures/Flashcard/journalist.jpg
1346,47f21501-2a7e-4c51-a31d-b9b9ded69587,2,author,/Volumes/Disc 2/2Pictures/Flashcard/author.jpg
1391,7695c875-8fe7-4a68-93b9-d1b11a0f9f20,2,"elegant ,chic","/Volumes/Disc 2/2Pictures/Flashcard/elegant ,chic.jpg"
1423,43549ee3-f6a2-46a4-95e1-7bcd342006dd,2,"mountain ,hill","/Volumes/Disc 2/2Pictures/Flashcard/mountain ,hill.jpg"
1381,71576db0-43c7-4ac2-98d0-9972e168840d,2,Christmas,/Volumes/Disc 2/2Pictures/Flashcard/Christmas.jpg
1361,4927e93e-5046-41b9-9bda-b135dda4289a,2,wheel,/Volumes/Disc 2/2Pictures/Flashcard/wheel.jpg
1400,79a24209-812e-4b75-b294-9eb77c9b03cb,2,through,/Volumes/Disc 2/2Pictures/Flashcard/through.jpg
1368,c8ffce6e-63e3-4705-aa24-09959d57d28b,2,"occasion ,cause (A…)","/Volumes/Disc 2/2Pictures/Flashcard/occasion ,cause.jpg"
1388,2ca78e18-2af6-4256-9732-47e2c4d0687e,2,fashionable,/Volumes/Disc 2/2Pictures/Flashcard/fashionable.jpg
1336,aee21506-2606-4c88-b816-8a451ea94496,2,driver,/Volumes/Disc 2/2Pictures/Flashcard/driver.jpg
1353,71df6c78-f2a3-438a-8b05-3ec73fb27ed3,2,diesel,/Volumes/Disc 2/2Pictures/Flashcard/diesel.jpg
1376,1906fb89-d77a-428a-bb09-ba09a8b0f2cd,2,toast (celebration),/Volumes/Disc 2/2Pictures/Flashcard/toast (celebration).jpg
1397,444869ac-6453-4f1e-888f-4f2d037b16d6,2,"until ,till","/Volumes/Disc 2/2Pictures/Flashcard/until ,till.jpg"
1384,c9244181-3546-48b1-ac68-99f1703b7148,2,striped,/Volumes/Disc 2/2Pictures/Flashcard/striped.jpg
1341,6283fab1-23bf-4ce9-8f3a-02bd96d9a699,2,businesswoman,/Volumes/Disc 2/2Pictures/Flashcard/businesswoman.jpg
1352,ccf32d1d-9566-44ca-b1b9-471810a369b3,2,brakes,/Volumes/Disc 2/2Pictures/Flashcard/brakes.jpg
1404,4ff0a28b-e8fc-4e1f-9e9c-cccc5da1d647,2,"nobody ,no-one","/Volumes/Disc 2/2Pictures/Flashcard/nobody ,no-one.jpg"
1375,f3b5b845-ec13-4489-8a4d-72b3b05cc8cc,2,to congratulate,/Volumes/Disc 2/2Pictures/Flashcard/to congratulate.jpg
1507,2e186f15-93c1-4323-afa5-944beda2d1cc,2,cream,/Volumes/Disc 2/2Pictures/Flashcard/cream.jpg
1380,7d5a472e-0e42-4203-bd71-3a5e821ffc91,2,Easter,/Volumes/Disc 2/2Pictures/Flashcard/Easter.jpg
1442,905801c3-64d8-4479-b4df-05e0f67e2b41,2,fence,/Volumes/Disc 2/2Pictures/Flashcard/fence.jpg
1419,306227c1-4b03-464e-80d0-d7c450c2962f,2,Russia,/Volumes/Disc 2/2Pictures/Flashcard/Russia.jpg
1364,b6bc2841-9d1d-4fc1-bbad-7ac0f3fe8d91,2,"fine ,punishment","/Volumes/Disc 2/2Pictures/Flashcard/fine ,punishment.jpg"
1402,17fa4b1d-63db-4449-9cc2-d281f4257dc2,2,nothing,/Volumes/Disc 2/2Pictures/Flashcard/nothing.jpg
1409,ef14e3ed-1b2f-4202-9943-72cc2c78b163,2,in spite of,/Volumes/Disc 2/2Pictures/Flashcard/in spite of.jpg
1481,e1a50908-0bf0-4592-978d-cc5f494a4cd2,2,berry,/Volumes/Disc 2/2Pictures/Flashcard/berry.jpg
1383,8da8270d-53f9-4744-bbb0-d591e8832d1b,2,brassiere,/Volumes/Disc 2/2Pictures/Flashcard/brassiere.jpg
1437,29115bcb-3163-4bcb-b36c-9c9d847ce502,2,large river,/Volumes/Disc 2/2Pictures/Flashcard/large river.jpg
1461,20adcbce-429f-4e8f-af2f-b3788ecdc860,2,bread roll,/Volumes/Disc 2/2Pictures/Flashcard/bread roll.jpg
1493,af6cd12d-76dd-491d-952f-7d841e8deb6c,2,stew,/Volumes/Disc 2/2Pictures/Flashcard/stew.jpg
1373,56a42764-627c-4270-bd4b-e052ee8b78a7,2,public holiday,/Volumes/Disc 2/2Pictures/Flashcard/public holiday.jpg
1491,a22efe44-5a6f-4f4f-ba87-01b213d64cdf,2,Coca Cola,/Volumes/Disc 2/2Pictures/Flashcard/Coca Cola.jpg
1413,3464843c-87a1-4a0c-97a2-ebaad77d13bb,2,England,/Volumes/Disc 2/2Pictures/Flashcard/England.jpg
1432,0ed9cfd7-4155-48a6-9db8-53796c0cb547,2,mountain range,/Volumes/Disc 2/2Pictures/Flashcard/mountain range.jpg
1414,921e8e8e-3100-4cb1-b4b0-acd1d3098efd,2,France,/Volumes/Disc 2/2Pictures/Flashcard/France.jpg
1401,ff0b6fcb-ace2-42fa-9148-cd401f08b008,2,according to,/Volumes/Disc 2/1Pictures/Flashcard/according to.jpg
1531,0dcc3848-8723-49a4-94bb-7fae96d48bea,2,celery,/Volumes/Disc 2/2Pictures/Flashcard/celery.jpg
1420,39b18451-86df-4bde-b3f7-cbd43f4162a0,2,Switzerland,/Volumes/Disc 2/2Pictures/Flashcard/Switzerland.jpg
1463,8c68554e-e5d1-46df-bc77-ba93108ffd4c,2,sandwich,/Volumes/Disc 2/2Pictures/Flashcard/sandwich.jpg
1633,7a429e70-cc46-4c48-b50f-ec06e37bab80,2,electricity (S…),/Volumes/Disc 2/1Pictures/Flashcard/electricity.jpg
1492,9070a821-3682-4bca-b4bd-cb46d2116e51,2,thirsty,/Volumes/Disc 2/2Pictures/Flashcard/thirsty.jpg
1570,496730eb-e433-4e07-87bd-4f452ffbcc53,2,having a cold,/Volumes/Disc 2/2Pictures/Flashcard/having a cold.jpg
1517,36208f79-d349-4f90-927e-19c850abb6c8,2,"flan ,gateau ,pie","/Volumes/Disc 2/2Pictures/Flashcard/flan ,gateau ,pie.jpg"
1611,97c76f24-1ab6-4302-8c04-26cd8b8a0201,2,lawnmower,/Volumes/Disc 2/2Pictures/Flashcard/lawnmower.jpg
1528,f30c39bb-d7fb-43a3-b9e5-554cfa8b0d8a,2,beetroot,/Volumes/Disc 2/2Pictures/Flashcard/beetroot.jpg
1587,b77edc75-61f8-4ff3-b2bf-51d37f230488,2,to shave oneself,/Volumes/Disc 2/2Pictures/Flashcard/to shave oneself.jpg
1424,9d008c63-99c8-41aa-9276-6ff43a89f2bd,2,bay,/Volumes/Disc 2/2Pictures/Flashcard/bay.jpg
1593,63c9701e-e7a0-4b60-b369-667d7ec6a0c8,2,bed linen,/Volumes/Disc 2/2Pictures/Flashcard/bed linen.jpg
1482,a7cef9a1-f871-41e6-81ef-21d630d0b922,2,grapefruit (G…),/Volumes/Disc 2/2Pictures/Flashcard/grapefruit (G).jpg
1441,3edb441d-3f34-4eb8-8b1f-4a6f63ac26ec,2,world,/Volumes/Disc 2/2Pictures/Flashcard/world.jpg
1467,fa6f5195-67fd-48b0-af61-10283e54931f,2,"roast ,fried","/Volumes/Disc 2/2Pictures/Flashcard/roast ,fried.jpg"
1445,5ae77ee5-2b59-4f76-9e54-3ea169da2272,2,It depends on …,/Volumes/Disc 2/2Pictures/Flashcard/It depends on -.jpg
1455,15e9d2b7-e812-4ab0-af61-f8c9554b0afe,2,Of course!,/Volumes/Disc 2/2Pictures/Flashcard/Of courseE.jpg
1427,6c20551d-5d62-472d-b9b3-6cc5fa89432c,2,"just ,even","/Volumes/Disc 2/2Pictures/Flashcard/just ,even.jpg"
1433,1c545324-3ddb-4db2-ba5e-44362bf4cead,2,hill,/Volumes/Disc 2/2Pictures/Flashcard/hill.jpg
1438,307411e6-c21a-44ae-affb-94625245d864,2,drought,/Volumes/Disc 2/2Pictures/Flashcard/drought.jpg
1596,608245a8-ce55-4568-8e2a-3deee74d319c,2,to go to bed,/Volumes/Disc 2/2Pictures/Flashcard/to go to bed.jpg
1612,b2c467dc-9325-4ba8-a622-27504aa14bc4,2,rose,/Volumes/Disc 2/2Pictures/Flashcard/rose.jpg
1478,6b87de6d-f0f9-4966-a759-b5d8f877e253,2,last (previous),/Volumes/Disc 2/2Pictures/Flashcard/last ( left over).jpg
1430,3b90214e-4c5f-4433-b9a5-6e32945eb965,2,flame,/Volumes/Disc 2/2Pictures/Flashcard/flame.jpg
1537,d4c351ce-35b5-4e1e-9565-72503879041e,2,blood pressure,/Volumes/Disc 2/2Pictures/Flashcard/blood pressure.jpg
1490,0e03697d-b0b2-4de0-b961-d188e1ff2549,2,non-alcoholic,/Volumes/Disc 2/2Pictures/Flashcard/non-alcoholic.jpg
1520,d3f2f55b-20d4-461e-b876-9da6f476fb4d,2,avocado,/Volumes/Disc 2/2Pictures/Flashcard/avocado.jpg
1468,5674ec12-9d6c-4a85-a31b-22efa54c63b9,2,lobster,/Volumes/Disc 2/2Pictures/Flashcard/lobster.jpg
1469,b002f25f-8aed-43d0-a40c-5f5cdd7c5747,2,hungry,/Volumes/Disc 2/2Pictures/Flashcard/hungry.jpg
1495,9fb7748c-4b88-42f3-9cb6-f49568bccb55,2,hamburger,/Volumes/Disc 2/2Pictures/Flashcard/hamburger.jpg
1503,aa49b901-aefd-4976-aa97-8fb2c106b61c,2,beer (P…),/Volumes/Disc 2/2Pictures/Flashcard/beer.jpg
1521,fdedce89-a3d4-49c7-a2b0-bcc52d1530e4,2,lettuce (K…),/Volumes/Disc 2/2Pictures/Flashcard/lettuce.jpg
1623,3772dd2d-77fe-432d-9249-0ab151d8ae39,2,"hook ,peg","/Volumes/Disc 2/2Pictures/Flashcard/hook ,peg.jpg"
1552,636d4542-8a46-43d0-80b4-d38111b2183b,2,to hurt,/Volumes/Disc 2/2Pictures/Flashcard/to hurt.jpg
1574,5346cf91-b7b9-4d41-9115-d31193a4d1f5,2,infection,/Volumes/Disc 2/2Pictures/Flashcard/infection.jpg
3607,2589991c-6ff5-4304-a248-d06efad1da2d,22,I was born in Germany.,/Volumes/Disc 2/2Pictures/Flashcard/born.jpg
1474,da5b1b79-ab15-4c05-93b2-8a5b76578353,2,almond,/Volumes/Disc 2/2Pictures/Flashcard/almond.jpg
1501,6a94c3d3-6ad8-4c37-acaa-962dfe739890,2,"shellfish, seashell","/Volumes/Disc 2/2Pictures/Flashcard/shellfish, seashell.jpg"
1547,f1b80e12-44bc-44ab-9cc4-e3647fea7abc,2,dizzy,/Volumes/Disc 2/2Pictures/Flashcard/dizzy.jpg
1494,d98acda1-7a46-4aa3-891e-774a2278854a,2,fruit juice,/Volumes/Disc 2/2Pictures/Flashcard/fruit juice.jpg
1506,6766d6c5-f439-4b24-ae08-c3b63f7a142f,2,spirits,/Volumes/Disc 2/2Pictures/Flashcard/spirits.jpg
1516,ac2911f8-c4b0-4adc-93ff-9073538f453c,2,ice cream,/Volumes/Disc 2/2Pictures/Flashcard/ice cream.jpg
1546,691244ff-e018-45be-9611-811a18a502d9,2,tissues,/Volumes/Disc 2/2Pictures/Flashcard/tissues.jpg
1567,65fd1995-3a6a-4aa8-92be-85ac673d5974,2,to prescribe,/Volumes/Disc 2/2Pictures/Flashcard/to prescribe.jpg
4075,d6eed09d-86bd-4cdf-bc53-fff4ba25c364,22,"Two beers (P...), please!",/Volumes/Disc 2/2Pictures/Flashcard/beer.jpg
1480,5b42edf8-c400-4e82-9ecc-c58b778d7f55,2,apricot,/Volumes/Disc 2/2Pictures/Flashcard/apricot.jpg
1557,cdf73621-08b5-4fe7-b1a0-85dbe286e795,2,clinic,/Volumes/Disc 2/2Pictures/Flashcard/clinic.jpg
1594,78ff59f3-f7f0-468a-8ccf-f6d56e713146,2,double bed,/Volumes/Disc 2/2Pictures/Flashcard/double bed.jpg
1534,96665591-cf95-42c0-b5c2-8d266d5437ae,2,potato - sweet,/Volumes/Disc 2/2Pictures/Flashcard/potato - sweet.jpg
1540,3f238b6c-e82f-44be-a5bb-3166ae2d9df4,2,diarrhoea,/Volumes/Disc 2/2Pictures/Flashcard/diarrhoea.jpg
1572,056d3015-d2ae-4753-ad6d-d80bf5c5d550,2,sore throat,/Volumes/Disc 2/2Pictures/Flashcard/sore throat.jpg
1549,33df8446-1ff8-439c-ac67-8fc7bace1ba5,2,"bad ,foul ,nasty","/Volumes/Disc 2/2Pictures/Flashcard/bad ,foul ,nasty.jpg"
3676,579749bb-03b3-4678-90e9-9353c68dd660,22,Fetch a fresh bandage from the first-aid-box.,/Volumes/Disc 2/2Pictures/Flashcard/bandage.jpg
1566,3befe14a-7c10-4651-9b9b-4446f8f646b0,2,to examine,/Volumes/Disc 2/2Pictures/Flashcard/to examine.jpg
1591,52705207-2a96-4d69-9cac-6134fe6a7237,2,"to stand up ,to get up","/Volumes/Disc 2/2Pictures/Flashcard/to stand up ,to get up.jpg"
1518,99029241-3710-43d2-8946-f48ab07633f1,2,vanilla,/Volumes/Disc 2/2Pictures/Flashcard/vanilla.jpg
1522,5f915a76-1d20-4b24-beda-4400bdd12998,2,leek,/Volumes/Disc 2/2Pictures/Flashcard/leek.jpg
1529,317fdfab-429e-4890-a834-91db123fe46e,2,"turnip ,beet","/Volumes/Disc 2/2Pictures/Flashcard/turnip ,beet.jpg"
1541,dea988f1-2e08-465f-8eab-f18e056f2d6f,2,to rub in,/Volumes/Disc 2/2Pictures/Flashcard/to rub in.jpg
1615,a06aab11-42dc-4bf8-b652-c599950d0c7d,2,tulip,/Volumes/Disc 2/2Pictures/Flashcard/tulip.jpg
1585,d8f7f7f3-8000-4cb4-8752-990d375b4c9a,2,sponge,/Volumes/Disc 2/2Pictures/Flashcard/sponge.jpg
3591,bb863fb3-2ad5-4b55-80c7-db043ebcc38e,22,These materials/fabrics are very similar.,/Volumes/Disc 2/2Pictures/Flashcard/similar to.jpg
1613,51580655-8f4f-410c-b1ef-267d9e014237,2,"spine ,thorn","/Volumes/Disc 2/2Pictures/Flashcard/spine ,thorn.jpg"
1538,21fb869b-b7f1-4db3-abef-a52e860788d4,2,"intestines ,bowels","/Volumes/Disc 2/2Pictures/Flashcard/intestines ,bowels.jpg"
1632,6dfa38a6-0106-4a38-a031-1261c818ade1,2,electric socket,/Volumes/Disc 2/2Pictures/Flashcard/electric socket.jpg
1562,5cd727ec-2301-4fb7-bb4a-6ddd2853afca,2,"prescription ,recipe","/Volumes/Disc 2/2Pictures/Flashcard/prescription ,recipe.jpg"
1559,1384d2d0-fa51-4610-bb81-3143566b55de,2,health spa / health resort,/Volumes/Disc 2/2Pictures/Flashcard/health spa - health resort.jpg
1599,d10a3d7e-5bcc-488b-9dc0-d0ecaf34b847,2,mattress,/Volumes/Disc 2/2Pictures/Flashcard/mattress.jpg
1678,97f3ed31-10f4-436b-a906-b71026cd23a8,2,armchair (S…),/Volumes/Disc 2/2Pictures/Flashcard/armchair (2).jpg
1699,5408b079-42cb-4e49-bdb4-eb0b1bbb3321,2,indoor pool,/Volumes/Disc 2/2Pictures/Flashcard/indoor pool.jpg
1720,d2133cc1-19a5-4286-b407-2fd56f68e4a8,2,sand,/Volumes/Disc 2/2Pictures/Flashcard/sand.jpg
1617,ad8ead04-e7da-45ec-a3bf-c81ea14d2d0e,2,owner,/Volumes/Disc 2/2Pictures/Flashcard/owner.jpg
1622,7bc0d2ef-ca59-4eb1-b96f-dd5ee9361fc9,2,"storey ,floor (G…)","/Volumes/Disc 2/2Pictures/Flashcard/storey ,floor.jpg"
1642,d717669b-5fed-471c-b11c-216ae9b50c9d,2,stain,/Volumes/Disc 2/2Pictures/Flashcard/stain.jpg
1598,84cf1a52-ade2-47e5-9934-33e7a5940ad6,2,pillow,/Volumes/Disc 2/2Pictures/Flashcard/pillow.jpg
1608,03f8717f-fdce-475e-a7e1-43a29581a44f,2,branch,/Volumes/Disc 2/2Pictures/Flashcard/branch.jpg
1628,744318c3-cdb8-4339-b942-3ebf1785d7e7,2,ladder,/Volumes/Disc 2/2Pictures/Flashcard/ladder.jpg
1639,29bd2134-b228-4fc8-a785-6f26be09b61e,2,iron (household),/Volumes/Disc 2/1Pictures/Flashcard/iron.jpg
1652,f8fb09b4-0b2d-41f4-9b48-a1bafc5df705,2,washing,/Volumes/Disc 2/2Pictures/Flashcard/washing.jpg
4191,2f888976-02d3-439f-a2a3-304fa8569ad9,22,It's finally over.,"/Volumes/Disc 2/2Pictures/Flashcard/at last ,finally.jpg"
1676,4536925c-3496-4879-b731-cc83e7805168,2,candle,/Volumes/Disc 2/2Pictures/Flashcard/candle.jpg
1636,6776ed3e-e192-4990-806b-eab68e1ab58c,2,"tap ,faucet","/Volumes/Disc 2/2Pictures/Flashcard/tap ,faucet.jpg"
1752,a7bc79ce-bff9-4dbf-89f8-7fa1b45cc21c,2,"band ,chapel (K…)","/Volumes/Disc 2/2Pictures/Flashcard/band ,chapel.jpg"
1753,6880bcc7-1d28-4cfd-85de-9f2d1312f695,2,classical,/Volumes/Disc 2/2Pictures/Flashcard/classical.jpg
1661,ec34e5d8-ac61-4da1-baa2-6b2eee9b5c62,2,to have breakfast,/Volumes/Disc 2/2Pictures/Flashcard/to have breakfast.jpg
1658,f0e955bd-72c5-4d02-ab70-14b0f6b0e983,2,"to touch ,turn or stir","/Volumes/Disc 2/2Pictures/Flashcard/to touch ,turn or stir (v-).jpg"
3608,eb883383-5428-4c2c-9cfe-7f79de841881,22,Pirates rarely died in their beds.,/Volumes/Disc 2/2Pictures/Flashcard/dead -died.jpg
1741,2577c7d4-19d1-40f4-aa46-c9fd1bf3f258,2,"material ,cloth ,fabric (S…)","/Volumes/Disc 2/2Pictures/Flashcard/material ,cloth ,fabric.jpg"
1634,8f4fc086-c751-4c64-9386-7094d9a8b25e,2,gate,/Volumes/Disc 2/2Pictures/Flashcard/gate.jpg
1638,4d9a5eda-f074-4c92-9715-773c8b33b081,2,to clear away,/Volumes/Disc 2/2Pictures/Flashcard/to clear away.jpg
1681,c823fe9b-06f3-4f49-9488-fcfbfece706b,2,wallpaper,/Volumes/Disc 2/2Pictures/Flashcard/wallpaper.jpg
1719,3297a5fe-93de-4db3-b930-2324c722c16c,2,leader (group),/Volumes/Disc 2/2Pictures/Flashcard/leader (group).jpg
1682,f72e45d3-bb1b-43c3-bb64-8cd296167c70,2,video recorder,/Volumes/Disc 2/2Pictures/Flashcard/video recorder.jpg
1723,9922f92a-39c2-4d34-9f2a-d5e0337924ab,2,"holiday ,vacation","/Volumes/Disc 2/2Pictures/Flashcard/holiday ,vacation.jpg"
1651,a9a5dd47-e9de-43b6-ba34-588770908911,2,vacuum cleaner,/Volumes/Disc 2/2Pictures/Flashcard/vacuum cleaner.jpg
1717,bf248163-fc19-40d7-b111-ee489db32f49,2,group,/Volumes/Disc 2/2Pictures/Flashcard/group.jpg
1739,42f30af9-3fd5-459f-91a4-1ac2696acc36,2,silver,/Volumes/Disc 2/2Pictures/Flashcard/silver.jpg
1673,9f14454b-95cd-4bdb-a4c6-843423c3db9e,2,"face-cloth ,flannel","/Volumes/Disc 2/2Pictures/Flashcard/face-cloth ,flannel.jpg"
1698,b7440edc-dada-4750-897f-c1c495445631,2,leisure activity,/Volumes/Disc 2/2Pictures/Flashcard/leisure activity.jpg
1669,87069f37-532f-492e-aedb-4f534e7c8463,2,to rinse,/Volumes/Disc 2/2Pictures/Flashcard/to rinse.jpg
1762,2bcb2d57-4784-41f4-acf0-baa2a77e788e,2,american,/Volumes/Disc 2/2Pictures/Flashcard/american.jpg
1702,9560c4fc-981c-4ffe-bb27-dd53cee595e6,2,hunt,/Volumes/Disc 2/2Pictures/Flashcard/hunt.jpg
1709,122f672b-8638-4832-b3d6-c857af680f2b,2,fun,/Volumes/Disc 2/2Pictures/Flashcard/fun.jpg
1764,8815f120-57e2-466a-9271-2c5f98ab91d9,2,German,/Volumes/Disc 2/2Pictures/Flashcard/German.jpg
1703,11138a90-20ca-4eeb-b033-562f1a5dabf3,2,bowling,/Volumes/Disc 2/2Pictures/Flashcard/bowling.jpg
1701,b1db7f75-956a-429e-99fa-5e94178fbf79,2,interest/hobby,/Volumes/Disc 2/2Pictures/Flashcard/interest-hobby.jpg
1715,274f4ca1-50fc-4c7f-8a3b-0f1ab7d51e58,2,"holidays ,vacation","/Volumes/Disc 2/2Pictures/Flashcard/holidays ,vacation.jpg"
1748,c3eb7c24-50e1-47ff-a9b1-45c7478be661,2,flute,/Volumes/Disc 2/2Pictures/Flashcard/flute.jpg
1756,c98adedf-df4e-4b3e-9085-c6d107fda6d0,2,song,/Volumes/Disc 2/2Pictures/Flashcard/song.jpg
1716,20a202aa-5999-489a-af89-843569cb673a,2,guided tour,/Volumes/Disc 2/2Pictures/Flashcard/guided tour.jpg
1731,fe586735-a5a0-4362-ad85-36d542460c4c,2,wood,/Volumes/Disc 2/2Pictures/Flashcard/wood.jpg
1727,8cbd0529-83a0-4ee7-b909-bada9405b6f6,2,cotton,/Volumes/Disc 2/2Pictures/Flashcard/cotton.jpg
1732,0a1b1da9-8389-49f6-a470-59e04776a833,2,cardboard,/Volumes/Disc 2/2Pictures/Flashcard/cardboard.jpg
1763,5e5638aa-8dd4-425e-9143-c80b487d0792,2,Briton,/Volumes/Disc 2/2Pictures/Flashcard/Briton.jpg
1786,c639a7d2-0467-4ce3-8f35-7b98ddcd22e3,2,alone,/Volumes/Disc 2/2Pictures/Flashcard/alone.jpg
3606,6329ec24-67b0-44ad-8579-a1f1c92520f4,22,Our disappointment was great.,/Volumes/Disc 2/2Pictures/Flashcard/disappointment.jpg
1802,fd78ea65-2da2-49b6-ba09-57e115ae4863,2,"beautiful ,handsome","/Volumes/Disc 2/2Pictures/Flashcard/beautiful ,handsome.jpg"
1793,c7b78be1-9c17-4df3-9919-b9a2ece75acc,2,hard-working,/Volumes/Disc 2/2Pictures/Flashcard/hard-working.jpg
1799,a9b95d9d-a9de-4697-a7af-ad967c188007,2,to talk,/Volumes/Disc 2/2Pictures/Flashcard/to talk.jpg
1772,fc5e5871-a958-43e3-bf2a-53b9e8b7b99b,2,Irishwoman,/Volumes/Disc 2/2Pictures/Flashcard/Irishwoman.jpg
1787,6104ea5d-1efe-48d9-9233-935dd631e7e2,2,both,/Volumes/Disc 2/2Pictures/Flashcard/both.jpg
1785,4d642539-ad01-4eef-b71a-3a30fbc1c6fc,2,active,/Volumes/Disc 2/2Pictures/Flashcard/active.jpg
1782,138c6349-1cda-4e6a-a2b8-48d9db7e42aa,2,minus,/Volumes/Disc 2/2Pictures/Flashcard/minus.jpg
1789,446ca42d-dea9-4ab7-aa61-9e050d20115c,2,successful,/Volumes/Disc 2/2Pictures/Flashcard/successful.jpg
1795,fb77653c-34ab-4be8-9deb-8eaca79d5768,2,"warm ,warm-hearted ,cordial","/Volumes/Disc 2/2Pictures/Flashcard/warm ,warm-hearted ,cordial.jpg"
1902,9cf5004b-bde3-433c-9ae7-6d8a241c8d1a,2,example,/Volumes/Disc 2/2Pictures/Flashcard/example.jpg
1841,f07691b4-2287-49d6-b187-f58cd105312c,2,correspondence,/Volumes/Disc 2/2Pictures/Flashcard/correspondence.jpg
1919,7b02e577-a9ba-4c51-be1d-4259b5907f62,2,pen,/Volumes/Disc 2/2Pictures/Flashcard/pen.jpg
1854,537a921f-5d8a-434c-8c50-aa4d5c2d8a5b,2,impression,/Volumes/Disc 2/2Pictures/Flashcard/impression.jpg
1898,b8a365f8-0556-4143-85f6-cea3b4172874,2,"homework ,exercise","/Volumes/Disc 2/2Pictures/Flashcard/homework ,exercise.jpg"
4327,f79a4d1a-91fa-490b-be66-9777a17f9abf,22,They await the result with anticipation.,/Volumes/Disc 2/2Pictures/Flashcard/excited (i-e- with anticipation).jpg
1801,f245215a-1e40-4c77-8949-b67a82ea0972,2,"clever ,cunning (s…)","/Volumes/Disc 2/2Pictures/Flashcard/clever ,cunning.jpg"
1820,0c36eb78-75e5-4763-b37b-0c0768533314,2,navel,/Volumes/Disc 2/2Pictures/Flashcard/navel.jpg
1946,b27f642b-e8a6-44e2-a5ea-d3e188a5ca8a,2,less (suffix),/Volumes/Disc 2/2Pictures/Flashcard/less (adverb).jpg
1803,cdd18827-fd77-4478-9388-898c95ca0554,2,to be pleased,/Volumes/Disc 2/2Pictures/Flashcard/to be pleased.jpg
1889,d33c3465-d201-41bc-a739-e433bda8eac2,2,"car-boot ,trunk","/Volumes/Disc 2/2Pictures/Flashcard/car-boot ,trunk.jpg"
1822,38349d53-e1d3-4b9a-a636-700772547804,2,shoulder,/Volumes/Disc 2/2Pictures/Flashcard/shoulder.jpg
1839,e1323f52-ce94-4316-8dfd-cc8c16c5614a,2,to regret,/Volumes/Disc 2/2Pictures/Flashcard/to regret.jpg
1875,6b49462a-8307-414d-9c86-7e54e5233221,2,"compartment (eg of train), section","/Volumes/Disc 2/2Pictures/Flashcard/compartment (eg of train), section.jpg"
4364,2e37c802-7c50-40c5-b250-f3814e99581f,22,The producer wants to shorten the text.,/Volumes/Disc 2/2Pictures/Flashcard/producer.jpg
1926,a27bf270-0c02-44b0-b724-807ade914d28,2,"history ,story ,tale","/Volumes/Disc 2/2Pictures/Flashcard/history ,story ,tale.jpg"
1947,7614b2bc-0e95-4a08-9d13-73786dbb1448,2,several,/Volumes/Disc 2/2Pictures/Flashcard/several.jpg
1809,7775e716-67ea-480e-8268-3b51f319fdb8,2,eyebrow,/Volumes/Disc 2/2Pictures/Flashcard/eyebrow.jpg
1954,f1d45af9-8510-47a2-bb28-99c747292b41,2,"quarter ,district","/Volumes/Disc 2/2Pictures/Flashcard/quarter ,district.jpg"
1955,c9d55418-efeb-4d2d-9add-4f805766db78,2,"complete ,total","/Volumes/Disc 2/2Pictures/Flashcard/complete ,total.jpg"
1865,cb4fbcc3-5ecf-43ba-a34c-07ba2eb853ba,2,love,/Volumes/Disc 2/2Pictures/Flashcard/love.jpg
1845,99017d44-904d-44a2-9827-cb7599966dd0,2,hospitality,/Volumes/Disc 2/2Pictures/Flashcard/hospitality.jpg
1876,5379f804-65a3-49d4-bf2b-3252b2c0e324,2,"connection (train ,gas ,telephone)","/Volumes/Disc 2/2Pictures/Flashcard/connection (train ,gas ,telephone).jpg"
1882,0bc6ea46-2caa-4ee4-915f-e914b912cdf1,2,cable railway,/Volumes/Disc 2/2Pictures/Flashcard/cable railway.jpg
1838,ceedeecf-8745-4e6f-aebf-08b74ccd6ed8,2,fiancé / fiancée,/Volumes/Disc 2/2Pictures/Flashcard/fiance - fiancee.jpg
1811,7ab61d2c-3946-40bf-b0bd-08672d3c5803,2,elbow,/Volumes/Disc 2/2Pictures/Flashcard/elbow.jpg
1860,6865727b-578f-46bb-a22a-5431e5af6dc8,2,intelligent,/Volumes/Disc 2/2Pictures/Flashcard/intelligent.jpg
1810,a0eb783a-5cdf-47b1-8643-0b697d135894,2,abdomen/belly,/Volumes/Disc 2/2Pictures/Flashcard/abdomen-belly.jpg
1819,9a1be289-939b-466c-8466-d1484ddfd785,2,muscle,/Volumes/Disc 2/2Pictures/Flashcard/muscle.jpg
1825,0060379d-4eff-4cea-84ef-0ed17253828f,2,forehead,/Volumes/Disc 2/2Pictures/Flashcard/forehead.jpg
1826,29dc0408-1d47-4713-b3c6-8fda34990304,2,waist,/Volumes/Disc 2/2Pictures/Flashcard/waist.jpg
3622,3c6375b5-e67f-42a5-b540-09a01ed7c8fa,22,She uses brown eye shadow for her green eyes.,/Volumes/Disc 2/2Pictures/Flashcard/eye-shadow.jpg
1866,431b21b7-b946-4a5a-9049-b948f0e2d942,2,favourite,/Volumes/Disc 2/2Pictures/Flashcard/favourite.jpg
1815,92d38a29-5e29-45d8-8d97-c9c691eed8d4,2,to hear,/Volumes/Disc 2/2Pictures/Flashcard/to hear.jpg
1821,9f68e70a-a106-476e-8f65-3288d44e3824,2,nail,/Volumes/Disc 2/2Pictures/Flashcard/nail.jpg
1906,91285b45-db8e-460d-9fa7-b2a932abf1b9,2,fountain pen,/Volumes/Disc 2/2Pictures/Flashcard/fountain pen.jpg
1886,224f285e-40db-41db-b9b0-c9b86ab3d5ba,2,departure (by road and rail),/Volumes/Disc 2/2Pictures/Flashcard/departure (by road and rail).jpg
1899,8ecb8f28-7ec0-471d-b542-43ba9adf1f59,2,essay,/Volumes/Disc 2/2Pictures/Flashcard/essay.jpg
1852,de78b8dc-35aa-4793-b8e9-5671c6b2a2e6,2,excitement,/Volumes/Disc 2/2Pictures/Flashcard/excitement.jpg
1870,c8ea35fb-0eb9-44f6-8297-072a4af1287e,2,sadness,/Volumes/Disc 2/2Pictures/Flashcard/sadness.jpg
1887,033cb105-e2ca-49b7-9ea5-b58b524d5c20,2,"entrance (for vehicles) ,slip-road","/Volumes/Disc 2/2Pictures/Flashcard/entrance (for vehicles) ,slip-road.jpg"
1958,21ec2ace-572f-4c82-82c8-897fb7438cee,2,"article ,item","/Volumes/Disc 2/2Pictures/Flashcard/article ,item.jpg"
1969,697ac65b-580c-4075-8bf9-3e46d7924379,2,kiosk,/Volumes/Disc 2/2Pictures/Flashcard/kiosk.jpg
1848,b15c8344-2079-4aa7-8cbd-e378db11b64e,2,to say goodbye,/Volumes/Disc 2/2Pictures/Flashcard/to say goodbye.jpg
1851,885b7dae-2cac-4441-9a9b-f4822704acdf,2,to wave,/Volumes/Disc 2/2Pictures/Flashcard/to wave.jpg
1920,310b8842-017e-4dee-8d35-533381ef038d,2,ink,/Volumes/Disc 2/2Pictures/Flashcard/ink.jpg
1952,2defa37c-5074-4aac-8309-385e1bafe034,2,narrow (s…),/Volumes/Disc 2/2Pictures/Flashcard/narrow (schmal).jpg
1869,f4cdae56-7428-4537-b3f6-f5ae2205886c,2,proud,/Volumes/Disc 2/2Pictures/Flashcard/proud.jpg
1901,4511327c-0f4f-4f01-b6bc-528f7aaf49b6,2,expression,/Volumes/Disc 2/2Pictures/Flashcard/expression.jpg
1903,e2ae7659-7884-4b14-8f7b-6a1b228baac8,2,pencil,/Volumes/Disc 2/2Pictures/Flashcard/pencil.jpg
1937,595cc79c-3370-4729-aeb9-80f7d4b58cdd,2,diameter,/Volumes/Disc 2/2Pictures/Flashcard/diameter.jpg
1945,637e0a00-1506-4693-a3b9-5dfbab8d6fab,2,sphere,/Volumes/Disc 2/2Pictures/Flashcard/sphere.jpg
2037,8f807b76-b9f7-40de-9b28-73bd6a7fba63,2,athletics,/Volumes/Disc 2/2Pictures/Flashcard/athletics.jpg
1968,8ed9df12-6dcb-4024-a9d9-135c0a7381dc,2,to collect (e.g.money),/Volumes/Disc 2/2Pictures/Flashcard/to collect (e-g-money).jpg
2009,c5c4bb36-01a8-4d68-90e3-e57dc2350924,2,war,/Volumes/Disc 2/2Pictures/Flashcard/war.jpg
1904,d1af1268-8d53-4178-9ca5-42f8b730f6c3,2,diploma,/Volumes/Disc 2/2Pictures/Flashcard/diploma.jpg
1908,73123eff-7fd8-4c5c-9722-8e96f981191f,2,exercise book,/Volumes/Disc 2/2Pictures/Flashcard/exercise book.jpg
1910,10786d27-a7ad-43e3-bca9-709e6171bff9,2,to correct,/Volumes/Disc 2/2Pictures/Flashcard/to correct.jpg
1913,7ebb1b48-3cf1-4af2-91db-b3394c9e9a61,2,"achievement ,performance","/Volumes/Disc 2/2Pictures/Flashcard/achievement ,performance.jpg"
1933,15d12e88-3ebd-4c5b-bc2f-f7fbc29be8d8,2,"technology ,engineering","/Volumes/Disc 2/2Pictures/Flashcard/technology ,engineering.jpg"
1925,50eada69-99d3-4ecb-a601-e8774337a156,2,geography,/Volumes/Disc 2/2Pictures/Flashcard/geography.jpg
1989,13ed26bc-b0e0-479a-8959-470fbecdbdaa,2,flea market,/Volumes/Disc 2/2Pictures/Flashcard/flea market.jpg
1927,f5710114-fbb8-4c3d-84a6-f8b4e90c2785,2,Information Technology (I.T.),/Volumes/Disc 2/2Pictures/Flashcard/Information Technology (I-T-).jpg
1944,fbbcb33d-4c23-43f1-a1ce-3b9beae1f6e6,2,"pile ,heap","/Volumes/Disc 2/2Pictures/Flashcard/pile ,heap.jpg"
1907,55922672-c2c4-435a-893d-9a8d53879b68,2,corridor,/Volumes/Disc 2/2Pictures/Flashcard/corridor.jpg
1915,4fec69f6-f2a3-4f91-b8f7-fe038452c58c,2,calculator,/Volumes/Disc 2/2Pictures/Flashcard/calculator.jpg
1936,b981b232-ffdc-4c95-9747-4f1d8e4af68e,2,one and a half,/Volumes/Disc 2/2Pictures/Flashcard/one and a half.jpg
1942,da6be497-df42-4944-9241-8b053e797767,2,gram,/Volumes/Disc 2/2Pictures/Flashcard/gram.jpg
1949,ef50ae34-0d2c-43db-9beb-684984b3ddd7,2,centre (M…),/Volumes/Disc 2/2Pictures/Flashcard/centre.jpg
1957,691feb58-bc36-4639-a388-a952efabf325,2,cylinder,/Volumes/Disc 2/2Pictures/Flashcard/cylinder.jpg
1984,a7a43c6a-5c98-49be-9739-f305788581b2,2,library,/Volumes/Disc 2/2Pictures/Flashcard/bookshop.jpg
2017,e10a69ef-edd7-473b-93fb-d1b15db0a028,2,miracle,/Volumes/Disc 2/2Pictures/Flashcard/miracle.jpg
1995,0eb81504-1686-41ff-8959-f749b06bbc7e,2,butchery,/Volumes/Disc 2/2Pictures/Flashcard/butchery.jpg
1987,4fae7229-eca6-43c6-a1b5-4ca3b0066a8f,2,hardware store,/Volumes/Disc 2/2Pictures/Flashcard/hardware store.jpg
1974,5cfe966c-bcc5-475c-a4f6-673035e81224,2,"brand ,make","/Volumes/Disc 2/2Pictures/Flashcard/brand ,make.jpg"
1999,dfd40a7f-09f4-4620-9768-6c001e3c5a48,2,"intention ,purpose","/Volumes/Disc 2/2Pictures/Flashcard/intention ,purpose.jpg"
1956,0daf1bea-8e99-417a-8a12-2b6ce81e67c6,2,scale,/Volumes/Disc 2/2Pictures/Flashcard/scale.jpg
1971,3d76ddaa-d35b-434d-b3c7-58d79a5cd73b,2,"precious ,valuable ,expensive","/Volumes/Disc 2/2Pictures/Flashcard/precious ,valuable ,expensive.jpg"
2041,1e07faa8-45b7-4232-bea9-1537148cc67c,2,gymnastics,/Volumes/Disc 2/2Pictures/Flashcard/gymnastics.jpg
2012,eed784cd-b1e4-4a3c-8dfa-006e51e763cd,2,tax,/Volumes/Disc 2/2Pictures/Flashcard/tax.jpg
2015,107254cb-38fb-4a32-9fb5-fa95084107e8,2,cause (U…),/Volumes/Disc 2/2Pictures/Flashcard/cause.jpg
2098,0ae4837a-151a-4a6d-a658-639f6680d51d,2,apartment (A…),/Volumes/Disc 2/2Pictures/Flashcard/apartment.jpg
2086,dd8fbf80-3586-4335-85af-97c083ce3cb2,2,industrial area,/Volumes/Disc 2/2Pictures/Flashcard/industrial area.jpg
2016,4751dc8f-342a-4ef9-aab3-b99eed92fde9,2,"change ,turn ,re-unification (W…)","/Volumes/Disc 2/2Pictures/Flashcard/change ,turn ,re-unification.jpg"
2036,680919a1-992e-4c6e-8405-b3f1b7ab7823,2,spectator,/Volumes/Disc 2/2Pictures/Flashcard/spectator.jpg
2100,45d7e4ce-1c51-4c04-abcb-99b8bbbcb29b,2,bungalow,/Volumes/Disc 2/2Pictures/Flashcard/bungalow.jpg
2109,d8ee7167-9ca1-426f-a933-46cffbfbd03f,2,exit (i.e. off a train/bus),/Volumes/Disc 2/2Pictures/Flashcard/exit (ie off a train-bus).jpg
1975,08bc5e41-a857-46dc-82d6-1d8c876f852a,2,opening,/Volumes/Disc 2/2Pictures/Flashcard/opening.jpg
2069,9ae6e062-1883-405a-bc0a-96a756cc5cbc,2,at the latest,/Volumes/Disc 2/2Pictures/Flashcard/at the latest.jpg
2081,2ed17728-e24d-44ba-86cf-d7a0ce297044,2,disco,/Volumes/Disc 2/2Pictures/Flashcard/disco.jpg
2044,a66e4e61-34c9-499d-a997-da83e9a8ef4c,2,to jog,/Volumes/Disc 2/2Pictures/Flashcard/to jog.jpg
2057,2629d962-7396-41b7-8e18-5d2e04a8883c,2,"all at once ,at the same time","/Volumes/Disc 2/2Pictures/Flashcard/all at once ,at the same time.jpg"
1992,be34f67a-10c8-4e95-9053-5657b2288fcf,2,bakery/cake shop,/Volumes/Disc 2/2Pictures/Flashcard/bakery-cake shop.jpg
2075,1c71f08f-ae09-4888-9e21-bd6459dff946,2,avenue,/Volumes/Disc 2/2Pictures/Flashcard/avenue.jpg
2026,e08c02dd-aea4-4d83-83ba-6328ce176458,2,"audience ,crowd (P…)","/Volumes/Disc 2/2Pictures/Flashcard/audience ,crowd.jpg"
2122,5ec07736-cf50-4948-854d-bdc0a15ca370,2,to leave (on a trip),/Volumes/Disc 2/2Pictures/Flashcard/to leave (on a trip).jpg
2004,4f773a46-acb5-412c-b604-f17044175556,2,"ground, reason","/Volumes/Disc 2/2Pictures/Flashcard/ground, reason.jpg"
2377,f859629f-ae86-4b2f-ad9a-24f1dc1433c0,2,"summit ,apex ,peak","/Volumes/Disc 2/2Pictures/Flashcard/summit ,apex ,peak.jpg"
2061,65bb6b4b-ec9a-4f8b-a6ad-924367dcf93e,2,"same, at once","/Volumes/Disc 2/2Pictures/Flashcard/same, at once.jpg"
2051,a496f162-111b-47da-9616-c8428603fea8,2,off,/Volumes/Disc 2/2Pictures/Flashcard/off.jpg
2095,29f9cccf-4ea5-493b-b353-9d7ca9753fec,2,landlord,/Volumes/Disc 2/2Pictures/Flashcard/landlord.jpg
2118,41936b08-1c7a-4dd8-9229-17aa160ea507,2,machine,/Volumes/Disc 2/2Pictures/Flashcard/machine.jpg
2141,17053ed0-e3fa-4b37-862a-965cc175e7ef,2,steward,/Volumes/Disc 2/2Pictures/Flashcard/steward.jpg
2166,89de0fb8-0bc3-41c8-a811-622e93521132,2,"to turn ,spin ,rotate","/Volumes/Disc 2/2Pictures/Flashcard/to turn ,spin ,rotate.jpg"
2023,8a1e700e-5bb8-437e-83a1-aa7811b039f7,2,team,/Volumes/Disc 2/2Pictures/Flashcard/team.jpg
2076,2bdb500a-3bf6-4673-a014-3e569a64d886,2,exhibition,/Volumes/Disc 2/2Pictures/Flashcard/exhibition.jpg
2091,1899c2a6-5495-4a93-b2e2-8f5cde3f6ddf,2,cul-de-sac,/Volumes/Disc 2/2Pictures/Flashcard/cul-de-sac.jpg
2152,1593c738-7c23-493a-a45b-6bf9a3c38299,2,film,/Volumes/Disc 2/2Pictures/Flashcard/film.jpg
2186,2f776c4b-e6e5-416e-9ee6-8e00ce3e303e,2,to rub,/Volumes/Disc 2/2Pictures/Flashcard/to rub.jpg
2254,05f59d2d-4bc1-478a-af6c-52824f9e8a47,2,"apprenticeship ,'the learning'","/Volumes/Disc 2/2Pictures/Flashcard/apprenticeship ,-the learning-.jpg"
2256,9f212f21-b59e-4740-a29e-4d072ea808a5,2,qualification,/Volumes/Disc 2/2Pictures/Flashcard/qualification.jpg
2053,75fd5145-47f4-4e1f-a806-bdfcf76d7ef8,2,per,/Volumes/Disc 2/2Pictures/Flashcard/per.jpg
2177,810230ed-d036-47ab-946a-64c4e3662a87,2,to become,/Volumes/Disc 2/2Pictures/Flashcard/to become.jpg
2059,9734e6b8-7424-4c44-81bf-7e09c742e6f5,2,afterwards (d…),/Volumes/Disc 2/1Pictures/Flashcard/afterwards.jpg
2105,08852d08-64dc-47bd-b46a-a3648b94148c,2,"hostel ,inn","/Volumes/Disc 2/2Pictures/Flashcard/hostel ,inn.jpg"
2082,4d45b161-1952-4b2e-8365-a25d6b87d280,2,flag,/Volumes/Disc 2/2Pictures/Flashcard/flag.jpg
2172,96df469f-cda3-4e68-b1b1-d67f6ed41bb2,2,to lie (to tell lies),/Volumes/Disc 2/2Pictures/Flashcard/to lie (to tell lies).jpg
2043,fec3c2b6-e15c-4edb-a4ac-69b17c87d1bc,2,hunting,/Volumes/Disc 2/2Pictures/Flashcard/hunting.jpg
2049,36eb178b-dcc9-44e1-ad37-5fdb4d6fb8cc,2,the same (one),/Volumes/Disc 2/2Pictures/Flashcard/the same (one).jpg
2056,9be4d6a2-3ffe-4346-814f-10936ff18999,2,"afterwards ,following on from…(a…)","/Volumes/Disc 2/2Pictures/Flashcard/afterwards ,following on from-.jpg"
2074,417bb3ea-86f5-4d48-b4d1-fddc0eed8e35,2,at an end,/Volumes/Disc 2/2Pictures/Flashcard/at an end.jpg
2083,fe45c789-f22d-49e1-9766-efe2f38a3bbd,2,cemetery,/Volumes/Disc 2/2Pictures/Flashcard/cemetery.jpg
2123,5dba1329-89b7-44c5-aefd-4b0065e85402,2,to arrive,/Volumes/Disc 2/2Pictures/Flashcard/to arrive.jpg
2144,e6da94fb-9189-4c07-ac9c-e512c44aa3f2,2,spit,/Volumes/Disc 2/2Pictures/Flashcard/spit.jpg
2058,39369a92-3fed-4ba6-a667-443aacd9dd88,2,beginning (B…),/Volumes/Disc 2/1Pictures/Flashcard/beginning.jpg
2193,63471d31-ee83-42e5-9435-e25ce55fef1a,2,to work (operations),/Volumes/Disc 2/2Pictures/Flashcard/to work (operations).jpg
2101,ee578313-6624-458b-8cd1-c9357b2ad534,2,building façade,/Volumes/Disc 2/2Pictures/Flashcard/building facade.jpg
2148,14034fa2-dbf8-46f3-a418-26d8c9f94aa0,2,drama,/Volumes/Disc 2/2Pictures/Flashcard/drama.jpg
2139,f5a264cc-6eae-4a32-a037-de2b0d576146,2,souvenir,/Volumes/Disc 2/2Pictures/Flashcard/souvenir.jpg
2077,96cc3a27-fd52-433f-becf-a655e9a33ec2,2,"building site ,roadworks","/Volumes/Disc 2/2Pictures/Flashcard/building site ,roadworks.jpg"
2099,f432a4c0-87b1-46a5-92c4-fff7e3408682,2,block of flats,/Volumes/Disc 2/2Pictures/Flashcard/block of flats.jpg
2171,59b22388-9337-41e6-a3d1-849843efaa30,2,to hope,/Volumes/Disc 2/2Pictures/Flashcard/to hope.jpg
2224,9e0858a9-3fed-4330-a79b-9ca524bd65cd,2,weekday,/Volumes/Disc 2/2Pictures/Flashcard/weekday.jpg
2242,fd73204f-5562-4e29-ab6f-b4b0c6719a69,2,to hand in one's notice,/Volumes/Disc 2/2Pictures/Flashcard/to hand in one-s notice.jpg
2143,9ad966c5-b096-4428-b210-30994e3f2d0e,2,to spit (spe…),/Volumes/Disc 2/2Pictures/Flashcard/spit (spe).jpg
2196,0266ef2b-c652-4caf-bfb4-68c926d95f5e,2,lightning,/Volumes/Disc 2/2Pictures/Flashcard/lightning.jpg
2190,5ff091f7-ee82-4b86-91fe-26fade4e13a0,2,to start,/Volumes/Disc 2/2Pictures/Flashcard/to start.jpg
2192,1be93b34-86fd-4b8d-b885-f8e89f9b8dee,2,to turn (w…),/Volumes/Disc 2/2Pictures/Flashcard/to turn.jpg
2194,112466ca-987f-4ee7-9fc1-a159585083cf,2,barometer,/Volumes/Disc 2/2Pictures/Flashcard/barometer.jpg
3604,cd0817de-4adf-4727-8238-a61b4812a883,22,Additional sugar packets are in the basket.,/Volumes/Disc 2/2Pictures/Flashcard/additional.jpg
2253,e1f8cdd3-92de-4755-8a74-89c9f3ddb65e,2,curriculum vitae,/Volumes/Disc 2/2Pictures/Flashcard/curriculum vitae.jpg
2271,df2c5094-d6c9-4c0d-91a5-30d9edaa9297,2,fur,/Volumes/Disc 2/2Pictures/Flashcard/fur.jpg
2231,ddddae5e-e991-465a-a8e8-641c48683f99,2,report,/Volumes/Disc 2/2Pictures/Flashcard/report.jpg
2223,c574152f-ea16-4bfe-a686-0d2090a92b6d,2,further,/Volumes/Disc 2/2Pictures/Flashcard/further.jpg
2248,979ad805-ec40-409b-b8ae-1ddb07e4c796,2,training,/Volumes/Disc 2/2Pictures/Flashcard/training.jpg
2876,75baf030-55b1-4172-a261-273ddcba5eb8,2,"report ,school report","/Volumes/Disc 2/2Pictures/Flashcard/report ,school report.jpg"
4218,7c18d8d6-40ea-459b-8f57-a305e8347248,22,Solingen is famous for its steel.,/Volumes/Disc 2/2Pictures/Flashcard/steel.jpg
2236,2c162926-efcd-4201-bcfe-98e7bf15a446,2,"boss ,leader","/Volumes/Disc 2/2Pictures/Flashcard/boss ,leader.jpg"
3409,1cafbfaf-2d6b-4cf6-ab6e-b41c4de71803,2,"punch ,shot ,blow","/Volumes/Disc 2/2Pictures/Flashcard/punch ,shot ,blow.jpg"
2526,e21b72a7-b9ab-41a2-a194-906ebe79d668,2,"to stick ,to paste","/Volumes/Disc 2/2Pictures/Flashcard/to stick ,to paste.jpg"
3388,73bb9963-0289-4f51-b52d-6d9e90e5a3a4,2,tent,/Volumes/Disc 2/2Pictures/Flashcard/tent.jpg
3639,70ddc880-60c0-4f9f-a752-db10303b4d18,22,The museum has a collection of old masters.,/Volumes/Disc 2/2Pictures/Flashcard/collection.jpg
2252,549a0722-0c7c-4630-9c67-6d4044554a3f,2,opportunity (G…),/Volumes/Disc 2/2Pictures/Flashcard/opportunity.jpg
2240,9e10f9f0-ea19-4d48-a452-78bac5a80ecd,2,"business ,trade","/Volumes/Disc 2/2Pictures/Flashcard/business ,trade.jpg"
2538,1af97e6a-34cf-4831-ad48-caf8ad4269f8,2,to collect,/Volumes/Disc 2/2Pictures/Flashcard/to collect.jpg
3599,2ea1509f-e106-4e0c-9b46-214b629db1bb,22,The raccoon is very curious.,/Volumes/Disc 2/2Pictures/Flashcard/curious.jpg
2247,19c3fceb-52d9-410f-b372-ebec716be9a6,2,to earn,/Volumes/Disc 2/2Pictures/Flashcard/to earn.jpg
3620,710c05ca-ddb4-4a81-b719-533f0d44deb2,22,I'm looking forward to my shower.,/Volumes/Disc 2/2Pictures/Flashcard/shower.jpg
3634,667f4933-1e8d-4c33-bb4f-d9915885cd76,22,We have already paid the admission.,"/Volumes/Disc 2/2Pictures/Flashcard/entry ,entrance ,admission.jpg"
2577,0e4203e2-d305-47e4-9988-9f538b6057db,2,"to sound ,to ring","/Volumes/Disc 2/2Pictures/Flashcard/to sound ,to ring.jpg"
2776,a6e03a0b-45f7-4b74-b2fc-6ae4993c1c3e,2,ticket collector,/Volumes/Disc 2/2Pictures/Flashcard/ticket collector.jpg
2800,b368c62b-9aab-4cf3-8d75-d57fa3b15a39,2,to mark with a cross,/Volumes/Disc 2/2Pictures/Flashcard/to mark with a cross.jpg
3593,0ad39eb6-3ca0-41eb-afda-6bef6fde5620,22,The people here are very poor.,/Volumes/Disc 2/2Pictures/Flashcard/poor.jpg
3610,7b46832c-f0e0-46da-b0e9-e824c1f43698,22,I fell asleep out of sheer boredom.,/Volumes/Disc 2/2Pictures/Flashcard/boredom.jpg
3457,9d320b74-ef47-4b34-85d7-7ceb48a54677,2,computer facility/equipment,/Volumes/Disc 2/2Pictures/Flashcard/computer facility-equipment.jpg
3637,fbade0be-5db9-47d9-9314-5a141c3f6b20,22,Bowling is very popular in Germany.,/Volumes/Disc 2/2Pictures/Flashcard/bowling.jpg
3660,09bacfcd-8d97-4384-8250-4c4707753fc7,22,The last (previous) president was not such a blockhead.,/Volumes/Disc 2/2Pictures/Flashcard/last ( left over).jpg
3684,8b69d0d1-7822-4eed-bbc1-b6bd5b639675,22,Mathematics is not my favourite subject.,/Volumes/Disc 2/2Pictures/Flashcard/mathematics.jpg
3707,665a50f1-94b7-4b04-adb0-5ec4b112704f,22,We like holidaying in Switzerland.,/Volumes/Disc 2/2Pictures/Flashcard/Switzerland.jpg
2805,05fae133-e6c8-4157-8975-37e215ab6ab4,2,to take one's turn,/Volumes/Disc 2/2Pictures/Flashcard/to take one-s turn.jpg
2996,81dbf5d5-0ba1-4df1-b827-2cba76ba8c59,2,"to climb ,ascend","/Volumes/Disc 2/2Pictures/Flashcard/to climb ,ascend.jpg"
3018,c107e17b-7f7f-4637-9002-b4dc59fb77ec,2,suddenly,/Volumes/Disc 2/2Pictures/Flashcard/suddenly.jpg
3650,291c6679-2077-4f17-b517-f037f32524fa,22,You have baked so many delicious cookies. (inf.pl),/Volumes/Disc 2/2Pictures/Flashcard/baked.jpg
3653,c353b6da-811e-4b7d-a135-e8769758aa12,22,Cottage cheese makes a good spread.,/Volumes/Disc 2/2Pictures/Flashcard/cottage cheese.jpg
3627,e6b1ad78-a401-4b01-bce4-b3b7eb3419ef,22,Do you have another tube of glue? (inf.sing),/Volumes/Disc 2/2Pictures/Flashcard/tube (e-g- toothpaste).jpg
3665,769cd385-ccb9-43ae-b40b-7ec77b8022f3,22,Can you rub this lotion in for me? (inf.sing),/Volumes/Disc 2/2Pictures/Flashcard/to rub in.jpg
4204,33369f05-1734-45c2-8678-a2a91410528e,22,Aluminium is a very light metal.,/Volumes/Disc 2/2Pictures/Flashcard/aluminium.jpg
3692,5f62744b-3539-43eb-8c02-ca2ad2f2f743,22,The balloon will burst in a moment!,/Volumes/Disc 2/2Pictures/Flashcard/burst.jpg
3450,429d02a9-2887-4e60-8b3e-85d10a18f56d,2,to clean,/Volumes/Disc 2/2Pictures/Flashcard/to clean.jpg
3706,84890270-8c33-4faf-8b51-2fb7a250e80d,22,Russia is situated in Eastern Europe.,/Volumes/Disc 2/2Pictures/Flashcard/Russia.jpg
3630,775051ff-6c79-4ec2-913a-a9ba25a405f1,22,She cleans her ear with a cotton bud.,/Volumes/Disc 2/2Pictures/Flashcard/cotton bud.jpg
3628,c47035c1-0ce6-4b2f-953a-ccd42c764659,22,"Here is a face-cloth, wash your face. (inf.sing)","/Volumes/Disc 2/2Pictures/Flashcard/face-cloth ,flannel.jpg"
3651,05d4380d-ef10-43e2-b83d-fa3fe9f0b142,22,Would you like to order the roast duck? (formal),"/Volumes/Disc 2/2Pictures/Flashcard/roast ,fried.jpg"
3661,68059c37-d2dc-40f7-8251-eb1ba88ca0e9,22,Best wishes for a speedy recovery!,"/Volumes/Disc 2/2Pictures/Flashcard/improvement ,recovery.jpg"
3689,ce37f90e-596f-48e8-bb17-2eabf09b5a89,22,Physical education is a compulsory subject.,/Volumes/Disc 2/2Pictures/Flashcard/physical education-gymnastics.jpg
3712,a765bb1a-5326-45b4-9e66-0baa38e6d12c,22,Her bag is heavy.,/Volumes/Disc 2/2Pictures/Flashcard/bag.jpg
3743,2674fe22-a022-4c86-9d7e-7a70bb576d4b,22,Can you change the tyre? (inf.sing),/Volumes/Disc 2/2Pictures/Flashcard/tyre.jpg
4223,6c9ca40a-02df-4a69-adf8-d686bd402eec,22,You can stop with the exam. (inf.pl),/Volumes/Disc 2/2Pictures/Flashcard/to stop.jpg
3668,298e4533-baf4-4f91-8a9a-af1867775c47,22,Take three teaspoons of cough syrup.,/Volumes/Disc 2/2Pictures/Flashcard/cough syrup.jpg
3672,60799769-30df-4174-aa54-8a89ef0a4657,22,My nose is running,/Volumes/Disc 2/2Pictures/Flashcard/tissues.jpg
3717,0a59d386-e2e6-47c8-b646-201bc15eada4,22,The butter has a use by date of March 30.,/Volumes/Disc 2/2Pictures/Flashcard/use by (sell-by date).jpg
3734,bcc58794-5bb5-4b63-8fc6-bb653bdb803c,22,Petrol is flammable.,/Volumes/Disc 2/2Pictures/Flashcard/petrol.jpg
3642,d124ce54-035a-457b-9208-03cd65c6c1a9,22,He is going to climb the ladder of success.,"/Volumes/Disc 2/2Pictures/Flashcard/to climb ,ascend.jpg"
3877,91d73a1b-7851-4c30-a72d-e6141d180ebf,22,Of course beer is also available!,/Volumes/Disc 2/2Pictures/Flashcard/Of courseE.jpg
3720,73d526ae-357a-48f2-b1c8-210f431c8851,22,The children buy sweets at the kiosk.,/Volumes/Disc 2/2Pictures/Flashcard/kiosk.jpg
3738,4412d2e5-14f9-4ed9-838f-2df3cd72bcd2,22,This vehicle uses solar energy.,/Volumes/Disc 2/2Pictures/Flashcard/vehicle.jpg
3742,f14be0c6-a27c-4f8c-a969-7f53e4a7e505,22,The wheel is wobbling.,/Volumes/Disc 2/2Pictures/Flashcard/wheel.jpg
3758,bcf0426c-37a7-4422-acab-3db7c46368c9,22,A koala bear is not really a bear.,/Volumes/Disc 2/2Pictures/Flashcard/bear.jpg
3805,1e3d2c78-208a-4105-a315-f989099bbbf6,22,This film is so exciting!,/Volumes/Disc 2/2Pictures/Flashcard/exciting.jpg
3920,dbb09f0a-facc-404f-a4c8-78fdbaa753c0,22,This mountain range has very high summits.,/Volumes/Disc 2/2Pictures/Flashcard/mountain range.jpg
3856,5ef39ee2-c3cc-446d-8a26-ee28b553ab2e,22,Place a cherry on top of the whipped cream. (inf.sing),/Volumes/Disc 2/2Pictures/Flashcard/cherry.jpg
3948,9bee6686-c93a-4b9e-b803-0c38e2ce5409,22,We are going sailing on our vacation. (F...),"/Volumes/Disc 2/2Pictures/Flashcard/holidays ,vacation.jpg"
3772,c496a3cb-ad2e-4bb5-9221-1e5a7038917b,22,This dove is actually a carrier pigeon.,/Volumes/Disc 2/2Pictures/Flashcard/dove.jpg
3675,a7ccf0e9-5d10-4520-ba11-c29eb4a9d953,22,What a nasty person!,"/Volumes/Disc 2/2Pictures/Flashcard/bad ,foul ,nasty.jpg"
3702,88db11dc-49d7-4a0c-a534-ab859aa4e9be,22,The Olympic Games come from Greece.,/Volumes/Disc 2/2Pictures/Flashcard/Greece.jpg
3715,ab56e660-98c4-42dc-a6a2-2c4d60c8db87,22,On Sundays the Post Office remains closed.,/Volumes/Disc 2/2Pictures/Flashcard/closed.jpg
3755,dd37611c-4ace-489d-86c3-f213d335a240,22,A connection (V...) to the mafia was never proven.,/Volumes/Disc 2/2Pictures/Flashcard/connection - association.jpg
3757,02c9ba43-7888-4a99-bb69-7ae8e0b75d1e,22,An eel is a snake-like fish.,/Volumes/Disc 2/2Pictures/Flashcard/eel.jpg
3766,d514a35b-41ba-4d0c-b07c-311cbb9a258e,22,This warm cap is made of fur.,/Volumes/Disc 2/2Pictures/Flashcard/fur.jpg
3764,cdf445ff-e1f9-4f68-afb3-0dd1e9960a17,22,The hare runs zigzag.,/Volumes/Disc 2/2Pictures/Flashcard/hare.jpg
3776,6d7369eb-3500-46c5-afe5-e29c428fc413,22,This express letter must arrive tomorrow.,/Volumes/Disc 2/2Pictures/Flashcard/express letter.jpg
3683,f20006bc-b0be-4d25-9277-321db5b64f20,22,Information technology is used almost everywhere.,/Volumes/Disc 2/2Pictures/Flashcard/Information Technology (I-T-).jpg
3688,e595846b-9dd1-445d-b695-d6d5fac93fc7,22,Without technology,"/Volumes/Disc 2/2Pictures/Flashcard/technology ,engineering.jpg"
3711,be5fed0c-d49a-4ddc-bb1e-9e4891efefd4,22,May I buy chocolate from the vending machine?,/Volumes/Disc 2/2Pictures/Flashcard/vending machine.jpg
3752,62262ab5-4bc2-4435-9598-f87cbd731fe9,22,The ticket collector wants to check our tickets.,/Volumes/Disc 2/2Pictures/Flashcard/ticket collector.jpg
3787,b15825b7-3328-4ba2-83b2-2878d313ce79,22,The parcel has come by sea mail.,"/Volumes/Disc 2/2Pictures/Flashcard/surface mail ,sea mail.jpg"
3792,36722b9b-55b1-431d-a172-1b2fb796b544,22,At least we have insurance against water damage.,/Volumes/Disc 2/2Pictures/Flashcard/insurance.jpg
3703,09ada158-157c-4f75-b429-a8c22e69d007,22,"Great Britain encompasses England, Scotland, Wales and (northern) Ireland.",/Volumes/Disc 2/2Pictures/Flashcard/Great Britain.jpg
3789,bc0b3797-a219-4b8b-b688-76ecb50aa95d,22,She makes a phone call.,/Volumes/Disc 2/2Pictures/Flashcard/phone call.jpg
3798,c99d86b4-3dc7-4eb2-939f-4b447d76aa5b,22,I know for certain that you are lying.,/Volumes/Disc 2/2Pictures/Flashcard/certain.jpg
3857,dcbfe505-e778-4c12-a235-e64aa3456d42,22,Can I please have a slice of melon?,/Volumes/Disc 2/2Pictures/Flashcard/melon.jpg
3888,ae75f6bf-e333-4f2e-aa79-65a0443e9447,22,You needn't worry about that. (inf.pl),/Volumes/Disc 2/2Pictures/Flashcard/to care-worry about.jpg
3721,702b1caf-edb8-40d2-b3f5-a3157a33040b,22,The Mona Lisa is very valuable.,"/Volumes/Disc 2/2Pictures/Flashcard/precious ,valuable ,expensive.jpg"
3778,3688f55f-ee49-4359-a363-093f825be253,22,This hotel offers a currency exchange.,/Volumes/Disc 2/2Pictures/Flashcard/currency exchange.jpg
3727,bc460548-aa87-41cf-b75f-bdf02dd269a7,22,At the end (S...) we are presenting the prize.,"/Volumes/Disc 2/2Pictures/Flashcard/price ,prize.jpg"
3730,14fea986-5eb2-4f20-b466-c08de8e4a867,22,This painting is worth a lot.,/Volumes/Disc 2/2Pictures/Flashcard/worth.jpg
3750,a10cc437-845a-42c5-8a56-007177d80ae0,22,The entrance (i.e. onto train) is on the other side.,/Volumes/Disc 2/2Pictures/Flashcard/entrance (ie onto a train-bus).jpg
3815,57cc6532-e145-4afe-81d0-6497ce99700a,22,Can you hear the train whistle? (inf.sing),/Volumes/Disc 2/2Pictures/Flashcard/to hear.jpg
3796,d68b7d26-b252-449d-92b2-b92c8af09f29,22,This knife cuts better.,/Volumes/Disc 2/2Pictures/Flashcard/better.jpg
3866,09c6636d-2494-40dd-8b04-cafe9f11f6ef,22,That did not bother us at all.,/Volumes/Disc 2/2Pictures/Flashcard/not at all.jpg
3881,7dd3fa9a-e5d9-4254-951a-651ebf49385f,22,Write an essay that is five pages long. (inf.sing),/Volumes/Disc 2/2Pictures/Flashcard/essay.jpg
2540,46424694-e54a-428a-86ef-f97159c4c7d8,21,The bedroom is upstairs.,"/Volumes/Disc 2/1Pictures/Flashcard/above ,upstairs.jpg"
3728,e8f9dbde-bef3-4e12-91c4-5996ff248e83,22,The tomatoes are good value today.,"/Volumes/Disc 2/2Pictures/Flashcard/cheap ,good value.jpg"
3759,aa245b37-7cde-496d-8472-0fa3398e7497,22,Their dogs bark all day long.,/Volumes/Disc 2/2Pictures/Flashcard/to bark.jpg
3791,0a7d0793-31c7-480b-b946-bb18d73a8917,22,She writes the address on the envelope. (U...),/Volumes/Disc 2/1Pictures/Flashcard/envelope.jpg
3793,561c04ff-2156-4660-ab2b-32b0bd9da109,22,I wish you a pleasant stay. (formal),/Volumes/Disc 2/2Pictures/Flashcard/pleasant.jpg
3816,d83a76bc-849c-4b92-9194-e0e3ee7ac3a5,22,She has narrow hips.,/Volumes/Disc 2/2Pictures/Flashcard/hip.jpg
4208,2cc1de9f-1977-4d79-bcc5-791a9a70a2a1,22,Fool's gold looks almost like gold.,/Volumes/Disc 2/2Pictures/Flashcard/gold.jpg
3929,9a83d27a-a50a-4e32-b16a-87d0cad45f72,22,Our environment is threatened.,/Volumes/Disc 2/2Pictures/Flashcard/environment.jpg
3936,bfd7ed08-af91-496b-8fcf-f442775824a8,22,She mows the grass with the lawnmower.,/Volumes/Disc 2/2Pictures/Flashcard/to mow.jpg
4226,425eaa8b-08a9-407a-b783-55ddb56ad3db,22,When will you take your turn? (inf.sing),/Volumes/Disc 2/2Pictures/Flashcard/to take one-s turn.jpg
3739,a55e77c9-3bed-49c4-b3c0-72d203dcd8b5,22,Drive in 5th gear on the motorway. (inf.sing),/Volumes/Disc 2/2Pictures/Flashcard/gear (car).jpg
3905,560655c4-d6ef-4789-9bee-8ec919efa6a0,22,Never milk a cow with cold fingers.,/Volumes/Disc 2/2Pictures/Flashcard/never.jpg
3749,daa70f5b-c614-48a0-a61b-35a4c02819e6,22,"Oh no, I've missed the connection (A...)  to Basel.","/Volumes/Disc 2/2Pictures/Flashcard/connection (train ,gas ,telephone).jpg"
3780,34aecdf8-8d90-45e0-9c79-70311469a4e2,22,He goes to cash in his lottery ticket.,"/Volumes/Disc 2/2Pictures/Flashcard/to cash in ,to buy (tickets).jpg"
3799,a558aa7d-2f91-4b1d-a5f6-3261e9eb0c58,22,This fact is evident.,"/Volumes/Disc 2/2Pictures/Flashcard/evident ,apparent.jpg"
4363,819050da-3943-49bb-b5d0-743fdcc74fc8,22,Which channel is the film on?,/Volumes/Disc 2/2Pictures/Flashcard/channel.jpg
3858,83de54aa-bae3-4d2c-a8c4-3530167582fb,22,Grapefruit (P...) are a little bitter.,/Volumes/Disc 2/2Pictures/Flashcard/grapefruit (P).jpg
3801,dd42ea15-1424-4d52-b9f6-50c68178e03d,22,This task is childishly simple.,/Volumes/Disc 2/2Pictures/Flashcard/childishly simple.jpg
3953,66180667-c49d-43d7-9319-2e74c6541d56,22,Who is the leader of this group?,/Volumes/Disc 2/2Pictures/Flashcard/leader (group).jpg
3741,8b7eca35-c8df-417c-a0ae-e75fa63b9fae,22,We are too dependent on oil.,/Volumes/Disc 2/2Pictures/Flashcard/oil.jpg
3944,e9d8cb4e-b62a-4400-aa4d-b2e1a86b6a7a,22,This path goes through the forest.,/Volumes/Disc 2/2Pictures/Flashcard/path.jpg
4316,12274091-efa2-40d8-968c-8fdc8faf6601,22,This computer facility is very modern.,/Volumes/Disc 2/2Pictures/Flashcard/computer facility-equipment.jpg
3777,eb1865fa-4398-4ddd-bb21-6cf88af00ab1,22,The recipient of this letter has moved.,"/Volumes/Disc 2/2Pictures/Flashcard/recipient ,addressee.jpg"
3863,b7733bc6-38af-4753-becf-694deb1c8b18,22,Together that makes €50,/Volumes/Disc 2/2Pictures/Flashcard/that - it makes (equals) -.jpg
4062,92ca80f7-a8f0-4c93-acc5-872b0c59fca5,22,There is non-alcoholic beer (available).,/Volumes/Disc 2/2Pictures/Flashcard/non-alcoholic.jpg
3880,7eca4312-b72b-4bd2-bbfd-8a85429c9fb8,22,The A-level exam was very successful.,/Volumes/Disc 2/2Pictures/Flashcard/A-level exam.jpg
3883,b03f434c-72a7-4041-9637-bd5f894fc8f2,22,He sharpens the pencil.,/Volumes/Disc 2/2Pictures/Flashcard/pencil.jpg
3811,486c8144-cd04-4d45-a7e7-248721852d2c,22,He nudges him with his elbow.,/Volumes/Disc 2/2Pictures/Flashcard/elbow.jpg
3961,569ad8df-2355-4b06-a1ba-089520d689b4,22,The tent is big enough for four people.,/Volumes/Disc 2/2Pictures/Flashcard/tent.jpg
4060,2731c16a-a304-442f-8efc-c3c12dff5af2,22,Many riders participate in the competition.,/Volumes/Disc 2/2Pictures/Flashcard/competition.jpg
3913,91f8e087-19c2-438a-9afe-d762075aa4e3,22,The boats are anchored in the bay.,/Volumes/Disc 2/2Pictures/Flashcard/bay.jpg
3882,fa909290-589e-4566-8a77-a4fd5c614635,22,This is a frequently used expression.,/Volumes/Disc 2/2Pictures/Flashcard/expression.jpg
3889,2660bf42-4ebb-4b67-a439-07cb48dacab8,22,The bells ring so beautifully.,"/Volumes/Disc 2/2Pictures/Flashcard/to sound ,to ring.jpg"
4001,250e613f-fe02-46ff-8532-4cb95688cc91,22,The butcher weighs the cold cuts (of sausage).,/Volumes/Disc 2/2Pictures/Flashcard/butcher.jpg
3997,347b3f56-2d93-4e8e-96f1-01656d3cfd28,22,She is a successful businesswoman.,/Volumes/Disc 2/2Pictures/Flashcard/businesswoman.jpg
4365,d3d97c8c-0497-4b91-a763-d25ecd0fcc8a,22,This programme is very funny.,/Volumes/Disc 2/2Pictures/Flashcard/programme.jpg
3865,8846dc60-9026-40d7-bb03-b70fe6ac1084,22,It depends on what time I arrive.,/Volumes/Disc 2/2Pictures/Flashcard/It depends on -.jpg
3911,d57459a5-94c4-47c4-bf69-d5dab10e060e,22,"We can't in fact promise anything, but we'll try it anyhow.","/Volumes/Disc 2/2Pictures/Flashcard/in fact ,but.jpg"
3900,b5e611f1-b506-46b6-a1ae-4b98d4880570,22,Hopefully there's some pizza left.,/Volumes/Disc 2/2Pictures/Flashcard/hopefully.jpg
3931,1e455390-91ed-4eb6-98f3-264cd3759ea3,22,The tourists come from all over the world.,/Volumes/Disc 2/2Pictures/Flashcard/world.jpg
4333,7663cc90-e1b4-4cb3-9077-3d013874b213,22,The lady is always elegantly dressed.,"/Volumes/Disc 2/2Pictures/Flashcard/elegant ,chic.jpg"
4376,7172b274-2625-4fe6-a917-6a68a05c8b83,22,I would like to learn knitting.,/Volumes/Disc 2/2Pictures/Flashcard/knitting.jpg
4378,8b224ee8-f22e-45ed-ba6a-0c40aeaf4764,22,Did you join this club? (V...) (inf.pl),/Volumes/Disc 2/2Pictures/Flashcard/club (V).jpg
3924,350f20c7-94b7-42b1-8753-b127b07efea6,22,Mankind should conserve nature.,/Volumes/Disc 2/2Pictures/Flashcard/nature.jpg
3935,ed6239e3-f7b4-4ea6-8b34-8a1a767040dd,22,The dog is digging for his bone.,/Volumes/Disc 2/2Pictures/Flashcard/to dig.jpg
3941,7b7cbf1a-d9aa-4edd-9706-a7e6261399e7,22,The old gate is made of wood and iron.,/Volumes/Disc 2/2Pictures/Flashcard/gate.jpg
4059,63e3e94b-588f-4ea3-b858-22c9c104d496,22,They do (tr...) gymnastics daily.,"/Volumes/Disc 2/2Pictures/Flashcard/to do (sports ,studies ,etc).jpg"
3951,713e10c8-9a59-4b19-9bed-ae85e6906147,22,He misses his home country.,/Volumes/Disc 2/2Pictures/Flashcard/home country.jpg
3989,c5d3c99c-79b8-4f56-aa31-62018cc065f0,22,The headmaster of our school has good ideas.,"/Volumes/Disc 2/2Pictures/Flashcard/director ,manager ,headmaster.jpg"
4092,a60d9511-91ac-4df8-aabf-f78d3c43ded1,22,For example,/Volumes/Disc 2/2Pictures/Flashcard/example.jpg
3987,27464554-14c2-4758-8411-ebcd7113f67f,22,The farmer sows rye and wheat.,/Volumes/Disc 2/2Pictures/Flashcard/farmer.jpg
3992,2ff5b83c-ca82-4154-891f-03f1addf4fcd,22,The driver stops at the traffic light.,/Volumes/Disc 2/2Pictures/Flashcard/driver.jpg
3993,38c8ddfe-29f2-419f-96d0-a7d1b86b4422,22,The fireman puts out the fire.,/Volumes/Disc 2/2Pictures/Flashcard/fireman.jpg
4016,cc97dd86-b1aa-46a2-8814-c4d67bf570e4,22,My cousin (m) and I are like brothers.,/Volumes/Disc 2/1Pictures/Flashcard/cousin (male).jpg
4021,dcf4d434-e650-4cae-a8df-79133e315737,22,We're going to Granny's house (by road).,/Volumes/Disc 2/2Pictures/Flashcard/granny.jpg
4036,b4402af9-6627-4618-9a39-6c738442a99b,22,The gift store also sells postcards.,/Volumes/Disc 2/2Pictures/Flashcard/gift store.jpg
4067,a042edf9-755f-4470-8d39-31e165fa22c0,22,Fruit juice contains a lot of vitamins.,/Volumes/Disc 2/2Pictures/Flashcard/fruit juice.jpg
4106,0d0bb078-14c5-4f6f-a01e-1c214131c828,22,The recipe is very simple.,"/Volumes/Disc 2/2Pictures/Flashcard/simple ,easy.jpg"
3919,dacee7a2-6f8d-4a61-94fa-11bcc88e564c,22,The bridge crosses the river.,/Volumes/Disc 2/2Pictures/Flashcard/river.jpg
3928,ebffab36-3e63-49d1-93e6-255743f03663,22,You can add a drop of vinegar to taste. (formal),/Volumes/Disc 2/2Pictures/Flashcard/drop (eg of water).jpg
3938,64502bc0-2dfb-4054-bf47-fd6c377c5203,22,Every table has a vase with a rose.,/Volumes/Disc 2/2Pictures/Flashcard/rose.jpg
3955,888b6025-72f8-47fa-8145-c6b33165a751,22,This year we are driving to the sea.,/Volumes/Disc 2/2Pictures/Flashcard/sea (sea).jpg
4004,e94d7acd-e305-48dc-9ff1-b134133dca5d,22,The author is very famous in America. (m),/Volumes/Disc 2/2Pictures/Flashcard/author.jpg
4063,9cfa6796-04b0-4244-8d6e-5064fd17cc88,22,Coca Cola has lots of sugar.,/Volumes/Disc 2/2Pictures/Flashcard/Coca Cola.jpg
3965,d1194889-74f4-4a5d-b03d-2162ff37b02a,22,One shouldn't sound the horn at night.,/Volumes/Disc 2/2Pictures/Flashcard/to sound the horn.jpg
4297,bda7b13a-f099-46c1-a221-835f919c4e09,22,Scientists say (that) the climate is changing.,/Volumes/Disc 2/2Pictures/Flashcard/climate.jpg
4112,b0bf23d7-c1af-4482-8c61-55c4f9079edf,22,That can't be possible!,/Volumes/Disc 2/2Pictures/Flashcard/possible.jpg
4087,51f5f16c-d3e2-48b0-b7cc-b5e9f83a52ab,22,She puts the flowers in the vase.,"/Volumes/Disc 2/2Pictures/Flashcard/put ,place ,set.jpg"
4093,7b40d30f-ef83-4e77-8bfd-3c0e74708c7e,22,I'll get my diploma this summer.,/Volumes/Disc 2/2Pictures/Flashcard/diploma.jpg
4147,689867c2-5071-4c45-b25c-6c198f00a8d5,22,The private property is surrounded by a high wall. (M…),/Volumes/Disc 2/2Pictures/Flashcard/wall (exterior).jpg
4149,6aa9ac7f-74bb-434b-b28d-3e3c91a09574,22,The elderly lady lives on the ground floor.,/Volumes/Disc 2/2Pictures/Flashcard/ground floor.jpg
4160,81b022c1-0cbb-43d7-bd2a-ad6509007f74,22,Tomorrow is a public holiday.,/Volumes/Disc 2/2Pictures/Flashcard/public holiday.jpg
4088,f61c4029-a148-42e3-99ad-4d7427dac8d6,22,The rest of the document is just details and so on.,/Volumes/Disc 2/2Pictures/Flashcard/and so on (etc).jpg
3991,15f739af-abd1-4d19-8351-d9e9c2f13d8d,22,The electrician repairs the toaster.,/Volumes/Disc 2/2Pictures/Flashcard/electrician.jpg
4040,9109b046-fecf-4530-8f2e-03d47b942637,22,The butchery has fresh meat every morning.,/Volumes/Disc 2/2Pictures/Flashcard/butchery.jpg
4049,18e4e4b9-1722-41be-b151-b51b8c28770f,22,The winning team does a lap of honour.,/Volumes/Disc 2/2Pictures/Flashcard/team.jpg
4100,a49aae02-88b9-4ab8-bff1-bcbeb10724b7,22,The children collect (s...) money for good causes.,/Volumes/Disc 2/2Pictures/Flashcard/to collect.jpg
4143,08b56f13-1e09-4777-bde2-88d032a909f1,22,On January 1 we'll hang a new calendar on the wall.,/Volumes/Disc 2/2Pictures/Flashcard/calendar.jpg
4109,19e516b7-02cf-45ef-ac22-5854e1dccf90,22,Is everything clear (k...) to you? (inf.pl),"/Volumes/Disc 2/2Pictures/Flashcard/clear ,obvious.jpg"
4037,65188395-7ce0-497e-91e2-31f44c64c0fb,22,Why does the barber shop have a red and white pole?,/Volumes/Disc 2/2Pictures/Flashcard/barber shop.jpg
4051,853d4b07-f3ad-446e-a0c6-9656cc2cf706,22,They had suffered a crushing defeat.,/Volumes/Disc 2/2Pictures/Flashcard/defeat.jpg
4064,e7784557-4b4f-4fdb-9b03-85efb6dabef5,22,Even the camel is thirsty.,/Volumes/Disc 2/2Pictures/Flashcard/thirsty.jpg
4019,78c37b3c-1dad-46d9-b9bf-485869826ef3,22,They separated after five years.,"/Volumes/Disc 2/2Pictures/Flashcard/separate ,separated.jpg"
4026,d3e520c6-a4f3-4264-b2c6-1cc73e00b3b7,22,May I introduce my fiancée to you? (inf.pl),/Volumes/Disc 2/2Pictures/Flashcard/fiance - fiancee.jpg
4042,b13dfa11-1df0-4b65-b513-5c8f20905a7e,22,Have you fetched the suit from the dry cleaners? (inf.sing),/Volumes/Disc 2/2Pictures/Flashcard/dry cleaner-s.jpg
4046,9b957930-46e1-430c-a911-2eb6ed5d31b9,22,She goes jogging before breakfast.,/Volumes/Disc 2/2Pictures/Flashcard/to jog.jpg
4079,d1654e98-3f6c-45c6-929e-67d17e340e0a,22,Is that the same man?,/Volumes/Disc 2/2Pictures/Flashcard/the same (one).jpg
4384,534de423-92d6-45a7-9c7f-bcdbd4efb117,22,The building facade is being renovated.,/Volumes/Disc 2/2Pictures/Flashcard/building facade.jpg
4068,8fde8093-5919-4c9a-beef-01c547ab485e,22,"Two hamburgers with mustard, please!",/Volumes/Disc 2/2Pictures/Flashcard/hamburger.jpg
4090,88f71507-12df-4ad0-be54-e5559e35eee1,22,Can he manage this exercise?,"/Volumes/Disc 2/2Pictures/Flashcard/homework ,exercise.jpg"
4097,2f1fd259-f007-4536-9650-069a521e5a44,22,He marks the errors with a red biro.,/Volumes/Disc 2/2Pictures/Flashcard/biro.jpg
4130,5e5dc219-2e2b-40a4-9f96-95247396a9a0,22,On Fridays they play Irish music here.,/Volumes/Disc 2/2Pictures/Flashcard/Irish.jpg
4108,02caac76-d1c9-4587-a5b1-382d2cd47c2a,22,The roof is almost finished.,"/Volumes/Disc 2/2Pictures/Flashcard/ready ,finished.jpg"
4136,9c313731-8069-45c8-acb6-860ad83735ae,22,The owner will take care of that.,/Volumes/Disc 2/2Pictures/Flashcard/owner.jpg
4146,1c9488ec-f1eb-4dcf-9994-5cf873f81e68,22,We need a ladder to get on the roof.,/Volumes/Disc 2/2Pictures/Flashcard/ladder.jpg
4155,c977597e-9dff-4523-8a4e-0509ca2b1595,22,That was a wonderful occasion.,"/Volumes/Disc 2/2Pictures/Flashcard/occasion ,cause.jpg"
4156,12d1d52f-dd70-4847-9d7f-006d8ebd34c8,22,We give out Christmas presents on Christmas Eve.,/Volumes/Disc 2/2Pictures/Flashcard/giving out of Christmas presents.jpg
4162,9bb83e9d-bddd-4f01-9b2e-f58409ca0e0b,22,We want to congratulate you on your promotion. (inf.sing),/Volumes/Disc 2/2Pictures/Flashcard/to congratulate.jpg
4054,7ea3f12e-431d-4ff5-8cee-06e391a8bdfc,22,The team complains to the referee.,"/Volumes/Disc 2/2Pictures/Flashcard/referee ,umpire.jpg"
4071,157bb7af-48aa-47c1-be9c-130d427883e8,22,Mrs. Schmidt buys four chops at the butcher's.,/Volumes/Disc 2/2Pictures/Flashcard/chop.jpg
4070,7eb36553-90a2-4dc6-a1ce-b782a8d46874,22,She pours fresh coffee from the coffee pot.,/Volumes/Disc 2/2Pictures/Flashcard/coffee pot.jpg
4082,19f0c43e-35b6-4693-a999-d9a3fd40076f,22,Two thousand minus two hundred is…?,/Volumes/Disc 2/2Pictures/Flashcard/minus.jpg
4099,9a10b1ea-c316-419f-b714-dd1440e8dffc,22,We are allowed to use a calculator at school.,/Volumes/Disc 2/2Pictures/Flashcard/calculator.jpg
4151,6c20ed0c-0bec-4cd1-8229-269e956fbfe9,22,The plug fits in the electric socket.,/Volumes/Disc 2/2Pictures/Flashcard/electric socket.jpg
4120,8478eb0d-7248-4c28-bb6c-c9a4b9075acb,22,We live in a very American way. (very American),/Volumes/Disc 2/2Pictures/Flashcard/american.jpg
4152,0974a01b-faaf-4aee-94c9-a9dd751ca956,22,More electricity (S...) is used in winter.,/Volumes/Disc 2/1Pictures/Flashcard/electricity.jpg
4128,d471aa11-cab2-47ca-a21f-15ac2385504c,22,The Irishman comes from the Republic of Ireland.,/Volumes/Disc 2/2Pictures/Flashcard/Irishman.jpg
4141,9ab4ab92-88d2-440b-9d32-02456a3cb09d,22,The office is on the tenth floor.,"/Volumes/Disc 2/2Pictures/Flashcard/storey ,floor.jpg"
4150,faf57523-197d-4a18-8bef-02266043dd42,22,The student stacks goods on the shelf for a minimum wage.,/Volumes/Disc 2/2Pictures/Flashcard/shelf.jpg
4117,5d0ea052-45fa-4516-b5e4-b55050171911,22,It was not really that bad. (s…m),/Volumes/Disc 2/1Pictures/Flashcard/bad.jpg
4132,26f09227-a26a-49f5-9634-425e67097440,22,Many Austrians know how to ski.,/Volumes/Disc 2/2Pictures/Flashcard/Austrian.jpg
4133,9cb143a8-37a0-4dd1-88c9-aead1cd66fa3,22,We have a Swiss man in our office.,/Volumes/Disc 2/2Pictures/Flashcard/Swiss (male).jpg
4148,86e4ccc0-7d27-435d-ac06-73f1ca39eba7,22,The flat is furnished.,/Volumes/Disc 2/2Pictures/Flashcard/furnished.jpg
4153,3773886c-daba-4662-9b2f-403a4fac7a34,22,The movers carry the wardrobe up the stairs.,/Volumes/Disc 2/2Pictures/Flashcard/stairs.jpg
4161,64ecf489-9c73-494b-9fcf-5f079e2a9b0d,22,The whole town celebrates this festival.,"/Volumes/Disc 2/2Pictures/Flashcard/party ,festival.jpg"
4179,ced5f12f-6b4f-490d-8000-be372d6291e7,22,This part of town is the industrial area.,/Volumes/Disc 2/2Pictures/Flashcard/industrial area.jpg
4189,a799fecf-e90f-4958-a5b8-f01993b4f5e9,22,At the beginning (B...) we take a deep breath.,/Volumes/Disc 2/1Pictures/Flashcard/beginning.jpg
4253,fe5d925b-be25-4889-b372-d58f7d652f8e,22,The stain is hardly visible.,/Volumes/Disc 2/2Pictures/Flashcard/stain.jpg
4200,e0035564-8fd7-4e87-a4b7-c8a405b48abd,22,The boss needs this by tomorrow at the latest.,/Volumes/Disc 2/2Pictures/Flashcard/at the latest.jpg
4220,f8290de8-a4ac-48b9-92e6-744faa0de7b4,22,The cap is made of wool.,/Volumes/Disc 2/2Pictures/Flashcard/wool.jpg
4234,3d796535-af34-4199-9942-1832e1a8b7b5,22,"To talk is silver, to be silent is gold(en).",/Volumes/Disc 2/2Pictures/Flashcard/to be silent.jpg
4283,20950135-7d90-4f6c-b7ed-4e8af7cc0ae6,22,One can blow big bubbles with this chewing gum.,/Volumes/Disc 2/2Pictures/Flashcard/chewing gum.jpg
4304,3dc98a13-f31e-4f7f-998f-7278ca04388e,22,The weekday shouldn't be boring.,/Volumes/Disc 2/2Pictures/Flashcard/weekday.jpg
4321,20e0e75c-6a47-44cc-bd46-e66dc1ceccb7,22,He places the files back in his briefcase.,"/Volumes/Disc 2/2Pictures/Flashcard/briefcase ,satchel.jpg"
4182,6f111087-a2f7-426b-acc4-4662429a36d0,22,The car ended up in a cul-de-sac.,/Volumes/Disc 2/2Pictures/Flashcard/cul-de-sac.jpg
4181,9a507d17-a91b-40ab-9e25-24cf6f460521,22,He sticks the poster to the advertisement pillar.,/Volumes/Disc 2/2Pictures/Flashcard/poster.jpg
4198,55b9a2a4-440d-4a1e-993b-1b8b6a04836a,22,She did make an effort before the exam after all.,"/Volumes/Disc 2/2Pictures/Flashcard/finally ,after all.jpg"
4216,522848b3-1134-4321-8ff9-eec14da0e333,22,The blouse is made of genuine silk.,/Volumes/Disc 2/2Pictures/Flashcard/silk.jpg
4227,f072be27-9ce7-4adc-80d0-e7902de5d0a3,22,It is difficult to decide.,/Volumes/Disc 2/2Pictures/Flashcard/to decide.jpg
4229,1d21e9c7-e87d-4ab7-b128-50d4a3833674,22,I will ask his permission.,/Volumes/Disc 2/2Pictures/Flashcard/to ask.jpg
4195,2d06925a-e940-4140-b1e1-86db6a0f3f04,22,Have you been waiting for a long time? (inf.pl),/Volumes/Disc 2/2Pictures/Flashcard/for a long time.jpg
4202,cb3a9903-d853-4063-87fb-1bd582a85315,22,How long will you fly (for)? (inf.pl),/Volumes/Disc 2/2Pictures/Flashcard/how longQ.jpg
4203,92eb12a3-e731-4786-8c80-c8aa1c3cc09f,22,I am glad that this procedure is at an end.,/Volumes/Disc 2/2Pictures/Flashcard/at an end.jpg
4211,5d6dcf16-e827-4545-bb33-736ec08f1371,22,They used to heat with coal.,/Volumes/Disc 2/2Pictures/Flashcard/coal.jpg
4222,013e0a69-6561-419c-bf5f-7939fb670f65,22,I will answer (I am answering) your letter later. (inf.sing),/Volumes/Disc 2/2Pictures/Flashcard/to answer.jpg
4224,32add55e-7ec1-4e3f-8c32-48393bcfb2fa,22,Can you stay a bit longer? (inf.sing),/Volumes/Disc 2/2Pictures/Flashcard/to stay (remain).jpg
4235,2db1ed9c-d8d6-4804-aa6c-e6b3d78a3740,22,We will comply with their request.,/Volumes/Disc 2/2Pictures/Flashcard/request.jpg
4280,edf8deb5-5d97-40f0-82e2-efdb06ca07c7,22,The cream of the milk becomes butter.,/Volumes/Disc 2/2Pictures/Flashcard/cream.jpg
4215,d7f3c94b-39f9-40c3-9cbe-21ea36721464,22,The small child has a plastic spoon.,/Volumes/Disc 2/2Pictures/Flashcard/plastic.jpg
4221,5eb98b96-4444-4d0e-978f-3df3255faa2a,22,What is this stuff?,/Volumes/Disc 2/2Pictures/Flashcard/stuff.jpg
4317,b6a305ae-e0b3-4d4a-8ba0-79ce17b5114a,22,I have hometime at seven p.m. (19.00h),"/Volumes/Disc 2/2Pictures/Flashcard/end of work ,-home time-.jpg"
4247,92002185-631f-4c4d-b766-7081c92d483d,22,We welcome you to our town (inf.pl),/Volumes/Disc 2/2Pictures/Flashcard/to welcome.jpg
4252,d9a9cb65-f861-4f58-8d17-7b19ec1e5286,22,She sews with a pink thread.,/Volumes/Disc 2/2Pictures/Flashcard/thread.jpg
4261,9359c3fa-ec3a-4e69-9f89-2d408a99b985,22,The dust tickles my nose.,/Volumes/Disc 2/2Pictures/Flashcard/dust.jpg
4271,409a3c85-a229-4622-b3f0-2f22498879c1,22,A checkered shirt and striped cravat look funny together.,/Volumes/Disc 2/2Pictures/Flashcard/checked-checkered.jpg
4274,ee0ce1f3-82e0-47e5-b5f2-af729f97174d,22,Melbourne is a fashionable city.,/Volumes/Disc 2/2Pictures/Flashcard/fashionable.jpg
4300,a73cdecd-b374-4545-9ff9-8334fa93dfd1,22,There are puddles everywhere after the rain.,/Volumes/Disc 2/2Pictures/Flashcard/puddle.jpg
4329,4445e524-06c5-4515-bdef-3a8008a502e3,22,She chose to stay single.,/Volumes/Disc 2/2Pictures/Flashcard/single (unmarried).jpg
4439,5ea7a816-d0db-43b7-b219-52ccacfc3651,22,The politicians talk too much.,/Volumes/Disc 2/2Pictures/Flashcard/to talk.jpg
4373,cc1d4784-6936-458d-9c22-0d8c923be954,22,She combs her doll's hair.,"/Volumes/Disc 2/2Pictures/Flashcard/doll ,puppet.jpg"
4408,2712b955-2e20-4e97-a445-ea1220b20cac,22,This cocktail has more than 12 percent alcohol.,/Volumes/Disc 2/2Pictures/Flashcard/percent.jpg
4425,2d8abed4-3491-49ef-aa6b-9680c5996e73,22,I'll solve crossword puzzles during the wait.,"/Volumes/Disc 2/2Pictures/Flashcard/during ,while.jpg"
4352,e422cf23-9fb6-4bc7-878e-5108e5e0e693,22,This thumbtack (drawing pin) is the cause of your flat tyre. (inf.sing),/Volumes/Disc 2/2Pictures/Flashcard/cause.jpg
4391,e9a30ee8-20da-40e8-8c30-279b1875e001,22,I have a stomach ache.,/Volumes/Disc 2/2Pictures/Flashcard/stomach ache.jpg
4397,f9716609-bfad-453b-adb8-511c588e4163,22,The infection could spread.,/Volumes/Disc 2/2Pictures/Flashcard/infection.jpg
4392,dc4ae589-a3ae-446b-9ea9-29c34bcc3a82,22,This medicine helps in case of diarrhoea.,/Volumes/Disc 2/2Pictures/Flashcard/diarrhoea.jpg
4270,b217c752-a5d2-491a-8ab9-707f3039b888,22,"Put on your gloves, it's cold. (inf.sing)",/Volumes/Disc 2/2Pictures/Flashcard/glove.jpg
4277,22bd8dce-b6eb-4811-8aa4-6d9151c55732,22,He wears a tie (S...) for formal occasions.,/Volumes/Disc 2/1Pictures/Flashcard/tie.jpg
4351,fcf5b129-3686-401b-8f9a-5e05be2f41df,22,That's nonsense!,/Volumes/Disc 2/2Pictures/Flashcard/nonsense.jpg
4353,eb2cbca1-5e2f-4c48-a3d7-9e32ecb06f47,22,This is a change (turn) for the better.,"/Volumes/Disc 2/2Pictures/Flashcard/change ,turn ,re-unification.jpg"
4417,b5c9fdae-882c-4120-b939-946780e79a52,22,Nothing can scare him.,/Volumes/Disc 2/2Pictures/Flashcard/nothing.jpg
4372,e919cf63-a484-444b-b4cd-e534ec560ab2,22,This meeting is for members only.,/Volumes/Disc 2/2Pictures/Flashcard/member.jpg
4454,a69cbfc8-cbe3-4653-84e0-840b4e600664,22,Polish the bicycle with a soft cloth. (L...),"/Volumes/Disc 2/2Pictures/Flashcard/cloth ,rag.jpg"
4461,c87900f9-2ea1-4483-8b3c-2ddb5454664b,22,Every Sunday she sings in the choir.,"/Volumes/Disc 2/2Pictures/Flashcard/choir , chorus.jpg"
4469,256fee28-e9de-4b60-9f98-9e639e01a76f,22,The piano is being tuned tomorrow.,/Volumes/Disc 2/2Pictures/Flashcard/piano.jpg
4240,b4ab315e-3c15-4d6f-9aa2-13701aa0a75d,22,Their hospitality is heart-warming.,/Volumes/Disc 2/2Pictures/Flashcard/hospitality.jpg
4463,5351111c-465e-4b9c-86cb-1a2e7f2ff062,22,My daughter plays the flute.,/Volumes/Disc 2/2Pictures/Flashcard/flute.jpg
4299,5d30d6c7-5a18-4f24-af27-d10c3bfd42e1,22,The caravan is continuing in an easterly direction.,/Volumes/Disc 2/2Pictures/Flashcard/easterly.jpg
4452,02ed2c44-2b08-4c98-a1d8-7a636f1fb2ac,22,This corkscrew makes it easier to pull the cork.,/Volumes/Disc 2/2Pictures/Flashcard/corkscrew.jpg
4305,c4c26052-9cbe-4b9d-a94f-995e610f5772,22,The shop doesn't belong to me. I'm an employee. (An...),/Volumes/Disc 2/2Pictures/Flashcard/employee (An).jpg
4346,8923e669-1b7f-4c6f-b618-c79f434725b7,22,Fortunately,"/Volumes/Disc 2/2Pictures/Flashcard/battle ,fight ,struggle.jpg"
4410,da323a4e-feee-40ad-80d8-9c2a29746118,22,This quarter has many shops and bars.,"/Volumes/Disc 2/2Pictures/Flashcard/quarter ,district.jpg"
4493,497e87e8-a80a-4b54-a1c7-5ffdf4dd506a,22,Today I arrived by car.,/Volumes/Disc 2/2Pictures/Flashcard/to arrive.jpg
4568,757d82ee-a121-4003-8e15-587a6c23261b,22,Windsurfing is a popular sport.,/Volumes/Disc 2/2Pictures/Flashcard/windsurfing.jpg
4471,4ff64053-2487-45a0-aa48-7aaf1b9dd9c8,22,She is humming the melody of a popular song.,/Volumes/Disc 2/2Pictures/Flashcard/song.jpg
4514,bd3e0101-fb2e-4d9e-b3fa-b11dcbef816f,22,Grab this opportunity with both hands! (beim S…) (inf.sing),/Volumes/Disc 2/2Pictures/Flashcard/opportunity.jpg
4332,aec2ae78-d15b-41e9-b2b1-d07184f1a875,22,This is very embarrassing for me.,/Volumes/Disc 2/2Pictures/Flashcard/embarrassing.jpg
4303,53cd2fe2-2036-44bf-adf4-1252904780ac,22,Windy weather makes for good sailing.,/Volumes/Disc 2/2Pictures/Flashcard/windy.jpg
4308,6444efb6-90a3-41d2-850d-da78617f767e,22,I would like to work (a…) in construction.,/Volumes/Disc 2/2Pictures/Flashcard/to work.jpg
4336,4c1d00f8-ecb6-4d84-9f78-b070a1b21bd3,22,What was it that scared you so much? (inf.sing),"/Volumes/Disc 2/2Pictures/Flashcard/frightened ,scared.jpg"
4348,8debf6ea-de7f-4ad1-899a-a7edf35a9d32,22,They have already solved the problem.,/Volumes/Disc 2/2Pictures/Flashcard/problem.jpg
4357,1a974ec8-bb32-4d3a-b0d7-1a51eb2c3df8,22,The documentary programme about life in the desert was interesting.,/Volumes/Disc 2/2Pictures/Flashcard/documentary programme.jpg
4360,19ee09a9-57ed-4da3-9dfb-9354ec59c44e,22,Are you playing rugby today? I will be watching the match on TV (set). (inf.sing),/Volumes/Disc 2/2Pictures/Flashcard/TV set.jpg
4418,94e5ced1-67b0-4276-ad82-e9081dd10d45,22,Fortunately,"/Volumes/Disc 2/2Pictures/Flashcard/nobody ,no-one.jpg"
4379,90569fca-d71d-4124-b66c-4cf826ac462b,22,She smokes at least 20 cigarettes every day.,/Volumes/Disc 2/2Pictures/Flashcard/cigarette.jpg
4420,a05d2e39-54ee-43ef-8ce8-458812a759dc,22,I have been here since the first of January.,"/Volumes/Disc 2/2Pictures/Flashcard/since ,for.jpg"
4445,50941e0d-6820-42b4-b640-8282009a3558,22,This dog is so spoilt!,/Volumes/Disc 2/2Pictures/Flashcard/spoilt.jpg
4324,8d5fdfb8-9002-45ad-8eb5-51f43eefe4ec,22,How can one be so stupid!,/Volumes/Disc 2/2Pictures/Flashcard/stupid.jpg
4367,a8857276-b9ba-4d30-b94d-dd784e5035b2,22,They put on a new show.,"/Volumes/Disc 2/2Pictures/Flashcard/to stage ,to put on.jpg"
4337,fae56f7a-77dc-43b5-ae82-40d0b6241cb1,22,A plump lady entered the room.,/Volumes/Disc 2/2Pictures/Flashcard/plump.jpg
4464,a3ea62af-618c-4af9-98ac-4c82093ae8a3,22,The singer accompanies herself on the guitar.,/Volumes/Disc 2/2Pictures/Flashcard/guitar.jpg
4347,27fe4dc2-f1c7-48b3-85ee-8595207bdcfd,22,They should play chess rather than make war.,/Volumes/Disc 2/2Pictures/Flashcard/war.jpg
4349,cc4af8b4-b987-41b0-bc53-3bbd780301c7,22,The state is celebrating its 500th anniversary.,/Volumes/Disc 2/2Pictures/Flashcard/state.jpg
4356,5ffbc2cb-7c40-48f8-aec8-0dff270c7553,22,He is a popular announcer.,/Volumes/Disc 2/2Pictures/Flashcard/announcer.jpg
4395,733b865c-fa1f-4472-b13c-7ef9efb67de9,22,These lozenges will help a sore throat.,/Volumes/Disc 2/2Pictures/Flashcard/sore throat.jpg
4436,ee1955c5-21fc-49f3-81cf-3f060fa442c1,22,Many people think angler fish are ugly.,/Volumes/Disc 2/2Pictures/Flashcard/ugly.jpg
4501,fc421f3a-af37-4a71-8c44-97adc86fb45e,22,N is north on the compass.,/Volumes/Disc 2/2Pictures/Flashcard/compass.jpg
4503,3d085ebf-8d8d-4b9a-93a9-6288aa8ea0e9,22,"Hello steward, can I please have a blanket?",/Volumes/Disc 2/2Pictures/Flashcard/steward.jpg
4338,3a3a55cf-5e1d-4020-8fc6-9908c4027536,22,It's true,/Volumes/Disc 2/2Pictures/Flashcard/true.jpg
4374,ab98b212-f84d-49ce-a029-4f2c73488209,22,She likes playing chess in her leisure time.,/Volumes/Disc 2/2Pictures/Flashcard/chess.jpg
4383,3617871f-42c4-471d-8e2d-23d3907c9a12,22,We live in a bungalow.,/Volumes/Disc 2/2Pictures/Flashcard/bungalow.jpg
4434,59fc3eef-33df-4373-ba15-fc7d780c9ea9,22,This lace is very fine.,/Volumes/Disc 2/2Pictures/Flashcard/fine.jpg
4403,3ca3ff9d-069d-404b-a0dd-2e86b2a3f7c2,22,The dog has eaten half the steak!,/Volumes/Disc 2/1Pictures/Flashcard/half.jpg
4407,8d647cb0-6d1f-40f0-ae51-2908d4061915,22,Can you wait a few minutes? (inf.pl),"/Volumes/Disc 2/2Pictures/Flashcard/a couple, a few.jpg"
4480,f3ff2160-5b34-48b5-a969-6d7ce0d2190e,22,The corn is ripe and juicy.,/Volumes/Disc 2/2Pictures/Flashcard/corn.jpg
4512,0a1b59d2-3b23-4884-a4fe-536cdd581a50,22,The company is introducing new rules.,"/Volumes/Disc 2/2Pictures/Flashcard/to introduce (fashion, method, technology).jpg"
4460,1b8d8aa7-c0d5-4aad-b933-6e70ac1c6d10,22,The band (B...) plays blues music.,/Volumes/Disc 2/2Pictures/Flashcard/band.jpg
4509,155d2202-c6bd-4c91-aa70-a9321730ca95,22,He is mailing a job application.,/Volumes/Disc 2/2Pictures/Flashcard/job application.jpg
4485,0490f8ad-2cb9-435a-8107-b8f0dfc9394f,22,According to the recipe we need a turnip for the stew.,"/Volumes/Disc 2/2Pictures/Flashcard/turnip ,beet.jpg"
4382,05b58d67-b3a7-442d-9560-aac22820cafe,22,A new block of flats will be built here.,/Volumes/Disc 2/2Pictures/Flashcard/block of flats.jpg
4489,9e9de278-fbad-4592-b053-da0637cd5aee,22,Spinach with cream really doesn't taste so bad.,/Volumes/Disc 2/2Pictures/Flashcard/spinach.jpg
4398,975852ed-70b2-445e-9358-f6bddb9bc1b1,22,Do you have a tablet for headaches? (inf.sing),/Volumes/Disc 2/2Pictures/Flashcard/headache.jpg
4400,73f8f309-7807-4913-aca0-3404d4b4401d,22,Can I have one and a half kilos of flour?,/Volumes/Disc 2/2Pictures/Flashcard/one and a half.jpg
4455,78b98413-001c-4777-bf93-3978c47a6f10,22,Why do I always have to peel the potatoes?,/Volumes/Disc 2/2Pictures/Flashcard/to peel.jpg
4472,27b456eb-f28b-4905-ad73-45e1092c7250,22,Music can have a calming influence.,/Volumes/Disc 2/2Pictures/Flashcard/music.jpg
4520,713504ae-5b60-44c6-bee1-3580430782ea,22,I (have) frightened myself terribly!,/Volumes/Disc 2/2Pictures/Flashcard/to frighten.jpg
4535,ee5a2cff-9199-40b4-9687-daf845a3544f,22,Is this mattress firm enough?,"/Volumes/Disc 2/2Pictures/Flashcard/solid ,firm ,permament.jpg"
4413,10a2dd6f-d736-4592-92bb-cc1d9c727b6f,22,The milk is good until July 8.,"/Volumes/Disc 2/2Pictures/Flashcard/until ,till.jpg"
4424,e9f68d01-d5e1-4a4a-8e25-8ff4e4df76fd,22,He took a magnifying glass in order to view the beetle more closely.,/Volumes/Disc 2/2Pictures/Flashcard/in order to.jpg
4427,1610f6f2-ad35-49a5-97b6-3124decc3734,22,Your behaviour is disgusting. (inf.sing),"/Volumes/Disc 2/2Pictures/Flashcard/hateful ,disgusting.jpg"
4456,23f443b7-41c3-443c-bb50-b19f8a587173,22,Scissors and knives are not permitted in hand luggage.,/Volumes/Disc 2/2Pictures/Flashcard/scissors.jpg
4574,6c0af64b-39db-42b2-8373-e54507e4959a,22,This canal brings water to the city.,/Volumes/Disc 2/2Pictures/Flashcard/canal.jpg
4484,93ba096b-cae2-46cf-9ab4-d62e3926cb23,22,One can eat beetroot warm,/Volumes/Disc 2/2Pictures/Flashcard/beetroot.jpg
4515,42a7f88c-dd4c-4134-b332-460c5f2c2a01,22,His curriculum vitae is very impressive.,/Volumes/Disc 2/2Pictures/Flashcard/curriculum vitae.jpg
4536,08c8a970-022c-45ce-a70b-244f7d5150ef,22,I would like to give you my warm-hearted (heartfelt) thanks. (formal),"/Volumes/Disc 2/2Pictures/Flashcard/warm ,warm-hearted ,cordial.jpg"
4538,b7d85f91-dccb-4c5c-8afe-402e60b80e78,22,That's life!,/Volumes/Disc 2/2Pictures/Flashcard/life.jpg
4508,be820dc6-a66c-44ee-9f0f-ea44551e2c92,22,Is he professionally qualified?,/Volumes/Disc 2/2Pictures/Flashcard/professional.jpg
4506,ab3e6e39-097f-4a27-bf28-a4318dd4aa54,22,The advertisement for the concert is in the paper today.,/Volumes/Disc 2/2Pictures/Flashcard/advertisement (in paper).jpg
4444,2c0be0b6-4ebd-492b-a2a6-26cfdaa9a19d,22,We narrowly avoided (v...) an accident.,/Volumes/Disc 2/2Pictures/Flashcard/to avoid (v).jpg
4443,2dea6b05-fdbc-48d2-9e13-fc81480e1af8,22,We are pleased about your offer. (inf.pl),/Volumes/Disc 2/2Pictures/Flashcard/to be pleased.jpg
4457,229b21c5-c542-43b6-a3cf-2f14011dd674,22,You can rinse the glasses. (inf.pl),/Volumes/Disc 2/2Pictures/Flashcard/to rinse.jpg
4483,a4f697c5-cd85-491d-b624-eae2b43d0ea8,22,We often eat Brussel sprouts in the Winter.,/Volumes/Disc 2/2Pictures/Flashcard/Brussel sprout.jpg
4522,e6822b84-6ee4-4df3-831b-7873435092a9,22,The rider leads the horse to the stable.,/Volumes/Disc 2/2Pictures/Flashcard/to lead.jpg
4518,260d48c3-c2f7-44d0-b9d9-afbab03d6f04,22,He is applying for the job.,/Volumes/Disc 2/2Pictures/Flashcard/to apply (for a job).jpg
4550,d6475e87-3319-44ba-b9ff-3b08d4321dbf,22,I am lighting the candle.,/Volumes/Disc 2/2Pictures/Flashcard/candle.jpg
4549,b6b28b6e-04ad-417d-a3a3-2454fb9092f1,22,A blue flame is very hot.,/Volumes/Disc 2/2Pictures/Flashcard/flame.jpg
4585,3d90571a-cb1f-4929-ac3c-e079b417696e,22,We're off now!,/Volumes/Disc 2/2Pictures/Flashcard/off.jpg
4592,a7338810-abe0-4466-bca3-8fab0a19167e,22,I can't stand this frustration any longer.,/Volumes/Disc 2/2Pictures/Flashcard/frustration.jpg
4494,e827fe14-4de1-4c75-bf2d-aa153ac098d7,22,The hotel looks inviting in the brochure.,/Volumes/Disc 2/2Pictures/Flashcard/brochure.jpg
4442,26b5eaa0-fe60-47f4-bc4c-03c5d8085836,22,If someone is in love,"/Volumes/Disc 2/2Pictures/Flashcard/beautiful ,handsome.jpg"
4490,326f2a87-51db-4aff-98ec-0ee5205a9147,22,Sweet potatoes are also eaten for the American Thanksgiving celebration.,/Volumes/Disc 2/2Pictures/Flashcard/potato - sweet.jpg
4465,27244820-7556-4bd5-86a7-b367e78ec3ed,22,Every craftsman needs special instruments.,/Volumes/Disc 2/2Pictures/Flashcard/instrument.jpg
4475,e7146f64-477e-466f-946a-7f71abc86338,22,He practises in the garage with his drums.,"/Volumes/Disc 2/2Pictures/Flashcard/drums ,drumset.jpg"
4477,4ce29f79-dcdb-4566-b638-30b962e73dfb,22,Guacamole consists of avocados.,/Volumes/Disc 2/2Pictures/Flashcard/avocado.jpg
4539,f2b32876-baa7-4bb1-b4fc-6c265b91a6b8,22,She was a former (old) love of mine.,/Volumes/Disc 2/2Pictures/Flashcard/love.jpg
4580,2cbb6469-cb4a-406e-8473-9ae1196d1bbe,22,She touches the soft fur.,"/Volumes/Disc 2/2Pictures/Flashcard/to touch ,turn or stir (v-).jpg"
4502,8a51f530-4169-4933-9eab-834435149932,22,Did you bring home a souvenir from your trip? (inf.pl),/Volumes/Disc 2/2Pictures/Flashcard/souvenir.jpg
4521,990df813-91fe-4500-886b-f124277b957c,22,He's asleep,/Volumes/Disc 2/2Pictures/Flashcard/to whisper.jpg
4543,c813e7e4-144f-4713-b089-d268a3ec6031,22,Bad luck (unlucky) at cards,"/Volumes/Disc 2/2Pictures/Flashcard/bad luck ,misfortune.jpg"
4547,930614c0-e273-40ac-b14a-02e47d047037,22,The ashtray is full.,/Volumes/Disc 2/2Pictures/Flashcard/ashtray.jpg
4558,9349a55b-fa67-4beb-9e1c-7166f4ea8f5d,22,They play badminton every Tuesday. (B...),/Volumes/Disc 2/2Pictures/Flashcard/badminton (1).jpg
4573,1eebf8bf-dc75-4ca0-be09-decbe8b3d176,22,We take the ferry out to the island.,/Volumes/Disc 2/2Pictures/Flashcard/ferry.jpg
4570,32b4933e-ae94-4a32-b9f3-9ec3cd05b49d,22,Which bus company goes to city centre?,/Volumes/Disc 2/2Pictures/Flashcard/bus company.jpg
4590,a6ec2f6a-c384-44ea-b075-e238eb999627,22,The circle is 30 cm in diameter.,/Volumes/Disc 2/2Pictures/Flashcard/diameter.jpg
4544,978d9598-1be8-4a87-8d73-cdf7a81cd757,22,He seems very effeminate to us.,/Volumes/Disc 2/2Pictures/Flashcard/effeminate.jpg
4589,3029f850-082d-4b82-a9a1-d37c7bfe4241,22,You must mark with a cross what you do not know. (inf.sing),/Volumes/Disc 2/2Pictures/Flashcard/to mark with a cross.jpg
4599,737d945f-4aa9-4042-87e5-0f5328177547,22,The police have put up a barrier.,"/Volumes/Disc 2/2Pictures/Flashcard/barrier ,obstacle.jpg"
4593,75d4b285-aa42-4068-82bb-5c13fc36ccd5,22,Daddy will make it whole again.,"/Volumes/Disc 2/2Pictures/Flashcard/quite ,very ,whole.jpg"
1389,5aa4035f-23b4-4d95-9259-a4e752689386,2,sandal,/Volumes/Disc 2/2Pictures/Flashcard/sandal.jpg
1416,6a11e98c-4e6c-4497-8abf-ead865a1ed20,2,Great Britain,/Volumes/Disc 2/2Pictures/Flashcard/Great Britain.jpg
1526,6da6552a-6d68-4671-8f61-3f8e5b1ec013,2,pepper (pepperoni),/Volumes/Disc 2/2Pictures/Flashcard/pepper (peperoni).jpg
2018,c44e14ba-55ca-47f1-b9e6-af61931e0a6a,2,"ball, dance","/Volumes/Disc 2/1Pictures/Flashcard/ball, dance.jpg"
2116,72413e5b-7d30-4d2e-bfd8-88e0878b623d,2,canal,/Volumes/Disc 2/2Pictures/Flashcard/canal.jpg
2184,3fb96c3f-ce59-400c-9333-a5f7031c8b84,2,to try out,/Volumes/Disc 2/2Pictures/Flashcard/to try out.jpg
4287,00058de1-fa12-4140-a39b-b9fe1401ec82,22,He presents her with chocolates (P...) and roses.,/Volumes/Disc 2/1Pictures/Flashcard/chocolate.jpg
4,34b79717-534a-486f-b9b5-65134e8feea4,1,"on ,at ,to ,by","/Volumes/Disc 2/1Pictures/Flashcard/on ,at ,to ,by.jpg"
64,4aec3dff-8ce2-4ac0-8f9d-c1b890919e13,1,heating,/Volumes/Disc 2/1Pictures/Flashcard/heating.jpg
95,92f5a37c-3f06-4cc8-ad19-86da1b218760,1,empty,/Volumes/Disc 2/1Pictures/Flashcard/empty.jpg
105,c7c058b3-d30b-4f40-a920-b1202a26180c,1,evening meal,/Volumes/Disc 2/1Pictures/Flashcard/evening meal-nt.jpg
998,b9c92d32-8b45-40f1-a6e5-22a67685b802,1,shape,/Volumes/Disc 2/1Pictures/Flashcard/shape.jpg
208,c6e6526f-f00c-410e-a5d4-9c877dddeadd,1,to snow,"/Volumes/Disc 2/1Pictures/Flashcard/snow ,v.jpg"
238,d4c1a148-dca9-44b7-9f6f-1c37cbe7674e,1,"pain ,hurt ,grief","/Volumes/Disc 2/1Pictures/Flashcard/pain ,hurt ,grief.jpg"
72,68e5d7d6-2ecb-4a51-9955-adeefc072c1f,1,cupboard,/Volumes/Disc 2/1Pictures/Flashcard/cupboard.jpg
93,2e103e7b-319e-478a-8ad1-b336fcdd392a,1,complicated,/Volumes/Disc 2/1Pictures/Flashcard/complicated.jpg
113,7a34a098-78bb-4913-add8-52065ae29997,1,breakfast,/Volumes/Disc 2/1Pictures/Flashcard/breakfast-nt.jpg
29,c07f1563-0eae-4ee0-ad6d-eef31a52e267,1,foreigner,/Volumes/Disc 2/1Pictures/Flashcard/foreigner.jpg
59,5fa602fc-6cf2-4957-9714-88fdbf55bff3,1,electricity (E…),/Volumes/Disc 2/1Pictures/Flashcard/electricity.jpg
210,08dbc9e0-f008-4070-ba1d-34368ff23f1c,1,storm,/Volumes/Disc 2/1Pictures/Flashcard/storm.jpg
240,cfeb6864-cced-4a46-aff3-e2780a0a2c6d,1,"to recover ,to get better","/Volumes/Disc 2/1Pictures/Flashcard/recover ,to get better.jpg"
250,5cad56ca-3808-4981-8e3c-27aaae459d1e,1,to order,/Volumes/Disc 2/1Pictures/Flashcard/order.jpg
261,bb5395ac-df4e-4da5-b7c9-d29b01cfc707,1,"jug ,pitcher","/Volumes/Disc 2/1Pictures/Flashcard/jug ,pitcher.jpg"
323,c27fb8e8-3b97-40de-9dc1-c5e3bc90956f,1,son,/Volumes/Disc 2/1Pictures/Flashcard/son.jpg
134,2fdbc961-e7db-4f11-95a2-e7cdc2d8911a,1,number (telephone),/Volumes/Disc 2/1Pictures/Flashcard/number (telephone).jpg
254,c48c0f36-e412-4b17-bffb-765e362204d8,1,dish (of a meal),/Volumes/Disc 2/1Pictures/Flashcard/dish (of a meal)-nt.jpg
391,53d80948-9c6d-4270-89e3-ea560235bac0,1,art,/Volumes/Disc 2/1Pictures/Flashcard/art.jpg
411,07406a95-53b5-425d-bc0e-8ba1fcfa02da,1,apple,/Volumes/Disc 2/1Pictures/Flashcard/apple.jpg
605,d6bbc6ef-506c-4b0a-b411-2ee02a94156f,1,collection of mail,/Volumes/Disc 2/1Pictures/Flashcard/collection of mail.jpg
615,cb0d08a1-726d-4a63-9199-64e9961e7f71,1,bath,/Volumes/Disc 2/1Pictures/Flashcard/bath-nt.jpg
36,556f73f7-12dd-407c-aa42-5dad46fe67ed,1,woman,/Volumes/Disc 2/1Pictures/Flashcard/woman.jpg
66,fb8081bc-abdf-4436-b94b-cb865f8cc436,1,light,/Volumes/Disc 2/1Pictures/Flashcard/light-nt.jpg
97,681f8f5f-509a-4493-b69f-538ffe901b30,1,fantastic,/Volumes/Disc 2/1Pictures/Flashcard/fantastic.jpg
217,339f0408-c252-437f-920f-34685f324bf4,1,cloud,/Volumes/Disc 2/1Pictures/Flashcard/cloud.jpg
247,7a280bae-7bb6-4751-a79a-fec2ad3e4d39,1,bar,/Volumes/Disc 2/1Pictures/Flashcard/bar.jpg
320,0a5b9363-36cf-43ed-8d4f-e035708d07dc,1,uncle,/Volumes/Disc 2/1Pictures/Flashcard/uncle.jpg
18,eb93065f-1098-4ce7-8b47-74cd08240cf6,1,"every ,all ,each","/Volumes/Disc 2/1Pictures/Flashcard/every ,all ,each.jpg"
28,c033f36b-3bc3-4a31-826d-ec8942b7bcf1,1,age,/Volumes/Disc 2/1Pictures/Flashcard/age-nt.jpg
65,665d2227-a373-4cdc-8737-20e997494a98,1,"hut ,shed","/Volumes/Disc 2/1Pictures/Flashcard/hut ,shed.jpg"
79,4b450849-e156-4d9e-acee-272c55a7d2db,1,room,/Volumes/Disc 2/1Pictures/Flashcard/room-nt.jpg
322,000e3c54-9005-4a13-97c0-cc5494cdbe0e,1,in law,/Volumes/Disc 2/1Pictures/Flashcard/in law.jpg
436,77a86401-85a0-4e0c-a076-1daf8a123ae1,1,grapes (a bunch of),/Volumes/Disc 2/1Pictures/Flashcard/grapes (a bunch of).jpg
996,0ede82e2-9142-465c-a17d-3263cc2c319b,1,enormous,/Volumes/Disc 2/1Pictures/Flashcard/enormous.jpg
30,38fb75cc-1145-41f1-ae40-fcf489826c90,1,"to look ,to appear","/Volumes/Disc 2/1Pictures/Flashcard/look ,to appear.jpg"
211,78da6740-d237-4d9b-8976-08ccf3c3082b,1,temperature,/Volumes/Disc 2/1Pictures/Flashcard/temperature.jpg
272,4bf51885-3e54-4570-a431-012daf4ed815,1,plate,/Volumes/Disc 2/1Pictures/Flashcard/plate.jpg
378,7fd4d524-2c0f-49f5-b362-1f68638f5bcf,1,"deep-freeze ,freezer",/Volumes/Disc 2/1Pictures/Flashcard/deep-freeze.jpg
552,d39e29ae-a40d-4a24-aaa5-a6185573348c,1,to remember,/Volumes/Disc 2/1Pictures/Flashcard/remember.jpg
860,1b8051f3-2181-4cf1-88a2-bc118c83f822,1,forest,/Volumes/Disc 2/1Pictures/Flashcard/forest.jpg
35,f3c0bd7e-d75d-45ff-b4e7-d40c4deb826b,1,adult,/Volumes/Disc 2/1Pictures/Flashcard/adult.jpg
96,f7b8b3b1-5339-4936-9612-2b3bc081b31c,1,"light ,easy","/Volumes/Disc 2/1Pictures/Flashcard/light ,easy.jpg"
116,27f35bb6-3b9f-46b1-9ef2-b901c271a118,1,cheese,/Volumes/Disc 2/1Pictures/Flashcard/cheese.jpg
257,bc8791dd-749f-4f39-8829-c0a9ea9c79d0,1,glass,/Volumes/Disc 2/1Pictures/Flashcard/glass-nt.jpg
267,c89e8001-30ae-4d5d-9d79-6fc2cfaed761,1,salt,/Volumes/Disc 2/1Pictures/Flashcard/salt-nt.jpg
403,3ef3de81-4295-4c88-a341-5b2752c2ed2a,1,student,/Volumes/Disc 2/1Pictures/Flashcard/student.jpg
3281,6bae70e0-9b02-4b3d-ba19-fd1f5c807ccc,2,"to change, exchange","/Volumes/Disc 2/2Pictures/Flashcard/to change, exchange.jpg"
225,2fdf6439-e002-49f2-8b81-80d8c668b899,1,health,/Volumes/Disc 2/1Pictures/Flashcard/health.jpg
256,0f90233e-42ca-47fe-a9e9-664936c70cfa,1,spice,/Volumes/Disc 2/1Pictures/Flashcard/spice-nt.jpg
266,8b7cf8e3-40db-443f-9091-d3badb456774,1,restaurant,/Volumes/Disc 2/1Pictures/Flashcard/restaurant-nt.jpg
276,eb92dd83-522b-4896-a5b9-908c87e0afd6,1,"from ,out ,out of","/Volumes/Disc 2/1Pictures/Flashcard/from ,out ,out of.jpg"
402,3c65d20e-d843-4c4c-8f0d-a316462a59bc,1,to be correct,/Volumes/Disc 2/1Pictures/Flashcard/be correct.jpg
422,c88ed163-a75d-448a-be7f-9d1c7df4b0f2,1,cucumber,/Volumes/Disc 2/1Pictures/Flashcard/cucumber.jpg
182,366f343b-74e7-4f4d-ae92-2efd85ba7421,1,second (time),/Volumes/Disc 2/1Pictures/Flashcard/second (time).jpg
212,31b022e8-6a59-41b2-89ec-1e511e108226,1,"depression ,low (weather)","/Volumes/Disc 2/1Pictures/Flashcard/depression ,Low (weather)-nt.jpg"
263,439f936c-3009-4e8f-b50d-056c5262a646,1,knife,/Volumes/Disc 2/1Pictures/Flashcard/knife-nt.jpg
283,a90c0bbe-f204-4704-ab71-05512363009b,1,here,/Volumes/Disc 2/1Pictures/Flashcard/here.jpg
293,a92a4649-2626-4f1a-9d5b-f9eef9e0a848,1,not,/Volumes/Disc 2/1Pictures/Flashcard/not.jpg
325,7b1a9605-21c4-46b7-9bc8-d64d61046054,1,daughter,/Volumes/Disc 2/1Pictures/Flashcard/daughter.jpg
358,d0c24c24-c8de-4ab7-aa2b-c993c562845c,1,winter,/Volumes/Disc 2/1Pictures/Flashcard/winter.jpg
389,7c9eac67-1a5e-409d-be5d-d6d1c8676cf2,1,class,/Volumes/Disc 2/1Pictures/Flashcard/class.jpg
183,04c09964-1388-4f61-b024-783a354caa6f,1,late,/Volumes/Disc 2/1Pictures/Flashcard/late.jpg
203,927d3200-d63b-4570-a62b-497724a471c1,1,wet,/Volumes/Disc 2/1Pictures/Flashcard/wet.jpg
213,20e788ca-caa3-4e51-89c6-b5bdb49840f7,1,dry,/Volumes/Disc 2/1Pictures/Flashcard/dry.jpg
243,35df7e7a-4eed-41ff-aa4d-d385c73ef1f4,1,accident,/Volumes/Disc 2/1Pictures/Flashcard/accident.jpg
370,2c6a57b7-0e76-4b7a-9af2-0be323d9df9d,1,"can ,pot","/Volumes/Disc 2/1Pictures/Flashcard/can ,pot.jpg"
390,b97fb58b-ab01-4342-92d7-b5e2341a82cc,1,ball-point pen,/Volumes/Disc 2/1Pictures/Flashcard/ball-point pen.jpg
400,1832766e-1d99-4e54-846f-5538b52cba6d,1,school,/Volumes/Disc 2/1Pictures/Flashcard/school.jpg
410,d59eeec7-4f01-4328-9691-694ed8251898,1,pineapple,/Volumes/Disc 2/1Pictures/Flashcard/pineapple.jpg
970,dab39707-9fea-498a-a2fa-7a98253dc60b,1,either … or,/Volumes/Disc 2/1Pictures/Flashcard/eitheror.jpg
321,e98a4c0a-e33a-44e3-9854-3f6131a13e8a,1,sister,/Volumes/Disc 2/1Pictures/Flashcard/sister.jpg
332,8ad24345-5443-4a14-98ae-ecbf17639156,1,year,/Volumes/Disc 2/1Pictures/Flashcard/year-nt.jpg
365,3ceaae9f-65bb-4396-b0fd-7de4b1e53906,1,gas,/Volumes/Disc 2/1Pictures/Flashcard/gas-nt.jpg
375,350facd8-9dcb-4df2-8a9a-59e8eaba01c1,1,oven,/Volumes/Disc 2/1Pictures/Flashcard/oven.jpg
385,fca02e53-5da3-45fb-a67e-3a54efb51d5a,1,education,/Volumes/Disc 2/1Pictures/Flashcard/education.jpg
522,9bea8a5b-b1aa-4053-b068-5366c9e23224,1,to be able to,/Volumes/Disc 2/1Pictures/Flashcard/be able to.jpg
599,815d5968-1bce-40aa-b0e0-bdbc651e9ce8,1,to cash,/Volumes/Disc 2/1Pictures/Flashcard/cash.jpg
1255,df0a1898-1ac3-4ec0-a884-d5304c128d44,2,"simple ,easy","/Volumes/Disc 2/2Pictures/Flashcard/simple ,easy.jpg"
356,f822bfe7-7fde-45bb-b062-b1280b03899e,1,summer,/Volumes/Disc 2/1Pictures/Flashcard/summer.jpg
387,7162f140-78e1-403b-8b59-ba7aaac6b3be,1,subject,/Volumes/Disc 2/1Pictures/Flashcard/subject-nt.jpg
407,b2a89c99-842a-414d-b9fa-8c793d6e9111,1,exercise,/Volumes/Disc 2/1Pictures/Flashcard/exercise.jpg
922,79a4ec65-c7a6-4c60-b8c0-b96ea15824c4,1,to eat (of animals),/Volumes/Disc 2/1Pictures/Flashcard/eat (of animals).jpg
581,911a3fd4-e5e8-4597-80af-b33b2fda6c80,1,soft drink,/Volumes/Disc 2/1Pictures/Flashcard/soft drink.jpg
611,bba22e0e-b348-42dd-a6c2-b723dcca6a55,1,counter (also box office),/Volumes/Disc 2/1Pictures/Flashcard/counter (also box office).jpg
639,525e96ea-43c3-4809-b36a-11b1f6143d2f,1,toilet,/Volumes/Disc 2/1Pictures/Flashcard/toilet.jpg
859,6645d980-211d-4463-a732-6cb1e6af4016,1,pollution,/Volumes/Disc 2/1Pictures/Flashcard/pollution.jpg
1315,1ff71872-a57b-4418-9c1e-134df58fd415,2,"approval ,permit","/Volumes/Disc 2/2Pictures/Flashcard/approval ,permit.jpg"
409,07417eac-1dcc-496c-9319-95dc21a27e0b,1,to understand,/Volumes/Disc 2/1Pictures/Flashcard/understand.jpg
934,d3d9b179-7b76-4305-a3ef-b32a27c48b99,1,sheep,/Volumes/Disc 2/1Pictures/Flashcard/sheep-nt.jpg
613,6c4ada17-0084-4f67-9caa-ee8789c3ef62,1,to send,/Volumes/Disc 2/1Pictures/Flashcard/send.jpg
691,c754a747-db6f-43e4-921a-a86dbf03ff68,1,hotel (G……f),/Volumes/Disc 2/1Pictures/Flashcard/hotel.jpg
781,3bcdc9d4-75e2-4e70-a6e9-6e79b4a13bb9,1,"pocket ,bag","/Volumes/Disc 2/1Pictures/Flashcard/pocket ,bag.jpg"
1269,53197081-a41d-469a-9e74-d3a31df5531c,2,"confused ,bewildered","/Volumes/Disc 2/2Pictures/Flashcard/confused ,bewildered.jpg"
1350,de700a81-447f-4e06-a17b-ddff03b9145e,2,petrol (gasoline),/Volumes/Disc 2/2Pictures/Flashcard/petrol.jpg
1690,3afbbd59-2836-4260-a0f6-7155746b4d3d,2,"guest house ,board ,retirement","/Volumes/Disc 2/2Pictures/Flashcard/guest house ,board ,retirement.jpg"
1022,796c52fa-783b-46c7-82aa-69b7c2d48629,1,busy,/Volumes/Disc 2/1Pictures/Flashcard/busy.jpg
1554,a0f8812a-0385-4201-9ebd-47ea5913f3ce,2,doctor's practice,/Volumes/Disc 2/2Pictures/Flashcard/doctor-s practice.jpg
2064,f0cf0ea2-ddee-4693-b8f5-0348be077715,2,for a long time,/Volumes/Disc 2/2Pictures/Flashcard/for a long time.jpg
2964,9f404d2d-fad2-4d2e-83f1-ea116deb72f0,2,member,/Volumes/Disc 2/2Pictures/Flashcard/member.jpg
1234,4f846df9-2a53-42fd-bdc7-6cac526ae7cf,2,rich,/Volumes/Disc 2/2Pictures/Flashcard/rich.jpg
1850,8632f913-319c-44e3-ba7d-c31daf14d6fb,2,to welcome,/Volumes/Disc 2/2Pictures/Flashcard/to welcome.jpg
2948,51e0cf24-97ae-4761-9a24-fd17908ad7e6,2,to increase,/Volumes/Disc 2/2Pictures/Flashcard/to increase.jpg
1962,897b29cc-1837-4500-8ef6-4afd3cbae82b,2,"to introduce (fashion, method, technology)","/Volumes/Disc 2/2Pictures/Flashcard/to introduce (fashion, method, technology).jpg"
3395,518b75e9-602d-4456-ae44-cfaa0fd29d53,2,eye-shadow,/Volumes/Disc 2/2Pictures/Flashcard/eye-shadow.jpg
