refn,uuid,course,english,source_path
1635,eafd65b5-abd0-42b1-8d9d-c68fe4c2f5e9,2,lead,/Volumes/Spanish2Bundle/2Pictures/Flashcard/lead.jpg
2094,dc682cf8-a40c-49e9-8ed4-b3ed5626f702,2,"to begin ,to commence","/Volumes/Spanish2Bundle/2Pictures/Flashcard/begin ,commence ,v.jpg"
1636,48bef57b-47dd-4afa-afbc-6670b478ba97,2,leather,/Volumes/Spanish2Bundle/2Pictures/Flashcard/leather.jpg
1307,f0f772ea-ded3-4059-8a11-78ff2292764a,2,engagement,/Volumes/Spanish2Bundle/2Pictures/Flashcard/engagement.jpg
2149,86da7b87-2af9-439e-a6a4-dc57fc6eddc0,2,overcast,/Volumes/Spanish2Bundle/2Pictures/Flashcard/overcast.jpg
1318,68f8c1a7-dd56-4a69-bbb4-15fdd37317a9,2,Happy Saint's Day!,/Volumes/Spanish2Bundle/2Pictures/Flashcard/Happy Saints Day.jpg
1282,819f89a0-78d1-4a8a-8b5f-16ee07e157ab,2,engineer (m),/Volumes/Spanish2Bundle/2Pictures/Flashcard/engineer.jpg
2013,5039bc32-a7f1-4ba2-8fb3-005c22a355f4,2,wing,/Volumes/Spanish2Bundle/2Pictures/Flashcard/wing.jpg
2152,883168cb-5b70-4ae8-a0d9-1a8e5e44e733,2,cloudiness,/Volumes/Spanish2Bundle/2Pictures/Flashcard/cloudiness.jpg
1667,9dffaad5-6054-40eb-b3e9-acf0edfb67a7,2,"Welsh ,Welshman","/Volumes/Spanish2Bundle/2Pictures/Flashcard/Welsh ,Welshman.jpg"
1637,dce633cb-b1c7-489b-a9d8-57ae0de7de72,2,plastic,/Volumes/Spanish2Bundle/2Pictures/Flashcard/plastic.jpg
2017,17374016-c597-4090-96e6-a83ee53fae48,2,landing,/Volumes/Spanish2Bundle/2Pictures/Flashcard/landing.jpg
1662,d266ae56-ab93-4474-89e5-98c778c1bbde,2,Frenchwoman,/Volumes/Spanish2Bundle/2Pictures/Flashcard/Frenchwoman.jpg
1659,58daa356-4565-47f6-8783-abff91f46c1f,2,foreigner,/Volumes/Spanish2Bundle/2Pictures/Flashcard/foreigner.jpg
1679,ab489a47-3d27-4129-9226-e76980232e3d,2,Greece,/Volumes/Spanish2Bundle/2Pictures/Flashcard/Greece.jpg
2157,195bfcb5-cdfd-4118-ad15-c650a49009b8,2,this way,/Volumes/Spanish2Bundle/2Pictures/Flashcard/this way.jpg
1673,7cb7d2eb-3dc0-417b-a0fe-98cd3d2ee4f5,2,Italian (m/f),/Volumes/Spanish2Bundle/2Pictures/Flashcard/Italian.jpg
1807,320ae528-5f52-4c0b-97a8-7ee2b0279956,2,fixed price,/Volumes/Spanish2Bundle/2Pictures/Flashcard/fixed price.jpg
1889,9fcf3483-3ce5-4c62-8d99-fa5f10b58ba5,2,"truth ,true","/Volumes/Spanish2Bundle/2Pictures/Flashcard/truth ,true.jpg"
112,dddfd943-d00d-4b4d-b444-714702a8934b,1,electricity,/Volumes/Spanish1Bundle/1Pictures/Flashcard/electricity.jpg
1870,208f0ed3-aa56-40f8-a318-f36c79b66aee,2,cost,/Volumes/Spanish1Bundle/1Pictures/Flashcard/cost.jpg
1677,84e85bde-83db-4057-92c5-ef8f56e7527f,2,Belgian (man / woman),/Volumes/Spanish2Bundle/2Pictures/Flashcard/Belgian.jpg
1881,0813188e-d274-403f-b07f-31474c1fae3b,2,product,/Volumes/Spanish2Bundle/2Pictures/Flashcard/product.jpg
185,dd12d606-e74b-42f3-95ea-13fc1a989dfc,1,nervous,/Volumes/Spanish1Bundle/1Pictures/Flashcard/nervous.jpg
321,93b1ac21-431d-42ef-a960-3902ac0aa8df,1,soon,/Volumes/Spanish1Bundle/1Pictures/Flashcard/soon.jpg
474,6062dc1b-12d0-46b7-ae04-4206ef7f340b,1,big,/Volumes/Spanish1Bundle/1Pictures/Flashcard/big.jpg
524,2b8184b8-33cf-4c48-8420-e664937f41be,1,disaster,/Volumes/Spanish1Bundle/1Pictures/Flashcard/disaster.jpg
676,5e2edf76-9a39-4872-9fa3-68030deeee37,1,to cost,/Volumes/Spanish1Bundle/1Pictures/Flashcard/cost.jpg
1683,8a542c2f-97ae-4021-b15c-7cbb7ea0085c,2,France,/Volumes/Spanish2Bundle/2Pictures/Flashcard/France.jpg
1911,f8b988b7-cd1b-4433-a97e-78a3d2acb6e8,2,advantage,/Volumes/Spanish2Bundle/2Pictures/Flashcard/advantage.jpg
1680,9440891e-dc7a-48af-95c3-f2a01433d752,2,Poland,/Volumes/Spanish2Bundle/2Pictures/Flashcard/Poland.jpg
404,095cb6fa-0361-4007-8ae6-9277faa1c18c,1,clock,/Volumes/Spanish1Bundle/1Pictures/Flashcard/clock.jpg
596,e828c1ab-4bdc-4d54-997d-25ad1331d4ad,1,both,/Volumes/Spanish1Bundle/1Pictures/Flashcard/both.jpg
1669,6a28c032-464a-4312-870a-b8eb05a56c52,2,native of Castile,/Volumes/Spanish2Bundle/2Pictures/Flashcard/native of Castille.jpg
1671,5347cf7c-4145-4f82-9cb9-219339dc7d1b,2,Asturian (m/f),/Volumes/Spanish2Bundle/2Pictures/Flashcard/Asturian.jpg
1678,92c7fcf9-84ac-45cf-9bf5-30d3ec52de1b,2,Scotsman (m/f),/Volumes/Spanish2Bundle/2Pictures/Flashcard/Scotsman.jpg
12,876f72cf-01d0-41c6-9ed9-6df1d9a26a4b,1,mistake,/Volumes/Spanish1Bundle/1Pictures/Flashcard/mistake.jpg
1685,1d54836d-d822-4005-a6dd-db545af98f04,2,Sweden,/Volumes/Spanish2Bundle/2Pictures/Flashcard/Sweden.jpg
1681,35a9a428-d602-4a65-9c0c-de4f6dcaa595,2,USA,/Volumes/Spanish2Bundle/2Pictures/Flashcard/USA.jpg
156,a37fa05a-d4ff-4fac-b597-fdeb01a183ab,1,to be called,/Volumes/Spanish1Bundle/1Pictures/Flashcard/be called.jpg
1713,39a58e42-4328-4ef6-9424-a56e5367f8ea,2,to exist,"/Volumes/Spanish2Bundle/2Pictures/Flashcard/exist ,v.jpg"
1718,faa8df17-c677-4d9b-a33a-fc6f7dc147e4,2,attitude,/Volumes/Spanish2Bundle/2Pictures/Flashcard/attitude.jpg
1702,d6ada0a1-3e5d-4262-8ad0-bfeb15c98dfe,2,Scotland,/Volumes/Spanish2Bundle/2Pictures/Flashcard/Scotland.jpg
1728,0fbd74be-ffc7-45eb-8b5e-544071f38928,2,thumb,/Volumes/Spanish2Bundle/2Pictures/Flashcard/thumb.jpg
1686,262155aa-7385-4181-a4fa-36bbda23608e,2,Switzerland,/Volumes/Spanish2Bundle/2Pictures/Flashcard/Switzerland.jpg
1710,921dc338-283a-4da7-a530-631d7fbbbc73,2,opinion,/Volumes/Spanish2Bundle/2Pictures/Flashcard/opinion.jpg
1699,a02d791b-95a4-4698-ba13-c7d4fe5ad858,2,Europe,/Volumes/Spanish2Bundle/2Pictures/Flashcard/Europe.jpg
1867,9a4dedd6-3d2c-41e4-84f6-436f5c04ad67,2,half price,/Volumes/Spanish2Bundle/2Pictures/Flashcard/half price.jpg
355,b1c772f3-cc67-4c12-b421-31ea8258f973,1,sheep,/Volumes/Spanish1Bundle/1Pictures/Flashcard/sheep.jpg
489,4722cc41-7ada-449b-8197-3d83e1fa3820,1,and,/Volumes/Spanish1Bundle/1Pictures/Flashcard/and.jpg
707,5358feb2-83c5-489d-9ec1-6e6c68a4ab3d,1,even (in…),"/Volumes/Spanish1Bundle/1Pictures/Flashcard/even, included.jpg"
1897,22517039-f2d9-4bf0-9a6c-7be437894157,2,ethics,/Volumes/Spanish2Bundle/2Pictures/Flashcard/ethics.jpg
1916,3fdad1ab-334a-4961-a647-fbea60b066a0,2,reason,/Volumes/Spanish2Bundle/2Pictures/Flashcard/reason.jpg
428,9956d7b0-8798-4c0a-adb6-dae2a7ecc990,1,clothes,/Volumes/Spanish1Bundle/1Pictures/Flashcard/clothes.jpg
1696,06849f26-0be0-4eac-81c4-42bdbd39e613,2,Italy,/Volumes/Spanish2Bundle/2Pictures/Flashcard/Italy.jpg
1882,80af87ad-ab24-471d-b56c-a34cf8cd20b2,2,justice,/Volumes/Spanish2Bundle/2Pictures/Flashcard/justice.jpg
736,f91837e1-ac33-44a4-9cc6-6b9fe9ad50b9,1,ice cream,/Volumes/Spanish1Bundle/1Pictures/Flashcard/icecream.jpg
1729,010b07e2-13c2-4bd9-9651-170fe411ef22,2,eyebrow,/Volumes/Spanish2Bundle/2Pictures/Flashcard/eyebrow.jpg
1707,db910c3b-71f6-4916-98be-5b4fd5588aea,2,Norway,/Volumes/Spanish2Bundle/2Pictures/Flashcard/Norway.jpg
691,c018210f-079d-4475-bac9-0ef3c337b0fd,1,to pay,/Volumes/Spanish1Bundle/1Pictures/Flashcard/pay.jpg
1705,87267b32-7ac2-4a78-880e-32b243218c77,2,United Kingdom,/Volumes/Spanish2Bundle/2Pictures/Flashcard/United Kingdom.jpg
1716,229a09a4-bef6-4553-8018-274afefc563d,2,accent,/Volumes/Spanish2Bundle/2Pictures/Flashcard/accent.jpg
1717,c068f2d9-d8ce-48c7-8dc0-37852cf1e982,2,different,/Volumes/Spanish2Bundle/2Pictures/Flashcard/different.jpg
715,013da561-8dd9-4499-9f1e-ad83a291b496,1,neither,/Volumes/Spanish1Bundle/1Pictures/Flashcard/neither.jpg
749,8d506b69-ec6e-4d7a-95b9-ece37d752279,1,heat,/Volumes/Spanish1Bundle/1Pictures/Flashcard/heat.jpg
837,945376cb-f029-46eb-84b3-dc82aa7d37f1,1,wave (sea),/Volumes/Spanish1Bundle/1Pictures/Flashcard/wave (sea).jpg
1030,16765963-1d9f-4da0-b2e8-392e73bb8257,1,"don't mention it!, you're welcome!","/Volumes/Spanish1Bundle/1Pictures/Flashcard/dont mention it, youre welcome.jpg"
432,44ef6eb1-0d19-44dc-b8e0-90d1388057cf,1,dress,/Volumes/Spanish1Bundle/1Pictures/Flashcard/dress.jpg
508,77437796-4c3a-47ba-96d8-b93fd7d264a6,1,who?,/Volumes/Spanish1Bundle/1Pictures/Flashcard/who.jpg
839,88fcf792-62a8-4fdd-8daa-1e7c1996dea3,1,"fare, passage","/Volumes/Spanish1Bundle/1Pictures/Flashcard/fare, passage.jpg"
947,6d7ce110-96e9-40e5-84ed-3fc62c24894c,1,"at, to, on","/Volumes/Spanish1Bundle/1Pictures/Flashcard/at, to, on.jpg"
19,92605462-d093-4c75-9a6c-697d9af93fed,1,timetable,/Volumes/Spanish1Bundle/1Pictures/Flashcard/timetable.jpg
1251,88346959-93b5-488f-8151-8f9a0c6eff33,2,snake,/Volumes/Spanish2Bundle/2Pictures/Flashcard/snake.jpg
1903,99d138a4-3b1e-4647-8ad9-60540ad71b6e,2,politics,/Volumes/Spanish2Bundle/2Pictures/Flashcard/politics.jpg
1915,fd7d7762-644c-44e6-9539-d43dcf82a54b,2,reaction,/Volumes/Spanish2Bundle/2Pictures/Flashcard/reaction.jpg
2183,c3664a58-7ba4-4508-93cf-3f27fc105b92,2,to design,/Volumes/Spanish2Bundle/2Pictures/Flashcard/design.jpg
218,ab5782de-6d02-4cd2-b1b6-2905a1174f9b,1,to increase,/Volumes/Spanish1Bundle/1Pictures/Flashcard/increase.jpg
858,d124657c-3163-422c-9fef-6a839862a567,1,funny,/Volumes/Spanish1Bundle/1Pictures/Flashcard/funny.jpg
942,6ef96ca8-1639-48e1-b5d0-529a3526b732,1,toilet paper,/Volumes/Spanish1Bundle/1Pictures/Flashcard/toilet paper.jpg
1943,e41c89a0-93e3-440d-9cff-970ff02967a9,2,fame,/Volumes/Spanish2Bundle/2Pictures/Flashcard/fame.jpg
180,f8b98c7e-133d-4dc0-9d3e-f6d3fe37198b,1,"freedom, liberty","/Volumes/Spanish1Bundle/1Pictures/Flashcard/freedom, liberty.jpg"
556,78d7c8b2-046d-4274-a7c5-96b7c4bb5047,1,orange (fruit),/Volumes/Spanish1Bundle/1Pictures/Flashcard/orange (fruit).jpg
629,e0194416-cca6-422e-a8fe-7336665db31b,1,brother,/Volumes/Spanish1Bundle/1Pictures/Flashcard/brother.jpg
114,1894b626-1b23-490c-981c-e191db73b2eb,1,at home,/Volumes/Spanish1Bundle/1Pictures/Flashcard/at home.jpg
6,e748e4b8-6630-4c02-9c60-fdfc93df49a4,1,homework,/Volumes/Spanish1Bundle/1Pictures/Flashcard/homework.jpg
1731,7c83c155-70cd-4f6c-b11c-fb96ff2aba78,2,breast,/Volumes/Spanish2Bundle/2Pictures/Flashcard/breast.jpg
1400,50294ad4-25e0-4754-88ef-7a9e52bf6492,2,drinkable,/Volumes/Spanish2Bundle/2Pictures/Flashcard/drinkable.jpg
237,b8cd8175-c38f-4331-bfc3-9f9fa8a029a3,1,name,/Volumes/Spanish1Bundle/1Pictures/Flashcard/name.jpg
1732,bbfc16c9-6890-45c5-9100-dfd01aac9f79,2,stomach,/Volumes/Spanish2Bundle/2Pictures/Flashcard/stomach.jpg
1740,f961ad59-c9c6-4dfc-99c3-8a84157d2e2b,2,voice,/Volumes/Spanish2Bundle/2Pictures/Flashcard/voice.jpg
1983,8f313434-4a50-44fc-8653-7d07553a5dd6,2,architecture,/Volumes/Spanish2Bundle/2Pictures/Flashcard/architecture.jpg
1756,1ffa8f73-6a0c-4930-b0ec-04ca0f721d02,2,slipper,/Volumes/Spanish2Bundle/2Pictures/Flashcard/slipper.jpg
1751,5648e5b3-c272-4d40-a349-f7101b320a77,2,glove,/Volumes/Spanish2Bundle/2Pictures/Flashcard/glove.jpg
1738,c9c9aa8d-aa2b-47a9-9a99-2eabf63c36bc,2,knee,/Volumes/Spanish2Bundle/2Pictures/Flashcard/knee.jpg
1774,e6604898-2a66-4726-93d9-aad744c25787,2,person,/Volumes/Spanish2Bundle/2Pictures/Flashcard/person.jpg
1795,8bf2e27b-1462-4eca-bd42-6f4e474dc965,2,serviette,/Volumes/Spanish2Bundle/2Pictures/Flashcard/serviette.jpg
1775,6d32fb69-89e1-4c68-baac-28209a421f6a,2,brother in law,/Volumes/Spanish2Bundle/2Pictures/Flashcard/brother in law.jpg
1815,16ddce40-9ca1-4527-9d4a-b60d1c015aa9,2,recipe,/Volumes/Spanish2Bundle/2Pictures/Flashcard/recipe.jpg
1826,cb307f6d-9f43-47f8-bba0-6840f706cd06,2,"command ,order","/Volumes/Spanish2Bundle/2Pictures/Flashcard/command ,order.jpg"
205,c5c7f3b9-84eb-49ee-b549-f39b35f3133e,1,excellent,/Volumes/Spanish1Bundle/1Pictures/Flashcard/excellent.jpg
1781,ba9dd296-8232-4fda-9642-28d71d393a56,2,nephew,/Volumes/Spanish2Bundle/2Pictures/Flashcard/nephew.jpg
307,e1dfec85-d04e-44be-bca1-a16b5b2be5dd,1,eye,/Volumes/Spanish1Bundle/1Pictures/Flashcard/eye.jpg
653,f09fec8e-b4ae-4d73-b8db-0b04ca3fee9a,1,how many?,/Volumes/Spanish1Bundle/1Pictures/Flashcard/how many.jpg
1305,8d9d807e-d2a0-4687-a8a4-6f69b4add08b,2,Christmas,/Volumes/Spanish2Bundle/2Pictures/Flashcard/Christmas.jpg
860,169aa733-db64-4874-8e6f-69bfb66fe969,1,important,/Volumes/Spanish1Bundle/1Pictures/Flashcard/important.jpg
855,9f4542f8-83ee-4dec-870d-bd9f57f37c98,1,easy,/Volumes/Spanish1Bundle/1Pictures/Flashcard/easy.jpg
305,73e16915-8cb5-4cd8-ada5-19add9406340,1,nose,/Volumes/Spanish1Bundle/1Pictures/Flashcard/nose.jpg
1805,28d61207-e948-4c53-8033-c10c8a81681d,2,shade,/Volumes/Spanish2Bundle/2Pictures/Flashcard/shade.jpg
503,229a22ea-b170-46f3-b503-5a1a9a695ce5,1,"me, to me","/Volumes/Spanish1Bundle/1Pictures/Flashcard/me, to me.jpg"
1217,e8d15ce7-9a70-448f-b761-55cf577d0ea2,2,nothing (2),/Volumes/Spanish2Bundle/2Pictures/Flashcard/nothing (2).jpg
380,52333cce-9e31-4a41-a292-049146dda740,1,injection,/Volumes/Spanish1Bundle/1Pictures/Flashcard/injection.jpg
1300,2bbdeff2-c5f9-4317-a52b-238547de76fb,2,dentist (m/f),/Volumes/Spanish2Bundle/2Pictures/Flashcard/dentist.jpg
1852,b77428cb-1858-41a1-a1ef-7e743a722ae3,2,minimum,/Volumes/Spanish2Bundle/2Pictures/Flashcard/minimum.jpg
1854,644ff183-f79d-4a0a-9d33-c243da3eeb83,2,"immense ,huge","/Volumes/Spanish2Bundle/2Pictures/Flashcard/immense ,huge.jpg"
530,b18e46e6-7b45-4e96-957b-d190d5fa1242,1,grass,/Volumes/Spanish1Bundle/1Pictures/Flashcard/grass.jpg
1453,6fd54fb4-331e-4779-a819-93b9074ad1c8,2,enjoy your meal! (2),/Volumes/Spanish2Bundle/2Pictures/Flashcard/enjoy your meal (2).jpg
876,346ca6a0-e6b1-4568-a3a0-fd2415649615,1,where (to)?,/Volumes/Spanish1Bundle/1Pictures/Flashcard/where (to).jpg
1793,3c3b13e1-53ae-4ad2-ae03-c0d470cc162a,2,service,/Volumes/Spanish2Bundle/2Pictures/Flashcard/service.jpg
1803,01db7e16-60d6-465e-bb9a-ad7f7f9791c8,2,speciality,/Volumes/Spanish2Bundle/2Pictures/Flashcard/speciality.jpg
1205,65d3eb73-25fd-48b4-bbdd-f7ee61ecd752,2,talkative,/Volumes/Spanish2Bundle/2Pictures/Flashcard/talkative.jpg
760,91b76bc6-e427-40a2-87c0-59a7603bfa71,1,it is sunny (hacer),/Volumes/Spanish1Bundle/1Pictures/Flashcard/it is sunny (hacer).jpg
867,7b08a9ce-c98a-4a2a-990b-e7f634f4c33c,1,private,/Volumes/Spanish1Bundle/1Pictures/Flashcard/private.jpg
995,089a53f3-b25b-42d6-ae29-7be61b1abe4c,1,possible,/Volumes/Spanish1Bundle/1Pictures/Flashcard/possible.jpg
1796,62507c38-132d-4cf1-a774-cfaa503bdf60,2,vegetarian,/Volumes/Spanish2Bundle/2Pictures/Flashcard/vegetarian.jpg
1864,96cdf3fb-25ba-47ff-98ca-6b3f019789b9,2,free (2),/Volumes/Spanish2Bundle/2Pictures/Flashcard/free (2).jpg
693,03f935b0-7f98-45a5-a423-49df8ecff209,1,along,/Volumes/Spanish1Bundle/1Pictures/Flashcard/along.jpg
1868,e740c423-3da9-44fa-a2c8-28b7858ca10d,2,commercial,/Volumes/Spanish2Bundle/2Pictures/Flashcard/commercial.jpg
1872,4d44cb85-4e5b-49f9-8934-54a09ff7c51b,2,article,/Volumes/Spanish2Bundle/2Pictures/Flashcard/article.jpg
711,0494353e-d738-4b72-80c9-f653a5e95b74,1,nothing,/Volumes/Spanish1Bundle/1Pictures/Flashcard/nothing.jpg
1878,99edadf2-cc9f-41ef-9dba-bcb1d05c54e7,2,"fault ,flaw ,defect ,lack","/Volumes/Spanish2Bundle/2Pictures/Flashcard/fault ,flaw ,defect ,lack.jpg"
1891,0f838eb9-1259-4d63-9927-c2c0befab817,2,government,/Volumes/Spanish2Bundle/2Pictures/Flashcard/government.jpg
1899,7690fd36-f3bb-487d-b629-35f0b586c63e,2,war,/Volumes/Spanish2Bundle/2Pictures/Flashcard/war.jpg
1809,bce01c5e-239f-4af0-abf9-a2d63598d7a6,2,counter,/Volumes/Spanish2Bundle/2Pictures/Flashcard/counter.jpg
2160,f5fdda50-56b5-407d-8bda-4450449dcf0c,2,situated,/Volumes/Spanish2Bundle/2Pictures/Flashcard/situated.jpg
2159,0f31b0e7-7c5a-44b7-be9f-e68d14bc3916,2,how do I get to?,/Volumes/Spanish2Bundle/2Pictures/Flashcard/how do I get to.jpg
1902,4af51a82-6bfa-463d-94fa-d6c67979bdb4,2,level,/Volumes/Spanish2Bundle/2Pictures/Flashcard/level.jpg
1908,9eadaf9b-3f3e-4f17-904f-29a128f9c4af,2,cause,/Volumes/Spanish2Bundle/2Pictures/Flashcard/cause.jpg
1913,42ee12b2-8b7f-4e13-a4ef-9d3960f58f97,2,world war,/Volumes/Spanish2Bundle/2Pictures/Flashcard/world war.jpg
1914,a1af4f4f-42c5-4410-b60d-255bb63c9e41,2,majority,/Volumes/Spanish2Bundle/2Pictures/Flashcard/majority.jpg
1829,84d27d6a-2b34-4308-b067-2b3ebce3e9b4,2,method,/Volumes/Spanish2Bundle/2Pictures/Flashcard/method.jpg
2161,e4763e4e-13bb-4163-b1ba-38f706222e3e,2,south,/Volumes/Spanish2Bundle/2Pictures/Flashcard/south.jpg
1827,8d0b6386-d463-4cb3-88ae-57b42283a61d,2,compulsory,/Volumes/Spanish2Bundle/2Pictures/Flashcard/compulsory.jpg
705,79c45e56-63f0-45c0-9ecc-005506a8ba94,1,towards,/Volumes/Spanish1Bundle/1Pictures/Flashcard/towards.jpg
2081,4752ef61-b7b4-4072-b3c0-203dcd48ef09,2,to warn,/Volumes/Spanish2Bundle/2Pictures/Flashcard/warn.jpg
1845,67430ebe-b9f0-4c84-a4ae-a67491277aca,2,insufficient,/Volumes/Spanish2Bundle/2Pictures/Flashcard/insufficient.jpg
971,647db8e0-9b0f-42e0-9c46-a0fcdbb51994,1,time,/Volumes/Spanish1Bundle/1Pictures/Flashcard/time.jpg
706,c4f022aa-d59e-414d-bf02-3b2f86ae6241,1,until,/Volumes/Spanish1Bundle/1Pictures/Flashcard/until.jpg
1223,05b7c9c8-7ade-4814-bfc5-e72dc17d8192,2,however,/Volumes/Spanish2Bundle/2Pictures/Flashcard/however.jpg
922,b9cff2fc-59d0-4982-888e-0191e83d1a42,1,you (formal),/Volumes/Spanish1Bundle/1Pictures/Flashcard/you (formal).jpg
1849,74d3c4fb-cc57-471e-b5a1-060413baa89b,2,litre,/Volumes/Spanish2Bundle/2Pictures/Flashcard/litre.jpg
1293,9484f5f3-3da3-41a2-a342-cbe3f0650652,2,artist (m/f),/Volumes/Spanish2Bundle/2Pictures/Flashcard/artist.jpg
1237,590d735e-2f62-461e-b3f3-93a716133f57,2,guinea pig,/Volumes/Spanish2Bundle/2Pictures/Flashcard/guinea pig.jpg
962,973362f7-6dce-4698-9166-c8cca9cb2fc9,1,them,/Volumes/Spanish1Bundle/1Pictures/Flashcard/them.jpg
1594,485d9b27-925f-4e3f-998d-a7a55402b02a,2,database,/Volumes/Spanish2Bundle/2Pictures/Flashcard/database.jpg
1350,a05e0ecb-c64b-4cce-bcb1-b93a61b19ad1,2,offence,/Volumes/Spanish2Bundle/2Pictures/Flashcard/offence.jpg
1439,f3046bc7-43b9-455a-a757-61c564c61131,2,cod,/Volumes/Spanish2Bundle/2Pictures/Flashcard/cod.jpg
1031,7a0265ef-bbaa-44fe-a51e-b8a82c0c4ce7,1,congratulations!,/Volumes/Spanish1Bundle/1Pictures/Flashcard/congratulations.jpg
1865,7421d9bb-4d9b-4150-8cfd-f6d6a79f4490,2,size,/Volumes/Spanish2Bundle/2Pictures/Flashcard/size.jpg
1036,9be0e9eb-11ea-4b8f-8109-c22555d0598d,1,"careful! watch out! take care!, caution!","/Volumes/Spanish1Bundle/1Pictures/Flashcard/careful! watch out! take care, caution.jpg"
1038,d9c2cb05-663f-4508-9c7b-88c48c783443,1,what a pity! what a shame!,/Volumes/Spanish1Bundle/1Pictures/Flashcard/what a pity! what a shame!.jpg
2034,412649bd-baf0-404e-af06-d62f89da73d8,2,to break down,/Volumes/Spanish2Bundle/2Pictures/Flashcard/break down.jpg
1918,89ab8377-2068-493e-b235-d76594c145c2,2,the rest,/Volumes/Spanish2Bundle/2Pictures/Flashcard/the rest.jpg
984,a6bb08b2-6131-4967-860d-398a77ffb2ce,1,final,/Volumes/Spanish1Bundle/1Pictures/Flashcard/final.jpg
1936,aea06602-52e8-4b38-a90e-502eaa7225e5,2,dressing room,/Volumes/Spanish2Bundle/2Pictures/Flashcard/dressing room.jpg
1953,30af4311-4fe6-4a5f-be8b-cc9a90724a2f,2,patience,/Volumes/Spanish2Bundle/2Pictures/Flashcard/patience.jpg
39,00383457-8800-4fb1-b050-c931d5eea747,1,castle,/Volumes/Spanish1Bundle/1Pictures/Flashcard/castle.jpg
42,91bb8e35-fd8e-448c-8fba-2bafa59ee310,1,"city, town","/Volumes/Spanish1Bundle/1Pictures/Flashcard/city, town.jpg"
924,164b9a4b-0421-4fd5-8e14-757c0152ec6e,1,I,/Volumes/Spanish1Bundle/1Pictures/Flashcard/I.jpg
146,213924b8-c070-4be0-8875-ed7d9565a68b,1,"to know ( person, place)",/Volumes/Spanish1Bundle/1Pictures/Flashcard/know ( person - place).jpg
168,1e93b5d4-1f6d-400f-8a68-41f7f98e0062,1,weak,/Volumes/Spanish1Bundle/1Pictures/Flashcard/weak.jpg
182,0002dc4a-8c93-41c4-b08b-ef8856b9f482,1,fear,/Volumes/Spanish1Bundle/1Pictures/Flashcard/fear.jpg
204,180b2b52-5562-4608-9194-14f2f1663e57,1,delicious,/Volumes/Spanish1Bundle/1Pictures/Flashcard/delicious.jpg
1875,754e6732-cb34-4b01-8f09-0e3e5d2d79b0,2,price,/Volumes/Spanish2Bundle/2Pictures/Flashcard/price.jpg
226,4ccf8ac0-ddc1-4c53-91de-aeefc8c46de9,1,address,/Volumes/Spanish1Bundle/1Pictures/Flashcard/address.jpg
227,1378619a-8ac4-45e2-ba47-7353233e5484,1,document,/Volumes/Spanish1Bundle/1Pictures/Flashcard/document.jpg
272,f8ab26f1-92f5-4025-995d-c2feba929a12,1,matches,/Volumes/Spanish1Bundle/1Pictures/Flashcard/matches.jpg
1869,1b57ac4f-6a1a-446f-9832-d732a306963e,2,closed,/Volumes/Spanish2Bundle/2Pictures/Flashcard/closed.jpg
295,1ea3fb8a-25f0-4f98-8ce6-59e919be5c7a,1,heart,/Volumes/Spanish1Bundle/1Pictures/Flashcard/heart.jpg
326,ce410492-066a-4534-8616-eeedd1f1a0ba,1,"the time, hour","/Volumes/Spanish1Bundle/1Pictures/Flashcard/the time, hour.jpg"
1873,0aa2bfbf-67a5-4af5-af50-3f8799283d26,2,sale,/Volumes/Spanish2Bundle/2Pictures/Flashcard/sale.jpg
1876,1e87a880-bbc3-42e9-b6bf-1d79cc9ad0d6,2,receipt,/Volumes/Spanish2Bundle/2Pictures/Flashcard/receipt.jpg
420,b41a7a2e-95a9-4879-afcd-1abca1dc93bc,1,glasses,/Volumes/Spanish1Bundle/1Pictures/Flashcard/glasses.jpg
424,f05b50f6-9fad-4dd5-8c80-350f8ff66591,1,purse,/Volumes/Spanish1Bundle/1Pictures/Flashcard/purse.jpg
2021,e8b47db5-3f72-458a-9fd6-1dcc67089599,2,headlight,/Volumes/Spanish2Bundle/2Pictures/Flashcard/headlight.jpg
477,5edfc0a5-1193-49e5-aa73-5e48052786d0,1,either … or,/Volumes/Spanish1Bundle/1Pictures/Flashcard/either Or.jpg
488,c3b40c9b-42d7-4713-bfa6-7b210cabb79b,1,"time, occasion",/Volumes/Spanish1Bundle/1Pictures/Flashcard/occasion.jpg
523,5438fb90-9d08-4ed3-a071-e7e2c7393025,1,sky,/Volumes/Spanish1Bundle/1Pictures/Flashcard/sky.jpg
2031,b9fbd53e-a3c2-46a0-bfc0-95852666823e,2,souvenir,/Volumes/Spanish2Bundle/2Pictures/Flashcard/souvenir.jpg
545,b8cb830b-d4e5-49ba-95d2-7b7eb6210f61,1,onion,/Volumes/Spanish1Bundle/1Pictures/Flashcard/onion.jpg
572,b6f890df-dcd2-400f-953b-e86a64c2b406,1,cigarette,/Volumes/Spanish1Bundle/1Pictures/Flashcard/cigarette.jpg
589,65082ded-3430-4d4e-a91a-27d7236c0962,1,"to spend (time), to happen","/Volumes/Spanish1Bundle/1Pictures/Flashcard/spend (time), to happen.jpg"
614,9c7cf5f6-5fe0-4ed8-849c-139c1fe85e04,1,death,/Volumes/Spanish1Bundle/1Pictures/Flashcard/death.jpg
619,ea1b1d35-6cc0-43dc-a668-84158b4ceb08,1,blonde,/Volumes/Spanish1Bundle/1Pictures/Flashcard/blonde.jpg
652,d0c82d54-6c2d-459e-98aa-5767ace1adf9,1,certain,/Volumes/Spanish1Bundle/1Pictures/Flashcard/certain.jpg
1888,2fb782a0-9ef3-4cd7-bc74-4b2b7a144fa6,2,murderer,/Volumes/Spanish2Bundle/2Pictures/Flashcard/murderer.jpg
660,5125703e-5c46-4ade-8678-16bc5bebc8b6,1,full,/Volumes/Spanish1Bundle/1Pictures/Flashcard/full.jpg
709,381c6a1f-935f-4a7e-9011-92d1900143bc,1,neither … nor,/Volumes/Spanish1Bundle/1Pictures/Flashcard/neither nor.jpg
712,b31774eb-28dd-418a-b35d-890e0ef7e8b6,1,nobody,/Volumes/Spanish1Bundle/1Pictures/Flashcard/nobody.jpg
721,6711ba95-1f96-4e23-964b-3a2fb75ecd7d,1,food,/Volumes/Spanish1Bundle/1Pictures/Flashcard/food.jpg
735,cf48a796-03a3-469d-b667-b177b97e8047,1,hunger,/Volumes/Spanish1Bundle/1Pictures/Flashcard/hunger.jpg
754,0733dd55-0067-4c27-ad7c-7ddfff0e335d,1,cold,/Volumes/Spanish1Bundle/1Pictures/Flashcard/cold.jpg
759,f4bb0466-9ee3-435b-a421-11051b9bbc56,1,the weather is bad,/Volumes/Spanish1Bundle/1Pictures/Flashcard/the weather is bad.jpg
816,30f1a2fc-e1cc-449c-82d1-93af8e1c73f9,1,Customs,/Volumes/Spanish1Bundle/1Pictures/Flashcard/Customs.jpg
853,a7f29cd9-939a-41a0-930a-30ec05cdf765,1,hard,/Volumes/Spanish1Bundle/1Pictures/Flashcard/hard.jpg
863,52aa5bc6-ed6e-48a1-bacc-1d03021e4399,1,bad,/Volumes/Spanish1Bundle/1Pictures/Flashcard/bad.jpg
874,b688002b-65e1-47da-b962-a0d6a2cd7675,1,here (motion),/Volumes/Spanish1Bundle/1Pictures/Flashcard/here (motion).jpg
877,80792d3d-5021-44e4-bbfc-7dc18a7d476b,1,over there,/Volumes/Spanish1Bundle/1Pictures/Flashcard/over there.jpg
904,7f371b5f-d91c-499e-bea3-b507839c7e52,1,hello!,/Volumes/Spanish1Bundle/1Pictures/Flashcard/hello.jpg
945,790c7de0-0d1f-4e0b-a9a9-45eba2827019,1,"scissors, nail scissors",/Volumes/Spanish1Bundle/1Pictures/Flashcard/scissors-nail scissors.jpg
951,56b37979-3719-472b-a1e2-41b81f1444b7,1,thing,/Volumes/Spanish1Bundle/1Pictures/Flashcard/thing.jpg
959,bf3ddd6c-f4fb-4e66-bf00-65278571b1e1,1,thank you!,/Volumes/Spanish1Bundle/1Pictures/Flashcard/thank you.jpg
965,344a7cea-50b0-4620-aac6-f24c26c86e27,1,same (self),/Volumes/Spanish1Bundle/1Pictures/Flashcard/same (self).jpg
1907,797da6b3-b91d-4db3-a320-374d91f0122a,2,difference,/Volumes/Spanish2Bundle/2Pictures/Flashcard/difference.jpg
990,215f900e-a62a-42d9-88ac-f88fbb94b6ce,1,player (m/f),/Volumes/Spanish1Bundle/1Pictures/Flashcard/player.jpg
1005,0bafc795-f636-4de3-a409-e139b6e845e7,1,to last,"/Volumes/Spanish1Bundle/1Pictures/Flashcard/last,v.jpg"
1906,3ef99d17-3b4a-48d7-ae82-fa912da4828e,2,pollution,/Volumes/Spanish2Bundle/2Pictures/Flashcard/pollution.jpg
1025,ce039465-e428-404d-a083-55e454793e71,1,come in!,/Volumes/Spanish1Bundle/1Pictures/Flashcard/come in!.jpg
1033,5c4ea087-6409-4706-85c4-9c6542ba86e1,1,I'm sorry!,/Volumes/Spanish1Bundle/1Pictures/Flashcard/Im sorry.jpg
1932,288f110a-bce9-4997-be87-6435aa8134c3,2,decision,/Volumes/Spanish2Bundle/2Pictures/Flashcard/decision.jpg
44,bb52a5cd-a1de-4954-acc6-0b88e44caa93,1,building,/Volumes/Spanish1Bundle/1Pictures/Flashcard/building.jpg
2,2429cb27-8552-464e-a7c6-99df2ca12da4,1,subject,/Volumes/Spanish1Bundle/1Pictures/Flashcard/subject.jpg
2186,39da6e4e-b5b4-4d19-b041-845d3b545be8,2,offer,/Volumes/Spanish2Bundle/2Pictures/Flashcard/offer.jpg
31,73d2038f-1ab4-4784-9fa2-bd7394f64381,1,"apartment, flat","/Volumes/Spanish1Bundle/1Pictures/Flashcard/apartment, flat.jpg"
77,2c4c2796-f4a9-446a-8d80-4860b4c0b3bc,1,autumn,/Volumes/Spanish1Bundle/1Pictures/Flashcard/autumn.jpg
50,16a084fb-62f9-4c86-8fa8-72f8be1a7426,1,museum,/Volumes/Spanish1Bundle/1Pictures/Flashcard/museum.jpg
32,84c54a1a-a378-408e-9bb6-d8a7db582d97,1,toilets,/Volumes/Spanish1Bundle/1Pictures/Flashcard/toilets.jpg
35,2ed568b6-00e5-40b4-abda-542f2404e8a8,1,district,/Volumes/Spanish1Bundle/1Pictures/Flashcard/district.jpg
9,1d31d67d-04e6-4d91-88c2-9b0cdd1f65e7,1,education,/Volumes/Spanish1Bundle/1Pictures/Flashcard/education.jpg
141,a58fc75a-fd76-43fd-89d9-7700f2e30ffd,1,to kiss,"/Volumes/Spanish1Bundle/1Pictures/Flashcard/kiss,v.jpg"
1951,441fa241-b82f-40aa-8f36-43c08e2f0d7e,2,advice,/Volumes/Spanish2Bundle/2Pictures/Flashcard/advice.jpg
1941,7762b8a2-ce65-4db9-b82e-56417f179e0f,2,feeling (emotion),/Volumes/Spanish1Bundle/1Pictures/Flashcard/feeling.jpg
132,47433ac6-1bc9-4645-858b-8102b41fc4f8,1,"sofa, settee","/Volumes/Spanish1Bundle/1Pictures/Flashcard/sofa, settee.jpg"
142,d3b05f46-0938-4924-88f1-6456ea9d4775,1,kiss,/Volumes/Spanish1Bundle/1Pictures/Flashcard/kiss.jpg
76,1b24d279-bcb3-4605-969b-0e17df20e652,1,summer,/Volumes/Spanish1Bundle/1Pictures/Flashcard/summer.jpg
1229,78365ea9-76a7-4e85-a399-e993d7d7ebaa,2,by the way,/Volumes/Spanish2Bundle/2Pictures/Flashcard/by the way.jpg
139,7d69f5a1-f0cb-40fa-813f-107826e60b7a,1,friendship,/Volumes/Spanish1Bundle/1Pictures/Flashcard/friendship.jpg
466,299e3481-778c-4ec1-b0dc-20edf1104ed1,1,friend (m/f),/Volumes/Spanish1Bundle/1Pictures/Flashcard/friend.jpg
122,eee82114-bda7-41b6-b0a6-c4a4abdf1bc7,1,key,/Volumes/Spanish1Bundle/1Pictures/Flashcard/key.jpg
804,293edd8b-9a79-458f-84a3-b7657038776c,1,color,/Volumes/Spanish1Bundle/1Pictures/Flashcard/colour.jpg
154,53b3f5a2-bdae-4a2f-9371-180571026f0c,1,to invite,/Volumes/Spanish1Bundle/1Pictures/Flashcard/invite.jpg
167,ea1199d1-219e-4419-84ca-b5e6c92a5eaf,1,to believe,/Volumes/Spanish1Bundle/1Pictures/Flashcard/believe.jpg
517,3622e9ed-b00a-462b-83de-12bdf414b3f5,1,tree,/Volumes/Spanish1Bundle/1Pictures/Flashcard/tree.jpg
213,10fadc2a-3834-4b3f-b484-aeb02d5e21af,1,cheers!,/Volumes/Spanish1Bundle/1Pictures/Flashcard/cheers!.jpg
1270,25d4a770-c42a-4b80-9f37-d8e49d8dca14,2,speaking!,/Volumes/Spanish2Bundle/2Pictures/Flashcard/speaking.jpg
333,ecce20be-fff1-4621-be07-f7ab917fefb5,1,morning (in the),/Volumes/Spanish1Bundle/1Pictures/Flashcard/in the morning.jpg
249,4fc90399-7b4a-4cef-80b3-ac9f27cbc09a,1,beer,/Volumes/Spanish1Bundle/1Pictures/Flashcard/beer.jpg
236,f04f12f3-567f-48b7-8d02-ab1574a7edc3,1,nationality,/Volumes/Spanish1Bundle/1Pictures/Flashcard/nationality.jpg
197,d9cfdf83-c786-45dc-be84-835805e44a4a,1,enjoy your meal!,/Volumes/Spanish1Bundle/1Pictures/Flashcard/enjoy your meal!.jpg
331,5d432310-9f0a-404a-b23b-875ed1771510,1,moment,/Volumes/Spanish1Bundle/1Pictures/Flashcard/moment.jpg
221,7a408c10-3073-444a-8509-2e6c9ed53559,1,to change,"/Volumes/Spanish1Bundle/1Pictures/Flashcard/change,v.jpg"
261,3433bddf-ec07-43f9-aaa5-1c292dbd67d9,1,chicken,/Volumes/Spanish1Bundle/1Pictures/Flashcard/chicken.jpg
1180,475b72ef-01e2-469d-b6e1-be15b53004f6,2,modern,/Volumes/Spanish2Bundle/2Pictures/Flashcard/modern.jpg
662,565e1c9a-081a-440e-a227-83ae0c4790ee,2,I love you!,/Volumes/Spanish2Bundle/2Pictures/Flashcard/I love you.jpg
342,54f42d9f-f74c-41c4-b8c4-5d4d4b386890,1,spider,/Volumes/Spanish1Bundle/1Pictures/Flashcard/spider.jpg
325,56c0f6ee-22c5-4031-9d1d-bef368b6e3b9,1,usually,/Volumes/Spanish1Bundle/1Pictures/Flashcard/usually.jpg
318,d9c657ac-12d3-43f3-a124-d7e5c4c8ec7b,1,how often?,/Volumes/Spanish1Bundle/1Pictures/Flashcard/how often.jpg
412,09c68cd6-a7e2-4721-9534-396b3e524685,1,pocket,/Volumes/Spanish1Bundle/1Pictures/Flashcard/pocket.jpg
444,693abade-bec3-4199-8b6f-075c3bffa2b9,1,plane,/Volumes/Spanish1Bundle/1Pictures/Flashcard/plane.jpg
1196,b2c81ff7-4f45-413e-b665-58f27c60f2cc,2,great,/Volumes/Spanish2Bundle/2Pictures/Flashcard/great.jpg
476,f3328853-5783-4e72-bf0c-83037da6f067,1,our,/Volumes/Spanish1Bundle/1Pictures/Flashcard/our.jpg
505,5c0e5115-85f8-40f6-888d-fdc0b0868593,1,why?,/Volumes/Spanish1Bundle/1Pictures/Flashcard/why.jpg
494,af4a9c91-3715-4ab5-9416-e22141fd8ac8,1,when?,/Volumes/Spanish1Bundle/1Pictures/Flashcard/when.jpg
554,206686ba-a589-496e-9c88-465394c76fae,1,corn (maize),/Volumes/Spanish1Bundle/1Pictures/Flashcard/corn.jpg
506,4d929ff5-62d0-4eb6-a9b3-9562f852a443,1,what? which?,/Volumes/Spanish1Bundle/1Pictures/Flashcard/what which.jpg
535,c304d37f-996a-430b-b0a0-a28c48a58c55,1,natural,/Volumes/Spanish1Bundle/1Pictures/Flashcard/natural.jpg
1198,a3111a79-0740-41fc-a6e1-85291b8ff49c,2,useless,/Volumes/Spanish2Bundle/2Pictures/Flashcard/useless.jpg
1207,dbcec9d1-3e0c-43ea-aae9-ce25ed59fa87,2,ideal,/Volumes/Spanish2Bundle/2Pictures/Flashcard/ideal.jpg
575,19baa6a3-08b9-4d1f-95d4-5cfc74835d12,1,rest,/Volumes/Spanish1Bundle/1Pictures/Flashcard/rest.jpg
1442,2b805657-0b3e-4563-adb1-ef2b7a6500d0,2,custard,/Volumes/Spanish2Bundle/2Pictures/Flashcard/custard.jpg
1206,ea7267cb-0cff-49ba-bf6e-df7f061a6593,2,strict,/Volumes/Spanish2Bundle/2Pictures/Flashcard/strict.jpg
1211,c58dd57d-6507-4419-95bd-14776ad5aec8,2,stupid,/Volumes/Spanish2Bundle/2Pictures/Flashcard/stupid.jpg
625,dd8c7d72-1e93-4a6e-acdb-8c3af770afd6,1,wife,/Volumes/Spanish1Bundle/1Pictures/Flashcard/wife.jpg
602,24420ec9-a6e0-481e-a925-af4c30b747c0,1,age,/Volumes/Spanish1Bundle/1Pictures/Flashcard/age.jpg
597,0300eb9f-f466-4e1a-9762-d612502ddffb,1,beauty,/Volumes/Spanish1Bundle/1Pictures/Flashcard/beauty.jpg
601,21a86b76-cb8b-43e0-a486-a658974d6aa4,1,divorce,/Volumes/Spanish1Bundle/1Pictures/Flashcard/divorce.jpg
1231,7e35f463-f7ad-457a-966b-07435764936f,2,normally,/Volumes/Spanish2Bundle/2Pictures/Flashcard/normally.jpg
1222,39b687bd-0c1b-4527-ab45-a68c04a1840d,2,of course,"/Volumes/Spanish2Bundle/2Pictures/Flashcard/of course ,adv.jpg"
603,7708f40a-93ec-4afd-b2e6-b6f0d9353a89,1,enemy,/Volumes/Spanish1Bundle/1Pictures/Flashcard/enemy (m).jpg
593,b4980c48-8cbf-4219-b373-481f7c66ef64,1,healthy,/Volumes/Spanish1Bundle/1Pictures/Flashcard/healthy.jpg
637,8509bd3e-c5bd-49aa-8878-d47ea0ac4fb9,1,girlfriend,/Volumes/Spanish1Bundle/1Pictures/Flashcard/girlfriend.jpg
626,7c203ddc-d9be-42df-9356-b69f494e2ee7,1,husband,/Volumes/Spanish1Bundle/1Pictures/Flashcard/husband.jpg
663,ea063c21-5821-4cdc-bee2-04b003eb9478,1,normal,/Volumes/Spanish1Bundle/1Pictures/Flashcard/normal.jpg
669,08b5f4ae-9010-41b2-a0ed-0f9c39111c0b,1,quality,/Volumes/Spanish1Bundle/1Pictures/Flashcard/quality.jpg
1213,145af1ae-2eae-48f0-8c82-e35c46d38d53,2,anxious,/Volumes/Spanish2Bundle/2Pictures/Flashcard/anxious.jpg
1221,a9dd6496-099d-42c9-b040-385bd8a93c75,2,concerning,/Volumes/Spanish2Bundle/2Pictures/Flashcard/concerning.jpg
636,ec692fb1-c411-4d6f-a36e-bea334209aad,1,child (m),/Volumes/Spanish1Bundle/1Pictures/Flashcard/child (m).jpg
667,1b6aee70-f8f6-4c7d-b525-14195c28d5fd,1,cheap,/Volumes/Spanish1Bundle/1Pictures/Flashcard/cheap.jpg
699,4b84f7ae-810f-4625-b3c9-4d369e6ea155,1,as,/Volumes/Spanish1Bundle/1Pictures/Flashcard/as.jpg
720,6337ae1d-ad4c-46a6-aa61-8709fdcd0c89,1,olive,/Volumes/Spanish1Bundle/1Pictures/Flashcard/olive.jpg
713,13327099-1cd7-449f-bb43-9ef9c2f98823,1,no,/Volumes/Spanish1Bundle/1Pictures/Flashcard/no.jpg
758,9f117f0e-66a3-4446-af77-d09e5e15dedc,1,the weather is cold,/Volumes/Spanish1Bundle/1Pictures/Flashcard/the weather is cold.jpg
738,4681dfd0-3863-4530-8883-15878a2b9671,1,butter,/Volumes/Spanish1Bundle/1Pictures/Flashcard/butter.jpg
690,c30a48a6-3d9d-4e3a-b767-0a6c45c6a82c,1,to need,/Volumes/Spanish1Bundle/1Pictures/Flashcard/need.jpg
732,828fd1c0-e932-46e9-bf3d-9fe45dab86ac,1,sweet,/Volumes/Spanish1Bundle/1Pictures/Flashcard/sweet.jpg
714,1058ec35-97c2-4e43-a0a3-22b920629fe3,1,never,/Volumes/Spanish1Bundle/1Pictures/Flashcard/never.jpg
745,6b3f4d36-0938-43fc-ab5e-5c11762052a7,1,flavour,/Volumes/Spanish1Bundle/1Pictures/Flashcard/flavour.jpg
753,daf039af-5af2-45e6-b673-950823fb369f,1,cool,/Volumes/Spanish1Bundle/1Pictures/Flashcard/cool.jpg
763,d40b0bb3-ac8d-411c-8e47-088d2342d0b8,1,rain,/Volumes/Spanish1Bundle/1Pictures/Flashcard/rain.jpg
747,90f2630a-6854-4c59-87c2-f6b6dfc416f9,1,cake,/Volumes/Spanish1Bundle/1Pictures/Flashcard/cake.jpg
774,1b8f9fb1-5491-48a0-8a0a-16d4f0a67f2c,1,weather,/Volumes/Spanish1Bundle/1Pictures/Flashcard/weather.jpg
1220,966dc7af-dfd0-4778-9a87-e59320f329b2,2,half way through,/Volumes/Spanish2Bundle/2Pictures/Flashcard/half way through.jpg
768,684c1612-5a82-4d17-be9a-a1a1b72492e7,1,cloudy,/Volumes/Spanish1Bundle/1Pictures/Flashcard/cloudy.jpg
1232,e31ecf6f-acac-4688-9197-a1be97f337a2,2,"really ,actually","/Volumes/Spanish2Bundle/2Pictures/Flashcard/really ,actually.jpg"
1230,a7ec4acb-2360-4c8c-bc8d-5c0ddcd68d46,2,on the contrary,/Volumes/Spanish2Bundle/2Pictures/Flashcard/on the contrary.jpg
820,5b98087c-efcf-4686-bd53-f49cf84767b2,1,to delay,"/Volumes/Spanish1Bundle/1Pictures/Flashcard/delay,v.jpg"
1227,53e73703-a6c5-4454-a2ff-cd073035e76d,2,along the banks of,/Volumes/Spanish2Bundle/2Pictures/Flashcard/along the banks of.jpg
824,775d30a4-e376-43f5-96bc-683e79addb12,1,delay,/Volumes/Spanish1Bundle/1Pictures/Flashcard/delay.jpg
856,f6bb3b49-c4f1-4717-8aaf-fc2f89fb45f4,1,fantastic,/Volumes/Spanish1Bundle/1Pictures/Flashcard/fantastic.jpg
912,15d95d00-9aea-423c-9f51-2b9ac5e11c56,1,us,/Volumes/Spanish1Bundle/1Pictures/Flashcard/us.jpg
913,58c5c0b0-9f32-48af-98a4-5847aa205c7a,1,we,/Volumes/Spanish1Bundle/1Pictures/Flashcard/we.jpg
833,bb48e626-f22f-4ea3-8c10-1b2c909e09cb,1,arrival,/Volumes/Spanish1Bundle/1Pictures/Flashcard/arrival.jpg
851,56ba9add-e03a-47a2-9047-0841cb5c38e0,1,correct,/Volumes/Spanish1Bundle/1Pictures/Flashcard/correct.jpg
866,5ee3393c-126b-4577-9841-48678b3946bc,1,necessary,/Volumes/Spanish1Bundle/1Pictures/Flashcard/necessary.jpg
870,591d9a48-3e9b-4476-9927-7ec6f6969c33,1,dirty,/Volumes/Spanish1Bundle/1Pictures/Flashcard/dirty.jpg
907,382ea404-d0fe-42e8-bbdd-d2688f459764,1,my,/Volumes/Spanish1Bundle/1Pictures/Flashcard/my.jpg
899,4a5f81bf-270c-45bc-baa5-522e8e639a83,1,here (static),/Volumes/Spanish1Bundle/1Pictures/Flashcard/here (static).jpg
1252,9b353e1a-11bd-4af4-ac1c-5a6089d8ca14,2,rat,/Volumes/Spanish2Bundle/2Pictures/Flashcard/rat.jpg
914,81641973-74fe-43bf-9b20-71fd9cded06c,1,new,/Volumes/Spanish1Bundle/1Pictures/Flashcard/new.jpg
937,49861fd4-503f-4c97-9c37-78f9d3d48ee6,1,soap,/Volumes/Spanish1Bundle/1Pictures/Flashcard/soap.jpg
936,df445d33-e091-45e9-8ef5-09d5a459e7c5,1,toilet,/Volumes/Spanish1Bundle/1Pictures/Flashcard/toilet.jpg
938,605110ba-e760-4a81-bbb7-5010f749581f,1,washbasin,/Volumes/Spanish1Bundle/1Pictures/Flashcard/washbasin.jpg
997,31881840-69a9-414c-a74c-b946d9149a3f,1,to accept,/Volumes/Spanish1Bundle/1Pictures/Flashcard/accept.jpg
975,ee5e9b3a-4c0e-45ef-b766-cca8ae11efb8,1,to be present at,/Volumes/Spanish1Bundle/1Pictures/Flashcard/be present at.jpg
1017,ee80e0ca-233a-4808-9dcd-fc06564cef68,1,to ask (question),/Volumes/Spanish1Bundle/1Pictures/Flashcard/ask (question).jpg
1024,60b0c67b-68a1-4fb8-bfa3-047c55d0f460,1,good luck!,/Volumes/Spanish1Bundle/1Pictures/Flashcard/good luck!.jpg
1244,04be7b8b-e99e-4174-bf17-23af102e0792,2,livestock,/Volumes/Spanish2Bundle/2Pictures/Flashcard/livestock.jpg
999,c06779c1-9f53-4654-a879-c1bba382ca31,1,to help,"/Volumes/Spanish1Bundle/1Pictures/Flashcard/help,v.jpg"
1253,0004fa38-a9e5-4861-9d45-7ba1e69dd0e2,2,bear,/Volumes/Spanish2Bundle/2Pictures/Flashcard/bear.jpg
1014,88958d3e-0967-4f47-ad8c-b866cfca46ed,1,to cry (tears),/Volumes/Spanish1Bundle/1Pictures/Flashcard/cry (tears).jpg
1048,d51e1dfd-560b-448c-99b9-2397694653db,1,to be thirsty,/Volumes/Spanish1Bundle/1Pictures/Flashcard/be thirsty.jpg
1018,5ce73032-6d7e-49f8-9120-640d05cfc99d,1,to break,/Volumes/Spanish1Bundle/1Pictures/Flashcard/break.jpg
1037,4fe91104-bbde-49f5-88fe-0ee8743cd253,1,"how good! , great!",/Volumes/Spanish1Bundle/1Pictures/Flashcard/how good!.jpg
1264,07b0ce3e-9ac2-45cf-bea5-4847529f3705,2,hello! (on phone),/Volumes/Spanish1Bundle/1Pictures/Flashcard/hello.jpg
1028,890f6006-3a54-4432-8a76-14e7195bc5af,1,how are you?,/Volumes/Spanish1Bundle/1Pictures/Flashcard/how are you.jpg
1035,d80375b1-e501-4ff4-b3dc-68126dd90e1a,1,pleased to meet you!,/Volumes/Spanish1Bundle/1Pictures/Flashcard/pleased to meet you.jpg
1260,01fbf4fc-9959-4a14-9879-2f13609d16fc,2,surname,/Volumes/Spanish2Bundle/2Pictures/Flashcard/surname.jpg
1566,f5303832-9632-4db8-af0d-93fa1fd99813,2,"order ,tidiness",/Volumes/Spanish2Bundle/2Pictures/Flashcard/order-tidiness.jpg
1585,8259b380-fc4e-406a-a464-138aeca42ab9,2,"file ,archive","/Volumes/Spanish2Bundle/2Pictures/Flashcard/file ,archive.jpg"
1586,961fffbd-7afd-40e0-8cb8-04275035e2cf,2,logic,/Volumes/Spanish2Bundle/2Pictures/Flashcard/Logic.jpg
1599,2199d15d-6be2-4f77-97c5-69fea3663a59,2,printer,/Volumes/Spanish2Bundle/2Pictures/Flashcard/printer.jpg
2039,5ba13975-752b-4572-946f-6cc58e6cd699,2,to hitchhike,"/Volumes/Spanish2Bundle/2Pictures/Flashcard/hitchhike ,v.jpg"
2063,4c1fe4cd-8424-4b19-8327-01b77c8b7439,2,"to double ,to turn","/Volumes/Spanish2Bundle/2Pictures/Flashcard/double ,to turn ,v.jpg"
2083,a759faa3-1d77-4113-b77f-c70dafc7c3c4,2,to lie,/Volumes/Spanish2Bundle/2Pictures/Flashcard/lie.jpg
2113,de299982-7396-4953-bb56-d2fc5b61ae03,2,to be important,/Volumes/Spanish2Bundle/2Pictures/Flashcard/be important.jpg
2146,6c5de377-b4b6-49de-9a16-805581764beb,2,storm,/Volumes/Spanish2Bundle/2Pictures/Flashcard/storm.jpg
2145,765ce248-72a7-4f9f-9b8f-b33f95d60f47,2,climate,/Volumes/Spanish2Bundle/2Pictures/Flashcard/climate.jpg
2199,39be895a-7715-4a95-9bc2-24a10dbf30f1,2,to need (2),"/Volumes/Spanish2Bundle/2Pictures/Flashcard/need ,v (2).jpg"
1967,fd30d78f-46ca-459c-bdb9-3a9b303ed208,2,at what time?,/Volumes/Spanish2Bundle/2Pictures/Flashcard/at what time.jpg
1329,ea3e3a36-32b7-414d-b6be-45ab0625a213,2,arid,/Volumes/Spanish2Bundle/2Pictures/Flashcard/arid.jpg
1314,b8adac53-4446-4920-8597-5ab16d138b6f,2,God,/Volumes/Spanish2Bundle/2Pictures/Flashcard/God.jpg
1971,cfad28d5-ead8-4e53-9ae6-72a3c8025147,2,from,/Volumes/Spanish2Bundle/2Pictures/Flashcard/from.jpg
1961,85922c07-dd04-4cba-a868-c43c38cfd1af,2,at present,/Volumes/Spanish2Bundle/2Pictures/Flashcard/at present.jpg
1966,20ed1f76-0b1c-49ec-8c3e-ac4b8d3e2880,2,straight away (2),/Volumes/Spanish2Bundle/2Pictures/Flashcard/straight away (2).jpg
1972,4462bee5-9c07-442e-9b12-c8ad511d69b7,2,an hour ago,/Volumes/Spanish2Bundle/2Pictures/Flashcard/an hour ago.jpg
1960,690fd6f7-ed29-47df-9d23-299b3de61b7b,2,how long?,/Volumes/Spanish2Bundle/2Pictures/Flashcard/how long.jpg
1341,45974690-e3e1-4f39-8a5e-d8138009a884,2,bay,/Volumes/Spanish2Bundle/2Pictures/Flashcard/bay.jpg
1962,06132915-ee56-4fd6-9790-12f198060fa8,2,early morning / daybreak,/Volumes/Spanish2Bundle/2Pictures/Flashcard/early morning - daybreak.jpg
1970,23933fbb-0cba-44e5-87c5-e7c462c5c001,2,straight away,/Volumes/Spanish2Bundle/2Pictures/Flashcard/straight away.jpg
1353,fe04cf93-1a44-4a59-948a-0cc190f695c4,2,fire (2),/Volumes/Spanish2Bundle/2Pictures/Flashcard/fire (2).jpg
1364,5f9bc4e6-9507-4be5-95b0-a3bf64f40299,2,how disgusting!,/Volumes/Spanish2Bundle/2Pictures/Flashcard/how disgusting.jpg
1379,da886ce8-bb16-4909-960b-15b2f2e40b0b,2,really? truly?,/Volumes/Spanish2Bundle/2Pictures/Flashcard/really truly.jpg
1383,fbc26321-2154-4af4-bf5c-e4c39c7691a2,2,appetiser (both food and drink),/Volumes/Spanish2Bundle/2Pictures/Flashcard/appetiser (both food and drink).jpg
1381,3fd6153b-b9f6-498e-983d-b5178c97f083,2,that's it!,/Volumes/Spanish2Bundle/2Pictures/Flashcard/thats it.jpg
1374,827bf56c-1569-42d0-8ea7-77d61f85d668,2,if only!,/Volumes/Spanish2Bundle/2Pictures/Flashcard/if only.jpg
1372,8733ddc1-3d28-40aa-ae00-28211c730403,2,of course! (2),"/Volumes/Spanish2Bundle/2Pictures/Flashcard/of course ,exc (2).jpg"
1421,6b249946-b6a4-4e0b-809d-3e2748f62507,2,avocado (2),/Volumes/Spanish2Bundle/2Pictures/Flashcard/avocado (2).jpg
1385,c8da9029-e1c3-4ccc-bcfe-542f710c5b2d,2,camomile tea,/Volumes/Spanish2Bundle/2Pictures/Flashcard/camomile tea.jpg
1369,ccae1f3e-5459-4342-9623-3fa89d55a3f0,2,bless you!,/Volumes/Spanish2Bundle/2Pictures/Flashcard/bless you.jpg
1382,987c513c-a974-47bc-9f26-86ae755f84ba,2,please do!,/Volumes/Spanish2Bundle/2Pictures/Flashcard/please do.jpg
1370,c0b5325b-c950-4f0c-a789-99e4470421a8,2,what is it like?,/Volumes/Spanish2Bundle/2Pictures/Flashcard/what is it like.jpg
1377,ec222597-65d1-4e53-bc28-aede3136518c,2,no chance!,/Volumes/Spanish2Bundle/2Pictures/Flashcard/no chance.jpg
1979,abe6fed8-08a8-4c7a-b1d7-f8a154ba638f,2,the day before yesterday,/Volumes/Spanish2Bundle/2Pictures/Flashcard/the day before yesterday.jpg
1397,2b5b392b-8f06-4159-8068-3c0198e59551,2,sherry,/Volumes/Spanish2Bundle/2Pictures/Flashcard/sherry.jpg
1394,5b4da9c0-9e7f-471d-9ee4-1f7ceddfeabc,2,milkshake,/Volumes/Spanish2Bundle/2Pictures/Flashcard/milkshake.jpg
1401,35e1323b-6842-4961-a8f5-480d6723af5c,2,red wine,/Volumes/Spanish2Bundle/2Pictures/Flashcard/red wine.jpg
1409,cf0ac819-179b-4690-8f61-f3d4c3748e98,2,pepper (peperoni),/Volumes/Spanish2Bundle/2Pictures/Flashcard/pepper (peperoni).jpg
1407,5c3f91fb-1787-4765-a594-c8923e66e418,2,pea (Latin American),/Volumes/Spanish2Bundle/2Pictures/Flashcard/pea (Latin American).jpg
1424,7127af7e-77b7-407b-ab70-b824f018853b,2,plum,/Volumes/Spanish2Bundle/2Pictures/Flashcard/plum.jpg
1977,7a9e0179-7b07-4394-90c8-913a720cd9a0,2,just after four o'clock,/Volumes/Spanish2Bundle/2Pictures/Flashcard/just after four oclock.jpg
1419,071a5f8a-8496-4078-b60e-3f34190bffbe,2,cherry,/Volumes/Spanish2Bundle/2Pictures/Flashcard/cherry.jpg
1446,334fe16a-d710-424c-95ca-991afff88789,2,bread-roll,/Volumes/Spanish2Bundle/2Pictures/Flashcard/bread-roll.jpg
1458,ddebb791-9734-4636-869e-6929722188b0,2,cream (2),/Volumes/Spanish2Bundle/2Pictures/Flashcard/cream (2).jpg
1480,1f8059e0-d4f0-4777-ae7b-653d51702970,2,to put in a filling,"/Volumes/Spanish2Bundle/2Pictures/Flashcard/put in a filling ,v.jpg"
1475,cdd070ed-1292-4049-80bc-f8c99be080a9,2,health,/Volumes/Spanish2Bundle/2Pictures/Flashcard/health.jpg
1502,e98c77ff-27b0-48fc-818e-9d3c8283eee7,2,"boat ,ship","/Volumes/Spanish2Bundle/2Pictures/Flashcard/boat ,ship.jpg"
1489,43d7adc0-228d-482b-8c04-3c4738df86cd,2,antiseptic,/Volumes/Spanish2Bundle/2Pictures/Flashcard/antiseptic.jpg
1506,07e69cb6-ec7b-43fd-acba-4b3033e87c73,2,owner,/Volumes/Spanish2Bundle/2Pictures/Flashcard/owner.jpg
1512,3f438a2a-9e20-49bb-bed6-2be37ab02652,2,coast,/Volumes/Spanish2Bundle/2Pictures/Flashcard/coast.jpg
2170,abfd7026-fc6e-4675-b283-a4aa5b3e66aa,2,somewhere,/Volumes/Spanish2Bundle/2Pictures/Flashcard/somewhere.jpg
2164,6f07349f-577c-4dd5-81e5-9eeef9d0803f,2,to turn the corner,/Volumes/Spanish2Bundle/2Pictures/Flashcard/turn the corner.jpg
1527,a8d4a20d-5452-4661-a591-d6ac4cb4a527,2,"fridge ,refrigerator (3)","/Volumes/Spanish2Bundle/2Pictures/Flashcard/fridge ,refrigerator (3).jpg"
1534,16d2b1d5-f3d9-4d5e-b5fa-d59bb17e0086,2,"flat (British) ,floor/storey","/Volumes/Spanish2Bundle/2Pictures/Flashcard/flat (Br) ,floor-storey.jpg"
2175,e5db5214-23d5-4c1f-9a23-ffac83badd26,2,industry,/Volumes/Spanish2Bundle/2Pictures/Flashcard/industry.jpg
1537,a17f7a0b-d079-4da3-bf64-7f9ee78534c7,2,crockery,/Volumes/Spanish2Bundle/2Pictures/Flashcard/crockery.jpg
1581,ea48ee29-8850-446a-a5f3-1ef3b39cf37d,2,household chores,/Volumes/Spanish1Bundle/1Pictures/Flashcard/chores.jpg
1980,6b2d4d5a-e608-413a-87ad-dd3cd725443e,2,apartment,/Volumes/Spanish2Bundle/2Pictures/Flashcard/apartment.jpg
1562,a1c31de4-364f-4f7b-a34c-1a57c39d4651,2,vacuum cleaner,/Volumes/Spanish2Bundle/2Pictures/Flashcard/vacuum cleaner.jpg
2041,099b888d-e86c-4ddd-a506-d04fc9eddde3,2,main road,/Volumes/Spanish2Bundle/2Pictures/Flashcard/main road.jpg
1587,77f0e202-412c-460e-9260-70cad9842082,2,bold,/Volumes/Spanish2Bundle/2Pictures/Flashcard/bold.jpg
1603,159f1e0d-3469-41b4-8e60-ed0a3777edaa,2,interest,/Volumes/Spanish2Bundle/2Pictures/Flashcard/interest.jpg
2088,de9dac74-6b1a-4d62-9729-fe25e012e512,2,to get on well with,/Volumes/Spanish2Bundle/2Pictures/Flashcard/get on well with.jpg
2103,69081f46-0bbb-4920-839e-daac17ee9c8b,2,"to accept ,to permit","/Volumes/Spanish2Bundle/2Pictures/Flashcard/accept ,to permit.jpg"
2095,e4940854-644a-4613-b6ed-99013d595608,2,to throw (2),"/Volumes/Spanish2Bundle/2Pictures/Flashcard/throw ,v (2).jpg"
2111,0e8a7541-47a3-4e02-afb2-722b7cc3e6f1,2,to hesitate,/Volumes/Spanish2Bundle/2Pictures/Flashcard/hesitate.jpg
2029,7f55e774-71fc-4860-931e-8a34654d08d4,2,breakdown,/Volumes/Spanish2Bundle/2Pictures/Flashcard/breakdown.jpg
2084,529f3263-f693-462c-a52b-15b5dcc40076,2,to hate,"/Volumes/Spanish2Bundle/2Pictures/Flashcard/hate ,v.jpg"
2086,43db7b4e-4692-471d-a90e-f64959edb7c7,2,to apologise,"/Volumes/Spanish2Bundle/2Pictures/Flashcard/apologise ,v.jpg"
2108,b0faa680-a0d4-436b-9968-1e418f4cb355,2,"to hate ,to detest","/Volumes/Spanish2Bundle/2Pictures/Flashcard/hate ,detest ,v.jpg"
2071,f6877ca0-2a94-42f1-8648-a8a2ff702c5a,2,to get on badly with,"/Volumes/Spanish2Bundle/2Pictures/Flashcard/get on badly with ,v.jpg"
2074,ddefacd8-49d0-4eff-a246-c97fd77b0de6,2,to get used to,/Volumes/Spanish2Bundle/2Pictures/Flashcard/get used to.jpg
2147,61bc0fa0-023a-4772-b7da-fcd5249a05c6,2,humidity,/Volumes/Spanish2Bundle/2Pictures/Flashcard/humidity.jpg
2127,da12dd62-8ed1-497d-a77c-04fe31ab815e,2,to maintain,/Volumes/Spanish2Bundle/2Pictures/Flashcard/maintain.jpg
2193,4b3f1b1a-34b1-4169-84a9-31640a605007,2,tax,/Volumes/Spanish2Bundle/2Pictures/Flashcard/tax.jpg
2201,d0b7f087-2333-423e-8808-ccb68a9f8566,2,pay,/Volumes/Spanish1Bundle/1Pictures/Flashcard/pay.jpg
1675,23ddb029-0a0c-47f3-a9b6-62a3917d4513,2,European (m/f),/Volumes/Spanish2Bundle/2Pictures/Flashcard/European.jpg
1032,070e640a-48c0-4a5d-ae1b-8c7fbb800d46,1,see you soon!,/Volumes/Spanish1Bundle/1Pictures/Flashcard/see you soon.jpg
2024,e1fcc49f-626e-4dfb-8ece-cd1438195898,2,map,/Volumes/Spanish2Bundle/2Pictures/Flashcard/map.jpg
1975,b052bf9b-9425-44e3-b811-0b246c70c5e0,2,present-day,/Volumes/Spanish2Bundle/2Pictures/Flashcard/present-day.jpg
1976,2501a6fd-4b3f-498a-a9e9-4412732bcad0,2,past,/Volumes/Spanish2Bundle/2Pictures/Flashcard/past.jpg
2105,dfca9582-6a58-44fa-a3cc-01e6e9ad264c,2,to add,/Volumes/Spanish2Bundle/2Pictures/Flashcard/add.jpg
1973,f2812235-fdfd-41e2-bcb8-8c03d5601c86,2,future,/Volumes/Spanish2Bundle/2Pictures/Flashcard/future.jpg
1376,3c54c7e1-6300-4a6a-86ad-e1084ebf3b19,2,same to you!,/Volumes/Spanish2Bundle/2Pictures/Flashcard/same to you.jpg
1476,30402e02-73f0-4da9-af51-5bb6c2aa3b08,2,to cough,/Volumes/Spanish2Bundle/2Pictures/Flashcard/cough.jpg
1556,1922f412-f423-46e4-94ef-60509d6fafa8,2,pane of glass,/Volumes/Spanish2Bundle/2Pictures/Flashcard/pane of glass.jpg
911,74eebe30-da21-4bd0-b7f5-85fdc97af195,1,"no, not","/Volumes/Spanish1Bundle/1Pictures/Flashcard/no, not.jpg"
2130,c9b27690-4c6e-42a1-a35d-8e6bd761787d,2,to work (of machinery),/Volumes/Spanish2Bundle/2Pictures/Flashcard/work (of machinery).jpg
2003,cda7dfaf-27ff-49f6-a044-320c733d4046,2,motorcycle,/Volumes/Spanish2Bundle/2Pictures/Flashcard/motorcycle.jpg
1380,2fb0d581-bba9-4941-a2eb-16f4c174bc04,2,excuse me!,/Volumes/Spanish2Bundle/2Pictures/Flashcard/excuse me.jpg
1422,165e2b06-6dc7-40a8-85f0-0ef1b2bde8e4,2,beetroot,/Volumes/Spanish2Bundle/2Pictures/Flashcard/beetroot.jpg
1646,c36c647b-e106-4aca-bc7d-4cb12620030f,2,band (2),/Volumes/Spanish2Bundle/2Pictures/Flashcard/band (2).jpg
1365,c7c9137c-c950-4627-bb30-c296b2d59b93,2,how do you spell…?,/Volumes/Spanish2Bundle/2Pictures/Flashcard/how do you spell.jpg
1427,19d923e0-9075-4d40-8514-1c1a0d4f18c9,2,liver,/Volumes/Spanish2Bundle/2Pictures/Flashcard/liver.jpg
1396,280aebfb-f9ce-491c-9084-499f3b66e0e6,2,fruit juice,/Volumes/Spanish2Bundle/2Pictures/Flashcard/fruit juice.jpg
1435,38ad2520-2218-4d4e-9ba7-3271748ad7bb,2,salami-type sausage,/Volumes/Spanish2Bundle/2Pictures/Flashcard/salami-type sausage.jpg
2138,dfb8d9c3-7b64-499c-bbf9-7115f0b1c68b,2,bad weather,/Volumes/Spanish2Bundle/2Pictures/Flashcard/bad weather.jpg
1403,86a2340c-85cb-461e-83d5-5ffce0b8f38e,2,lemonade (2),/Volumes/Spanish2Bundle/2Pictures/Flashcard/lemonade (2).jpg
1391,6bb688cb-ab15-4f92-a35f-f1c0245f8b42,2,orange squash,/Volumes/Spanish2Bundle/2Pictures/Flashcard/orange squash.jpg
1490,8d0eea85-5848-42ce-ae95-0fe6117d3013,2,to worry,/Volumes/Spanish2Bundle/2Pictures/Flashcard/worry.jpg
655,7507702b-7a24-4b56-84c1-1eff0a72c0ca,1,too much,/Volumes/Spanish1Bundle/1Pictures/Flashcard/too much.jpg
920,c4d5f28a-665c-4017-9356-4779f4d5e35a,1,you (informal singular),/Volumes/Spanish1Bundle/1Pictures/Flashcard/you (informal singular).jpg
1543,8359fa8a-ac57-450b-ac9e-2f0b495c7dcd,2,to insure,/Volumes/Spanish2Bundle/2Pictures/Flashcard/insure.jpg
1615,e3b77bbb-114a-49a3-83a2-5d34d1ba32db,2,clown,/Volumes/Spanish2Bundle/2Pictures/Flashcard/clown.jpg
2140,8d5ba8df-90dd-45fb-94f7-1b1f5145d9ee,2,to thunder,/Volumes/Spanish2Bundle/2Pictures/Flashcard/thunder.jpg
1921,fa45a763-c4c9-464a-af70-86a72da9f30b,2,result,/Volumes/Spanish2Bundle/2Pictures/Flashcard/result.jpg
645,1957bd3e-89c4-4b9b-ba2a-46f17517e9d5,1,how much?,/Volumes/Spanish1Bundle/1Pictures/Flashcard/how much.jpg
2042,62608d99-4636-4a6f-b58c-612409ad660a,2,to take or to catch,/Volumes/Spanish2Bundle/2Pictures/Flashcard/take or to catch.jpg
2089,f11a0d81-45a3-4c91-9f0a-704746178773,2,to be found,/Volumes/Spanish2Bundle/2Pictures/Flashcard/be found.jpg
267,1eefc62c-dfad-431c-ba2b-bac0fe4c475c,1,cupboard,/Volumes/Spanish1Bundle/1Pictures/Flashcard/cupboard.jpg
563,ccb9c31b-2c91-4bc9-a52d-6708bc61e574,1,banana,/Volumes/Spanish1Bundle/1Pictures/Flashcard/banana.jpg
1286,e1b87529-6acc-423f-a82f-c032674fb3db,2,shop assistant (f),/Volumes/Spanish2Bundle/2Pictures/Flashcard/shop assistant.jpg
2107,a9aa4f9f-fcac-441c-992f-a7da22cc453d,2,to lose,/Volumes/Spanish2Bundle/2Pictures/Flashcard/lose.jpg
409,02d6400f-2c18-4bac-af36-dbacea929c06,1,dressing table,/Volumes/Spanish1Bundle/1Pictures/Flashcard/dressing table.jpg
413,b344452e-1f75-4710-a021-de45c6b0be68,1,bag (m/f),/Volumes/Spanish1Bundle/1Pictures/Flashcard/bag.jpg
868,d26c30fa-4cd6-4d59-8d99-cd4212a7d9d2,1,own,/Volumes/Spanish1Bundle/1Pictures/Flashcard/own.jpg
497,e753d472-cdb2-4fe0-b930-92ac33fcf74e,1,where?,/Volumes/Spanish1Bundle/1Pictures/Flashcard/where.jpg
504,7efcc600-e7ff-4461-a3aa-3f2fd94e136b,1,to think,/Volumes/Spanish1Bundle/1Pictures/Flashcard/think.jpg
566,6c82a437-a3ee-4742-8b8e-14c4dca4db30,1,vegetables,/Volumes/Spanish1Bundle/1Pictures/Flashcard/vegetables.jpg
956,4f81e1d2-4521-49b5-a2e1-c4089a91487f,1,this,/Volumes/Spanish1Bundle/1Pictures/Flashcard/this.jpg
1235,3b0f5466-82a5-43e5-8f79-7a2499354609,2,unfortunately,/Volumes/Spanish2Bundle/2Pictures/Flashcard/unfortunately.jpg
328,533633da-6201-461b-b68e-ea5dd582ab29,1,"tomorrow, morning","/Volumes/Spanish1Bundle/1Pictures/Flashcard/tomorrow, morning.jpg"
471,d2634a81-11ad-4155-bac3-5fb840cc2c8d,1,"from, of","/Volumes/Spanish1Bundle/1Pictures/Flashcard/from, of.jpg"
848,a5b00126-48ce-4a34-a223-0df0b834b72c,1,fortunate,/Volumes/Spanish1Bundle/1Pictures/Flashcard/fortunate.jpg
1283,f89f5f9e-e9b8-49dd-9357-b2157725839e,2,actor,/Volumes/Spanish2Bundle/2Pictures/Flashcard/actor.jpg
710,ce510430-0889-425a-b05c-1396a1d216ab,1,never (not ever),/Volumes/Spanish1Bundle/1Pictures/Flashcard/never (not ever).jpg
1526,5a5c0998-123d-47f7-9078-878bdfc69f74,2,armchair,/Volumes/Spanish2Bundle/2Pictures/Flashcard/armchair.jpg
2129,8fe23593-7f67-4f9b-86bd-e968fa820a03,2,to make,/Volumes/Spanish2Bundle/2Pictures/Flashcard/make.jpg
1770,44f21c00-d4e7-4913-aa00-6a1a0d8dda01,2,mother in law,/Volumes/Spanish2Bundle/2Pictures/Flashcard/mother in law.jpg
1931,0dc2fa96-ae4a-4891-8546-a3fd87c15b2f,2,"umpire ,referee","/Volumes/Spanish2Bundle/2Pictures/Flashcard/umpire ,referee.jpg"
1739,caeae37f-74f7-4913-83ca-3a5a15bee1c1,2,ankle,/Volumes/Spanish2Bundle/2Pictures/Flashcard/ankle.jpg
143,d095e2c7-3df6-417f-88ab-9ff9a279c625,1,joke,/Volumes/Spanish1Bundle/1Pictures/Flashcard/joke.jpg
463,36bb9395-6764-4679-b478-7e929b2951af,1,train,/Volumes/Spanish1Bundle/1Pictures/Flashcard/train.jpg
251,5d71f4a8-4672-4353-a5b8-ea545b973715,1,pork sausage,/Volumes/Spanish1Bundle/1Pictures/Flashcard/pork sausage.jpg
293,b78c25ba-5a4b-407f-9f53-d2869762ecb3,1,head,/Volumes/Spanish1Bundle/1Pictures/Flashcard/head.jpg
1917,db4a6c2b-4899-4122-bb3b-0e584434bc93,2,problem,/Volumes/Spanish2Bundle/2Pictures/Flashcard/problem.jpg
1209,a0e5effb-6c97-4819-9fd0-ab9ee87b6e6b,2,ashamed,/Volumes/Spanish2Bundle/2Pictures/Flashcard/ashamed.jpg
1759,a54d3078-ac0d-445e-954a-9277f1b0fbad,2,necklace,/Volumes/Spanish2Bundle/2Pictures/Flashcard/necklace.jpg
1860,16f72fb0-aa05-463b-8686-3e3ab1cd054e,2,scarcely,/Volumes/Spanish2Bundle/2Pictures/Flashcard/scarcely.jpg
356,07384d5d-0ab3-460a-8120-9375e634b122,1,bird,/Volumes/Spanish1Bundle/1Pictures/Flashcard/bird.jpg
443,53bed6a1-26f6-425f-b2d7-e3156cc909e3,1,motorway,/Volumes/Spanish1Bundle/1Pictures/Flashcard/motorway.jpg
346,44a8bf35-bca1-4bed-b81b-b672e9f3b420,1,goat,/Volumes/Spanish1Bundle/1Pictures/Flashcard/goat.jpg
1619,50aa0e6d-6f72-476c-a1fe-0ae2c6d2e146,2,jogging,/Volumes/Spanish2Bundle/2Pictures/Flashcard/jogging.jpg
24,33776cf9-3ab8-4e92-81e7-a18c6b397d07,1,word,/Volumes/Spanish1Bundle/1Pictures/Flashcard/word.jpg
448,80f96772-8595-47cb-8a03-6d8280e7b92d,1,to drive,/Volumes/Spanish1Bundle/1Pictures/Flashcard/drive.jpg
722,091f2ae3-ced8-4107-aecd-ce253136a01d,1,to have lunch,/Volumes/Spanish1Bundle/1Pictures/Flashcard/have lunch.jpg
1919,6c81b870-4e1b-491a-b19b-1c9dc3856293,2,explanation,/Volumes/Spanish2Bundle/2Pictures/Flashcard/explanation.jpg
1185,ba9cf87d-43ae-4408-8eef-0634b8694ff5,2,good-humoured,/Volumes/Spanish2Bundle/2Pictures/Flashcard/good-humoured.jpg
1762,b9a46cf0-4744-424a-867a-7fd60c96885e,2,fashion,/Volumes/Spanish2Bundle/2Pictures/Flashcard/fashion.jpg
4946,e0523d09-f5fa-420d-bdaf-982781c65bbc,21,Please,/Volumes/Spanish1Bundle/1Pictures/Flashcard/school.jpg
1924,b62e1936-5159-451d-804c-abaf8f4f2a5c,2,member,/Volumes/Spanish2Bundle/2Pictures/Flashcard/member.jpg
123,0ca9b114-40bd-4033-beec-e7d1e64b7199,1,light,/Volumes/Spanish1Bundle/1Pictures/Flashcard/light.jpg
196,99155d36-c530-4e5f-8502-06a66fec2068,1,bottle,/Volumes/Spanish1Bundle/1Pictures/Flashcard/bottle.jpg
207,124abd8a-7d86-4239-ae3b-55b16a19f380,1,clean,/Volumes/Spanish1Bundle/1Pictures/Flashcard/clean.jpg
212,44081e32-d159-4f26-8272-54e20b19d764,1,sauce,/Volumes/Spanish1Bundle/1Pictures/Flashcard/sauce.jpg
374,7c9f2dfd-b520-4f1c-a2e3-081c2cf13a01,1,nurse (f),/Volumes/Spanish1Bundle/1Pictures/Flashcard/nurse (f).jpg
557,f387ae78-4965-4520-9cd6-9e44023b6ca4,1,avocado,/Volumes/Spanish1Bundle/1Pictures/Flashcard/avocado.jpg
896,49360f77-0200-4ba3-93ab-4c627a9222f1,1,north,/Volumes/Spanish1Bundle/1Pictures/Flashcard/north.jpg
1910,c0eea41b-4685-4174-b02a-472b07872f22,2,"analysis ,test","/Volumes/Spanish2Bundle/2Pictures/Flashcard/analysis ,test.jpg"
1923,f97ea0f7-184e-4e60-8855-6a71f8734593,2,competition,/Volumes/Spanish2Bundle/2Pictures/Flashcard/competition.jpg
397,7885f75b-3dbd-4eda-8fac-f84d32b03870,1,bedroom,/Volumes/Spanish1Bundle/1Pictures/Flashcard/bedroom.jpg
1883,6e6cbe6f-e087-4653-9f94-cca21742d046,2,"thief ,robber","/Volumes/Spanish2Bundle/2Pictures/Flashcard/thief ,robber.jpg"
929,dee1f37c-4181-42f0-84b8-53e9b1a96fd9,1,brush,/Volumes/Spanish1Bundle/1Pictures/Flashcard/brush.jpg
2177,5f795d87-dd9b-4839-8187-b03b0dce32a6,2,agreement,/Volumes/Spanish2Bundle/2Pictures/Flashcard/agreement.jpg
177,e817bfcb-23c8-4f62-902b-25a769bbf7ee,1,"handsome, pretty","/Volumes/Spanish1Bundle/1Pictures/Flashcard/handsome, pretty.jpg"
121,db329003-6e85-48a3-885f-fc713ca30dc0,1,phonecall,/Volumes/Spanish1Bundle/1Pictures/Flashcard/phonecall.jpg
1892,9a613dfe-ac74-4358-a2e1-6aa3286bfda2,2,discussion,/Volumes/Spanish2Bundle/2Pictures/Flashcard/discussion.jpg
1192,c63399ea-e7cd-40d0-8a7b-9ca03af0f088,2,luxurious,/Volumes/Spanish2Bundle/2Pictures/Flashcard/luxurious.jpg
459,12204c5a-3b96-44b9-8d7f-290d1d4507bf,1,engine,/Volumes/Spanish1Bundle/1Pictures/Flashcard/engine.jpg
198,e3641ae4-e7eb-4b9d-bf19-7e0aa18f76f4,1,cafeteria,/Volumes/Spanish1Bundle/1Pictures/Flashcard/cafeteria.jpg
259,76646302-0ac3-4636-8d82-5efe311199e3,1,"seafood, shellfish","/Volumes/Spanish1Bundle/1Pictures/Flashcard/seafood, shellfish.jpg"
157,a273f839-2105-4fd2-88f6-6e51e9e3aa3a,1,marriage,/Volumes/Spanish1Bundle/1Pictures/Flashcard/marriage.jpg
271,861d0e0a-bc29-4c4f-abcd-51acd3390fff,1,freezer,/Volumes/Spanish1Bundle/1Pictures/Flashcard/freezer.jpg
303,162d133a-b9b2-4e9d-9093-5e6ca8e046c1,1,cheek,/Volumes/Spanish1Bundle/1Pictures/Flashcard/cheek.jpg
883,b8f36789-0330-4127-a24b-8211df85893e,1,beneath,/Volumes/Spanish1Bundle/1Pictures/Flashcard/beneath.jpg
4071,0801cd22-8bcc-4c01-bb2e-118b549794af,21,Enjoy your meal!,/Volumes/Spanish1Bundle/1Pictures/Flashcard/enjoy your meal!.jpg
351,1e489dfb-3e6d-456e-90d4-4efa408f023f,1,butterfly,/Volumes/Spanish1Bundle/1Pictures/Flashcard/butterfly.jpg
361,52314d4c-ec1c-4dea-8b26-e0d5d65d3908,1,mouse,/Volumes/Spanish1Bundle/1Pictures/Flashcard/mouse.jpg
140,91c990ca-4984-4f4f-8475-c0e296a571df,1,help (assistance),/Volumes/Spanish1Bundle/1Pictures/Flashcard/help (assistance).jpg
296,ec73f064-7223-476f-9679-f42853024c55,1,body,/Volumes/Spanish1Bundle/1Pictures/Flashcard/body.jpg
284,e01ebd1c-9313-4fc8-88cb-31292bec9f08,1,pan,/Volumes/Spanish1Bundle/1Pictures/Flashcard/pan.jpg
518,b1ee6d8d-84ff-46a4-a81e-e64c6a79c590,1,stream,/Volumes/Spanish1Bundle/1Pictures/Flashcard/stream.jpg
285,6ba9eb0b-102e-4a4d-8bc4-0702d5be4470,1,corkscrew,/Volumes/Spanish1Bundle/1Pictures/Flashcard/corkscrew.jpg
306,92507ed6-bce6-4209-abfc-b49514022bed,1,to hear,/Volumes/Spanish1Bundle/1Pictures/Flashcard/hear.jpg
246,bce91a47-997f-49a6-a5e3-154785de7a6b,1,"cocoa, chocolate drink","/Volumes/Spanish1Bundle/1Pictures/Flashcard/cocoa, chocolate drink.jpg"
648,1be7280e-10db-4db0-801c-3466ea9f4e6e,1,"wide, spacious, extensive","/Volumes/Spanish1Bundle/1Pictures/Flashcard/wide, spacious, extensive.jpg"
373,267bf9fa-a2e8-402c-8164-70435a35903a,1,illness,/Volumes/Spanish1Bundle/1Pictures/Flashcard/illness.jpg
544,a61dac26-557c-450c-9c1b-fefeb5e0d9cc,1,pea,/Volumes/Spanish1Bundle/1Pictures/Flashcard/pea.jpg
327,e64bcc0e-f425-4ab1-994e-b8eda8adf168,1,today,/Volumes/Spanish1Bundle/1Pictures/Flashcard/today.jpg
423,7910cb79-f5f0-4b23-9d07-11f124f1abcc,1,"to take (a person), to wear, to carry","/Volumes/Spanish1Bundle/1Pictures/Flashcard/take (a person), to wear, to carry.jpg"
388,35aec5e2-b5d7-41cb-b289-a8d80a0553ba,1,"wardrobe, cupboard",/Volumes/Spanish1Bundle/1Pictures/Flashcard/wardrobe.jpg
700,d700362f-eada-4936-8c84-e38145aebda4,1,with me,/Volumes/Spanish1Bundle/1Pictures/Flashcard/with me.jpg
511,1a0a9a66-20b9-41f4-a658-2079466f6bfa,1,"your, his, her, their","/Volumes/Spanish1Bundle/1Pictures/Flashcard/your, his, her, their.jpg"
436,7c1e4668-a3e0-4c19-8f1e-44e596aedb10,1,platform,/Volumes/Spanish1Bundle/1Pictures/Flashcard/platform.jpg
757,10712216-6453-47c9-b313-291624f09109,1,the weather is hot,/Volumes/Spanish1Bundle/1Pictures/Flashcard/the weather is hot.jpg
628,460ad648-00eb-4fa6-a5e3-87e5b9d99491,1,sister,/Volumes/Spanish1Bundle/1Pictures/Flashcard/sister.jpg
638,18a3f95d-fae9-4ea8-8063-95dde3fa1421,1,boyfriend,/Volumes/Spanish1Bundle/1Pictures/Flashcard/boyfriend.jpg
677,bb54b8b6-8e8c-4771-bdf3-7daf39127bbd,1,expensive (costly),/Volumes/Spanish1Bundle/1Pictures/Flashcard/expensive (costly).jpg
1003,fe132007-8d98-4481-8266-b61b712b835f,1,to have to (should),/Volumes/Spanish1Bundle/1Pictures/Flashcard/have to (should).jpg
1321,26d73e47-3c75-4301-8928-664aed5dad09,2,to take place,/Volumes/Spanish2Bundle/2Pictures/Flashcard/take place.jpg
650,d0b8323d-9dc4-49aa-8331-01e1283f149b,1,enough,/Volumes/Spanish1Bundle/1Pictures/Flashcard/enough.jpg
731,080fbcb3-7185-49fc-afbd-153e70d1bba4,1,breakfast,/Volumes/Spanish1Bundle/1Pictures/Flashcard/breakfast.jpg
1363,ecae6e41-812f-4469-91a3-60228b68c29b,2,how are you? (2),/Volumes/Spanish2Bundle/2Pictures/Flashcard/how are you (2).jpg
756,5acf189c-7e18-4f83-8a39-6495eaf03acf,1,the weather is nice,/Volumes/Spanish1Bundle/1Pictures/Flashcard/the weather is nice.jpg
902,b81355ca-ea2f-4833-a0aa-d75926c37428,1,"in, on","/Volumes/Spanish1Bundle/1Pictures/Flashcard/in, on.jpg"
702,cd470001-51ed-43d0-82f3-027c929c4db2,1,"since, from","/Volumes/Spanish1Bundle/1Pictures/Flashcard/since, from.jpg"
2167,4002687c-1d2a-4c01-91d4-dde6249d23e4,2,to follow,/Volumes/Spanish2Bundle/2Pictures/Flashcard/follow.jpg
1622,8093e7fb-edd3-4c54-8200-46b33460a8bf,2,silk,/Volumes/Spanish2Bundle/2Pictures/Flashcard/silk.jpg
923,15b4a8eb-08d2-4038-bea5-41ecbbca045c,1,you (informal plural),/Volumes/Spanish1Bundle/1Pictures/Flashcard/you (informal plural).jpg
1039,e384ebba-8f55-4fa9-9983-4047e74a2fb9,1,help! (emergency),/Volumes/Spanish1Bundle/1Pictures/Flashcard/help! (emergency).jpg
862,5e3a5bc0-88f4-47a4-9391-374fc8544963,1,"ready, clever","/Volumes/Spanish1Bundle/1Pictures/Flashcard/ready, clever.jpg"
1689,2deeda21-8ac7-4183-bc8f-76f93c692b35,2,England,/Volumes/Spanish2Bundle/2Pictures/Flashcard/England.jpg
1343,469b8c50-2887-4477-87ca-6c622b1f1b77,2,harvest,/Volumes/Spanish2Bundle/2Pictures/Flashcard/harvest.jpg
1050,5b930ba1-84a2-452b-9ea8-979ec7ce4465,1,bring me!,/Volumes/Spanish1Bundle/1Pictures/Flashcard/bring me!.jpg
1478,41aff781-ad43-4fa9-9e33-b13e6ca11380,2,treatment,/Volumes/Spanish2Bundle/2Pictures/Flashcard/treatment.jpg
1551,06b9dc80-d57d-4a37-afea-4c54c3de28f3,2,"fridge ,refrigerator","/Volumes/Spanish2Bundle/2Pictures/Flashcard/fridge ,refridgerator (US).jpg"
964,500b18e6-2d28-4d02-b051-447be6640df6,1,place,/Volumes/Spanish1Bundle/1Pictures/Flashcard/place.jpg
1378,f4eb38a3-c21e-4dc7-ae3b-8d4b4af39252,2,it's nothing!,/Volumes/Spanish2Bundle/2Pictures/Flashcard/its nothing.jpg
1451,014d068a-014b-413a-9a8d-2a31126c16d0,2,vinegar,/Volumes/Spanish2Bundle/2Pictures/Flashcard/vinegar.jpg
1606,dde72c5a-48fa-4c58-8e17-6b354e0eec67,2,activity,/Volumes/Spanish2Bundle/2Pictures/Flashcard/activity.jpg
1771,351a8818-d482-4076-9589-e5550cf8a602,2,marital status,/Volumes/Spanish2Bundle/2Pictures/Flashcard/marital status.jpg
1367,70dfc8a0-3e64-4ba4-8dcd-ba64211e1295,2,"absolutely not! ,Not at all!","/Volumes/Spanish2Bundle/2Pictures/Flashcard/absolutely not ,Not at all.jpg"
1388,a600b495-0acd-4c63-9917-634d4e5f0ebc,2,cider,/Volumes/Spanish2Bundle/2Pictures/Flashcard/cider.jpg
1768,1e2a278f-4a9f-4296-bd75-5019678f30f0,2,suit,/Volumes/Spanish2Bundle/2Pictures/Flashcard/suit.jpg
1779,de788e36-792e-4a92-9786-8b96f8ae063a,2,twin,/Volumes/Spanish2Bundle/2Pictures/Flashcard/twin.jpg
1767,db1f144d-bbc9-4899-abab-b46642adf3e1,2,wallet,/Volumes/Spanish2Bundle/2Pictures/Flashcard/wallet.jpg
1940,07119135-3346-49e2-8186-06539734dfb1,2,fed up,/Volumes/Spanish2Bundle/2Pictures/Flashcard/fed up.jpg
2020,59fce5bd-014d-4810-bbb8-621c40312051,2,hovercraft,/Volumes/Spanish2Bundle/2Pictures/Flashcard/hovercraft.jpg
2077,a30ced31-08a6-4082-a783-fbc40a9e293e,2,to put up with,/Volumes/Spanish2Bundle/2Pictures/Flashcard/put up with.jpg
1950,5410b0fd-0124-483f-90ab-22642c2234d4,2,hope,/Volumes/Spanish2Bundle/2Pictures/Flashcard/hope.jpg
1939,cc12fbe4-8825-44c8-9b93-892870b35f4d,2,depressed,/Volumes/Spanish2Bundle/2Pictures/Flashcard/depressed.jpg
2051,c2a2003d-c561-4599-9eed-d3c02c682de2,2,to get washed,"/Volumes/Spanish2Bundle/2Pictures/Flashcard/get washed ,v.jpg"
2148,4e9286da-b211-4e46-bf7e-15babf604a4a,2,mild,/Volumes/Spanish2Bundle/2Pictures/Flashcard/mild.jpg
2182,72dea909-7c62-42c0-89b4-93eaf6ef911d,2,diary,/Volumes/Spanish2Bundle/2Pictures/Flashcard/diary.jpg
2085,2242441a-994e-4957-b27c-938b75ad367b,2,to say goodbye to,"/Volumes/Spanish2Bundle/2Pictures/Flashcard/say goodbye to ,v.jpg"
1937,b7d3a348-1d3e-45f1-b9dc-8d0b9d40c664,2,to score a goal,/Volumes/Spanish2Bundle/2Pictures/Flashcard/score a goal.jpg
1276,d06364d3-fd44-487f-8c4d-dc70e596b44b,2,Dear (in correspondence or a letter),/Volumes/Spanish2Bundle/2Pictures/Flashcard/Dear (in correspondence or a letter).jpg
1909,56f0935f-c1d2-4293-8920-61f600e454a3,2,disadvantage,/Volumes/Spanish2Bundle/2Pictures/Flashcard/disadvantage.jpg
1934,c03586b0-3ca3-4052-806d-b5318422c1c9,2,"to take part in ,to participate","/Volumes/Spanish2Bundle/2Pictures/Flashcard/take part in ,participate.jpg"
1011,a162e3db-8ab1-49dc-a4c6-7dad893b1ac3,1,to speak,/Volumes/Spanish1Bundle/1Pictures/Flashcard/speak.jpg
1210,beafaec6-7e61-4a12-9007-0398ef7fc839,2,uncomfortable,/Volumes/Spanish2Bundle/2Pictures/Flashcard/uncomfortable.jpg
1214,a4da3004-9eb2-4dfa-8ced-039c0a69138e,2,unpleasant,/Volumes/Spanish2Bundle/2Pictures/Flashcard/unpleasant.jpg
375,26a0856c-4376-45bf-9abf-d1a84e0d46db,1,to feel ill,/Volumes/Spanish1Bundle/1Pictures/Flashcard/feel ill.jpg
458,61b01d0d-e354-4c76-abb5-5c753f54755e,1,airline,/Volumes/Spanish1Bundle/1Pictures/Flashcard/airline.jpg
568,4551927d-8da1-4a5a-af9c-8523ea6532f5,1,to dance,"/Volumes/Spanish1Bundle/1Pictures/Flashcard/dance,v.jpg"
2078,9cd83e79-5b2f-4d05-bfe1-7ad07400c4cc,2,to greet,/Volumes/Spanish2Bundle/2Pictures/Flashcard/greet.jpg
1268,8c5620a9-5701-4b6e-86f2-dad0a3d63693,2,"bank ,bench","/Volumes/Spanish2Bundle/2Pictures/Flashcard/bank ,bench.jpg"
379,5ac926c5-e82d-48e4-ab19-7a5dbceef813,1,inflammation,/Volumes/Spanish1Bundle/1Pictures/Flashcard/inflammation.jpg
401,06ea6719-ddc1-4f01-95e2-1416a080a47b,1,lamp,/Volumes/Spanish1Bundle/1Pictures/Flashcard/lamp.jpg
1463,01a0d49a-5911-4d84-a663-5d21080c8b08,2,apple tree,/Volumes/Spanish2Bundle/2Pictures/Flashcard/apple tree.jpg
1302,5ac0b7f1-09a6-4caa-8c99-56a73986ce75,2,tradition,/Volumes/Spanish2Bundle/2Pictures/Flashcard/tradition.jpg
189,171f0bda-7d02-4945-94c8-edcd1b48f487,1,haste,/Volumes/Spanish1Bundle/1Pictures/Flashcard/haste.jpg
1179,5efea7fe-b336-4dc0-9ecf-8a15e7e5e00a,2,emotional,/Volumes/Spanish2Bundle/2Pictures/Flashcard/emotional.jpg
384,6c81d651-b8fd-47af-9254-7dda298a316a,1,to feel,/Volumes/Spanish1Bundle/1Pictures/Flashcard/feel.jpg
1194,b411bf01-67fc-4796-978a-12620f599c99,2,generous,/Volumes/Spanish2Bundle/2Pictures/Flashcard/generous.jpg
1426,34fe3218-306a-490b-9395-d417ad684bf5,2,veal,/Volumes/Spanish2Bundle/2Pictures/Flashcard/veal.jpg
1309,318fa615-e74e-4aa5-8303-3e08e58de23b,2,to enjoy,/Volumes/Spanish2Bundle/2Pictures/Flashcard/enjoy.jpg
365,d1720557-0b7f-4781-b102-80b805ad6ecd,1,ambulance,/Volumes/Spanish1Bundle/1Pictures/Flashcard/ambulance.jpg
1191,fe1d2c2c-a3e0-42fa-88a4-1790dcba6412,2,shy,/Volumes/Spanish2Bundle/2Pictures/Flashcard/shy.jpg
454,b61fa040-6bef-4d00-9aea-fd04c98841ac,1,railway,/Volumes/Spanish1Bundle/1Pictures/Flashcard/railway.jpg
1467,37d2304d-a2a8-4eaf-8093-a53856dc39bd,2,"hut ,shed","/Volumes/Spanish2Bundle/2Pictures/Flashcard/hut ,shed.jpg"
278,f97f9c8d-c452-4a4d-b7d6-4d2b2b99defb,1,jug,/Volumes/Spanish1Bundle/1Pictures/Flashcard/jug.jpg
457,756c518e-e03a-4170-87aa-a61820d7e4f3,1,gas station,/Volumes/Spanish1Bundle/1Pictures/Flashcard/gas station.jpg
940,36cb3997-00fb-4673-9932-a9d4b228c240,1,make-up,/Volumes/Spanish1Bundle/1Pictures/Flashcard/make-up.jpg
969,fbd1e646-6d66-4122-8a5b-d4da82b3533f,1,"their, your","/Volumes/Spanish1Bundle/1Pictures/Flashcard/their, your.jpg"
1290,e1146164-ab21-456f-908d-b66663b45cc0,2,shopkeeper (m),/Volumes/Spanish2Bundle/2Pictures/Flashcard/shopkeeper.jpg
1204,59c73f1b-a6ee-45af-91e9-20352025d31b,2,"very bad ,sad","/Volumes/Spanish2Bundle/2Pictures/Flashcard/very bad ,sad.jpg"
595,df311052-a4c4-484f-b501-c86c682e1248,1,"somebody, someone","/Volumes/Spanish1Bundle/1Pictures/Flashcard/somebody, someone.jpg"
657,e0184545-22fa-4475-b50d-31da4c03ced5,1,"shape, way","/Volumes/Spanish1Bundle/1Pictures/Flashcard/shape, way.jpg"
761,47703b0c-35f7-4ca2-8021-e368034e0881,1,humid,/Volumes/Spanish1Bundle/1Pictures/Flashcard/humid.jpg
632,85a77c7b-2960-4caf-a933-274a356e121e,1,childhood,/Volumes/Spanish1Bundle/1Pictures/Flashcard/childhood.jpg
836,43700d8b-394a-4c78-a3f0-736c57c7d8be,1,sea,/Volumes/Spanish1Bundle/1Pictures/Flashcard/sea.jpg
1840,5ac0a33c-9a81-430c-9f1d-f41ec1dd6852,2,"pupil ,student (m/f)","/Volumes/Spanish2Bundle/2Pictures/Flashcard/pupil ,student.jpg"
1040,00f892cf-5e0f-4bce-8779-8bc4dc85e191,1,to be (expressions),/Volumes/Spanish1Bundle/1Pictures/Flashcard/be (expressions).jpg
1262,01b60a2c-35d0-49ad-aec9-27aa62c85070,2,"to send ,to order (command)",/Volumes/Spanish2Bundle/2Pictures/Flashcard/send - to order (to do sthg).jpg
1651,93c2a985-74ef-4816-83b3-8c351f829b70,2,classical music,/Volumes/Spanish2Bundle/2Pictures/Flashcard/classical music.jpg
1572,22d3f3da-8042-4af3-b7a9-28bdbc39ba7b,2,to clean,/Volumes/Spanish1Bundle/1Pictures/Flashcard/clean.jpg
1281,da06593f-51d6-42df-8bdd-572d0741d235,2,qualified (m),/Volumes/Spanish2Bundle/2Pictures/Flashcard/qualified.jpg
1956,27bd0aab-226a-4e56-9d41-e3071e358c65,2,grateful,/Volumes/Spanish2Bundle/2Pictures/Flashcard/grateful.jpg
1278,a4568e52-4b7e-4265-bc24-0a182a8beef1,2,credit card,/Volumes/Spanish2Bundle/2Pictures/Flashcard/credit card.jpg
2028,9f37d01b-acfb-45da-b269-42ebd850a5c0,2,hitchhike,/Volumes/Spanish2Bundle/2Pictures/Flashcard/hitchhike.jpg
2080,25e8951d-6474-4f02-9cda-19ef516e38a7,2,to accompany,/Volumes/Spanish2Bundle/2Pictures/Flashcard/accompany.jpg
2076,3e3ac68f-122d-4a36-a797-871a415a6b7f,2,to judge,/Volumes/Spanish2Bundle/2Pictures/Flashcard/judge.jpg
2141,841ce0f9-1d7d-4336-8596-c56a0343105a,2,to get soaked,/Volumes/Spanish2Bundle/2Pictures/Flashcard/get soaked.jpg
2004,d31fd050-57b4-4e03-b999-7ea35e113b83,2,airline (2),/Volumes/Spanish2Bundle/2Pictures/Flashcard/airline (2).jpg
2001,8078c683-d27e-4b81-8e71-f96002232fc6,2,driving licence,/Volumes/Spanish2Bundle/2Pictures/Flashcard/driving licence.jpg
1339,17ee2e42-050a-41be-a9c8-0ead2d50d784,2,physical,/Volumes/Spanish2Bundle/2Pictures/Flashcard/physical.jpg
1518,f25fe2ca-a6f8-453f-a265-32e54b70112f,2,"suntan oil ,suntan lotion.","/Volumes/Spanish2Bundle/2Pictures/Flashcard/suntan oil ,suntan lotion.jpg"
2197,8b5df5d9-2235-4fd7-809b-388b26f47edb,2,advertisement,/Volumes/Spanish2Bundle/2Pictures/Flashcard/advertisement.jpg
2007,a76e7e8d-5e52-4afc-ba71-1ac903e972c0,2,rail,/Volumes/Spanish2Bundle/2Pictures/Flashcard/rail.jpg
1461,f12b0ac9-2e41-4a8b-9db1-59b0991df430,2,flour,/Volumes/Spanish2Bundle/2Pictures/Flashcard/flour.jpg
1540,70f8ae4c-9ca0-43ef-be72-c26aaaa662c4,2,match,/Volumes/Spanish2Bundle/2Pictures/Flashcard/match.jpg
2190,4fc34162-5f11-4de4-873b-26853f3d1612,2,farm,/Volumes/Spanish1Bundle/1Pictures/Flashcard/farm.jpg
9025,c1b9961c-e79d-4d94-bb9a-d5470ea0e975,22,Yours faithfully (formal) (as in end of a letter),/Volumes/Spanish2Bundle/2Pictures/Flashcard/Yours faithfully.jpg
1315,d52df4f8-8c7f-42dd-86dc-5c96fd067182,2,flag,/Volumes/Spanish2Bundle/2Pictures/Flashcard/flag.jpg
1335,8aa8e32e-fdd4-4f40-922e-05012f26e60f,2,wild,/Volumes/Spanish2Bundle/2Pictures/Flashcard/wild.jpg
1468,9d4d2f2d-e4be-4082-90f8-b9518774da79,2,rose,/Volumes/Spanish2Bundle/2Pictures/Flashcard/rose.jpg
1571,19fe55e7-d6fc-45ac-bc97-27ad39792a53,2,to sweep,/Volumes/Spanish2Bundle/2Pictures/Flashcard/sweep.jpg
1324,240e1710-e0d3-4d16-9b5e-1596dcb75e04,2,agriculture,/Volumes/Spanish2Bundle/2Pictures/Flashcard/agriculture.jpg
1325,3b6b6857-17cb-4d7c-8cda-ca610fc08ed7,2,mountain,/Volumes/Spanish2Bundle/2Pictures/Flashcard/mountain.jpg
1351,14bcb026-cdb2-4c1d-b907-c7c4d7f240db,2,misfortune,/Volumes/Spanish2Bundle/2Pictures/Flashcard/misfortune.jpg
1485,5d8caf47-de0c-4a56-b3c0-be89a2b7546b,2,to kill,/Volumes/Spanish2Bundle/2Pictures/Flashcard/kill.jpg
1650,d825b51c-bb4e-4c1b-bbf5-df67f51de239,2,orchestra,/Volumes/Spanish2Bundle/2Pictures/Flashcard/orchestra.jpg
1410,463e67f0-a623-434a-ba2f-8622aeac20cd,2,slice (of lemon),/Volumes/Spanish2Bundle/2Pictures/Flashcard/slice (of lemon).jpg
1428,96a58239-45c4-4659-9792-9b1d5c90ceb1,2,fillet,/Volumes/Spanish2Bundle/2Pictures/Flashcard/fillet.jpg
1533,4cb25dab-2993-4ac2-b758-2eef1ec22756,2,"tap ,faucet","/Volumes/Spanish2Bundle/2Pictures/Flashcard/tap ,faucet.jpg"
1568,77f8d118-eda2-4161-a6c2-5c33f3f1afbc,2,needle,/Volumes/Spanish2Bundle/2Pictures/Flashcard/needle.jpg
1841,16920e84-1608-4d2b-8105-e5ff562784e7,2,approximately,/Volumes/Spanish2Bundle/2Pictures/Flashcard/approximately.jpg
2189,a210e2a4-0b03-4e26-88fc-80a1e5742b27,2,to retire,/Volumes/Spanish2Bundle/2Pictures/Flashcard/retire.jpg
2198,431adb86-65f4-4cf0-8b9f-2485bf77134e,2,authority,/Volumes/Spanish2Bundle/2Pictures/Flashcard/authority.jpg
175,583ad7df-585b-4d6b-b4fb-b702f11de1f0,1,happy,/Volumes/Spanish1Bundle/1Pictures/Flashcard/happy.jpg
299,aa3d8e46-2a99-4f07-a6ca-228a0b8eda1e,1,tooth,/Volumes/Spanish1Bundle/1Pictures/Flashcard/tooth.jpg
456,8189b4e1-9546-4ad0-a06a-6c3ffc5172d3,1,petrol,/Volumes/Spanish1Bundle/1Pictures/Flashcard/petrol.jpg
2168,c4ec376f-cd1d-4c79-9740-20feb68ca1fa,2,side,/Volumes/Spanish2Bundle/2Pictures/Flashcard/side.jpg
1539,1c681f06-977a-4e71-8fde-3ae5841f17bd,2,thread,/Volumes/Spanish2Bundle/2Pictures/Flashcard/thread.jpg
2030,d4890e43-ec5f-49fb-b529-d1fd1e4d8156,2,travel agency,/Volumes/Spanish2Bundle/2Pictures/Flashcard/travel agency.jpg
2195,ede661c8-40aa-47f6-8fac-2a70c89e92a7,2,"office ,dispatch","/Volumes/Spanish2Bundle/2Pictures/Flashcard/office ,dispatch.jpg"
2200,daa4277d-b5fa-427c-82d0-2e4cadb1fcd3,2,agent (m/f),/Volumes/Spanish2Bundle/2Pictures/Flashcard/agent.jpg
135,7c9fec58-af17-45bd-9853-278ce5b9300a,1,"embrace, hug","/Volumes/Spanish1Bundle/1Pictures/Flashcard/embrace, hug.jpg"
2026,10b47f25-bd8e-45a2-bf58-7c552a3489d9,2,"single ,simple","/Volumes/Spanish2Bundle/2Pictures/Flashcard/single ,simple.jpg"
2191,ebae3850-8a6f-480e-8e49-a7da822c44af,2,"administration ,management","/Volumes/Spanish2Bundle/2Pictures/Flashcard/administration ,management.jpg"
240,c5cd4451-b4b9-47b9-a564-3635a3de574e,1,water,/Volumes/Spanish1Bundle/1Pictures/Flashcard/water.jpg
231,77135819-b410-4bd6-8564-29f1df32cc55,1,date of birth,/Volumes/Spanish1Bundle/1Pictures/Flashcard/date of birth.jpg
301,27aa79c5-e976-4bc7-b946-63a28be2dca1,1,lip,/Volumes/Spanish1Bundle/1Pictures/Flashcard/lip.jpg
529,f3a6e296-68b9-4124-af99-84ecab98d5db,1,farm,/Volumes/Spanish1Bundle/1Pictures/Flashcard/farm.jpg
2194,32c5a3c1-5cf7-4748-a89b-f2ce7a939e6e,2,business,/Volumes/Spanish2Bundle/2Pictures/Flashcard/business.jpg
149,03ab18b9-53f2-479e-9ade-12481cb2743b,1,favour,/Volumes/Spanish1Bundle/1Pictures/Flashcard/favour.jpg
386,0d392ede-498a-422d-a27d-8ed497a629b5,1,pillow,/Volumes/Spanish1Bundle/1Pictures/Flashcard/pillow.jpg
1285,ced415e3-e137-465a-9fee-837ec5090ef7,2,fireman,/Volumes/Spanish2Bundle/2Pictures/Flashcard/fireman.jpg
1347,1e394105-60d1-4f63-8b64-1f7f327fec32,2,"to break ,to smash","/Volumes/Spanish2Bundle/2Pictures/Flashcard/break ,to smash.jpg"
2158,d842e2e9-1a3b-4a58-afee-38489a4e491d,2,to cross (the street),"/Volumes/Spanish2Bundle/2Pictures/Flashcard/cross (the street) ,v.jpg"
9229,fcce8f31-2a36-4401-8b72-a583d08cb9bb,22,Unfortunately,/Volumes/Spanish2Bundle/2Pictures/Flashcard/attic.jpg
282,addf4abe-694a-4d94-ab3c-9ccc11020d3b,1,table,/Volumes/Spanish1Bundle/1Pictures/Flashcard/table.jpg
661,dd655a1f-56ab-4090-97e1-c169128576ed,1,half,/Volumes/Spanish1Bundle/1Pictures/Flashcard/half.jpg
828,9d031854-eee5-497b-8e27-4502039ebbaa,1,guide (person) (m/f),/Volumes/Spanish1Bundle/1Pictures/Flashcard/guide (person).jpg
438,41735ab7-29e6-4e5b-a334-8f2a945e9434,1,seat,/Volumes/Spanish1Bundle/1Pictures/Flashcard/seat.jpg
400,d3dc2cb9-d4f1-412f-a8d1-2e08be342846,1,pillow case,/Volumes/Spanish1Bundle/1Pictures/Flashcard/pillow case.jpg
1623,4e1b3af8-b160-4820-8ff1-f4dbca64c264,2,cardboard,/Volumes/Spanish2Bundle/2Pictures/Flashcard/cardboard.jpg
1247,c110fe20-9cfa-4013-8ed4-0d5901b68288,2,goose,/Volumes/Spanish2Bundle/2Pictures/Flashcard/goose.jpg
403,c11eefe7-e67b-4d32-97a7-730476f6c735,1,blanket,/Volumes/Spanish1Bundle/1Pictures/Flashcard/blanket.jpg
934,ff573669-b14d-4dba-b222-170f7a654d4c,1,to shower,"/Volumes/Spanish1Bundle/1Pictures/Flashcard/shower,v.jpg"
2019,0e0592ce-fd66-45c9-8df5-4324e22b91f0,2,brakes,/Volumes/Spanish2Bundle/2Pictures/Flashcard/brakes.jpg
2154,b657fcf9-220f-486a-b942-26e88089c3a0,2,degree centigrade,/Volumes/Spanish2Bundle/2Pictures/Flashcard/degree centigrade.jpg
1289,03ad1347-5236-4492-8646-458db15df6ad,2,teacher (primary school) (m/f),/Volumes/Spanish2Bundle/2Pictures/Flashcard/teacher (m) (primary school).jpg
1560,19e1f3ec-c1a6-4a3c-95e9-9d00278d3e5e,2,house move,/Volumes/Spanish2Bundle/2Pictures/Flashcard/house move.jpg
1311,11720a49-1f12-4ee7-9358-e54f8a99732c,2,New Year's Eve,/Volumes/Spanish2Bundle/2Pictures/Flashcard/New Years Eve.jpg
1644,ab18f3f9-a774-4b7d-a3d5-23f13c550d77,2,classical,/Volumes/Spanish2Bundle/2Pictures/Flashcard/classical.jpg
9160,4480a822-866d-426f-8d61-99b012a137d6,22,The calendar is on the chest of drawers.,/Volumes/Spanish2Bundle/2Pictures/Flashcard/chest of drawers.jpg
2125,1d4a95af-2722-4efb-83e1-49bb70a95b1b,2,to lock (close with key),/Volumes/Spanish2Bundle/2Pictures/Flashcard/lock (close with key).jpg
1384,8355ff88-8964-4b96-8c8e-097cd02f4f34,2,apple juice,/Volumes/Spanish2Bundle/2Pictures/Flashcard/apple juice.jpg
1336,27bc8cd0-49ef-43d6-9bfb-149336ef1cf8,2,wild flower,/Volumes/Spanish2Bundle/2Pictures/Flashcard/wild flower.jpg
1291,d27daa05-c02f-4564-b3a9-23a6e6d9944b,2,businessman (ho…),/Volumes/Spanish2Bundle/2Pictures/Flashcard/businessman (2).jpg
1554,7acc2dc2-ed91-48e0-bf39-84d3cef873e2,2,lounge,/Volumes/Spanish2Bundle/2Pictures/Flashcard/lounge.jpg
9360,306e5bef-c659-46a7-bb62-60c4e0ab9753,22,Place the boxes in rows. (inf.sing),/Volumes/Spanish2Bundle/2Pictures/Flashcard/row.jpg
1687,07835a10-4d3d-442b-a457-5bf5b235cb67,2,Spain,/Volumes/Spanish2Bundle/2Pictures/Flashcard/Spain.jpg
1693,1445e39f-98d6-45da-b501-7705c79e98b6,2,America,/Volumes/Spanish2Bundle/2Pictures/Flashcard/America.jpg
4866,49e3839a-0b16-49f5-baed-a15a9c7e42c6,21,My cousin (m) prefers chocolate cake.,/Volumes/Spanish1Bundle/1Pictures/Flashcard/cousin (m).jpg
9392,ef5f30b4-d0e6-4ab7-9236-59d75c407768,22,"(I)'m going to the beach, that's why (I)'m wearing my swimsuit and sunglasses.",/Volumes/Spanish2Bundle/2Pictures/Flashcard/sunglasses.jpg
1701,96101f0b-f19d-432a-acf3-9b92ac04cdbb,2,North America,/Volumes/Spanish2Bundle/2Pictures/Flashcard/North America.jpg
9503,863b430d-7a31-47c6-9ee8-fbef6c51b22f,22,This boarder's (boarding pupil's) pencil case was stolen.,/Volumes/Spanish2Bundle/2Pictures/Flashcard/boarder (male).jpg
1708,4aa85e34-73a3-439d-ad49-6294e5cd21f9,2,Denmark,/Volumes/Spanish2Bundle/2Pictures/Flashcard/Denmark.jpg
1755,a7bbd113-6a67-40f2-9259-5e239c72744e,2,tie,/Volumes/Spanish2Bundle/2Pictures/Flashcard/tie.jpg
9507,0f58fd1b-425a-4307-8cde-cad6220cee6b,22,(We) are going for a walk.,/Volumes/Spanish2Bundle/2Pictures/Flashcard/go for a walk.jpg
1743,70c50ccc-e7c1-4a44-a928-fb8dd60e8e57,2,buttock,/Volumes/Spanish2Bundle/2Pictures/Flashcard/buttock.jpg
1750,277346e2-5d14-46f4-b2ac-0ac5c271922b,2,cardigan,/Volumes/Spanish2Bundle/2Pictures/Flashcard/cardigan.jpg
1753,fc5bea37-d53a-4ad5-8017-6a3722aea338,2,handbag,/Volumes/Spanish2Bundle/2Pictures/Flashcard/handbag.jpg
1772,1e0309ae-d66a-4ea3-98e9-55e92ba62b28,2,godfather,/Volumes/Spanish2Bundle/2Pictures/Flashcard/godfather.jpg
1777,07dcb33c-d1a6-4545-9060-16c1e8daea35,2,widow,/Volumes/Spanish2Bundle/2Pictures/Flashcard/widow.jpg
1789,ae16fcfa-0ca9-49d3-8420-511f0fad50d2,2,son in law,/Volumes/Spanish2Bundle/2Pictures/Flashcard/son in law.jpg
1758,03b65814-bbe9-42f1-a6e5-f3eb63a020fb,2,raincoat,/Volumes/Spanish2Bundle/2Pictures/Flashcard/raincoat.jpg
4830,0926030f-49c7-4858-8bac-8c9c22192b63,21,The lesson took me two weeks to learn.,/Volumes/Spanish1Bundle/1Pictures/Flashcard/take.jpg
4834,fa2800b6-e12a-44e8-b1e7-a3c5cab9f216,21,My grandfather cuts the grass around the house.,/Volumes/Spanish1Bundle/1Pictures/Flashcard/grass.jpg
4868,889963df-bfc5-4f79-944f-47844935339e,21,My niece prefers chocolate cake.,/Volumes/Spanish1Bundle/1Pictures/Flashcard/chocolate.jpg
1816,81c153b2-d084-4bbc-896d-7ad6bdcbbd84,2,coffee with milk,/Volumes/Spanish2Bundle/2Pictures/Flashcard/coffee with milk.jpg
1769,505548f4-f096-4767-8009-f7fd366c9448,2,sunglasses,/Volumes/Spanish2Bundle/2Pictures/Flashcard/sunglasses.jpg
9521,16eaa12b-6768-48ff-9e10-3db0ad279746,22,Cider is like an apple juice (LAm) with alcohol.,/Volumes/Spanish2Bundle/2Pictures/Flashcard/apple juice.jpg
4960,e790d45f-242e-40cd-b4eb-637988179894,21,Pick me up at the hotel. (inf.sing),/Volumes/Spanish1Bundle/1Pictures/Flashcard/hotel.jpg
4962,17eee6f8-4abf-4efd-923f-9ff0d16188f7,21,(He) broke the front of the car.,/Volumes/Spanish1Bundle/1Pictures/Flashcard/front.jpg
1839,de2709b6-fa83-4a41-9612-5bea98a264c7,2,PE; physical education,"/Volumes/Spanish2Bundle/2Pictures/Flashcard/PE_ physical education ,physical training.jpg"
1800,f17e98b0-2f1f-4b6a-8909-f983bb56af4b,2,cutlery,/Volumes/Spanish2Bundle/2Pictures/Flashcard/cutlery.jpg
4992,26fd46c8-05bb-4f37-baec-d992ea77af29,21,"Yes, it was me (f) who bought all that food.",/Volumes/Spanish1Bundle/1Pictures/Flashcard/yes.jpg
1804,9d4e17f6-1229-4034-91e4-214551daada8,2,round of drinks,/Volumes/Spanish2Bundle/2Pictures/Flashcard/round of drinks.jpg
5012,9c16c60d-d905-4a0b-862a-97e3f24b6c8d,21,Her son will be born in July.,/Volumes/Spanish1Bundle/1Pictures/Flashcard/son.jpg
5021,d863a16f-2b7a-4a65-8491-e53757d0a85e,21,(I)'ll wait for you outside. (inf.sing),"/Volumes/Spanish1Bundle/1Pictures/Flashcard/out, outside.jpg"
1812,1c70ff5c-901d-4cfc-8269-d55e6272c217,2,price list,/Volumes/Spanish2Bundle/2Pictures/Flashcard/price list.jpg
5035,e2b47344-3ecc-45c5-be29-b4a7371171ea,21,(I) am in a hurry to get to (arrive at) the race.,/Volumes/Spanish1Bundle/1Pictures/Flashcard/be in a hurry.jpg
1853,c9e4b98f-f072-4946-a0f4-dedbf8cc7f5b,2,equally,/Volumes/Spanish2Bundle/2Pictures/Flashcard/equally.jpg
9006,b81957b1-40ec-425b-89ee-8811a9a7f04c,22,The shrub is a decorative plant.,/Volumes/Spanish2Bundle/2Pictures/Flashcard/shrub.jpg
9597,f0de7795-5ee1-4c62-a089-77878af95852,22,This man always achieves the goals for his company.,"/Volumes/Spanish2Bundle/2Pictures/Flashcard/objective ,goal.jpg"
1836,39f4a9c1-80e1-45a4-ac98-0dd3d2a777bb,2,to teach,"/Volumes/Spanish2Bundle/2Pictures/Flashcard/teach ,v.jpg"
5059,a3a0f57d-7579-49f5-bcde-d3071866ee1c,21,Your daughter is very pretty. (inf.sing),"/Volumes/Spanish1Bundle/1Pictures/Flashcard/pretty, lovely.jpg"
1942,dd98ae90-1bc1-49d3-a14c-1105cd3de9ff,2,astonished,/Volumes/Spanish2Bundle/2Pictures/Flashcard/astonished.jpg
5089,14b19f0b-3b54-46d8-a2f8-924818c9c89d,21,Let's go for a walk.,"/Volumes/Spanish1Bundle/1Pictures/Flashcard/walk, stroll, avenue.jpg"
1301,5a451f08-fe9f-41e6-bbcc-c4c0e772c5a4,2,to congratulate,"/Volumes/Spanish2Bundle/2Pictures/Flashcard/congratulate ,v.jpg"
130,fd7928d8-5956-46ce-8c93-00a31eea5208,1,radio,/Volumes/Spanish1Bundle/1Pictures/Flashcard/radio.jpg
190,ec1896bb-6520-4db2-b93a-974085d8f45a,1,feeling,/Volumes/Spanish1Bundle/1Pictures/Flashcard/feeling.jpg
234,06c38a09-f74f-4c36-816b-e7ec058af482,1,identity,/Volumes/Spanish1Bundle/1Pictures/Flashcard/identity.jpg
260,3591088b-3c97-47c1-b07e-b40bbc4eb5bc,1,fish (the food),/Volumes/Spanish1Bundle/1Pictures/Flashcard/fish (the food).jpg
264,46ef24b9-50a1-4c5a-b533-f16005974962,1,wine,/Volumes/Spanish1Bundle/1Pictures/Flashcard/wine.jpg
286,4da4fbac-73b0-4f4e-af2c-d849b0f4e458,1,frying pan,/Volumes/Spanish1Bundle/1Pictures/Flashcard/frying pan.jpg
298,b1c875b8-e4ef-4583-9337-35c60f8ac937,1,toe,/Volumes/Spanish1Bundle/1Pictures/Flashcard/toe.jpg
308,b5a95d4e-5b91-4535-b83c-6b5f9690bbbc,1,ear,/Volumes/Spanish1Bundle/1Pictures/Flashcard/ear.jpg
309,56f3191a-8fa1-4f6a-af72-3dd66ee4978a,1,chest,/Volumes/Spanish1Bundle/1Pictures/Flashcard/chest.jpg
341,78dd05fe-fb0f-416e-8f8d-8e4636e7c615,1,pet,/Volumes/Spanish1Bundle/1Pictures/Flashcard/pet.jpg
2091,fa6b38c5-b529-4831-bc5b-c66ac239c1bc,2,to organise,/Volumes/Spanish2Bundle/2Pictures/Flashcard/organise.jpg
391,ba093041-9c08-4556-93bd-95f1daf03f87,1,double bed,/Volumes/Spanish1Bundle/1Pictures/Flashcard/double bed.jpg
405,f19c5e53-a78c-4207-be94-595949262a79,1,bedding,/Volumes/Spanish1Bundle/1Pictures/Flashcard/bedding.jpg
437,8075a48a-37a4-4f64-b692-31588d5904e2,1,car park,/Volumes/Spanish1Bundle/1Pictures/Flashcard/car park.jpg
451,94bd513f-5833-4561-be57-bf8378ca67e2,1,bus station,/Volumes/Spanish1Bundle/1Pictures/Flashcard/bus station.jpg
468,e354a46f-391b-4c80-b4be-92036c040689,1,good,/Volumes/Spanish1Bundle/1Pictures/Flashcard/good.jpg
469,335b7914-9534-4e7d-931a-601d4c1fe5b9,1,good morning!,/Volumes/Spanish1Bundle/1Pictures/Flashcard/good morning.jpg
510,2900455c-935e-4522-882d-7d6ee5855c2e,1,without,/Volumes/Spanish1Bundle/1Pictures/Flashcard/without.jpg
532,5bd22518-ad6f-4aec-a808-069082c8469f,1,lake,/Volumes/Spanish1Bundle/1Pictures/Flashcard/lake.jpg
559,a6f032ca-5423-4c60-afd4-5d529a28b383,1,chips,/Volumes/Spanish1Bundle/1Pictures/Flashcard/chips.jpg
584,4556061f-8a07-40c6-bb2d-fe424ca80d50,1,game,/Volumes/Spanish1Bundle/1Pictures/Flashcard/game.jpg
605,0c156f7a-97be-4079-9416-7f5e945a1480,1,smoker (m/f),/Volumes/Spanish1Bundle/1Pictures/Flashcard/smoker.jpg
620,4f968645-c06f-443d-9a84-3317107f090e,1,everybody,/Volumes/Spanish1Bundle/1Pictures/Flashcard/everybody.jpg
623,56a513bc-b41a-4227-9a9a-a3a19543c6be,1,baby,/Volumes/Spanish1Bundle/1Pictures/Flashcard/baby.jpg
659,637f4e90-6347-4dd0-b84a-20721370cf31,1,long,"/Volumes/Spanish1Bundle/1Pictures/Flashcard/long, generous.jpg"
1912,43b23cd0-684f-4cb2-a733-541c67c2cc6f,2,society,/Volumes/Spanish2Bundle/2Pictures/Flashcard/society.jpg
703,68f2b1bc-f414-4b66-9b54-f8e9fd428199,1,during,/Volumes/Spanish1Bundle/1Pictures/Flashcard/during.jpg
719,de906b99-33cc-4c82-977c-141b1d386b1a,1,some (indefinite article),/Volumes/Spanish1Bundle/1Pictures/Flashcard/some.jpg
742,2e9914e8-49d5-40dc-9610-eb0e36f7d30e,1,"to ask for, to order","/Volumes/Spanish1Bundle/1Pictures/Flashcard/ask for, to order.jpg"
765,6db68554-6a16-442f-9821-55a54537327d,1,to snow,/Volumes/Spanish1Bundle/1Pictures/Flashcard/snow.jpg
775,e6ea70cd-5523-4275-862d-af31b9f79300,1,wind,/Volumes/Spanish1Bundle/1Pictures/Flashcard/wind.jpg
822,c2713733-4eab-46d8-bff5-312a361e83e9,1,ticket,/Volumes/Spanish1Bundle/1Pictures/Flashcard/ticket.jpg
823,dde1b5c5-4aa2-4c96-a20d-d20058e0865b,1,return ticket,/Volumes/Spanish1Bundle/1Pictures/Flashcard/return ticket.jpg
852,6d0f0c86-d4dd-4849-a27d-d3c39f464a29,1,difficult,/Volumes/Spanish1Bundle/1Pictures/Flashcard/difficult.jpg
871,f26385c5-ff7d-42f6-8415-e594a0e3308b,1,silly,/Volumes/Spanish1Bundle/1Pictures/Flashcard/silly.jpg
893,944d52e0-e684-426c-8810-1376dd883161,1,bottom,/Volumes/Spanish1Bundle/1Pictures/Flashcard/bottom.jpg
949,e90e7772-be4c-41ef-914d-96f37b46bab9,1,sometimes,/Volumes/Spanish1Bundle/1Pictures/Flashcard/sometimes.jpg
958,1bc257a4-2cfd-482e-aa4a-9074a7c10366,1,people,/Volumes/Spanish1Bundle/1Pictures/Flashcard/people.jpg
996,b8c00f69-bd60-4428-b75e-b01773350c38,1,to open,"/Volumes/Spanish1Bundle/1Pictures/Flashcard/open,v.jpg"
1021,deccc536-0b0e-46db-b638-301119675aaf,1,to go out,/Volumes/Spanish1Bundle/1Pictures/Flashcard/go out.jpg
1026,ec59e449-5a2e-45af-8823-3ed4ec7f6cf7,1,"good evening!, good night!","/Volumes/Spanish1Bundle/1Pictures/Flashcard/good night, good evening.jpg"
1027,7d50c104-79a0-43bc-8cf6-d660db1e40ee,1,good afternoon!,/Volumes/Spanish1Bundle/1Pictures/Flashcard/good afternoon.jpg
1034,9b7607be-2806-473f-8d1c-a473a85667e5,1,"many thanks!, thank you very much!","/Volumes/Spanish1Bundle/1Pictures/Flashcard/many thanks, thank you very much.jpg"
1041,b7023d28-c820-4f27-a970-b44c32d4b151,1,to be hot,/Volumes/Spanish1Bundle/1Pictures/Flashcard/be hot.jpg
1042,dd01f5c8-3903-42e7-b185-ecc2c11f0cfe,1,to have a sore …,/Volumes/Spanish1Bundle/1Pictures/Flashcard/have a sore.jpg
1044,31b5a685-5687-4fd3-81ff-e09cf76c5f06,1,to be hungry,/Volumes/Spanish1Bundle/1Pictures/Flashcard/be hungry.jpg
1045,32cf5669-aba5-4949-8b5c-57c20d2fec09,1,"to be afraid, frightened","/Volumes/Spanish1Bundle/1Pictures/Flashcard/be afraid, frightened.jpg"
1051,99252acf-e7a9-465a-a8ee-a2410a1bc8e8,1,OK!,/Volumes/Spanish1Bundle/1Pictures/Flashcard/OK!.jpg
4070,32037759-55ed-438c-b64d-717ad706cf0b,21,Park the car in the garage! (inf.sing),/Volumes/Spanish1Bundle/1Pictures/Flashcard/garage.jpg
4073,7f6bdef3-ead0-44dd-a9ba-54644f33e52b,21,Good night and have sweet dreams! (inf.sing),"/Volumes/Spanish1Bundle/1Pictures/Flashcard/good night, good evening.jpg"
4075,339bc8f6-81ae-4e5f-b853-9fc13c50972f,21,"""Good afternoon Sirs!,"" says the woman coming into the room.",/Volumes/Spanish1Bundle/1Pictures/Flashcard/good afternoon.jpg
4091,52898097-3a49-467b-8f4b-962a48747c58,21,Many thanks for the beautiful evening!,"/Volumes/Spanish1Bundle/1Pictures/Flashcard/many thanks, thank you very much.jpg"
4101,649c0a0b-616d-49fe-8ff8-11aa5adc6da1,21,Cheers! Happy anniversary!,/Volumes/Spanish1Bundle/1Pictures/Flashcard/cheers!.jpg
4157,03181b93-016a-43de-9fe6-89a1471ab354,21,Could (you) prepare the dinner? (I) am hungry. (inf.sing),/Volumes/Spanish1Bundle/1Pictures/Flashcard/be hungry.jpg
4209,644b1f8f-a7ae-41aa-ba39-dc3e5034a8bf,21,(I) love travelling around the world.,/Volumes/Spanish1Bundle/1Pictures/Flashcard/travel.jpg
4218,da2b0007-c7ab-418b-815a-7a188721e6dd,21,Sometimes things don't come up as one expects.,/Volumes/Spanish1Bundle/1Pictures/Flashcard/sometimes.jpg
4256,1f27e438-5326-46ff-9fb5-4e4a7e6e4801,21,(We) will buy a bigger mirror for the bathroom.,/Volumes/Spanish1Bundle/1Pictures/Flashcard/bathroom.jpg
4318,c518b855-192b-4596-bdcc-f2b858f415f9,21,The departure is from platform eight.,/Volumes/Spanish1Bundle/1Pictures/Flashcard/platform.jpg
4346,24caa0bd-6f4b-4eed-be52-4eab1015697a,21,The freezer is full of food.,/Volumes/Spanish1Bundle/1Pictures/Flashcard/freezer.jpg
4448,78908420-0f0e-4786-9222-97dfe24958b6,21,She has a sore throat.,/Volumes/Spanish1Bundle/1Pictures/Flashcard/have a sore.jpg
4486,5e2d699e-9249-4e56-b49e-6225eb983dee,21,In Mexico (they) eat a lot of corn.,/Volumes/Spanish1Bundle/1Pictures/Flashcard/corn.jpg
4490,12dbf8e8-aac5-4aef-a9b4-07e0029b0fc6,21,In the morning your house is very hot. (inf.sing),/Volumes/Spanish1Bundle/1Pictures/Flashcard/be hot.jpg
4502,62d7c805-435b-4b1d-85be-25da6b443194,21,(It)'s convenient to get a return ticket.,/Volumes/Spanish1Bundle/1Pictures/Flashcard/return ticket.jpg
4592,8812c8f4-88f8-41e4-a78b-8cec708083a4,21,There are a lot of poor people in the world.,/Volumes/Spanish1Bundle/1Pictures/Flashcard/world.jpg
4617,b243fcd7-5f02-48ab-88f1-19432ac0eff4,21,Even (him) being ugly (I) fell in love with him.,"/Volumes/Spanish1Bundle/1Pictures/Flashcard/even, included.jpg"
4619,ae2fb1c3-d014-4250-9088-74b122bf1eb1,21,(I) will never return to the cinema with you. (inf.sing),/Volumes/Spanish1Bundle/1Pictures/Flashcard/never (not ever).jpg
4651,1f00445b-7ff6-4aaf-af61-9187575b81ff,21,The Company is going through a difficult situation but is expected to recuperate over the next few y,/Volumes/Spanish1Bundle/1Pictures/Flashcard/difficult.jpg
4664,bd6fe1b1-40a9-4219-b5bc-f7ad0aacd9f5,21,The bus station is (a) safe (place).,/Volumes/Spanish1Bundle/1Pictures/Flashcard/bus station.jpg
4665,5727f324-2adc-4263-8f62-97f961ce80b6,21,The station is 1000 metres away from my house.,/Volumes/Spanish1Bundle/1Pictures/Flashcard/station.jpg
4712,145fe918-593d-4b5d-9138-ee719243de78,21,The bedding is dirty.,/Volumes/Spanish1Bundle/1Pictures/Flashcard/bedding.jpg
4736,5158930b-d1cc-4c38-b6c1-843cee58379b,21,"Chips are not healthy, but (I) love them!",/Volumes/Spanish1Bundle/1Pictures/Flashcard/chips.jpg
4742,77f14205-b19a-4cc3-914c-360f8341d72d,21,(I) am afraid of the darkness. (I have a fear of the darkness.),"/Volumes/Spanish1Bundle/1Pictures/Flashcard/be afraid, frightened.jpg"
4797,940c54fe-2d6e-4f41-992a-ac7589ee7fa7,21,Lightning at night scares me.,/Volumes/Spanish1Bundle/1Pictures/Flashcard/lightning.jpg
4872,3182bcc4-f724-4ad0-95b4-3c708d758d55,21,Michael Jackson is a pop star.,/Volumes/Spanish1Bundle/1Pictures/Flashcard/star.jpg
4920,6883eca8-1c65-4303-890a-d46eca522094,21,We don't agree with that decision.,/Volumes/Spanish1Bundle/1Pictures/Flashcard/we.jpg
4944,9064a183-e625-4df4-b79c-e7cf103c7deb,21,(I) am nearly finished.,/Volumes/Spanish1Bundle/1Pictures/Flashcard/finish.jpg
4989,e92da415-3d58-4444-8b08-97b004cbf751,21,If (you) are lucky (you) will win the race. (inf.sing),/Volumes/Spanish1Bundle/1Pictures/Flashcard/be lucky.jpg
1929,9f6ff672-76d5-40d8-9ce3-f84f7fa1c439,2,to whistle,/Volumes/Spanish2Bundle/2Pictures/Flashcard/whistle.jpg
5034,d5767402-4c45-4e7c-80a0-1a654c2f3f31,21,Storms frighten me a lot.,/Volumes/Spanish1Bundle/1Pictures/Flashcard/fear.jpg
5046,61a7881f-f0cd-4c41-a079-28e889c6aeaf,21,Everybody knew the truth.,/Volumes/Spanish1Bundle/1Pictures/Flashcard/everybody.jpg
5053,96bd47c2-67c3-4fd5-9012-5247d67af71c,21,Your double bed is beautiful. (inf.sing),/Volumes/Spanish1Bundle/1Pictures/Flashcard/double bed.jpg
5068,18f8f467-7cad-4369-a2ab-3c3a7c99f05a,21,Your clock is slow. (inf.sing),/Volumes/Spanish1Bundle/1Pictures/Flashcard/clock.jpg
5106,db3c39da-2c34-440d-9996-36968b3fa95a,21,I don't have a clue.,/Volumes/Spanish1Bundle/1Pictures/Flashcard/I.jpg
128,5b02cc5d-5469-4341-92c6-bcbd83b55fbc,1,chores,/Volumes/Spanish1Bundle/1Pictures/Flashcard/chores.jpg
41,b7e186da-bf7a-47f7-9269-cda4b2721682,1,cinema,/Volumes/Spanish1Bundle/1Pictures/Flashcard/cinema.jpg
49,8414b642-d82b-4e91-85c0-ec2a0c8fc186,1,law,/Volumes/Spanish1Bundle/1Pictures/Flashcard/law.jpg
1947,69fba056-14a5-46e7-9dff-6f1b76888592,2,doubt,/Volumes/Spanish2Bundle/2Pictures/Flashcard/doubt.jpg
641,1d889e62-6180-4ae4-bf18-ad2aa24709ab,1,dad,/Volumes/Spanish1Bundle/1Pictures/Flashcard/dad.jpg
170,660611a5-5ce1-4266-8d95-96522a1f7232,1,awake,/Volumes/Spanish1Bundle/1Pictures/Flashcard/awake.jpg
155,2ee60e13-7248-4e8c-b5a9-20ee9283fc6b,1,together,/Volumes/Spanish1Bundle/1Pictures/Flashcard/together.jpg
203,59cde6f1-aced-481f-adca-cee93100a368,1,bill,/Volumes/Spanish1Bundle/1Pictures/Flashcard/bill.jpg
514,27dbadf3-019b-410a-9bbf-2cd5daa50699,1,to come,/Volumes/Spanish1Bundle/1Pictures/Flashcard/come.jpg
191,8ac9ebdf-3cf4-4e48-8055-5c83a91c27d0,1,luck,/Volumes/Spanish1Bundle/1Pictures/Flashcard/luck.jpg
1269,461da8a5-ad4d-4f96-a34e-93f9504e55d3,2,bank account,/Volumes/Spanish2Bundle/2Pictures/Flashcard/bank account.jpg
179,0c0a8069-310d-4388-b0b3-e02733b7174a,1,intelligent,/Volumes/Spanish1Bundle/1Pictures/Flashcard/intelligent.jpg
9052,1962a22e-2fd0-4226-ac78-6a82f1ae1c15,22,It's five degrees centigrade below zero but the sun is shining.,/Volumes/Spanish2Bundle/2Pictures/Flashcard/below zero.jpg
1996,42e611e1-6a61-45e3-8832-79d3737a2a10,2,"country house ,cottage","/Volumes/Spanish2Bundle/2Pictures/Flashcard/country house ,cottage.jpg"
1999,430265dc-f0d2-4629-a58a-d8362a695688,2,youth hostel,/Volumes/Spanish2Bundle/2Pictures/Flashcard/youth hostel.jpg
1316,729247b2-f7d2-4566-a961-b06a095c3654,2,holiday (2),/Volumes/Spanish2Bundle/2Pictures/Flashcard/holiday (2).jpg
9077,6307d1a4-ade6-4054-bd8a-6bc811bd7084,22,Don't forget the bucket and the sleeping bag! (inf.sing),/Volumes/Spanish2Bundle/2Pictures/Flashcard/sleeping bag.jpg
453,1b5d5247-3276-4000-8328-09ff607d2dee,1,to park,"/Volumes/Spanish1Bundle/1Pictures/Flashcard/park,v.jpg"
509,cd5b5246-f3cf-4590-b43d-f37c8bafdc88,1,to know (a fact),/Volumes/Spanish1Bundle/1Pictures/Flashcard/know (a fact).jpg
1431,4581ce3c-2aa1-4851-ab58-7ae35d824b7b,2,pork,/Volumes/Spanish2Bundle/2Pictures/Flashcard/pork.jpg
1433,b4939cb0-8807-4231-8200-f28a69e5f072,2,lamb (meat),/Volumes/Spanish2Bundle/2Pictures/Flashcard/lamb (meat).jpg
1438,837209da-448f-401c-99e8-00bf85a07970,2,beef,/Volumes/Spanish2Bundle/2Pictures/Flashcard/beef.jpg
1201,4ba26758-aca7-42c8-ba39-4acaa6defa6f,2,serious,/Volumes/Spanish2Bundle/2Pictures/Flashcard/serious.jpg
9135,51a29a6c-38a2-467f-a407-fb5c679c9481,22,Put the matches away and turn off the tap. (c...) (inf.sing),"/Volumes/Spanish2Bundle/2Pictures/Flashcard/turn off the tap ,v (2).jpg"
2166,3ffb51d5-1072-4ecc-9656-80372f4e4c1d,2,in the open air,/Volumes/Spanish2Bundle/2Pictures/Flashcard/in the open air.jpg
658,f49d56a6-c54e-4685-8195-b3ea903d6f23,1,same (equal),/Volumes/Spanish1Bundle/1Pictures/Flashcard/same (equal).jpg
688,2690bb5d-96a1-42f6-b8ed-3ab956e5caab,1,market,/Volumes/Spanish1Bundle/1Pictures/Flashcard/market.jpg
9702,dc805b13-a1f6-4797-81c7-0eecf5096cab,22,Vacuuming the floor is more efficient than sweeping.,/Volumes/Spanish2Bundle/2Pictures/Flashcard/do the vacuuming.jpg
1224,b70a9e61-0ade-4cc9-9709-1772954475b5,2,very well,/Volumes/Spanish2Bundle/2Pictures/Flashcard/very well.jpg
744,3798c75f-78dc-4e26-9013-37349d5a64be,1,cheese,/Volumes/Spanish1Bundle/1Pictures/Flashcard/cheese.jpg
717,caad7eee-de1f-4b1a-a4f2-63665fc3cb2c,1,perhaps,/Volumes/Spanish1Bundle/1Pictures/Flashcard/perhaps.jpg
1501,769d9213-fea2-490e-8022-4065ef183700,2,"to stay ,to be accommodated","/Volumes/Spanish2Bundle/2Pictures/Flashcard/stay ,be accommodated.jpg"
9632,8383e4fc-ce63-4706-8a00-78b2fd92382e,22,How are you? (exp) - Very well.,/Volumes/Spanish2Bundle/2Pictures/Flashcard/very well.jpg
932,8ac1ff24-131e-473e-8ea4-de18e480bf45,1,bathroom,/Volumes/Spanish1Bundle/1Pictures/Flashcard/bathroom.jpg
987,180dd48d-949b-4773-b32b-df8428b62d0d,1,footballer (m/f),/Volumes/Spanish1Bundle/1Pictures/Flashcard/footballer.jpg
927,67078f2b-bdc2-4336-9e8f-be4a0bbc0afc,1,bath,/Volumes/Spanish1Bundle/1Pictures/Flashcard/bath.jpg
2171,12fd0c28-7283-4d69-bf81-b5ce5c0d450c,2,northeast,/Volumes/Spanish2Bundle/2Pictures/Flashcard/northeast.jpg
930,b60169c1-61f9-4433-89b3-f3f0a876e8b3,1,toothbrush,/Volumes/Spanish1Bundle/1Pictures/Flashcard/toothbrush.jpg
1246,79294660-8cf6-4879-801a-cd6629d7971b,2,tiger,/Volumes/Spanish2Bundle/2Pictures/Flashcard/tiger.jpg
1029,b37bb85e-d120-42af-9aa6-05b66f0bf924,1,how do you say …?,/Volumes/Spanish1Bundle/1Pictures/Flashcard/how do you say.jpg
1049,2cf7b36b-11b2-4500-a8de-b992c80be49e,1,to be lucky,/Volumes/Spanish1Bundle/1Pictures/Flashcard/be lucky.jpg
1046,3e7abe18-141e-4b04-b43a-945d9be978cd,1,to be in a hurry,/Volumes/Spanish1Bundle/1Pictures/Flashcard/be in a hurry.jpg
1250,70812409-9b57-4558-a888-c25096433124,2,dove,/Volumes/Spanish2Bundle/2Pictures/Flashcard/dove.jpg
1043,9c4e2159-db18-42f5-b20c-0041507f83ff,1,to be cold,/Volumes/Spanish1Bundle/1Pictures/Flashcard/be cold.jpg
1546,5f21216d-b643-455a-a741-616de3daaaa0,2,to turn off the tap (2),"/Volumes/Spanish2Bundle/2Pictures/Flashcard/turn off the tap ,v (2).jpg"
1550,068380f6-8d57-40c7-b252-eb553f09a1df,2,to turn on the tap,"/Volumes/Spanish2Bundle/2Pictures/Flashcard/turn on the tap ,v.jpg"
1552,cba8f6cc-c78c-4945-84ab-6875ac4c7759,2,to turn on the tap (LAm),"/Volumes/Spanish2Bundle/2Pictures/Flashcard/turn on the tap ,v (2).jpg"
4159,31b3a6d5-1681-48a7-919c-7ade6edcd217,21,Why don't (you) want to eat? Because (I)'m not hungry! (inf.sing),/Volumes/Spanish1Bundle/1Pictures/Flashcard/because.jpg
4238,b6ecce6b-4651-48d9-981a-7b1377e63d8e,21,"Good morning, what would (you) like? (form.sing)",/Volumes/Spanish1Bundle/1Pictures/Flashcard/good morning.jpg
1567,d620bfcd-71ed-4215-ba74-ade41f517db0,2,"cloth ,rag (kitchen)","/Volumes/Spanish2Bundle/2Pictures/Flashcard/cloth,rag.jpg"
1569,c84e6ea6-7d2e-4097-a96c-cea35a8246a1,2,to wash the dishes,/Volumes/Spanish2Bundle/2Pictures/Flashcard/wash the dishes.jpg
1577,962f391c-3697-41fd-aa1a-66e41d206565,2,wall paper,/Volumes/Spanish2Bundle/2Pictures/Flashcard/wall paper.jpg
1601,c87f7f2d-6b6f-464e-9447-03aadcddd144,2,free time,/Volumes/Spanish2Bundle/2Pictures/Flashcard/free time.jpg
4308,a6c317ec-64d2-4f89-b93a-99f21077eac9,21,(They) say that goat cheese is not very good for your (the) health.,/Volumes/Spanish1Bundle/1Pictures/Flashcard/cheese.jpg
4473,6e2d055d-1ed2-4115-b45f-9c61b68bb70c,21,In England (I) will be cold in winter.,/Volumes/Spanish1Bundle/1Pictures/Flashcard/be cold.jpg
4497,ac1bb948-75af-4d28-8197-36fd8b82bcf1,21,(You) are very fortunate to have a wife who unselfishly supports your professional career. (inf.sing,/Volumes/Spanish1Bundle/1Pictures/Flashcard/fortunate.jpg
2009,c25b3d48-8e0c-4d00-9486-cda7ac0cd5be,2,railway station,/Volumes/Spanish2Bundle/2Pictures/Flashcard/railway station.jpg
4744,d2cd498b-10a3-41f4-ad53-67370ab16c62,21,Clean (wash) your teeth with the toothbrush that our grandmother has given you. (inf.sing),/Volumes/Spanish1Bundle/1Pictures/Flashcard/toothbrush.jpg
1617,adc097e4-43b6-4551-a38a-cd0b00b51afa,2,adventure film,/Volumes/Spanish2Bundle/2Pictures/Flashcard/adventure film.jpg
2054,865b2ffb-ceb6-49d0-b999-b9ca492ac32b,2,to go for a walk,/Volumes/Spanish2Bundle/2Pictures/Flashcard/go for a walk.jpg
2082,80a2c3d7-24f6-4126-b72c-2bc7c3b01324,2,to wash one's hair,/Volumes/Spanish2Bundle/2Pictures/Flashcard/wash ones hair.jpg
2098,5d00ca41-1ce9-4945-8cc5-f1057965c34f,2,to give back,/Volumes/Spanish2Bundle/2Pictures/Flashcard/give back.jpg
2136,e882af50-a814-4ee4-8673-438600dba38b,2,below zero,/Volumes/Spanish2Bundle/2Pictures/Flashcard/below zero.jpg
2143,587dc469-5f56-476e-bb6a-57553ef095d5,2,good weather,/Volumes/Spanish2Bundle/2Pictures/Flashcard/good weather.jpg
2196,3a474324-4f01-4436-a3da-251f5682b4e1,2,unemployed,/Volumes/Spanish2Bundle/2Pictures/Flashcard/unemployed.jpg
9093,a9db09c7-e155-4100-a99c-1f345d124f13,22,It's good weather despite the breeze.,/Volumes/Spanish2Bundle/2Pictures/Flashcard/good weather.jpg
9109,b0210050-42f3-4368-a07f-075facf42992,22,What do (you) prefer? Lamb or pork? (inf.sing),/Volumes/Spanish2Bundle/2Pictures/Flashcard/lamb (meat).jpg
9110,5e80fbda-cf92-42a6-8ddd-b39e4dee5e76,22,What do (you) prefer? Poultry or beef? (inf.sing),/Volumes/Spanish2Bundle/2Pictures/Flashcard/beef.jpg
9117,a5299047-85c8-4e0b-a949-f06b94db562e,22,(I) like the architecture of this cottage.,"/Volumes/Spanish2Bundle/2Pictures/Flashcard/country house ,cottage.jpg"
9129,68036790-a2a1-4b65-b876-baa35bfc30eb,22,The cherry is a summer fruit.,/Volumes/Spanish2Bundle/2Pictures/Flashcard/cherry.jpg
9185,63bd7a7a-b4fb-4e58-92eb-04bd0dd08f01,22,In some countries the Red Cross distributes contraceptives.,/Volumes/Spanish2Bundle/2Pictures/Flashcard/Red Cross.jpg
9232,0b95da81-227d-4ffa-bd33-0e1d5e872b79,22,On bank holidays (d...) they put the flags in this square.,/Volumes/Spanish2Bundle/2Pictures/Flashcard/holiday (2).jpg
9264,5675402f-17e2-43e1-b90e-39da1802060a,22,(I) need a calculator to do this maths exercise.,/Volumes/Spanish2Bundle/2Pictures/Flashcard/exercise.jpg
9270,f50b432f-5cfd-4a0a-a4b5-59e5dc4b74b4,22,"(I) am giving (you) one, choose the one (you) want. (inf.sing)",/Volumes/Spanish2Bundle/2Pictures/Flashcard/choose.jpg
9305,fb5c810d-5ffc-4a66-901c-a6b99b8217d1,22,The thief was hiding in the woods,/Volumes/Spanish2Bundle/2Pictures/Flashcard/hide.jpg
9372,1eec4e91-ab7e-42d8-94bf-861ec74f4f48,22,"If (we) don't find the pack of cards, (we)'ll go jogging.",/Volumes/Spanish2Bundle/2Pictures/Flashcard/jogging.jpg
9426,74331330-72b3-4a91-96aa-051038c2400d,22,Tomorrow (I) will make a cake with blackcurrants and redcurrants.,/Volumes/Spanish2Bundle/2Pictures/Flashcard/redcurrant.jpg
9461,f6363d2f-cce2-41c2-9181-f3a7b4e9262d,22,Dentists are like businessmen. (h...),/Volumes/Spanish2Bundle/2Pictures/Flashcard/businessman (2).jpg
9471,b66b5fb2-2b4e-4817-9115-1a0d9eacf541,22,Have a nice day! - Same to you! (exp),/Volumes/Spanish2Bundle/2Pictures/Flashcard/same to you.jpg
9538,de25f400-ffcd-4d72-b1a4-f78b2c026625,22,Wash your hair before you clean your teeth! (inf.sing),/Volumes/Spanish2Bundle/2Pictures/Flashcard/clean ones teeth.jpg
9588,7d0624b5-f14b-4ebf-b35b-2b29c1f568d8,22,"It's very painful when a relative dies, above all when it was one's husband. (m...)",/Volumes/Spanish2Bundle/2Pictures/Flashcard/husband (2).jpg
9629,a8638ffc-b711-45ec-9024-0965dd7379a1,22,Do (you) want to listen to this cassette? It's classical music! (inf.sing),/Volumes/Spanish2Bundle/2Pictures/Flashcard/classical music.jpg
9651,e15b08b9-1895-49ff-a414-7087342d2e70,22,(I)'m going to travel through the northeast of Spain.,/Volumes/Spanish2Bundle/2Pictures/Flashcard/northeast.jpg
9851,8e296838-477f-450e-8e90-277d8e6997d9,22,(I) haven't got much free time.,/Volumes/Spanish2Bundle/2Pictures/Flashcard/free time.jpg
9673,6e8cfcb0-0c09-45a3-97dc-f445c030f008,22,In my opinion,/Volumes/Spanish2Bundle/2Pictures/Flashcard/opinion.jpg
9709,0c43e646-562c-4a62-be62-9872ba6134c6,22,My grandmother watches romantic films.,/Volumes/Spanish2Bundle/2Pictures/Flashcard/romantic film.jpg
9738,72621c06-4e13-4514-bdbc-b5059b5e5a66,22,Bring me a wine jar with the set meal please. (inf.sing),/Volumes/Spanish2Bundle/2Pictures/Flashcard/wine jar.jpg
9753,5407d238-b7a9-4160-895a-51d295df9c33,22,"When (I) have free time, my favourite activity (distraction) is to smoke a cigar listening to a reco",/Volumes/Spanish2Bundle/2Pictures/Flashcard/cigar.jpg
9802,20a2c8ba-6dee-4d2e-90be-7720ca8a1da6,22,May (I) (come in)? - No chance! (I) am washing the floor.,/Volumes/Spanish2Bundle/2Pictures/Flashcard/may I.jpg
9821,9d6cafa8-4773-4645-88b6-6e8f0e0151d1,22,(I) left on time at seven o'clock.,/Volumes/Spanish2Bundle/2Pictures/Flashcard/on time.jpg
9858,ddec1211-a43b-4196-95eb-ad36807d9b15,22,(I) am looking for white thread to sew this hand towel.,/Volumes/Spanish2Bundle/2Pictures/Flashcard/handtowel.jpg
9869,df5ce9b2-3c7f-4d79-89b4-d095e45bb2b4,22,A cloth that goes in the kitchen is a kitchen cloth.,"/Volumes/Spanish2Bundle/2Pictures/Flashcard/cloth,rag.jpg"
1319,4d08c670-3899-4ded-a0e6-ab9234fe1726,2,honeymoon,/Volumes/Spanish2Bundle/2Pictures/Flashcard/honeymoon.jpg
1326,d5cd8938-bc5b-439f-8824-c16698c7e195,2,mountainous,/Volumes/Spanish2Bundle/2Pictures/Flashcard/mountainous.jpg
2006,12cdc9f2-ff2e-49f9-b0c0-6e7f8ff6039a,2,compartment,/Volumes/Spanish2Bundle/2Pictures/Flashcard/compartment.jpg
1322,6dec0d0f-4f5d-4e2c-81ba-1e736b90bca8,2,cross,/Volumes/Spanish1Bundle/1Pictures/Flashcard/cross.jpg
1964,0af27db8-b8ad-4606-9e6b-c6475553bdbf,2,on time …,/Volumes/Spanish2Bundle/2Pictures/Flashcard/on time.jpg
1340,834bf307-4abd-477a-9d13-cd331c7eb7c6,2,darkness,/Volumes/Spanish2Bundle/2Pictures/Flashcard/darkness.jpg
1354,133499c9-94d6-4186-a4b9-aa6551383a30,2,electric wheel chair,/Volumes/Spanish2Bundle/2Pictures/Flashcard/electric wheel chair.jpg
1963,bd3114e7-4381-4333-83c5-4e2e3af30a6c,2,at the beginning,/Volumes/Spanish2Bundle/2Pictures/Flashcard/at the beginning.jpg
1968,fdac78ce-d6e3-47bb-bf34-ae56c64bf685,2,What is the time?,/Volumes/Spanish2Bundle/2Pictures/Flashcard/What is the time.jpg
9639,924cca05-fe74-4b9a-ac56-ed7cbe001a71,22,You have to boil milk to make custard.,/Volumes/Spanish2Bundle/2Pictures/Flashcard/custard.jpg
1352,71d5ec37-2dba-4b31-8cd0-1dc92c423aab,2,bomb,/Volumes/Spanish2Bundle/2Pictures/Flashcard/bomb.jpg
9640,14259bde-38d8-4ac6-aa48-7053c754faaa,22,"Of course, there is nothing (n...) to pay.","/Volumes/Spanish2Bundle/2Pictures/Flashcard/of course ,adv.jpg"
1371,9a3d7115-656f-4e65-b3b0-792aa00ac80e,2,gosh!,/Volumes/Spanish2Bundle/2Pictures/Flashcard/gosh.jpg
1349,f251434f-e472-4e74-9148-b78212d82280,2,fine,/Volumes/Spanish2Bundle/2Pictures/Flashcard/fine.jpg
1348,d995d76e-588b-4637-8f9d-142e9941c937,2,action,/Volumes/Spanish2Bundle/2Pictures/Flashcard/action.jpg
1358,d18d7254-4601-4f92-9ac3-dd91f67388d6,2,scene,/Volumes/Spanish2Bundle/2Pictures/Flashcard/scene.jpg
1390,cff5b9ac-0b63-4651-bb23-837b706aecf0,2,orange juice,/Volumes/Spanish2Bundle/2Pictures/Flashcard/orange juice.jpg
1393,94374b83-44c1-4907-a171-d8255f167ea0,2,almond drink,/Volumes/Spanish2Bundle/2Pictures/Flashcard/almond drink.jpg
1368,411dcb55-d094-4aee-a5fd-8ffeff1cc43a,2,how terrible!,/Volumes/Spanish2Bundle/2Pictures/Flashcard/how terrible.jpg
1366,b1159375-b6db-4d7a-9853-3924203d02d2,2,may I?,/Volumes/Spanish2Bundle/2Pictures/Flashcard/may I.jpg
1375,d25ddd42-bad1-41ac-be65-a335a656248e,2,it is necessary,"/Volumes/Spanish2Bundle/2Pictures/Flashcard/it is necessary ,it is important that.jpg"
1404,48720ca0-ae99-4ef6-bfe9-11705c2f774a,2,apricot,/Volumes/Spanish2Bundle/2Pictures/Flashcard/apricot.jpg
1448,b274404b-4b3a-4d9c-a1b7-ba648c0fa3de,2,custard caramel,/Volumes/Spanish2Bundle/2Pictures/Flashcard/custard caramel.jpg
1470,4c49ed90-75e6-4678-bbdd-20b96d547a4e,2,shrub,/Volumes/Spanish2Bundle/2Pictures/Flashcard/shrub.jpg
1469,8a5b6981-0412-4271-adbd-177e9810fdc4,2,row,/Volumes/Spanish2Bundle/2Pictures/Flashcard/row.jpg
1423,a7eaefa9-ab3c-4e37-bd84-e86123dab54b,2,redcurrant,/Volumes/Spanish2Bundle/2Pictures/Flashcard/redcurrant.jpg
1491,f34214f9-f309-4333-b704-ef5584055ca8,2,dream,/Volumes/Spanish2Bundle/2Pictures/Flashcard/dream.jpg
1454,cb43f92e-1d7f-4ca0-9d44-0c4e07b08f3a,2,to freeze,"/Volumes/Spanish2Bundle/2Pictures/Flashcard/freeze ,v.jpg"
1462,8e404578-7e6c-48c3-ac1d-d1bdad7b1880,2,pudding (bread),/Volumes/Spanish2Bundle/2Pictures/Flashcard/pudding (bread).jpg
1499,3873103c-331d-48b9-8056-2bb5521d435f,2,sleeping bag,/Volumes/Spanish2Bundle/2Pictures/Flashcard/sleeping bag.jpg
1493,9a46c7f6-f3d1-401f-8852-5394d08190fd,2,Red Cross,/Volumes/Spanish2Bundle/2Pictures/Flashcard/Red Cross.jpg
1513,6266c4a7-85c4-4cdb-bf15-10a7027dccef,2,to take off (plane),/Volumes/Spanish2Bundle/2Pictures/Flashcard/take off (plane).jpg
1494,f02861b7-e267-42eb-b3ef-c6ca2cdbb547,2,sunstroke,/Volumes/Spanish2Bundle/2Pictures/Flashcard/sunstroke.jpg
1846,13d1a682-3423-46dc-ba66-0e0bc88b61a0,2,quantity,/Volumes/Spanish2Bundle/2Pictures/Flashcard/quantity.jpg
1498,fa278b32-6598-403a-bb54-8487342a2793,2,at the seaside,/Volumes/Spanish2Bundle/2Pictures/Flashcard/at the seaside.jpg
1520,a32c9994-5c20-41a3-a8e6-ba7bd454f9b1,2,air conditioning,/Volumes/Spanish2Bundle/2Pictures/Flashcard/air conditioning.jpg
1842,2ab9bb3f-5730-4ce0-b9cf-0aa022f1c366,2,nothing more,/Volumes/Spanish2Bundle/2Pictures/Flashcard/nothing more.jpg
1524,814353d5-fb7d-4772-b9e3-01288ed500a0,2,"fridge ,refrigerator (2)","/Volumes/Spanish2Bundle/2Pictures/Flashcard/fridge ,refrigerator (2).jpg"
1843,11335eb4-8004-4c73-8ef0-64fc91f0f9a9,2,kilo,/Volumes/Spanish2Bundle/2Pictures/Flashcard/kilo.jpg
2172,b4f76346-38bd-4bf0-8a3f-5068b10a0fb3,2,northwest,/Volumes/Spanish2Bundle/2Pictures/Flashcard/northwest.jpg
9324,1624cfdd-18ad-459c-91e9-2f612cd9df28,22,The stereo system will be delivered to me tomorrow.,/Volumes/Spanish2Bundle/2Pictures/Flashcard/stereo.jpg
1553,0c24ca8d-34a2-41ec-a513-1aaf79c94b9c,2,hand towel,/Volumes/Spanish2Bundle/2Pictures/Flashcard/handtowel.jpg
1582,8dcf8c34-9c47-49fa-a775-86dcbe7fc8a5,2,input,/Volumes/Spanish2Bundle/2Pictures/Flashcard/input.jpg
1597,42c555c2-f338-4d0e-a6dc-9b6a5428e0d0,2,piece of information,/Volumes/Spanish2Bundle/2Pictures/Flashcard/piece of information.jpg
1544,f6aa48ea-e796-405f-8681-81d7e91b3057,2,to turn off the tap,/Volumes/Spanish2Bundle/2Pictures/Flashcard/turn off the tap.jpg
1548,f0f11210-cec7-40d1-875e-af1823963f52,2,ceiling,/Volumes/Spanish2Bundle/2Pictures/Flashcard/ceiling.jpg
1580,0e454ed8-edc6-4408-915e-d3fd2d154fe0,2,washing powder,/Volumes/Spanish2Bundle/2Pictures/Flashcard/washing powder.jpg
1600,6a082180-fbd8-477b-b3dc-d3f4fb69cd20,2,electronic,/Volumes/Spanish2Bundle/2Pictures/Flashcard/electronic.jpg
1605,464b5d60-dda8-4b7a-8eea-ce4837b9f09f,2,romantic film,/Volumes/Spanish2Bundle/2Pictures/Flashcard/romantic film.jpg
1574,0a9e3c10-e89d-493b-abd1-28c3b4300096,2,to do the vacuuming,/Volumes/Spanish2Bundle/2Pictures/Flashcard/do the vacuuming.jpg
1598,80480d8b-a967-444e-91d8-26ca9b5eea07,2,hardware,/Volumes/Spanish2Bundle/2Pictures/Flashcard/hardware.jpg
1578,a8765305-82fa-4dac-8fe5-d7646742d80b,2,floor cloth,/Volumes/Spanish2Bundle/2Pictures/Flashcard/floorcloth.jpg
1583,e965f663-2e04-4f6d-9088-fa048b6896cc,2,monitor,/Volumes/Spanish2Bundle/2Pictures/Flashcard/monitor.jpg
1609,6ca170d9-04d9-49eb-b379-a067ab822ff0,2,"disc ,record","/Volumes/Spanish2Bundle/2Pictures/Flashcard/disc ,record.jpg"
8983,bfaaafe0-c485-4a72-b6b6-7276f50642dd,22,Antarctica is colder than Australia.,/Volumes/Spanish2Bundle/2Pictures/Flashcard/Antarctica.jpg
2040,643d5f3c-150f-402f-8df8-808b74a5e1f0,2,abroad,/Volumes/Spanish2Bundle/2Pictures/Flashcard/abroad.jpg
8996,9a02aba5-ad88-4e82-ab18-77bd581d6f84,22,What are (you) going to have for the appetiser? (inf.sing),/Volumes/Spanish2Bundle/2Pictures/Flashcard/appetiser (both food and drink).jpg
2087,42d5b0ab-86e1-4001-b299-67653bd3e6bb,2,to clean one's teeth,/Volumes/Spanish2Bundle/2Pictures/Flashcard/clean ones teeth.jpg
1616,8b24a13c-20cd-4e1f-91fc-a881ca943f24,2,pottery,/Volumes/Spanish2Bundle/2Pictures/Flashcard/pottery.jpg
2090,21adeaee-cd8b-4573-96aa-f3cd6f5ccb44,2,to offer,"/Volumes/Spanish2Bundle/2Pictures/Flashcard/offer ,v.jpg"
2027,0698adf4-9f5f-40d6-998c-3a2f1cff8442,2,ticket office / booking office,/Volumes/Spanish2Bundle/2Pictures/Flashcard/ticket office - booking office.jpg
2070,2017d942-1f65-486b-a09d-03af40271983,2,to thank,/Volumes/Spanish2Bundle/2Pictures/Flashcard/thank.jpg
2104,293fc050-1e64-40be-9337-d781a2e00b54,2,to cancel,/Volumes/Spanish2Bundle/2Pictures/Flashcard/cancel.jpg
2115,e2989458-6949-4c8a-9236-a5c9a67ed8d6,2,to describe,/Volumes/Spanish2Bundle/2Pictures/Flashcard/describe.jpg
8948,7e3c98e5-3e64-489c-b521-74b2e2902f0a,22,There is a youth hostel in the suburbs of the city.,/Volumes/Spanish2Bundle/2Pictures/Flashcard/youth hostel.jpg
2128,48102ac5-8347-41f7-850b-3f5bcad719cf,2,to do military service (2),"/Volumes/Spanish2Bundle/2Pictures/Flashcard/do military service ,v (2).jpg"
2202,e73ff3f7-5c64-4240-8ccf-e92583a82fcd,2,"profit ,gain","/Volumes/Spanish2Bundle/2Pictures/Flashcard/profit ,gain.jpg"
8928,4c80c3c8-5725-4801-9a5e-bc654556eea1,22,Romans used to build aqueducts to make agriculture easier.,/Volumes/Spanish2Bundle/2Pictures/Flashcard/agriculture.jpg
9027,1b87d13b-c147-4093-abf9-4830b4a7afa7,22,(I) was astonished by her happiness. (Her happiness left me astonished),/Volumes/Spanish2Bundle/2Pictures/Flashcard/astonished.jpg
9078,36818b79-9f02-4066-a518-103a337ac12a,22,My gloves and my wallet are in my handbag.,/Volumes/Spanish2Bundle/2Pictures/Flashcard/handbag.jpg
9193,0efb61db-62b8-4816-8fe7-7755fc9717e4,22,(I)'ve opened a bank account to save money.,/Volumes/Spanish2Bundle/2Pictures/Flashcard/bank account.jpg
9026,15b7dd58-8ad9-44ff-9abf-43de7a706d41,22,Sometimes planes have problems with the landing.,/Volumes/Spanish2Bundle/2Pictures/Flashcard/landing.jpg
9134,96138af9-c601-4f61-ad49-319808f89c38,22,Turn the tap off! (g...) (inf.sing),/Volumes/Spanish2Bundle/2Pictures/Flashcard/turn off the tap.jpg
9034,d86cd517-217a-4045-b9e3-ef9470fa532d,22,In this house (we) need a tap with an automatic lock!,/Volumes/Spanish2Bundle/2Pictures/Flashcard/automatic.jpg
9041,273e0053-21d9-4916-9830-6bc1919c02e7,22,Hitch-hiking is forbidden on the main road (highway).,/Volumes/Spanish2Bundle/2Pictures/Flashcard/main road.jpg
9071,6aeca170-41c9-4cc5-8c4b-98727c24950c,22,"In this company, women's ambition is not welcome.",/Volumes/Spanish2Bundle/2Pictures/Flashcard/welcome.jpg
9137,3d0702f3-bc62-4572-b221-ca4063756e66,22,The square was full of young boys (or guys) and girls having a 'street party'.,"/Volumes/Spanish2Bundle/2Pictures/Flashcard/boy ,girl.jpg"
9188,6776617b-298f-49e9-99be-ceaea44073b2,22,The cat is asleep in the lounge.,/Volumes/Spanish2Bundle/2Pictures/Flashcard/lounge.jpg
9177,1bfee8d6-6a71-452b-80e8-2bbf537ffd94,22,In Central America,/Volumes/Spanish2Bundle/2Pictures/Flashcard/harvest.jpg
9168,3c18ad26-0c9b-4c30-a81f-eb30889c615a,22,An outfit of clothes can be very expensive.,"/Volumes/Spanish2Bundle/2Pictures/Flashcard/clothes ,outfit.jpg"
9522,aa81c621-03a4-4655-a736-921e089d6b87,22,"Like all fruit juices, (one) can drink orange juice (Sp) using a drinking straw.",/Volumes/Spanish2Bundle/2Pictures/Flashcard/orange juice.jpg
9313,4d0ce0e3-73d7-4288-b17e-e06912ef0f61,22,Asparagus tips are expensive in the shops.,/Volumes/Spanish2Bundle/2Pictures/Flashcard/asparagus.jpg
9362,ca9210cd-2835-4dd0-8130-4bf059609fb9,22,It is our custom to celebrate Christmas Eve with our parents and New Year's Eve with our friends.,/Volumes/Spanish2Bundle/2Pictures/Flashcard/New Years Eve.jpg
9526,e7627f11-5022-4cca-9ebf-aa837b33699f,22,The width of the road is one kilometre.,/Volumes/Spanish2Bundle/2Pictures/Flashcard/kilometre.jpg
9466,fc954080-0ede-473c-8a4f-263f02fa54a8,22,The hotel-owner is hitchhiking with a map in his hand.,/Volumes/Spanish2Bundle/2Pictures/Flashcard/hotel-owner.jpg
9587,effef559-3e09-4c8a-9c59-e19f676660f4,22,The tide is high today.,/Volumes/Spanish2Bundle/2Pictures/Flashcard/tide.jpg
9628,367b0186-aa09-4052-94b1-c3927d6e400f,22,(I) don't know if it is my stomach or the muscles of my belly that hurt.,/Volumes/Spanish2Bundle/2Pictures/Flashcard/muscles.jpg
9710,49e2d466-abfe-4fb2-b38e-4f5a32406987,22,My favourite leisure activity is to go to the movies to watch an adventure film.,/Volumes/Spanish2Bundle/2Pictures/Flashcard/adventure film.jpg
9649,07a2ce97-a716-4d71-b9aa-5d40d3465bd1,22,"Do (you) want a glass of wine? - Yes, thank you - It's nothing! - Cheers! (inf.sing)",/Volumes/Spanish2Bundle/2Pictures/Flashcard/its nothing.jpg
9655,b541523c-ffdc-47f5-9f8d-ee16197d0781,22,This is tradition: after the engagement they get married and go on honeymoon.,/Volumes/Spanish2Bundle/2Pictures/Flashcard/engagement.jpg
9693,a84cf363-9e5c-49f3-b9bc-611e62e92f41,22,When (we) glue the wall paper (we) will have to remove the glue stains on the floor.,/Volumes/Spanish2Bundle/2Pictures/Flashcard/wall paper.jpg
9764,2b8232fc-181d-4294-9091-89b73709597b,22,What's the reason of her reaction?,/Volumes/Spanish2Bundle/2Pictures/Flashcard/reaction.jpg
9700,3971f6c8-c1e4-42b0-a0ff-f089581f02a3,22,The most important thing is to take part in the competition.,"/Volumes/Spanish2Bundle/2Pictures/Flashcard/take part in ,participate.jpg"
9708,ba21d8af-8635-4159-9677-a9b718b5b4d2,22,(We) moved house because our dog was always fighting with the neighbour's (m).,/Volumes/Spanish1Bundle/1Pictures/Flashcard/fight.jpg
9835,ebc58236-b235-4cab-b27c-1fc50bcd034a,22,When (I) was young (I) left Poland to emigrate to Switzerland.,/Volumes/Spanish2Bundle/2Pictures/Flashcard/Switzerland.jpg
9800,baece9e1-d061-4851-ba65-afc924a65c68,22,For dessert there is kiwifruit or a slice of watermelon.,/Volumes/Spanish2Bundle/2Pictures/Flashcard/watermelon.jpg
9816,56b5a7ed-20b1-4ecd-9a90-85c34fe5cdb4,22,"In some areas of the United States of America, the evil (ones) are sentenced to the electric chair.",/Volumes/Spanish2Bundle/2Pictures/Flashcard/electric wheel chair.jpg
9864,2a6ad235-b777-40f6-a276-3e10ffba6c9b,22,(I) am coughing because (I) am allergic to dust.,/Volumes/Spanish2Bundle/2Pictures/Flashcard/cough.jpg
9870,c46877c1-af0b-4329-a2c4-1a974b826a5c,22,The floor cloth is hanging on that peg.,/Volumes/Spanish2Bundle/2Pictures/Flashcard/floorcloth.jpg
9881,9a7f4839-201a-4998-a8d5-6b3acc365b49,22,This article reveals the truth about immigration.,"/Volumes/Spanish2Bundle/2Pictures/Flashcard/truth ,true.jpg"
846,02b6aace-7551-46f9-8c89-fc32b2114d49,1,absolute,/Volumes/Spanish1Bundle/1Pictures/Flashcard/absolute.jpg
979,02c661c4-0727-47c3-aba9-fb562a5ddd85,1,quickly,/Volumes/Spanish1Bundle/1Pictures/Flashcard/quickly.jpg
1000,e42e0dbd-f919-4ef7-b51a-f6902fe24ce2,1,to close,"/Volumes/Spanish1Bundle/1Pictures/Flashcard/close ,v.jpg"
954,6ceedd77-ebf4-4799-a9bc-5ddfc7ad6402,1,they,/Volumes/Spanish1Bundle/1Pictures/Flashcard/they.jpg
1355,eef10d3f-1a08-4e36-a5ab-05131de00736,2,"hold-up ,mugging","/Volumes/Spanish2Bundle/2Pictures/Flashcard/hold-up ,mugging.jpg"
1359,fb6488a0-451f-478e-814e-4ba9521a0cd4,2,"evil ,misfortune ,harm ,damage","/Volumes/Spanish2Bundle/2Pictures/Flashcard/evil ,misfortune ,harm ,damage.jpg"
1479,18211bf6-05f0-4162-b2d8-93c5053750dd,2,sticking plaster,/Volumes/Spanish2Bundle/2Pictures/Flashcard/sticking plaster.jpg
1565,a839b687-b327-4e53-92ba-8709f8e7ebee,2,to iron,"/Volumes/Spanish2Bundle/2Pictures/Flashcard/iron ,v.jpg"
1625,ff9424a6-8507-4552-9565-dffae0e3a6be,2,silver,/Volumes/Spanish2Bundle/2Pictures/Flashcard/silver.jpg
1661,c0bc0412-773b-439f-855a-378b89c132ee,2,Frenchman,/Volumes/Spanish2Bundle/2Pictures/Flashcard/Frenchman.jpg
1754,4664573f-4d7a-42be-bd76-2cc172f8b152,2,swimsuit,/Volumes/Spanish2Bundle/2Pictures/Flashcard/swimsuit.jpg
1570,5f11f106-1154-47bd-b87f-849238a8860d,2,stain,/Volumes/Spanish2Bundle/2Pictures/Flashcard/stain.jpg
1584,46f124eb-e791-4ef4-bf87-c670323288e5,2,interactive,/Volumes/Spanish2Bundle/2Pictures/Flashcard/interactive.jpg
1618,db615d83-fec5-4c61-8160-a51a3fb7ca78,2,bowls,/Volumes/Spanish2Bundle/2Pictures/Flashcard/bowls.jpg
1664,e984db97-6b4c-4cc1-96bf-cff07a9a776a,2,British,/Volumes/Spanish2Bundle/2Pictures/Flashcard/British.jpg
1579,648c552a-5276-47f8-ae80-5f73229c8544,2,washing machine,/Volumes/Spanish2Bundle/2Pictures/Flashcard/washing machine.jpg
1613,648fc35e-a9c7-44d4-be91-82c2803041c1,2,art,/Volumes/Spanish2Bundle/2Pictures/Flashcard/art.jpg
1624,964793f5-b678-4d94-950f-6b4d84d3a028,2,marble,/Volumes/Spanish2Bundle/2Pictures/Flashcard/marble.jpg
1752,cdefb590-ad64-45dc-93d3-e47c2479992d,2,ring,/Volumes/Spanish2Bundle/2Pictures/Flashcard/ring.jpg
1632,87784321-434d-4bfc-aa4f-fe8ee05624d4,2,wool,/Volumes/Spanish2Bundle/2Pictures/Flashcard/wool.jpg
1642,87422cc3-a644-48a5-aeee-b0a7cf3597c3,2,choir,/Volumes/Spanish2Bundle/2Pictures/Flashcard/choir.jpg
1658,6cff3bba-0da4-46d0-934c-eb6621ec9435,2,flute,/Volumes/Spanish2Bundle/2Pictures/Flashcard/flute.jpg
1761,f7aa14dc-c22c-4e03-ba00-54492cf8ba92,2,to change (e.g. clothes),/Volumes/Spanish2Bundle/2Pictures/Flashcard/change (eg clothes).jpg
1666,424181a5-d656-47df-a21b-9bddc2d91004,2,Spanish,/Volumes/Spanish2Bundle/2Pictures/Flashcard/Spanish.jpg
1744,98b4e3ea-54bb-48dc-92a4-831459aa9b4b,2,waist,/Volumes/Spanish2Bundle/2Pictures/Flashcard/waist.jpg
1930,719561ef-c212-47fb-8d0c-432dd3483212,2,championship,/Volumes/Spanish2Bundle/2Pictures/Flashcard/championship.jpg
9065,35b5e614-10f5-4034-af30-1ef8fc3db9c5,22,I always wear a dressing gown at home.,/Volumes/Spanish2Bundle/2Pictures/Flashcard/dressing gown.jpg
9102,fed91672-85b6-46ea-9433-3c31c700f87c,22,The boat broke down in the middle of the canal.,/Volumes/Spanish2Bundle/2Pictures/Flashcard/canal.jpg
9103,88bc92b5-7ad4-4697-8e3b-bdf6bcc2cab8,22,The armchair (b...) is next to the settee.,/Volumes/Spanish2Bundle/2Pictures/Flashcard/settee.jpg
9104,6ae1eac8-4188-4479-9b9f-1a095aa04232,22,(I) like this band's (b...) songs.,/Volumes/Spanish2Bundle/2Pictures/Flashcard/song.jpg
9823,fe6d4b8d-3b10-41ca-891b-2402ccc3e1e8,22,Current societies don't trust politics.,/Volumes/Spanish2Bundle/2Pictures/Flashcard/society.jpg
1629,b43f277f-7568-4276-ad1b-ef174815c35a,2,cotton,/Volumes/Spanish2Bundle/2Pictures/Flashcard/cotton.jpg
1628,f74f08a2-8404-44c6-8bae-69e1ea59515b,2,iron,/Volumes/Spanish2Bundle/2Pictures/Flashcard/iron.jpg
9287,78401813-ee51-4fc4-8351-527b3f687398,22,(I) phoned the doctor and (he) arrived straight away. (e...),/Volumes/Spanish2Bundle/2Pictures/Flashcard/straight away.jpg
9822,5a14fd12-a01f-4e29-96a0-acce3ec66cd8,22,(I) will be my nephew's godfather!,/Volumes/Spanish2Bundle/2Pictures/Flashcard/nephew.jpg
1634,1f518a0c-4220-4470-8a98-caa2e16ef370,2,industrial,/Volumes/Spanish2Bundle/2Pictures/Flashcard/industrial.jpg
1630,2c4068e4-7b90-4293-bf31-c0fbc2891027,2,wire,/Volumes/Spanish2Bundle/2Pictures/Flashcard/wire.jpg
1631,094c24f1-c145-4739-acef-dd1402e468f0,2,wood,/Volumes/Spanish2Bundle/2Pictures/Flashcard/wood.jpg
1633,3d582b22-6b39-43e3-a95a-92935b0c5d4a,2,steel,/Volumes/Spanish2Bundle/2Pictures/Flashcard/steel.jpg
9825,8bf67afa-2b02-4cd1-a666-61fadb58eee2,22,It's surprising how luxurious his flat is.,/Volumes/Spanish2Bundle/2Pictures/Flashcard/surprising.jpg
2092,6c73970e-87c7-47fc-80aa-a2776d486b9e,2,to seem,/Volumes/Spanish2Bundle/2Pictures/Flashcard/seem.jpg
2093,241b0552-448b-4312-8bbc-7579f8d6a359,2,"to persist ,to keep trying","/Volumes/Spanish2Bundle/2Pictures/Flashcard/persist ,keep trying.jpg"
1638,97d1bbed-4e26-4096-ab27-16487a72d588,2,keyboard,/Volumes/Spanish2Bundle/2Pictures/Flashcard/keyboard.jpg
9827,71e3a7d0-1770-409b-841b-5d477beee792,22,Go up the stairs. (inf.sing),"/Volumes/Spanish2Bundle/2Pictures/Flashcard/go up ,v.jpg"
9153,d6696444-0a47-4e25-ba70-a6fc59a16c97,22,From this hill (one) can see the whole bay.,/Volumes/Spanish2Bundle/2Pictures/Flashcard/hill.jpg
9826,784af23c-eb97-445f-9491-57b9923c86f7,22,(I) have to take all the objects out of the basement for the house move.,/Volumes/Spanish2Bundle/2Pictures/Flashcard/basement.jpg
2117,a87d8b2c-c733-4e1d-8ae3-c80f984bfb96,2,to exhaust,/Volumes/Spanish2Bundle/2Pictures/Flashcard/exhaust.jpg
1643,cee87bee-1f67-48dc-b000-9c19cd672d5b,2,guitar,/Volumes/Spanish2Bundle/2Pictures/Flashcard/guitar.jpg
9829,65764a9a-a4e0-472d-84c0-f9be52b50ce4,22,Norway and Sweden are Scandinavian countries.,/Volumes/Spanish2Bundle/2Pictures/Flashcard/Sweden.jpg
9154,4a4f252c-5c1b-4ea9-8ae8-4b278e0e9a9e,22,(I) was given this ring and this necklace for my birthday.,/Volumes/Spanish2Bundle/2Pictures/Flashcard/necklace.jpg
9105,001e25fe-e914-4e57-8ea6-c18b00215f0f,22,In this house (we) need a tap (c…) with an automatic lock.,"/Volumes/Spanish2Bundle/2Pictures/Flashcard/tap ,faucet (Am).jpg"
9155,fa1c05ff-33fc-4cb1-8b93-f1f355eb9bcd,22,"Begin by beating the eggs, then add the sugar. (inf.sing)","/Volumes/Spanish2Bundle/2Pictures/Flashcard/begin ,commence ,v.jpg"
9145,bf76e617-220e-49e2-99a6-361bc2ec2d58,22,London's climate is very bad.,/Volumes/Spanish2Bundle/2Pictures/Flashcard/climate.jpg
9150,6af4ae3b-4a3f-40ee-b8b7-f84ee4054d58,22,(I)´ve got a new car. (c...),/Volumes/Spanish2Bundle/2Pictures/Flashcard/car (2).jpg
9257,deb7b223-6667-47d4-a7eb-7ddd288b783a,22,The plane that has just taken off belongs to the owner of the hotel.,/Volumes/Spanish2Bundle/2Pictures/Flashcard/owner.jpg
9256,36148b3c-74c9-4871-837f-274279b3d186,22,(I) hesitated to give him the ring back.,/Volumes/Spanish2Bundle/2Pictures/Flashcard/hesitate.jpg
9163,2a1e2e0e-bd95-4ee8-917c-0ee5b1a5578e,22,(I) don't like cognac.,/Volumes/Spanish2Bundle/2Pictures/Flashcard/cognac.jpg
4748,0843b9d9-975d-45c8-a9c4-7c36b16c3cbf,21,(We) will give our grandmother a blouse for her birthday.,/Volumes/Spanish1Bundle/1Pictures/Flashcard/blouse.jpg
9872,897a4b79-adf8-434d-a641-5aa352882024,22,(It) thundered and then the storm arrived.,/Volumes/Spanish2Bundle/2Pictures/Flashcard/thunder.jpg
2015,91617325-359c-42dd-bcc1-c8daaf8897ba,2,model (m/f),/Volumes/Spanish2Bundle/2Pictures/Flashcard/model.jpg
2150,9060d8d0-6506-4b17-9887-27a5f8844956,2,mist,/Volumes/Spanish2Bundle/2Pictures/Flashcard/mist.jpg
2151,a016cd3b-a386-452b-82ab-2010c26090b0,2,mist (2),/Volumes/Spanish2Bundle/2Pictures/Flashcard/mist (2).jpg
2014,da8c0c35-df72-4307-a65a-2b138892d64e,2,fuel tank,/Volumes/Spanish2Bundle/2Pictures/Flashcard/fuel tank.jpg
2016,5539b130-0aa3-495e-9dca-fc6df2c579d3,2,hitchhiker (m/f),/Volumes/Spanish2Bundle/2Pictures/Flashcard/hitchhiker.jpg
9291,0f90aa38-b972-4486-81e3-29afef3065f6,22,(I) don't believe in surveys.,/Volumes/Spanish2Bundle/2Pictures/Flashcard/survey.jpg
9288,52797c92-8906-43b1-b4ac-6f39bdf9d1a5,22,Thank you for the flowers. I am delighted (they delight me).,/Volumes/Spanish2Bundle/2Pictures/Flashcard/delight.jpg
9289,d0fe8f94-32e2-4163-a24e-e9f44571efc7,22,(We) employ two employees in charge.,/Volumes/Spanish2Bundle/2Pictures/Flashcard/employee in charge.jpg
1284,f484ccc3-ecde-42d8-9e7f-f619ac7ececd,2,"attorney ,lawyer (m/f)","/Volumes/Spanish2Bundle/2Pictures/Flashcard/attorney ,lawyer.jpg"
2018,63ec24b5-4f60-4b68-b474-dfafd227d29b,2,safety belt,/Volumes/Spanish2Bundle/2Pictures/Flashcard/safety belt.jpg
9292,11ec5cd9-fec8-479f-ad76-a3ac1bed7be2,22,The ideal pilot must be energetic. (m),/Volumes/Spanish2Bundle/2Pictures/Flashcard/energetic.jpg
9884,a90ed9c5-ee17-4600-b538-2549ebf84e6f,22,Vinegar can't be frozen.,/Volumes/Spanish2Bundle/2Pictures/Flashcard/vinegar.jpg
9293,94dbcea2-2733-4446-b076-fdef058fbda4,22,He deceived her and now (he) is apologising.,"/Volumes/Spanish2Bundle/2Pictures/Flashcard/deceive ,v.jpg"
9295,13a09031-9a0a-4af2-b482-fa3daf7161d7,22,(I) want (you) to deliver it for me. (inf.sing),/Volumes/Spanish2Bundle/2Pictures/Flashcard/deliver.jpg
2153,1ce7defc-3cc0-4d3a-a496-211f3af6607c,2,"changeable ,variable","/Volumes/Spanish2Bundle/2Pictures/Flashcard/changeable ,variable.jpg"
1653,edca60ba-cb40-4058-8ad1-26f95dacb924,2,musician (m/f),/Volumes/Spanish2Bundle/2Pictures/Flashcard/musician.jpg
4753,cb47b00b-70f6-4ac7-8083-0fb043409d63,21,(I) took the broken clock to the clockmaker.,/Volumes/Spanish1Bundle/1Pictures/Flashcard/broken.jpg
9602,e1fd086d-2c7d-4fb6-b5d2-ad919f4be513,22,"You must weigh 50 kilos, (you) will reach it with a minimum of effort. (inf.sing)",/Volumes/Spanish2Bundle/2Pictures/Flashcard/minimum.jpg
1645,78ade19b-566a-4a0c-aa90-ad35051382cd,2,band,/Volumes/Spanish2Bundle/2Pictures/Flashcard/band.jpg
1654,3ddb7ad4-ca55-4784-a1a8-f7676d5bd433,2,pop music,/Volumes/Spanish2Bundle/2Pictures/Flashcard/pop music.jpg
1292,5a486296-1dac-4ef1-b74d-30dd633ad198,2,chemist (m/f),/Volumes/Spanish2Bundle/2Pictures/Flashcard/chemist.jpg
4755,0abdd662-783c-4d9e-a528-6b67b952abd5,21,(We) bought it between the four of us.,"/Volumes/Spanish1Bundle/1Pictures/Flashcard/between, among.jpg"
9339,801ec8c1-eb7b-4157-b4e7-efad5e3fbe77,22,This actor had a very brief success.,/Volumes/Spanish2Bundle/2Pictures/Flashcard/success.jpg
9342,bad128ee-bd6f-4d12-b5c8-e007e2b390d0,22,(I) will be abroad in the morning.,/Volumes/Spanish2Bundle/2Pictures/Flashcard/abroad.jpg
9345,bc2db459-2a6f-4b91-8db8-abf2b7094cb9,22,The household chores (I) prefer are ironing and dusting (cleaning dust).,/Volumes/Spanish1Bundle/1Pictures/Flashcard/chores.jpg
9343,37d9044e-2189-4b4b-a089-3edb49535c82,22,The caretaker used to work in a factory when (he) was young.,/Volumes/Spanish2Bundle/2Pictures/Flashcard/factory.jpg
9351,492fd393-19f9-41d6-b649-5361245ffbb7,22,Selfish people make me sad.,"/Volumes/Spanish2Bundle/2Pictures/Flashcard/very bad ,sad.jpg"
9353,cc4901b8-f575-4ee3-be46-74f3fefc8426,22,"When is your Saint's Day? -  It's today. - Happy Saint's Day, then! (inf.sing)",/Volumes/Spanish2Bundle/2Pictures/Flashcard/Happy Saints Day.jpg
4757,b3f2230a-65e9-4b6f-a3fe-2d153c9ee03e,21,The pets are so (very) quiet.,/Volumes/Spanish1Bundle/1Pictures/Flashcard/pet.jpg
9356,3cca85f1-c240-4f94-a38d-efe21da93aad,22,(I) knew it as soon as (I) disembarked from the ferry.,/Volumes/Spanish2Bundle/2Pictures/Flashcard/ferry.jpg
9391,044289f2-cbf5-40a5-b25c-4f4ea18e03e8,22,The children of the future won't look like the present-day children.,/Volumes/Spanish2Bundle/2Pictures/Flashcard/future.jpg
9357,84a3e37a-127f-4151-a480-e06d0c72cf8f,22,(I) will eat the noodle soup after the starters.,/Volumes/Spanish2Bundle/2Pictures/Flashcard/noodle.jpg
9359,0528e9ea-0a55-4a62-836c-cb5a69fc1a52,22,She has a good figure.,"/Volumes/Spanish2Bundle/2Pictures/Flashcard/shape ,figure.jpg"
9390,f0bf1fc9-a1db-428d-b9b9-c4bf2a15f938,22,The piece of machinery didn't work.,/Volumes/Spanish2Bundle/2Pictures/Flashcard/work (of machinery).jpg
1670,cdbe36d9-71bf-4881-868e-d63413c10f1d,2,Englishman,/Volumes/Spanish2Bundle/2Pictures/Flashcard/Englishman.jpg
1652,69f05a8c-4ec9-4308-a68f-01821766cbbc,2,compact disc,/Volumes/Spanish2Bundle/2Pictures/Flashcard/Compact Disc.jpg
1655,72a91566-7c1d-455a-90ff-56f8855f73d7,2,violin,/Volumes/Spanish2Bundle/2Pictures/Flashcard/violin.jpg
1660,39818735-d323-4308-bb2c-7d6326d607e6,2,German (man / woman),/Volumes/Spanish2Bundle/2Pictures/Flashcard/German.jpg
1665,8c772ea8-f7ea-4d2d-b05b-061627bf4927,2,Irishman,/Volumes/Spanish2Bundle/2Pictures/Flashcard/Irishman.jpg
4924,ae672c99-70f5-4df5-abe9-cb7e93cfc12d,21,You can either take it or leave it. (inf.sing),/Volumes/Spanish1Bundle/1Pictures/Flashcard/either Or.jpg
2155,ce06454f-7ea7-4f5e-b0c0-84e0c4c94397,2,there (2),/Volumes/Spanish2Bundle/2Pictures/Flashcard/there (2).jpg
9344,d734c695-de0b-45b1-88a9-f53ac31bd34f,22,(I) lock the door with the key because (I)'m making (f…) a new product.,/Volumes/Spanish2Bundle/2Pictures/Flashcard/make.jpg
9341,37273a28-2539-4c52-8f3b-c229b7d61b86,22,He is a foreigner.,/Volumes/Spanish2Bundle/2Pictures/Flashcard/foreigner.jpg
9347,318f9610-4588-4c06-9b94-6dd36447ca45,22,There's no doubt that fame is his main objective.,/Volumes/Spanish2Bundle/2Pictures/Flashcard/fame.jpg
9352,75225be9-6cd3-40cb-8d37-0adf1add96b3,22,The queen congratulated him on his bravery.,"/Volumes/Spanish2Bundle/2Pictures/Flashcard/congratulate ,v.jpg"
8964,5f9d2989-10c6-483f-a42b-5781adc28c7b,22,He was a pupil of this school.,"/Volumes/Spanish2Bundle/2Pictures/Flashcard/pupil ,student.jpg"
1672,405f0bcb-499c-49b9-9d0e-86d336d20ea1,2,American (m/f),/Volumes/Spanish2Bundle/2Pictures/Flashcard/American.jpg
1668,55dfffdf-5c8d-417c-94e9-062fc8e9b949,2,Basque (m/f),/Volumes/Spanish2Bundle/2Pictures/Flashcard/Basque.jpg
1676,33ccac1f-613d-4dd7-9cb1-ac01fb6f19e1,2,male native of Galicia,/Volumes/Spanish2Bundle/2Pictures/Flashcard/male native of Galicia.jpg
4875,e4111a74-0555-4261-8e22-d6736494ad0b,21,Look at the footprints in (on) the sand. (inf.sing),/Volumes/Spanish1Bundle/1Pictures/Flashcard/sand.jpg
1690,5da49874-ddf9-4527-9ad5-467129dac55b,2,Basque Country,/Volumes/Spanish2Bundle/2Pictures/Flashcard/Basque Country.jpg
9361,3073742d-237b-437c-8f14-c05bbaae0b1f,22,(I) will have a fillet with chips.,/Volumes/Spanish2Bundle/2Pictures/Flashcard/fillet.jpg
1674,1d939c73-c873-4526-8de2-fe23bc32beaa,2,Austrian,/Volumes/Spanish2Bundle/2Pictures/Flashcard/Austrian.jpg
1682,caa25a69-7f79-4883-b962-0b6232c013a7,2,Germany,/Volumes/Spanish2Bundle/2Pictures/Flashcard/Germany.jpg
1688,1d0018ba-4d71-4ccd-93d0-7093fa6576d6,2,Venezuela,/Volumes/Spanish2Bundle/2Pictures/Flashcard/Venezuela.jpg
1691,99a81eb1-c6b8-45fa-bae9-c4b7c7c039fe,2,Basque Country (2),/Volumes/Spanish2Bundle/2Pictures/Flashcard/Basque Country (2).jpg
1692,bcb457e8-d1e6-41ee-b378-6fee4947b997,2,London,/Volumes/Spanish2Bundle/2Pictures/Flashcard/London.jpg
1700,303e449f-9fc2-4993-a525-26caff32dfe5,2,Wales,/Volumes/Spanish2Bundle/2Pictures/Flashcard/Wales.jpg
1684,11730aa2-bfb1-456f-8b98-bcebcfeafec9,2,Argentina,/Volumes/Spanish2Bundle/2Pictures/Flashcard/Argentina.jpg
4790,354e1ed6-2011-456e-9017-5d508fdc53fd,21,There is nobody in the park now.,/Volumes/Spanish1Bundle/1Pictures/Flashcard/nobody.jpg
4801,4a5195a3-9d8e-4831-93c9-c31cbb1dd3ee,21,(I) love to make others laugh with my jokes.,/Volumes/Spanish1Bundle/1Pictures/Flashcard/laugh.jpg
4817,a09f157c-41e5-465d-86f2-a55282f8dc1d,21,(I) would like to drink a coke because (I) am thirsty.,/Volumes/Spanish1Bundle/1Pictures/Flashcard/be thirsty.jpg
4795,6d11d342-8c57-4d69-93ae-7a7294c3682a,21,(I) was very glad to find my aunt at the airport.,/Volumes/Spanish1Bundle/1Pictures/Flashcard/airport.jpg
1709,adeebcca-6dcd-4bed-8bc7-e2729f26351c,2,"way ,manner","/Volumes/Spanish2Bundle/2Pictures/Flashcard/way ,manner.jpg"
4798,6ced72a4-3d79-40e8-9f2a-235ebff72acc,21,(I) take a shower every morning before going to work.,"/Volumes/Spanish1Bundle/1Pictures/Flashcard/shower,v.jpg"
1711,4e920d4a-f7f9-405d-81d1-f78d173736ad,2,"faithful ,exact","/Volumes/Spanish2Bundle/2Pictures/Flashcard/faithful ,exact.jpg"
4800,b8e9db5b-632b-496a-9499-b56ab1f8411d,21,"(I) love that song, (I) am going to listen to it again.",/Volumes/Spanish1Bundle/1Pictures/Flashcard/again (one more time).jpg
4813,40a683a2-47f7-487e-af0b-1b584efac21b,21,(I) would like (you) to brush my hair with the new brush that (we) bought. (inf.sing),/Volumes/Spanish1Bundle/1Pictures/Flashcard/brush (eg teeth).jpg
4815,068b60ff-3d7e-4ddf-84df-de602e2beeab,21,(I) prefer (you) don't speak while (you) are sleeping. (inf.sing),/Volumes/Spanish1Bundle/1Pictures/Flashcard/speak.jpg
1695,dc2cb21e-9b5e-4f18-967c-b6ed22387d08,2,Australia,/Volumes/Spanish2Bundle/2Pictures/Flashcard/Australia.jpg
1720,3cd64bf0-f728-422f-94cc-781a47acb448,2,daring,/Volumes/Spanish2Bundle/2Pictures/Flashcard/daring.jpg
1721,ae5db565-8d68-49e7-b0e2-53e973758d15,2,"shape ,figure","/Volumes/Spanish2Bundle/2Pictures/Flashcard/shape ,figure.jpg"
4880,e6269e92-be52-4728-bbc9-65f791595fac,21,My parents come from Seville.,"/Volumes/Spanish1Bundle/1Pictures/Flashcard/from, of.jpg"
4812,2971cbdf-09be-466a-8ef9-e0ec32d557dd,21,"(I) would like to introduce you to my wife, Martha. (form. sing)",/Volumes/Spanish1Bundle/1Pictures/Flashcard/introduce.jpg
4841,281b4ed1-ae6b-4f3e-94ec-628454e97d6c,21,My heart is all yours. (inf.sing),"/Volumes/Spanish1Bundle/1Pictures/Flashcard/all, everything.jpg"
4870,a0d911b0-ffad-4479-91d5-5611aa6fa171,21,My uncle fell down the stairs.,/Volumes/Spanish1Bundle/1Pictures/Flashcard/fall.jpg
4900,22e410eb-ee7d-46a2-97f6-231113ccfc11,21,There is no better way to understand a country than to live there (in it).,/Volumes/Spanish1Bundle/1Pictures/Flashcard/live.jpg
4931,1a02e8bd-c9df-43e6-b98a-1cde0d7b54c4,21,Paul enjoys singing in the shower.,/Volumes/Spanish1Bundle/1Pictures/Flashcard/sing.jpg
4862,19080e40-9170-4834-9b7d-04b2b182381f,21,My father is a doctor.,/Volumes/Spanish1Bundle/1Pictures/Flashcard/doctor.jpg
4864,d30f3c88-7118-4b46-9cba-ecdf9ce9753e,21,My cousin (f) broke her leg.,/Volumes/Spanish1Bundle/1Pictures/Flashcard/break.jpg
4863,619139df-2d01-4aa4-83cb-a22ef49dda3e,21,My cousin announced that he will get married next year.,/Volumes/Spanish1Bundle/1Pictures/Flashcard/get married.jpg
4871,c82e03be-0fc4-4f4d-b3aa-478e6ed42d7f,21,My job is far from home.,/Volumes/Spanish1Bundle/1Pictures/Flashcard/far from.jpg
4884,c22f2331-91f4-4e66-9e36-d0afa4258fd5,21,(We) need a new pan,/Volumes/Spanish1Bundle/1Pictures/Flashcard/pan.jpg
4904,e003c9a4-9521-423f-a6b6-981076450e18,21,"I don't like this street, it's very noisy.",/Volumes/Spanish1Bundle/1Pictures/Flashcard/noisy.jpg
4943,af167ea6-71ff-4d25-8bf8-41c1e3c85465,21,Please,/Volumes/Spanish1Bundle/1Pictures/Flashcard/attention.jpg
9398,09a5d49d-30a6-4c75-b0b9-71e8603b0993,22,The hooligans invaded the stadium.,/Volumes/Spanish2Bundle/2Pictures/Flashcard/hooligan.jpg
9410,50b09a91-1a7a-45c4-b2fb-f3ae0c1db005,22,The government is negotiating a rise in pensions.,/Volumes/Spanish2Bundle/2Pictures/Flashcard/government.jpg
9405,fcfdc3f3-7709-49fe-9fe3-6b413992e927,22,(We) eat smoked bacon with the cold soup.,/Volumes/Spanish2Bundle/2Pictures/Flashcard/cold soup.jpg
1694,21cad131-9b41-40ce-b6bd-645f7eb044b9,2,Antarctica,/Volumes/Spanish2Bundle/2Pictures/Flashcard/Antarctica.jpg
1697,b7b7268a-775f-4ba6-9137-1264e43651eb,2,Holland/Netherlands,/Volumes/Spanish2Bundle/2Pictures/Flashcard/Holland-Netherlands.jpg
9442,86e96a50-8fa3-4822-be9e-91227f519324,22,Describe to me the city where you did military service.  (h...) (inf.sing),"/Volumes/Spanish2Bundle/2Pictures/Flashcard/do military service ,v (2).jpg"
1698,152818ec-18c1-49f3-8254-56e62798c1f2,2,Austria,/Volumes/Spanish2Bundle/2Pictures/Flashcard/Austria.jpg
9397,096b5bb6-779a-49f4-94a8-43673444159a,22,(I) love mussels and prawns.,/Volumes/Spanish2Bundle/2Pictures/Flashcard/prawn.jpg
9488,b8ba054c-3ae9-448a-ba56-f50f4a249c4a,22,For a Frenchman,/Volumes/Spanish2Bundle/2Pictures/Flashcard/Englishman.jpg
9501,956d92ef-9047-481f-923b-b4c39952af6b,22,His job arouses so much his interest - for him it is entertainment. (d...),/Volumes/Spanish2Bundle/2Pictures/Flashcard/interest.jpg
9482,701b498f-3a27-4e61-8d9b-9e1be5986332,22,Nowadays cotton is picked by industrial means.,/Volumes/Spanish2Bundle/2Pictures/Flashcard/industrial.jpg
9481,f32e8aa2-45ae-48f8-8549-d0237939dc3e,22,Industry brings profits.,/Volumes/Spanish2Bundle/2Pictures/Flashcard/industry.jpg
9498,1b46b49b-1aec-4856-8f0c-46c0f2774a01,22,My favourite instrument is the guitar.,/Volumes/Spanish2Bundle/2Pictures/Flashcard/instrument.jpg
9499,7df5f18a-f1ff-459d-89cd-b934a296d7d7,22,"This mall is huge, but for a city like this, it's insufficient.",/Volumes/Spanish2Bundle/2Pictures/Flashcard/insufficient.jpg
1734,6fcb856a-d8de-4aaa-b9bf-b2a993bd3202,2,blood,/Volumes/Spanish2Bundle/2Pictures/Flashcard/blood.jpg
9504,b947fe85-0fa4-404d-b249-7337153a3352,22,"(They) have had their share of misfortunes: after the flood, the fire. (i...)",/Volumes/Spanish2Bundle/2Pictures/Flashcard/flood.jpg
9396,a7a1fb41-5f48-4fb6-b2db-d1a6059399fa,22,(I) am going to eat custard caramel and biscuits for tea.,/Volumes/Spanish2Bundle/2Pictures/Flashcard/biscuit.jpg
9505,17f5bb16-2ec1-4d94-8d09-1533e153a82f,22,It's useless being too strict with children.,/Volumes/Spanish2Bundle/2Pictures/Flashcard/useless.jpg
1722,e41ad411-08c1-4416-a151-f7bcd47d8456,2,imbecile (m/f),/Volumes/Spanish2Bundle/2Pictures/Flashcard/imbecile.jpg
1706,c4d7e420-3566-427f-b667-6f709e166dfd,2,Great Britain,/Volumes/Spanish2Bundle/2Pictures/Flashcard/Great Britain.jpg
1703,a8034410-e322-4467-9cf0-89bb24d4e9a3,2,Asia,/Volumes/Spanish2Bundle/2Pictures/Flashcard/Asia.jpg
9402,eecaed7d-2b73-4603-91df-a229e9ffa66b,22,In the past,/Volumes/Spanish2Bundle/2Pictures/Flashcard/goose.jpg
1712,eb0ad089-e7af-4a19-9dcc-2322a726889f,2,brief,/Volumes/Spanish2Bundle/2Pictures/Flashcard/brief.jpg
1715,2b03a6bc-55df-4fdc-bd49-ee00e8264ab5,2,"objective ,goal","/Volumes/Spanish2Bundle/2Pictures/Flashcard/objective ,goal.jpg"
1719,5c3a0d96-ad71-45bb-b478-7b9e52f83d8f,2,born,/Volumes/Spanish2Bundle/2Pictures/Flashcard/born.jpg
1725,9e996860-92e9-4ef6-a216-96c10798e99b,2,success,/Volumes/Spanish2Bundle/2Pictures/Flashcard/success.jpg
1733,8745497b-5844-4e75-9628-6361a4649c47,2,muscles,/Volumes/Spanish2Bundle/2Pictures/Flashcard/muscles.jpg
1726,91302604-fefc-4677-956f-4fce75a9fd65,2,"regular ,OK ,so-so ,alright","/Volumes/Spanish2Bundle/2Pictures/Flashcard/regular ,OK ,so-so ,alright.jpg"
1714,9a1ca02f-a640-4e1e-9ac2-c971f48dc311,2,weak (2),/Volumes/Spanish2Bundle/2Pictures/Flashcard/weak (2).jpg
1730,8c34acb5-feb4-42bb-aa94-5b9512493182,2,moustache,/Volumes/Spanish2Bundle/2Pictures/Flashcard/moustache.jpg
1724,8bc8e8c9-aade-4dd9-afb6-97a73852d2e8,2,clumsy,/Volumes/Spanish2Bundle/2Pictures/Flashcard/clumsy.jpg
8965,f3dbd154-46b4-44d2-bc3d-ae31fe1dddab,22,These almonds are bitter because they are not ripe.,/Volumes/Spanish2Bundle/2Pictures/Flashcard/bitter.jpg
1723,12689c0b-2a1c-4df6-828a-9a229f4d9b11,2,"soaked ,wet","/Volumes/Spanish2Bundle/2Pictures/Flashcard/soaked ,wet.jpg"
9444,78ee7a64-7581-4e10-b86a-fb23285bd531,22,Put the axe in the shed. (inf.sing),/Volumes/Spanish2Bundle/2Pictures/Flashcard/axe.jpg
1727,99bfd8f0-cc69-41f9-b658-b03dff5099d0,2,hard-working (2),/Volumes/Spanish2Bundle/2Pictures/Flashcard/hard-working (2).jpg
1735,00f88972-92a1-42cc-b151-0980ec614052,2,smell,/Volumes/Spanish2Bundle/2Pictures/Flashcard/smell.jpg
9403,9535811b-8133-4bea-9aa8-a7f106368e25,22,What do (you) want for the appetiser? Gin and lemonade? (g...) (inf.sing),/Volumes/Spanish2Bundle/2Pictures/Flashcard/lemonade (2).jpg
9478,8f963607-ec33-43c2-8541-8708f26bbae3,22,(I) feel very uncomfortable with her.,/Volumes/Spanish2Bundle/2Pictures/Flashcard/uncomfortable.jpg
9489,bd021721-bf76-4ca0-b64a-45dd7682c11a,22,(I) have to talk with you straight away. (i...) (inf.sing),/Volumes/Spanish2Bundle/2Pictures/Flashcard/straight away (2).jpg
9406,8609c787-39a1-412d-a9c4-13d39c1ae123,22,The twins are adolescents and they don't like nicknames anymore.,/Volumes/Spanish2Bundle/2Pictures/Flashcard/twin.jpg
9409,fbc89923-3662-44a8-aac0-120c3ad4ceb6,22,What do (you) want as an aperitif? Gin and lemonade? (inf.sing),/Volumes/Spanish2Bundle/2Pictures/Flashcard/gin.jpg
9832,5c9adb82-76c5-492b-b6ca-a48bf8539511,22,When (I) get my pay (I) will buy myself this computer that is on special offer.,/Volumes/Spanish1Bundle/1Pictures/Flashcard/pay.jpg
9443,5ef94315-bf00-4f29-a527-b6fef7756528,22,They need to conduct a survey.,/Volumes/Spanish2Bundle/2Pictures/Flashcard/conduct a survey.jpg
9483,b93ed514-b9a0-4fc9-b0f0-5cf141824a53,22,(I) will find out a hotel where (I) can stay.,/Volumes/Spanish2Bundle/2Pictures/Flashcard/find out.jpg
9445,7f6c2ceb-7565-496a-a4e9-21657bcf63c1,22,You can have a guinea pig or a hamster at home. (inf.sing),/Volumes/Spanish2Bundle/2Pictures/Flashcard/hamster.jpg
4828,38a9aad5-1b8a-4932-8217-2558a3f02903,21,(He) burnt me with his cigar.,/Volumes/Spanish1Bundle/1Pictures/Flashcard/burn.jpg
9486,de3ff2b7-67be-4a17-be18-a6c0dcfb6a28,22,When (he) was young (he) was an engineer.,/Volumes/Spanish2Bundle/2Pictures/Flashcard/engineer.jpg
9495,57575a5f-4e70-4c4f-8b30-3892d38ab692,22,(I) had to persist until (he) indicated to me where (he) lived.,"/Volumes/Spanish2Bundle/2Pictures/Flashcard/persist ,keep trying.jpg"
9494,96bfd962-e2b4-462c-a740-5cd9d07e0e0a,22,"Are (you) injured? Don't worry (i...), (I) am going to put a sticking plaster on you. (inf.sing)",/Volumes/Spanish2Bundle/2Pictures/Flashcard/worry.jpg
9502,a995198d-783e-4596-b8c9-95be255d49a1,22,It is an interesting idea.,/Volumes/Spanish2Bundle/2Pictures/Flashcard/interesting.jpg
9493,c879b5b0-3f13-4515-9ef6-f296b855b057,22,(I) hope there won't be any fault during the input of the data.,/Volumes/Spanish2Bundle/2Pictures/Flashcard/input.jpg
4831,1cb7fb10-c877-4db5-9a53-c7b64ea3a080,21,"(I)'m going home, (I) think (I)'m feeling ill.",/Volumes/Spanish1Bundle/1Pictures/Flashcard/feel ill.jpg
1745,fbb90d59-ae03-4385-99b8-c214efc1dbd8,2,tongue,/Volumes/Spanish2Bundle/2Pictures/Flashcard/tongue.jpg
1748,dfc8e02b-83e5-4d8a-a929-742ea8d26273,2,belt,/Volumes/Spanish2Bundle/2Pictures/Flashcard/belt.jpg
1985,1aa7a0de-c61a-4daa-990e-c1ce4b4e397f,2,caretaker,/Volumes/Spanish2Bundle/2Pictures/Flashcard/caretaker.jpg
9512,443dd988-5249-46f8-b6f2-4a98cf558b82,22,Turn to the left.,/Volumes/Spanish2Bundle/2Pictures/Flashcard/left.jpg
9510,57b70c90-6fcd-409c-9202-be933a7d97d6,22,Holland beat Italy by four points.,/Volumes/Spanish2Bundle/2Pictures/Flashcard/Italy.jpg
1741,94366810-76d4-4a2b-bd27-a532a8de6d21,2,tear,/Volumes/Spanish2Bundle/2Pictures/Flashcard/tear.jpg
1742,9240e228-8f00-4ddb-b5d9-9a6e10365325,2,shoulder,/Volumes/Spanish2Bundle/2Pictures/Flashcard/shoulder.jpg
9511,19f6b57d-9b9c-49b9-86ea-bd27f20bc56a,22,(I) met an Italian man in Spain.,/Volumes/Spanish2Bundle/2Pictures/Flashcard/Italian.jpg
1984,0938900d-8766-4b6e-8d02-5a93cfbb797d,2,"duplex ,semi-detached house","/Volumes/Spanish2Bundle/2Pictures/Flashcard/duplex ,semi-detached house.jpg"
1746,43aeca71-e6e6-4084-9b20-d1eaebcc0458,2,back,/Volumes/Spanish2Bundle/2Pictures/Flashcard/back.jpg
9518,46cee7f0-ab91-49b5-9bdc-218d2cc86823,22,Sherry is a sweet alcoholic drink.,/Volumes/Spanish2Bundle/2Pictures/Flashcard/sherry.jpg
1747,3f9a580f-5f4b-4e40-ac37-d7c541a9fd1a,2,forehead,/Volumes/Spanish2Bundle/2Pictures/Flashcard/forehead.jpg
1749,3b2796be-da9c-4fd7-92cc-f7af6025af65,2,pyjamas,/Volumes/Spanish2Bundle/2Pictures/Flashcard/pyjamas.jpg
1736,de7e76af-19ea-4c83-9094-57e58a492208,2,elbow,/Volumes/Spanish2Bundle/2Pictures/Flashcard/elbow.jpg
1766,1f5454e4-0b8c-4327-8cfc-cf2c1d38f7bc,2,dressing gown,/Volumes/Spanish2Bundle/2Pictures/Flashcard/dressing gown.jpg
9508,7b5a4d40-bcfa-48f7-a4df-ec21c3c1633e,22,Welshmen and Irishmen like Italian women.,/Volumes/Spanish2Bundle/2Pictures/Flashcard/Irishman.jpg
4709,c55e2b41-7e79-4bf8-80dc-0e142db97c2b,21,The exit door is red.,/Volumes/Spanish1Bundle/1Pictures/Flashcard/exit.jpg
4891,36baede4-090f-4827-aa2a-d3b61db7d6ba,21,"Don't say that, not even as a joke. (inf.sing)",/Volumes/Spanish1Bundle/1Pictures/Flashcard/joke.jpg
9506,9b72dab9-99c7-4cca-bc2c-f3ac2e0bd47d,22,(I)'m going to fetch the car.,/Volumes/Spanish2Bundle/2Pictures/Flashcard/fetch.jpg
1780,bc8f0b31-1467-4053-aea9-d7f5185dfb00,2,neighbour,/Volumes/Spanish2Bundle/2Pictures/Flashcard/neighbour.jpg
1783,a2dc468b-ebdc-4e77-a1be-245303bcf13e,2,nickname,/Volumes/Spanish2Bundle/2Pictures/Flashcard/nickname.jpg
1792,7e0bd3cd-8182-48d3-b3ae-fe401798d538,2,stepmother,/Volumes/Spanish2Bundle/2Pictures/Flashcard/stepmother.jpg
1757,74468c67-d695-4cb9-945f-47dafbc4ad88,2,handkerchief,/Volumes/Spanish2Bundle/2Pictures/Flashcard/handkerchief.jpg
9514,f0dab3b7-eda9-497d-a675-e8db3f67a2b2,22,"If (you) have a cold, take a spoonful of syrup. (inf.sing)",/Volumes/Spanish2Bundle/2Pictures/Flashcard/syrup.jpg
9515,6102f745-3bbb-44e8-9cf0-45df5cc11287,22,"The chemist loves flowers, that's why (she) has hired a gardener.",/Volumes/Spanish2Bundle/2Pictures/Flashcard/gardener(m).jpg
4837,2f43dd52-4310-46c6-9eff-51fafae8a6c1,21,"My house was near to yours, wasn't it? (inf.sing)",/Volumes/Spanish1Bundle/1Pictures/Flashcard/near.jpg
4893,190398c0-8024-4ceb-8c3a-d4815ee346b9,21,(I) can't find the socks.,"/Volumes/Spanish1Bundle/1Pictures/Flashcard/meet, to find.jpg"
4896,fcba7df3-1412-4d90-a233-9b3a89a4cfbd,21,(It)'s not the end of the world.,/Volumes/Spanish1Bundle/1Pictures/Flashcard/end.jpg
4951,05aedb33-b625-46f2-bbe3-a405938a2f0a,21,(You) can fish along the river. (inf.sing),/Volumes/Spanish1Bundle/1Pictures/Flashcard/along.jpg
4959,b771fcfb-d33b-4abc-aeb9-c1c0fe22b219,21,(I) would like to cross the river to the other shore but (I) don't think (it) is safe.,/Volumes/Spanish1Bundle/1Pictures/Flashcard/cross.jpg
4850,c187b17f-26ee-4574-9879-721354984bdf,21,My daughter is working for an organization helping troubled marriages.,/Volumes/Spanish1Bundle/1Pictures/Flashcard/marriage.jpg
4854,a5f534a8-fd46-4192-bb1b-2f7e7944b017,21,My mother played basketball when (she) was very young.,/Volumes/Spanish1Bundle/1Pictures/Flashcard/basketball.jpg
1765,852d3809-a9a1-4806-a2d9-d86de65a54b7,2,sandal,/Volumes/Spanish2Bundle/2Pictures/Flashcard/sandal.jpg
4952,cb40f057-ecc2-4101-850c-74a84e76df71,21,(You) can use my camera if (you) want to. (inf.sing),/Volumes/Spanish1Bundle/1Pictures/Flashcard/use.jpg
4852,5039fa8e-7c27-42ac-808e-3ca474d6c6fe,21,My mother cooks very well.,/Volumes/Spanish1Bundle/1Pictures/Flashcard/mother.jpg
4873,ac110e02-171f-424a-8e76-386ee264e801,21,While (you) were sleeping I watched you. (inf.sing),/Volumes/Spanish1Bundle/1Pictures/Flashcard/while.jpg
4860,35720f66-9114-4374-b3ac-548e15425ab6,21,"My computer drives me mad, as (it) is as slow as a tortoise.",/Volumes/Spanish1Bundle/1Pictures/Flashcard/slow.jpg
1798,976f83d5-81c3-4894-b731-30cad5e4689e,2,set menu of the day,/Volumes/Spanish2Bundle/2Pictures/Flashcard/set menu of the day.jpg
4855,86212bff-7bf4-4b4f-b464-d93f086bb7e3,21,My mother gave me a beautiful plant.,/Volumes/Spanish1Bundle/1Pictures/Flashcard/plant.jpg
4881,f1e85c7f-6001-4ad2-b529-5c08f72ad22d,21,You have nothing that I (may) want.,/Volumes/Spanish1Bundle/1Pictures/Flashcard/nothing.jpg
4888,89ed0fff-fe02-4f00-a9d2-abe3f60ece19,21,Don't kiss my hand any more. (inf.sing),/Volumes/Spanish1Bundle/1Pictures/Flashcard/hand.jpg
4922,8d6a56c9-efc1-4d54-bf61-eeebb8b48955,21,"Our guest (m) will arrive at seven, (I) hope the food will be ready.",/Volumes/Spanish1Bundle/1Pictures/Flashcard/guest.jpg
4906,6086edfd-24d9-4a09-b951-428e448ed16d,21,(I) don't like (it) when (you) brake abruptly. (inf.sing),/Volumes/Spanish1Bundle/1Pictures/Flashcard/brake.jpg
4914,034d1579-2a0a-4705-9fdd-50782bd1794b,21,(I) don't have time to read all this documentation by Friday.,/Volumes/Spanish1Bundle/1Pictures/Flashcard/time.jpg
4927,346e2247-a0f7-4ce8-b902-a7fe24b2839c,21,(I) hate home chores.,/Volumes/Spanish1Bundle/1Pictures/Flashcard/chores.jpg
4935,4557a2d8-91e8-48f8-814e-bdcc225cb42d,21,Take the motorway to come home. (inf.sing),/Volumes/Spanish1Bundle/1Pictures/Flashcard/motorway.jpg
9517,34511c63-7999-47c9-b69f-08cc6bd4231f,22,My boss' son is doing military service.,/Volumes/Spanish2Bundle/2Pictures/Flashcard/boss (m).jpg
4902,be077a56-e9fd-4a6b-8007-c15d49f36153,21,"""Don't cry for me Argentina"" is a nice song.",/Volumes/Spanish1Bundle/1Pictures/Flashcard/cry (tears).jpg
4912,5de07cc2-aa56-439e-946e-b69216b63b24,21,(I) don't have enough money to buy that dress.,/Volumes/Spanish1Bundle/1Pictures/Flashcard/money.jpg
4919,ca2bb228-b2bd-41b2-8b24-d6c7989e8498,21,"(We) buy the hamburgers in the butcher's shop, because (they) use top (first) quality meat.",/Volumes/Spanish1Bundle/1Pictures/Flashcard/hamburger.jpg
4934,6569a3de-bdc8-40ea-93e2-23655aceb2a5,21,"For me, steak is best served medium-rare.",/Volumes/Spanish1Bundle/1Pictures/Flashcard/steak.jpg
4940,1959b30e-3683-4230-912d-6ca96ef3a5e8,21,Wash your jersey because (it) is dirty. (inf.sing),/Volumes/Spanish1Bundle/1Pictures/Flashcard/jersey.jpg
4969,a2160541-6691-4f9b-ab91-9d806767af7d,21,(They) became friends. (m),/Volumes/Spanish1Bundle/1Pictures/Flashcard/become.jpg
4882,10658413-dcb0-4cf5-a8e8-f5186ad59a5f,21,Nobody said that (it) would be easy but (you) will get it if (you) are persistent.,/Volumes/Spanish1Bundle/1Pictures/Flashcard/easy.jpg
4909,cb99e8eb-7483-4656-a3cc-efeb16d4df2e,21,Do not give your hat away because (you) will use it later. (inf.sing),/Volumes/Spanish1Bundle/1Pictures/Flashcard/hat.jpg
4923,544ad15e-e522-4b64-ad5a-01b4809921e2,21,(You) never told me that (you) are married. (inf.sing),/Volumes/Spanish1Bundle/1Pictures/Flashcard/never.jpg
4973,8b950d28-1388-4bd9-9b24-c3bc12f5e5b0,21,If (you) drink too much do not drive. (inf.sing),/Volumes/Spanish1Bundle/1Pictures/Flashcard/too much.jpg
4986,28b5d892-dd06-43eb-b1ea-97fc488c7c12,21,If (you) continue smoking (you) will die. (inf.sing),/Volumes/Spanish1Bundle/1Pictures/Flashcard/die.jpg
1806,ea33a85f-c931-469c-acf6-86a950b62558,2,wine jar,/Volumes/Spanish2Bundle/2Pictures/Flashcard/wine jar.jpg
1763,d19ae74d-b008-49f1-8104-57a7149b57c4,2,underclothes,/Volumes/Spanish2Bundle/2Pictures/Flashcard/underclothes.jpg
4936,2db92433-92ca-4d68-a1bf-fd659274c2cf,21,(I) spend a lot of time with my parents.,"/Volumes/Spanish1Bundle/1Pictures/Flashcard/spend (time), to happen.jpg"
4955,a36bd684-e152-4a98-b9b4-56fd67d6d847,21,(I) can hear your heart. (inf.sing),/Volumes/Spanish1Bundle/1Pictures/Flashcard/heart.jpg
8997,578066aa-4b92-4e48-9955-caa67fad4adf,22,Today (I) ate an avocado (a...) with celery.,/Volumes/Spanish2Bundle/2Pictures/Flashcard/celery.jpg
1764,d1fcbc54-6451-46f3-9809-da3477a85fb0,2,button,/Volumes/Spanish2Bundle/2Pictures/Flashcard/button.jpg
4948,5c58166a-54ea-47dc-a441-3600403ea243,21,(I) prefer (the) matches rather than (the) lighters.,/Volumes/Spanish1Bundle/1Pictures/Flashcard/matches.jpg
1773,d12162c9-9019-456f-9826-2d67fed3ad1e,2,godmother,/Volumes/Spanish2Bundle/2Pictures/Flashcard/godmother.jpg
1782,7768a08a-c356-4fdc-87c1-a3bec8704c79,2,adolescent (m/f),/Volumes/Spanish2Bundle/2Pictures/Flashcard/adolescent.jpg
1776,49296ea4-530b-43a3-88d5-a1c0b6e0e131,2,husband (2),/Volumes/Spanish2Bundle/2Pictures/Flashcard/husband (2).jpg
1785,5764db95-fcbf-4c03-87b2-387bb5daf47e,2,grandson,/Volumes/Spanish2Bundle/2Pictures/Flashcard/grandson.jpg
1778,8635d7ff-b85a-4772-b390-45cf000a806c,2,widower,/Volumes/Spanish2Bundle/2Pictures/Flashcard/widower.jpg
1786,b7026dc2-c8b8-47f5-9c23-885d117b2c44,2,father in law,/Volumes/Spanish2Bundle/2Pictures/Flashcard/father in law.jpg
1787,6db1d303-89d6-43e6-8f71-c83da7c5c7b7,2,stepfather,/Volumes/Spanish2Bundle/2Pictures/Flashcard/stepfather.jpg
1797,aaa76e60-ccee-41ea-931a-f694702b50c5,2,set meal,/Volumes/Spanish2Bundle/2Pictures/Flashcard/set meal.jpg
4963,2eb0d941-ce84-400a-85e3-d1498e3db053,21,Sharpen the pencil. (form.sing),/Volumes/Spanish1Bundle/1Pictures/Flashcard/pencil.jpg
4984,87da9a77-419d-439d-aa7f-159d512b6501,21,If (you) pass the test (you) will get the prize that (you) really want. (inf.sing),/Volumes/Spanish1Bundle/1Pictures/Flashcard/test.jpg
4998,11689475-7166-4a99-8898-07ad88885c4d,21,(I) always forget her name. (She) should be called by her other baptismal name.,/Volumes/Spanish1Bundle/1Pictures/Flashcard/be called.jpg
1788,12e2ddaa-1909-42dd-8b8b-59df68a4df36,2,"boy, girl","/Volumes/Spanish2Bundle/2Pictures/Flashcard/boy ,girl.jpg"
4982,b782b3aa-19e8-41a9-bc77-b4d72edf9fa3,21,If (you) don't understand something please tell me and (I) will explain it again. (inf.sing),/Volumes/Spanish1Bundle/1Pictures/Flashcard/understand.jpg
4224,3c09a1c6-7222-4447-a139-88eaefb17898,21,Last night,/Volumes/Spanish1Bundle/1Pictures/Flashcard/temperature.jpg
1801,6d66d8b9-c36c-49a6-baff-895d748cf129,2,tablecloth,/Volumes/Spanish2Bundle/2Pictures/Flashcard/tablecloth.jpg
1791,529b11dd-6b72-4a0b-b315-a0f2b563fbcc,2,relative,/Volumes/Spanish2Bundle/2Pictures/Flashcard/relative.jpg
9595,2184eb88-4c40-408f-b9e9-23fc3dbcf428,22,If (we) take two set menus of the day,/Volumes/Spanish2Bundle/2Pictures/Flashcard/set menu of the day.jpg
1833,da873b61-8110-4815-b9b0-d032f8fd96eb,2,chalk,/Volumes/Spanish2Bundle/2Pictures/Flashcard/chalk.jpg
4971,7f84928a-75f7-412d-80b1-b4600063897e,21,(She) moved to the big city from her small village in order to seek higher-paying work.,/Volumes/Spanish1Bundle/1Pictures/Flashcard/village.jpg
1790,76cf7f13-df8a-4a43-86f6-ea4dd2e4ccb3,2,relation (m/f),/Volumes/Spanish2Bundle/2Pictures/Flashcard/relation.jpg
4978,3b3737c5-ae61-485a-82b8-0720ce8f0617,21,If (you) turn to the right (you) will see a huge square. (inf.sing),/Volumes/Spanish1Bundle/1Pictures/Flashcard/right (direction).jpg
5001,2fb5d33b-1cc2-41f7-977d-28de6e57ecd4,21,"Sit down on the sofa, (it)'s very comfortable. (inf.sing)","/Volumes/Spanish1Bundle/1Pictures/Flashcard/sofa, settee.jpg"
4932,b47f6967-b4cf-41e5-9805-9e215031ca07,21,Stop talking once and for all.,/Volumes/Spanish1Bundle/1Pictures/Flashcard/stop.jpg
9585,6f0b67fc-fdef-4785-8198-ba55a84ddcd7,22,(I) have (got) a map of Wales.,/Volumes/Spanish2Bundle/2Pictures/Flashcard/map.jpg
9789,bc7fbf7a-3e08-4431-ba21-6320802bf771,22,(I) like red roses.,/Volumes/Spanish2Bundle/2Pictures/Flashcard/rose.jpg
1808,15ba40e2-da46-4900-85fd-771e0c1c3914,2,to charge,/Volumes/Spanish2Bundle/2Pictures/Flashcard/charge.jpg
1794,60acc9c6-24ac-4b07-8892-59778005b339,2,black coffee,/Volumes/Spanish2Bundle/2Pictures/Flashcard/black coffee.jpg
1802,34a53ed5-bc56-407a-9865-95bd864e4149,2,to lay the table,/Volumes/Spanish2Bundle/2Pictures/Flashcard/lay the table.jpg
4979,4f385443-0e93-4f64-9108-f4bd7376f3f1,21,If the soup is hot,/Volumes/Spanish1Bundle/1Pictures/Flashcard/blow.jpg
5000,bd0a4454-3530-4126-beeb-f3fb00d20203,21,"Sit down here, please. (inf.sing)",/Volumes/Spanish1Bundle/1Pictures/Flashcard/sit down.jpg
4996,306c2c05-7ca6-4a6a-898f-f0ae84c0f177,21,(She)'s always going here and there.,/Volumes/Spanish1Bundle/1Pictures/Flashcard/here (motion).jpg
5011,3c620d84-1c8d-4783-aa07-21ee3d5e2074,21,(It) is his commitment and his dedication that makes him the most important man in the business.,/Volumes/Spanish1Bundle/1Pictures/Flashcard/important.jpg
9601,3924bf58-20a6-41b9-b625-ee7e7400c748,22,We were a mile away from there.,/Volumes/Spanish2Bundle/2Pictures/Flashcard/mile.jpg
4988,964930b3-b7c1-4270-a40d-c3fb9caa3fb5,21,If (he) has the same name as his father (he) will not have much of an identity.,/Volumes/Spanish1Bundle/1Pictures/Flashcard/name.jpg
4999,d77e1fdb-6b1b-4e53-ad1a-b8c5f7db1ade,21,"Being one of the cheapest options of accommodation, young people usually (normally) prefer hostels.",/Volumes/Spanish1Bundle/1Pictures/Flashcard/hostel.jpg
5002,c0aaba59-cc28-4672-8b77-77d315b8b90a,21,"Silence, please! The film is about to start.",/Volumes/Spanish1Bundle/1Pictures/Flashcard/please.jpg
1863,ec02c643-d84a-4ad0-8bc3-85d81cd103af,2,to deliver,/Volumes/Spanish2Bundle/2Pictures/Flashcard/deliver.jpg
4258,59ea7646-7045-43c2-bd27-c03fcf4ac1f9,21,(I)'ll answer every question that (you) may have.,/Volumes/Spanish1Bundle/1Pictures/Flashcard/answer.jpg
1811,348de443-2259-488a-b198-aeed6c525ba3,2,terrace,/Volumes/Spanish2Bundle/2Pictures/Flashcard/terrace.jpg
1799,5c2ff6e7-f7df-404c-a80f-7ce58760a5d9,2,tip,/Volumes/Spanish2Bundle/2Pictures/Flashcard/tip.jpg
1820,14d3d180-f6d7-4285-a2a0-a5ab9a1bc70a,2,notes,/Volumes/Spanish2Bundle/2Pictures/Flashcard/notes.jpg
4245,c503d5ea-90cc-45fd-9d1f-7ceb82c84f12,21,Near the house there is a little stream.,/Volumes/Spanish1Bundle/1Pictures/Flashcard/stream.jpg
1814,90a731da-20b7-4453-b615-77b1ea884a57,2,toilets (2),/Volumes/Spanish2Bundle/2Pictures/Flashcard/toilets (2).jpg
1819,0950ed84-87c7-4178-b048-888fd86bc300,2,bell,/Volumes/Spanish2Bundle/2Pictures/Flashcard/bell.jpg
1871,b73fc13b-af92-4557-81c0-5937fc4a3828,2,shop window,/Volumes/Spanish2Bundle/2Pictures/Flashcard/shop window.jpg
1879,b5bed5a3-3bb8-4b87-b151-feedbe27da9c,2,reductions,/Volumes/Spanish2Bundle/2Pictures/Flashcard/reductions.jpg
5008,70c8a229-a4a6-4d2d-af94-e61cd305cf04,21,(They) have been (and still are) friends since childhood,/Volumes/Spanish1Bundle/1Pictures/Flashcard/friendship.jpg
1885,683f5a01-936c-4c2a-a05e-c7f1d8d8df78,2,peace,/Volumes/Spanish2Bundle/2Pictures/Flashcard/peace.jpg
1890,3ca60931-0eed-41de-ad8d-3f208941658b,2,army,/Volumes/Spanish2Bundle/2Pictures/Flashcard/army.jpg
1895,ac5ed291-9ac4-43c6-9a0b-b79ee48428d8,2,battle,/Volumes/Spanish2Bundle/2Pictures/Flashcard/battle.jpg
1898,f03047c3-b133-4d9b-b187-860b0a1259c2,2,unemployment,/Volumes/Spanish2Bundle/2Pictures/Flashcard/unemployment.jpg
5029,707b2bd3-c5ea-496d-8893-602f648c0d67,21,"Be careful with that bug, you can get bitten (that can bite you). (inf.sing)","/Volumes/Spanish1Bundle/1Pictures/Flashcard/bite,prick, sting,chop.jpg"
5032,0a6614e1-6683-4374-afd7-7675ba1e9637,21,(I) have good news to tell you. (inf.sing),/Volumes/Spanish1Bundle/1Pictures/Flashcard/news.jpg
5040,24a05dfe-75be-4104-a13d-a19583a7566e,21,(I) have a sharp pain in my back.,/Volumes/Spanish1Bundle/1Pictures/Flashcard/sharp.jpg
1817,33ecaf24-bfc9-4607-9d34-48ba1257b9ba,2,"food ,meal","/Volumes/Spanish2Bundle/2Pictures/Flashcard/food ,meal.jpg"
1810,8360cbd1-4861-4898-8473-2cb667ba8d6f,2,saucer,/Volumes/Spanish2Bundle/2Pictures/Flashcard/saucer.jpg
5023,4b0f6d98-265f-4ee8-89a1-eff9d8dc1691,21,(I) will call you next week. (inf.sing),/Volumes/Spanish1Bundle/1Pictures/Flashcard/call.jpg
1822,52473125-fef7-49b5-9107-e6b1e5f6dbaa,2,head teacher (m/f),/Volumes/Spanish2Bundle/2Pictures/Flashcard/headteacher.jpg
1813,2be4b136-e9c0-44ca-9b15-dba1186cd8d8,2,ration,/Volumes/Spanish2Bundle/2Pictures/Flashcard/ration.jpg
1901,0c9a0999-5c0a-4685-886d-deaa43ef9b24,2,demonstration,/Volumes/Spanish2Bundle/2Pictures/Flashcard/demonstration.jpg
5026,f61e37b7-0578-464f-9b8f-c955d8b6c705,21,(I) promise you that (you) will receive a flower for each anniversary. (inf.sing),/Volumes/Spanish1Bundle/1Pictures/Flashcard/flower.jpg
5074,a5db1486-9f2a-4c31-9912-bd4e4e9a782f,21,Your shoes are under the table. (inf.sing),/Volumes/Spanish1Bundle/1Pictures/Flashcard/under.jpg
5047,daa2c502-1385-4e12-8ac8-07692a16b033,21,Everything is included in the price.,/Volumes/Spanish1Bundle/1Pictures/Flashcard/included.jpg
5071,cd8acd53-7a0c-4da4-af38-efa9a707b0b0,21,Your homework is below the table. (inf.sing),/Volumes/Spanish1Bundle/1Pictures/Flashcard/below.jpg
5086,bac27ca9-38b7-44f9-a888-b44e5b1487e3,21,Let's go inside.,/Volumes/Spanish1Bundle/1Pictures/Flashcard/inside.jpg
1904,6655a7d1-00cd-4247-9bfc-ef25dede8f14,2,terrorism,/Volumes/Spanish2Bundle/2Pictures/Flashcard/terrorism.jpg
5028,13b3ea4b-762c-4f2e-a0a9-32dfbd780cf5,21,(I)'ll see you tomorrow in the morning. (inf.sing),/Volumes/Spanish1Bundle/1Pictures/Flashcard/in the morning.jpg
5052,1e9227d5-6e59-425d-83d5-44c1bce51cd4,21,Bring a jug of water. (inf.sing),/Volumes/Spanish1Bundle/1Pictures/Flashcard/jug.jpg
5038,f6799981-4891-436e-a4e8-155f7614c0a6,21,(I) must cut my hair.,/Volumes/Spanish1Bundle/1Pictures/Flashcard/have to (must).jpg
5027,c8c4ac0a-8cff-4ff9-986e-b3035942fea7,21,(I)'ll keep on waiting until (you) decide to come back. (inf.sing),"/Volumes/Spanish1Bundle/1Pictures/Flashcard/wait, to hope, to expect.jpg"
5030,ff89da54-0448-4221-925c-db9cb099fc01,21,(You) will have more trouble(s) if (you) are a smoker. (inf.sing) (m),/Volumes/Spanish1Bundle/1Pictures/Flashcard/smoker.jpg
5048,701f71a0-4593-4e55-9e33-327d5eac6227,21,All the cushions are the same colour.,/Volumes/Spanish1Bundle/1Pictures/Flashcard/cushion.jpg
5061,c9270045-6e1f-4849-bf1d-70895a7083d1,21,You need a good education. (inf.pl),/Volumes/Spanish1Bundle/1Pictures/Flashcard/you (informal plural).jpg
5095,e577935a-2398-447a-a37b-88d6cc6fc595,21,(We) will live in the west part of London.,/Volumes/Spanish1Bundle/1Pictures/Flashcard/west.jpg
5076,e6ba54d6-3da1-486b-a213-41f24f282c4d,21,(They) had a car accident and were taken to the hospital.,/Volumes/Spanish1Bundle/1Pictures/Flashcard/hospital.jpg
5044,213b5ebb-e727-477e-a49d-15ef23799f09,21,(I) have not yet had the pleasure of meeting him.,/Volumes/Spanish1Bundle/1Pictures/Flashcard/pleasure.jpg
1818,6f7957d3-b846-4ce3-a45a-5dd81ad3aed5,2,restaurant,/Volumes/Spanish2Bundle/2Pictures/Flashcard/restaurant.jpg
9594,39461317-e4b7-41f4-a17c-2664741c3108,22,(I) get on badly with him because (he) lies to everybody.,/Volumes/Spanish2Bundle/2Pictures/Flashcard/lie.jpg
1821,28ba62f6-ccc0-42cc-a5a2-4749c38023a1,2,to pass (an exam),"/Volumes/Spanish2Bundle/2Pictures/Flashcard/pass (an exam) ,v.jpg"
9596,ae2baff7-0f08-430a-ba40-1a739f0839ff,22,(He) has eaten a bread loaf with jam.,/Volumes/Spanish2Bundle/2Pictures/Flashcard/jam.jpg
1830,8ebd40be-1266-4f33-a87c-aa64e2381114,2,boarder (m/f),/Volumes/Spanish2Bundle/2Pictures/Flashcard/boarder (male).jpg
1834,44b11d36-81a7-4204-9a08-6a4ec3b6f45d,2,"ruler ,rule","/Volumes/Spanish2Bundle/2Pictures/Flashcard/ruler ,rule.jpg"
2162,5305edf4-2535-4d6c-a375-b816e8e1f05a,2,straight ahead,/Volumes/Spanish2Bundle/2Pictures/Flashcard/straight ahead.jpg
1835,ea4a98c2-53e8-442e-8b0b-fe5ca23605ef,2,paper,/Volumes/Spanish2Bundle/2Pictures/Flashcard/paper.jpg
1824,9eaa747f-0e4d-4313-829a-b5469d971240,2,pencil sharpener,/Volumes/Spanish2Bundle/2Pictures/Flashcard/pencil sharpener.jpg
1828,95cdbc0f-909e-4557-9f95-f746c626d10c,2,to spell,"/Volumes/Spanish2Bundle/2Pictures/Flashcard/spell ,v.jpg"
1831,8a96374c-cf1e-4ad5-839e-bc22a494eb34,2,to study,"/Volumes/Spanish2Bundle/2Pictures/Flashcard/study ,v.jpg"
1832,6d989323-30f0-44a9-bfc9-01e9168b9364,2,grammar,/Volumes/Spanish2Bundle/2Pictures/Flashcard/grammar.jpg
1856,0ed00299-580d-43f9-83c6-29fb1050b5e5,2,equivalent to,/Volumes/Spanish2Bundle/2Pictures/Flashcard/equivalent to.jpg
1850,fc1af104-2b6f-4b01-8dea-72c3e57724e0,2,mile,/Volumes/Spanish2Bundle/2Pictures/Flashcard/mile.jpg
1848,7be4b14b-22d8-45f6-9d9f-1048408804e2,2,kilometre,/Volumes/Spanish2Bundle/2Pictures/Flashcard/kilometre.jpg
9600,64abb44b-34c4-4037-941c-dfa1ea872301,22,"(I)t's three o'clock, (you) went to party and meanwhile (I) was worried! (inf.sing)",/Volumes/Spanish2Bundle/2Pictures/Flashcard/meanwhile.jpg
4252,4785e5b7-e560-43bb-bca8-552cd61c66ce,21,Eating fruit is healthy.,/Volumes/Spanish1Bundle/1Pictures/Flashcard/fruit.jpg
1838,ca1f9bfc-8d39-4e88-aa11-3203319da0e3,2,calculator,/Volumes/Spanish2Bundle/2Pictures/Flashcard/calculator.jpg
1857,cd35f493-38d6-4244-afc1-6bfbbd5527ec,2,gram,/Volumes/Spanish2Bundle/2Pictures/Flashcard/gramme.jpg
5075,d3fd74c7-825c-4cce-93d6-3b621f497b13,21,(I) should have bought cheaper curtains.,/Volumes/Spanish1Bundle/1Pictures/Flashcard/curtain.jpg
1837,f3f141fb-d33c-4091-8480-70e090d64a0c,2,exercise,/Volumes/Spanish2Bundle/2Pictures/Flashcard/exercise.jpg
1847,c0ca1398-210f-4031-b6e8-c6235efbd939,2,"half ,middle","/Volumes/Spanish2Bundle/2Pictures/Flashcard/half ,middle.jpg"
1855,b660c39e-39b7-4be5-a217-f9825a16b6e1,2,dozen,/Volumes/Spanish2Bundle/2Pictures/Flashcard/dozen.jpg
1310,37563a66-5108-4ae9-96ff-a0c65102d769,2,custom,/Volumes/Spanish2Bundle/2Pictures/Flashcard/custom.jpg
1859,a52fb969-6ad4-498c-b7b1-b58582f3218e,2,pair,/Volumes/Spanish2Bundle/2Pictures/Flashcard/pair.jpg
1851,bfbce38b-604d-48da-a6da-7d4b5f7e6716,2,width,/Volumes/Spanish2Bundle/2Pictures/Flashcard/width.jpg
1858,5c2d68be-26bf-4c72-8c1d-cb782d26ff1a,2,to measure,"/Volumes/Spanish2Bundle/2Pictures/Flashcard/measure ,v.jpg"
2178,1cfd6f71-3192-4006-b014-e687b21f8b5c,2,"desk ,office","/Volumes/Spanish2Bundle/2Pictures/Flashcard/desk ,office.jpg"
5050,ccb3ac07-f34d-418b-927a-515603c38da9,21,(We) will sunbathe (take sun) on the beach until 6 pm.,/Volumes/Spanish1Bundle/1Pictures/Flashcard/beach.jpg
2179,5bd685a4-1253-4215-a631-e004c334506f,2,to employ,/Volumes/Spanish2Bundle/2Pictures/Flashcard/employ.jpg
5078,62fa4529-00bb-4703-911c-143771183982,21,(We) had a big (strong) fight last night.,/Volumes/Spanish1Bundle/1Pictures/Flashcard/fight.jpg
5080,ff3816e8-80a3-4516-8af3-c7fc579448c7,21,A driver (m) knocked down an old woman.,/Volumes/Spanish1Bundle/1Pictures/Flashcard/driver.jpg
1925,2ea2bc77-09fb-4169-8f23-61db7ed063e0,2,fan (m/f),/Volumes/Spanish2Bundle/2Pictures/Flashcard/fan.jpg
5049,c9997364-3eaf-4268-a864-f77e1a2edce8,21,All the passengers were children.,/Volumes/Spanish1Bundle/1Pictures/Flashcard/passenger.jpg
5091,7668adc8-50ce-42c2-a077-b55cb2a9d879,21,Come as quickly as (you) can.,/Volumes/Spanish1Bundle/1Pictures/Flashcard/quickly.jpg
5066,c955c0b1-04c9-400a-8eef-01beb5fcba96,21,Your presentation was an absolute disaster in terms of accuracy or reliability. (inf.sing),/Volumes/Spanish1Bundle/1Pictures/Flashcard/absolute.jpg
5054,ed0633db-415e-4cf6-8d33-6fc210acbb4d,21,Your body is heavy because (you) have a big bones. (inf.sing),/Volumes/Spanish1Bundle/1Pictures/Flashcard/body.jpg
5058,caa67298-d1c9-4173-b771-2235229278b0,21,Your brother is very funny and (he) has a great sense of humour. (inf.sing),/Volumes/Spanish1Bundle/1Pictures/Flashcard/humour.jpg
5085,c239b588-b038-4753-a501-89a15879b7d2,21,You have a beautiful house. (form.sing),/Volumes/Spanish1Bundle/1Pictures/Flashcard/you (formal).jpg
5072,f07af4cd-0d1f-4209-a065-19fd59f04617,21,Your fingers are very long. (inf.sing),/Volumes/Spanish1Bundle/1Pictures/Flashcard/finger.jpg
5084,c436b0a0-32db-4bbb-9700-7ea18e566064,21,You have a spacious garden. (form.sing),"/Volumes/Spanish1Bundle/1Pictures/Flashcard/wide, spacious, extensive.jpg"
1295,78939d88-e2ba-421d-985b-668d8da01b52,2,gardener (m/f),/Volumes/Spanish2Bundle/2Pictures/Flashcard/gardener(m).jpg
5087,a52ec51a-7a78-4956-9eda-779b9fea02c7,21,(They)'re going to open a shop on the corner.,"/Volumes/Spanish1Bundle/1Pictures/Flashcard/open,v.jpg"
1944,79bf9eb7-ecc6-4257-8ad2-ed1f0631b143,2,welcome,/Volumes/Spanish2Bundle/2Pictures/Flashcard/welcome.jpg
1945,faf09404-a42b-4427-9cfd-858622eb882d,2,ambition,/Volumes/Spanish2Bundle/2Pictures/Flashcard/ambition.jpg
1946,0b3543c4-acaa-4264-bdfb-0f4ebdfe608a,2,"enthusiasm ,hobby","/Volumes/Spanish2Bundle/2Pictures/Flashcard/enthusiasm ,hobby.jpg"
1948,dd66f2e1-3a75-468b-bb39-3ebf2cd25246,2,happiness,/Volumes/Spanish2Bundle/2Pictures/Flashcard/happiness.jpg
3,46696d96-43ba-47dc-b32f-3d804b4e1a58,1,attention,/Volumes/Spanish1Bundle/1Pictures/Flashcard/attention.jpg
10,cc35a4cc-d8ba-45d4-900b-97eca6cd5d11,1,example,/Volumes/Spanish1Bundle/1Pictures/Flashcard/example.jpg
11,9f52847a-6712-4f63-aab3-1970434a3e49,1,to understand,/Volumes/Spanish1Bundle/1Pictures/Flashcard/understand.jpg
14,07de9e9e-f02f-451c-aacd-69b4147b54cf,1,school,/Volumes/Spanish1Bundle/1Pictures/Flashcard/school.jpg
16,36b6364a-b207-4710-9208-9014868ac15d,1,student (m/f),/Volumes/Spanish1Bundle/1Pictures/Flashcard/student.jpg
18,ba6b9177-8d6d-4438-b4e3-57af052a1d50,1,"eraser, rubber",/Volumes/Spanish1Bundle/1Pictures/Flashcard/eraser-rubber.jpg
22,e848b5f8-f3ac-4d6b-8acc-fd5e49081566,1,to read,/Volumes/Spanish1Bundle/1Pictures/Flashcard/read.jpg
34,5d02936e-5ce3-4e98-ae57-eb0db0218c31,1,avenue,/Volumes/Spanish1Bundle/1Pictures/Flashcard/avenue.jpg
36,fb6038da-6197-4000-881c-854c35298785,1,library,/Volumes/Spanish1Bundle/1Pictures/Flashcard/library.jpg
38,3aa4b88a-22dc-4912-aaa4-6babb2897bee,1,street,/Volumes/Spanish1Bundle/1Pictures/Flashcard/street.jpg
45,17a45e36-cde8-40d4-b56f-9b7c19a11ad2,1,corner,/Volumes/Spanish1Bundle/1Pictures/Flashcard/corner.jpg
4255,993fac52-91a2-4c30-9bab-edab4829ac46,21,(We) will buy the tickets tonight.,/Volumes/Spanish1Bundle/1Pictures/Flashcard/buy.jpg
52,4f63b8ac-ca0e-4f43-8f11-78660fb28bea,1,park,/Volumes/Spanish1Bundle/1Pictures/Flashcard/park.jpg
55,85e8da43-c610-4073-91ea-78123f0852ff,1,to live,/Volumes/Spanish1Bundle/1Pictures/Flashcard/live.jpg
109,8527676f-b7d2-4031-a841-cb300e0ef69c,1,"to switch off or turn off, to put out (fire)",/Volumes/Spanish1Bundle/1Pictures/Flashcard/switch off.jpg
1862,1315242a-14e1-4b16-a892-63ba4a53383a,2,self-service,/Volumes/Spanish2Bundle/2Pictures/Flashcard/self-service.jpg
120,9d029c86-7fd1-40b8-8ee0-e92c791750d6,1,home,/Volumes/Spanish1Bundle/1Pictures/Flashcard/home.jpg
133,53175141-c79f-4e52-9c96-c00b3b6836fe,1,TV,/Volumes/Spanish1Bundle/1Pictures/Flashcard/tv.jpg
136,55a95bac-fc9b-413d-afd9-5b3306499eaa,1,to remember,/Volumes/Spanish1Bundle/1Pictures/Flashcard/remember.jpg
137,41ea0138-c0a1-424f-bb6e-353e05e096df,1,"kind, pleasant","/Volumes/Spanish1Bundle/1Pictures/Flashcard/kind, pleasant.jpg"
144,b39dcc73-1554-4646-87f1-f4817e21a866,1,letter,/Volumes/Spanish1Bundle/1Pictures/Flashcard/letter.jpg
145,23a399f6-6469-45e4-9354-11a5ff6d8e60,1,to chat,/Volumes/Spanish1Bundle/1Pictures/Flashcard/chat.jpg
147,583e4224-31c6-433e-9263-d82a90407bf6,1,desire,/Volumes/Spanish1Bundle/1Pictures/Flashcard/desire.jpg
1296,2fd76d4c-d3cb-41c8-a52b-d62cc9d58387,2,author (m/f),/Volumes/Spanish2Bundle/2Pictures/Flashcard/author (m).jpg
159,07ea4d54-fe55-4ed8-93ac-0f7fd1dd9e03,1,to laugh,/Volumes/Spanish1Bundle/1Pictures/Flashcard/laugh.jpg
161,e9aa41be-f3b7-4469-b080-e69e89503104,1,to phone,/Volumes/Spanish1Bundle/1Pictures/Flashcard/phone.jpg
166,a7a20b16-2616-4c3b-ad98-573f4ac56319,1,to get married,/Volumes/Spanish1Bundle/1Pictures/Flashcard/get married.jpg
169,03207eab-a8dc-438a-8710-fa9d334e8365,1,rude,/Volumes/Spanish1Bundle/1Pictures/Flashcard/rude.jpg
1884,64977c7b-fc18-4043-a80c-b3242c5b3cba,2,"free (unoccupied ,of oppression)","/Volumes/Spanish2Bundle/2Pictures/Flashcard/free (unoccupied ,of oppression).jpg"
174,f0b93b43-7800-4ef9-8f92-562444b339d8,1,favourite,/Volumes/Spanish1Bundle/1Pictures/Flashcard/favourite.jpg
183,97e164b8-71dd-4664-8aa8-e0be6ee8ca59,1,to die,/Volumes/Spanish1Bundle/1Pictures/Flashcard/die.jpg
184,a3946638-6d11-4ac6-b5d6-d9a3fe191ca0,1,to be born,/Volumes/Spanish1Bundle/1Pictures/Flashcard/be born.jpg
186,dccef9fd-f13e-48cf-9084-6ee914e59aa7,1,busy,/Volumes/Spanish1Bundle/1Pictures/Flashcard/busy.jpg
1866,513933f4-da1c-4575-a48d-b1314baf024b,2,list,/Volumes/Spanish2Bundle/2Pictures/Flashcard/list.jpg
194,76b15fe5-984c-4323-9dc4-d0023a94a0ad,1,sugar,/Volumes/Spanish1Bundle/1Pictures/Flashcard/sugar.jpg
199,9236ae32-ce52-44c9-b3b6-192bc3c0ae74,1,comfortable,/Volumes/Spanish1Bundle/1Pictures/Flashcard/comfortable.jpg
201,0bbd6443-f47d-4fd8-a398-ae28b968c66a,1,spoon,/Volumes/Spanish1Bundle/1Pictures/Flashcard/spoon.jpg
202,4ac55d4f-c28e-411c-adca-0529f79de403,1,knife,/Volumes/Spanish1Bundle/1Pictures/Flashcard/knife.jpg
206,d3f77685-82c2-4fa6-865c-2bc221150486,1,included,/Volumes/Spanish1Bundle/1Pictures/Flashcard/included.jpg
208,afaa1f0a-a7e7-42fa-840e-f651ba2d4bb8,1,pepper,/Volumes/Spanish1Bundle/1Pictures/Flashcard/pepper.jpg
336,934eba3c-8c36-42c4-99e4-725f433e997b,1,late,/Volumes/Spanish1Bundle/1Pictures/Flashcard/late.jpg
462,7cc40b0a-f707-4cd1-a923-2fa91c85a89b,1,exit,/Volumes/Spanish1Bundle/1Pictures/Flashcard/exit.jpg
513,508af55b-2830-4179-9bed-447ff8daed4a,1,to use,/Volumes/Spanish1Bundle/1Pictures/Flashcard/use.jpg
516,121f1179-cb67-4e97-8636-6efd99d01699,1,hole,/Volumes/Spanish1Bundle/1Pictures/Flashcard/hole.jpg
519,3110a879-375b-46af-b61f-ee595228e485,1,"rubbish, garbage",/Volumes/Spanish1Bundle/1Pictures/Flashcard/rubbish.jpg
643,725c0579-eb43-44d5-a09f-d2fd509e8873,1,aunt,/Volumes/Spanish1Bundle/1Pictures/Flashcard/aunt.jpg
647,407351b2-ff22-4e95-b9b7-cb3613cee2ab,1,something,/Volumes/Spanish1Bundle/1Pictures/Flashcard/something.jpg
210,7cff4631-2a9d-45cd-828a-f057556d0d35,1,noisy,/Volumes/Spanish1Bundle/1Pictures/Flashcard/noisy.jpg
211,e13a0d7d-e3de-4585-9e78-e8d61c105553,1,salt,/Volumes/Spanish1Bundle/1Pictures/Flashcard/salt.jpg
219,6f0cbf5e-9571-4ee3-8fae-d3fbb3d963b3,1,banknote,/Volumes/Spanish1Bundle/1Pictures/Flashcard/banknote.jpg
220,faf9ae15-476f-4cbc-9ba4-e160b6b0fd6b,1,cashpoint,/Volumes/Spanish1Bundle/1Pictures/Flashcard/cashpoint.jpg
222,b64564bc-2a0a-4db2-a0f4-acd6ca575059,1,change (replacement),/Volumes/Spanish1Bundle/1Pictures/Flashcard/change (replacement).jpg
223,95f89eec-46fd-4ab9-899e-face9c6cdb4e,1,cheque,/Volumes/Spanish1Bundle/1Pictures/Flashcard/cheque.jpg
230,0bef4fd9-9530-47fc-b629-83c8d1e3b655,1,date,/Volumes/Spanish1Bundle/1Pictures/Flashcard/date.jpg
235,5d71e1b7-6689-4048-8cd2-fbfea6a554bd,1,"coins, currency","/Volumes/Spanish1Bundle/1Pictures/Flashcard/coins, currency.jpg"
238,acb92f5f-d415-4911-af78-26e9ff28af36,1,"parcel, packet",/Volumes/Spanish1Bundle/1Pictures/Flashcard/parcel.jpg
241,0e810c71-94bb-48c9-875d-e5ad04a9712f,1,alcohol,/Volumes/Spanish1Bundle/1Pictures/Flashcard/alcohol.jpg
243,6cd5a231-12e1-4c33-9aba-72030b458f66,1,to drink,"/Volumes/Spanish1Bundle/1Pictures/Flashcard/drink,v.jpg"
244,3f9a44c5-e53d-41ca-b16e-579808daa9f0,1,drink,/Volumes/Spanish1Bundle/1Pictures/Flashcard/drink.jpg
247,b1139cea-1f47-4cfd-a484-39e0804a7e82,1,coffee,/Volumes/Spanish1Bundle/1Pictures/Flashcard/coffee.jpg
252,46451015-7a18-4bed-83bd-e3afd0b9213f,1,lamb,/Volumes/Spanish1Bundle/1Pictures/Flashcard/lamb.jpg
265,262cce1c-fe2a-4189-afb7-f1a0f843d786,1,can opener,/Volumes/Spanish1Bundle/1Pictures/Flashcard/can opener.jpg
268,bab8567f-56ea-4fe9-920f-6dadc7dfa3fc,1,"bowl, dish","/Volumes/Spanish1Bundle/1Pictures/Flashcard/bowl, dish.jpg"
269,c393f1d2-16f8-4e4d-a68f-8e2a93d5a248,1,"saucepan, pot","/Volumes/Spanish1Bundle/1Pictures/Flashcard/saucepan, pot.jpg"
276,f1f9b3d3-234f-46b6-8ae8-6313b313693c,1,oven,/Volumes/Spanish1Bundle/1Pictures/Flashcard/oven.jpg
277,ed74e99f-e6a4-466a-a452-f48135c3faa8,1,switch,/Volumes/Spanish1Bundle/1Pictures/Flashcard/switch.jpg
287,eec3ed79-7c23-41e9-b881-f6aa0cf7532d,1,stool,/Volumes/Spanish1Bundle/1Pictures/Flashcard/stool.jpg
291,b86c96c7-db2e-4d79-8ffa-83a2f8218fdb,1,mouth,/Volumes/Spanish1Bundle/1Pictures/Flashcard/mouth.jpg
292,13198dc6-8dbe-411d-b8f6-8f4f7db6ac06,1,arm,/Volumes/Spanish1Bundle/1Pictures/Flashcard/arm.jpg
4079,dc5ba2da-0362-46b5-9705-85bd6f299933,21,He has already finished!,/Volumes/Spanish1Bundle/1Pictures/Flashcard/already.jpg
297,87ffe245-f16a-4f01-a624-a10b872c83ca,1,finger,/Volumes/Spanish1Bundle/1Pictures/Flashcard/finger.jpg
302,7b2ca121-c04b-4283-bad7-2f297637a777,1,hand,/Volumes/Spanish1Bundle/1Pictures/Flashcard/hand.jpg
1874,2e1e339a-52b7-4ab2-9b80-44f97707f25a,2,"to announce ,to advertise","/Volumes/Spanish2Bundle/2Pictures/Flashcard/announce ,advertise.jpg"
314,4e561b92-748c-4a72-a45b-27011eabcaab,1,at the end of,/Volumes/Spanish1Bundle/1Pictures/Flashcard/at the end of.jpg
315,9ae97904-6505-46ca-97f1-00837666ab58,1,year,/Volumes/Spanish1Bundle/1Pictures/Flashcard/year.jpg
316,cf983937-b288-4c61-9331-7d41fddf8504,1,last night,/Volumes/Spanish1Bundle/1Pictures/Flashcard/last night.jpg
1297,1a27927a-cff2-44af-81fc-f9723adb942c,2,electrician (m/f),/Volumes/Spanish2Bundle/2Pictures/Flashcard/electrician.jpg
348,bee572b4-69db-4dab-8ac1-336dcccd599f,1,hen,/Volumes/Spanish1Bundle/1Pictures/Flashcard/hen.jpg
349,fc7da81d-6445-487e-b682-c520d334e880,1,cat,/Volumes/Spanish1Bundle/1Pictures/Flashcard/cat.jpg
350,a7b61b17-f29f-4090-a7e5-9a5271adf77e,1,insect,/Volumes/Spanish1Bundle/1Pictures/Flashcard/insect.jpg
353,d533780d-982d-4508-9092-8d6e06119dda,1,fly,/Volumes/Spanish1Bundle/1Pictures/Flashcard/fly.jpg
354,e1d5e7e2-5d1d-4fbb-8868-f384bbcb4c1e,1,mosquito,/Volumes/Spanish1Bundle/1Pictures/Flashcard/mosquito.jpg
4069,ca8c0d63-2514-47fd-96eb-300d4b928b19,21,Good bye! Have a good journey!,/Volumes/Spanish1Bundle/1Pictures/Flashcard/goodbye.jpg
1880,725cbf6e-8484-4bb6-bf06-ede826794d19,2,delivery,/Volumes/Spanish1Bundle/1Pictures/Flashcard/delivery.jpg
368,945d8a80-48ff-4247-ba86-de1fe76c6364,1,doctor (m/f),/Volumes/Spanish1Bundle/1Pictures/Flashcard/doctor.jpg
372,d20cb948-0a9d-4b55-9724-ff18590f067d,1,drug,/Volumes/Spanish1Bundle/1Pictures/Flashcard/drug.jpg
376,5a648872-18b8-4b58-888a-c00bc26c3fa4,1,temperature,/Volumes/Spanish1Bundle/1Pictures/Flashcard/temperature.jpg
377,9131ce5b-1afd-4e17-90da-9f87e900a67c,1,flu,/Volumes/Spanish1Bundle/1Pictures/Flashcard/flu.jpg
378,4876be56-f0d1-42bc-a8bb-0e2d3ebc8035,1,wound,/Volumes/Spanish1Bundle/1Pictures/Flashcard/wound.jpg
1877,f3cfd7f3-dfc9-48e2-afcf-5d1d9d3336a1,2,sold out,/Volumes/Spanish2Bundle/2Pictures/Flashcard/sold out.jpg
395,3e8a8e54-7d06-4a1f-b862-0cc6d22e40ff,1,to wake (oneself) up,/Volumes/Spanish1Bundle/1Pictures/Flashcard/wake (oneself) up.jpg
396,aecc0db7-e345-4cd0-9873-4863f52b872a,1,to sleep,/Volumes/Spanish1Bundle/1Pictures/Flashcard/sleep.jpg
398,53c5a10c-0d32-4525-99ef-34ca56889510,1,duvet,/Volumes/Spanish1Bundle/1Pictures/Flashcard/duvet.jpg
407,2e685356-4d17-4ecb-96b7-405569522348,1,bedspread,/Volumes/Spanish1Bundle/1Pictures/Flashcard/bedspread.jpg
418,0b6a5105-1fc1-4b67-a3be-efc3ea9d0956,1,jacket,/Volumes/Spanish1Bundle/1Pictures/Flashcard/jacket.jpg
425,e491e686-6442-4788-b247-e738148d6284,1,trousers,/Volumes/Spanish1Bundle/1Pictures/Flashcard/trousers.jpg
427,7fed1ab5-e5b1-4daf-b711-ba283aebc5ca,1,pullover,/Volumes/Spanish1Bundle/1Pictures/Flashcard/pullover.jpg
429,689883a1-9299-43ad-8472-b8ab3b7dda55,1,hat,/Volumes/Spanish1Bundle/1Pictures/Flashcard/hat.jpg
439,16517a14-d02d-4a28-9d8f-b04c019d22e3,1,car,/Volumes/Spanish1Bundle/1Pictures/Flashcard/car.jpg
440,9cc2487a-ff57-4bd2-b8ac-01f5f71d0635,1,bus,/Volumes/Spanish1Bundle/1Pictures/Flashcard/bus.jpg
447,3eff9f6e-6023-4260-933d-225f8db27a08,1,"lorry, truck","/Volumes/Spanish1Bundle/1Pictures/Flashcard/lorry, truck.jpg"
452,17e6c84a-6984-4e4b-a006-34881bad3aa2,1,service station,/Volumes/Spanish1Bundle/1Pictures/Flashcard/service station.jpg
450,b4d88efb-005a-4d4e-ba78-294c36d805b3,1,station,/Volumes/Spanish1Bundle/1Pictures/Flashcard/station.jpg
470,6c7c8cff-1a8f-4ad8-a5d0-be7d2621e75e,1,almost,/Volumes/Spanish1Bundle/1Pictures/Flashcard/almost.jpg
475,3b2b5a2c-01cf-407f-a266-a301beeabca3,1,to have (auxiliary verb),/Volumes/Spanish1Bundle/1Pictures/Flashcard/have (auxiliary verb).jpg
482,dc644563-4f3a-4e21-8c86-b79a814b602c,1,because,/Volumes/Spanish1Bundle/1Pictures/Flashcard/because.jpg
493,28b7bf8c-f805-498d-a0a0-8a2bd97adb61,1,happy (content),/Volumes/Spanish1Bundle/1Pictures/Flashcard/happy (content).jpg
500,b55bc5b6-0b09-4587-aa7b-a0c63a6fd2a1,1,"to do, to make, to build","/Volumes/Spanish1Bundle/1Pictures/Flashcard/do, to make, to build.jpg"
512,632ad382-36e5-437b-81d9-70bc9e03cda5,1,to have,/Volumes/Spanish1Bundle/1Pictures/Flashcard/have.jpg
525,b51b7807-311e-44b5-b5d1-5aa02cec29f4,1,star,/Volumes/Spanish1Bundle/1Pictures/Flashcard/star.jpg
526,94c80c31-8409-46cb-9f01-5ddade043ff6,1,flower,/Volumes/Spanish1Bundle/1Pictures/Flashcard/flower.jpg
527,e2659104-42d1-4c4c-8694-5b9d6ebf5619,1,border,/Volumes/Spanish1Bundle/1Pictures/Flashcard/border.jpg
536,892c5324-0d4e-4a05-affd-0d65891c0e48,1,country,/Volumes/Spanish1Bundle/1Pictures/Flashcard/country.jpg
539,4bb822a7-3cab-4974-a188-fe6e151a8941,1,stone,/Volumes/Spanish1Bundle/1Pictures/Flashcard/stone.jpg
540,76a86b42-f413-42e5-8bc9-90095748301d,1,plant,/Volumes/Spanish1Bundle/1Pictures/Flashcard/plant.jpg
541,6ceb1f69-e963-487a-9fe1-8cb92cb0e960,1,river,/Volumes/Spanish1Bundle/1Pictures/Flashcard/river.jpg
546,f99d45e0-f429-40fb-96f9-5a704564bbc1,1,mushroom,/Volumes/Spanish1Bundle/1Pictures/Flashcard/mushroom.jpg
548,df436f9a-c273-4bfc-960a-4c9b65276100,1,cauliflower,/Volumes/Spanish1Bundle/1Pictures/Flashcard/cauliflower.jpg
1886,1789579f-3302-4dd0-b47f-08753144ceb4,2,survey,/Volumes/Spanish2Bundle/2Pictures/Flashcard/survey.jpg
562,42af6380-32c8-4c2a-95f4-d637cd04b51d,1,pineapple,/Volumes/Spanish1Bundle/1Pictures/Flashcard/pineapple.jpg
564,42d57f51-01c5-4ae0-8f84-d0040db351c8,1,tomato,/Volumes/Spanish1Bundle/1Pictures/Flashcard/tomato.jpg
567,6413a4a6-7614-489d-92ec-75529d9b8e72,1,carrot,/Volumes/Spanish1Bundle/1Pictures/Flashcard/carrot.jpg
569,be5e4f53-d5bc-4740-8170-0b5fa5a113d0,1,dance,/Volumes/Spanish1Bundle/1Pictures/Flashcard/dance.jpg
570,dde711e5-81f5-49e1-a952-c17af9f74fd7,1,camera,/Volumes/Spanish1Bundle/1Pictures/Flashcard/camera.jpg
571,8eba519b-774e-49ac-a0be-e4d74c3dd3f2,1,to sing,/Volumes/Spanish1Bundle/1Pictures/Flashcard/sing.jpg
4208,01cb1e92-e933-4db5-a460-044098413413,21,(I) love to bathe with mineral salts.,/Volumes/Spanish1Bundle/1Pictures/Flashcard/bathe.jpg
586,fdd7a314-62ae-49ce-8287-78ce26b5987c,1,music,/Volumes/Spanish1Bundle/1Pictures/Flashcard/music.jpg
587,b55df2f5-928f-4d4f-91e7-a2a322b7382f,1,news,/Volumes/Spanish1Bundle/1Pictures/Flashcard/news.jpg
591,5a1426f0-525c-407e-a46e-dc37f248dc6b,1,film,/Volumes/Spanish1Bundle/1Pictures/Flashcard/film.jpg
592,9b3de313-17b5-41d9-97cc-0e850c99fd9f,1,to paint,/Volumes/Spanish1Bundle/1Pictures/Flashcard/paint.jpg
598,d8b68757-c41c-4f4d-8d3c-0c7a30ea4652,1,beautiful (splendid),/Volumes/Spanish1Bundle/1Pictures/Flashcard/beautiful (splendid).jpg
1887,0855ddf5-1285-46e8-911b-e338f51027a1,2,fact,/Volumes/Spanish2Bundle/2Pictures/Flashcard/fact.jpg
608,ee89195f-986a-4c9f-99b7-0e2dbc779d6b,1,man,/Volumes/Spanish1Bundle/1Pictures/Flashcard/man.jpg
609,1a45a682-f005-4b97-8aac-8cdbfa985996,1,idiot (m/f),/Volumes/Spanish1Bundle/1Pictures/Flashcard/idiot.jpg
613,1a95b61d-d4f5-4439-91b8-a4ce8dc44080,1,crowd,/Volumes/Spanish1Bundle/1Pictures/Flashcard/crowd.jpg
615,059079a8-9954-43c4-9159-8a65214b2d5d,1,"woman, wife","/Volumes/Spanish1Bundle/1Pictures/Flashcard/woman, wife also la esposa.jpg"
621,d57a4480-c55e-4b32-b276-256e4bfa537e,1,grandmother,/Volumes/Spanish1Bundle/1Pictures/Flashcard/grandmother.jpg
627,4d299a6c-5263-4c64-97f3-48c2f0b21374,1,family,/Volumes/Spanish1Bundle/1Pictures/Flashcard/family.jpg
630,eace9ab6-364e-4c6d-91f0-71b25a43b88a,1,daughter,/Volumes/Spanish1Bundle/1Pictures/Flashcard/daughter.jpg
633,841629c4-7641-42f2-ad4b-7a2e7cd23a4c,1,mother,/Volumes/Spanish1Bundle/1Pictures/Flashcard/mother.jpg
639,1cbd1813-437c-4676-90c2-5cafa2502504,1,father,/Volumes/Spanish1Bundle/1Pictures/Flashcard/father.jpg
649,25b97a83-09b5-4062-8b78-fa59e2389a0e,1,wide,/Volumes/Spanish1Bundle/1Pictures/Flashcard/wide.jpg
651,ab46ca1b-960d-4030-bd97-7f22dc7e226a,1,each,/Volumes/Spanish1Bundle/1Pictures/Flashcard/each.jpg
656,38072e24-9db4-4e31-901b-278376839df4,1,"thin, skinny","/Volumes/Spanish1Bundle/1Pictures/Flashcard/thin, skinny.jpg"
665,22deab23-2c36-4987-84fd-6577b433d846,1,small,/Volumes/Spanish1Bundle/1Pictures/Flashcard/small.jpg
666,c710c99c-770a-48d0-b020-f7e726952100,1,"alone, single, sole, lonely","/Volumes/Spanish1Bundle/1Pictures/Flashcard/single, sole, alone, lonely.jpg"
672,4cb8aa6c-c363-42f3-82d7-3dbdc25afaa2,1,"client, customer (m/f)","/Volumes/Spanish1Bundle/1Pictures/Flashcard/client, customer.jpg"
674,ab362ed7-bb7a-411c-982f-f440f27cf352,1,to buy,/Volumes/Spanish1Bundle/1Pictures/Flashcard/buy.jpg
675,b535f14e-36f9-4d50-b27d-fd6a10ad8164,1,shopping,/Volumes/Spanish1Bundle/1Pictures/Flashcard/shopping.jpg
684,c13166d9-ad04-48ed-88e3-d4459d9b9f46,1,bargain,/Volumes/Spanish1Bundle/1Pictures/Flashcard/bargain.jpg
692,3c2817c3-07cd-4510-8977-e93ea0d4c9c2,1,"shop, store","/Volumes/Spanish1Bundle/1Pictures/Flashcard/shop, store.jpg"
694,d7500e6b-f8a6-4542-a8bb-f25d1d9c7fb6,1,"through, across","/Volumes/Spanish1Bundle/1Pictures/Flashcard/through, across.jpg"
698,32739bff-be1d-496a-b93c-8b999c8148b0,1,"low, short (person)","/Volumes/Spanish1Bundle/1Pictures/Flashcard/low, short (person).jpg"
1893,844d89a9-aeac-454f-beb4-a98efdaa41a9,2,idea,/Volumes/Spanish2Bundle/2Pictures/Flashcard/idea.jpg
708,4c041944-dfb1-4bf4-a700-9592990a2fc6,1,while,/Volumes/Spanish1Bundle/1Pictures/Flashcard/while.jpg
1894,d53d398a-2271-431f-9b0b-00f829dfed66,2,struggle,/Volumes/Spanish2Bundle/2Pictures/Flashcard/struggle.jpg
1900,87c92c08-9a36-4725-9ce0-210a68c21dec,2,delinquent (m/f),/Volumes/Spanish2Bundle/2Pictures/Flashcard/delinquent.jpg
2046,a9c304db-8189-47c2-a75e-0e98b0e808ee,2,to be sitting,"/Volumes/Spanish2Bundle/2Pictures/Flashcard/be sitting ,v.jpg"
726,5d8ec88d-9507-4839-9ef4-46f43835391f,1,evening meal,/Volumes/Spanish1Bundle/1Pictures/Flashcard/evening meal.jpg
729,00b6af42-819d-4804-8fb5-08e0a2c39915,1,to eat,/Volumes/Spanish1Bundle/1Pictures/Flashcard/eat.jpg
730,b3cbd562-4416-499a-a5f0-75e18d17f9a3,1,cream,/Volumes/Spanish1Bundle/1Pictures/Flashcard/cream.jpg
734,5c39ea81-6537-4f5b-b9eb-e851f76b0230,1,fried,/Volumes/Spanish1Bundle/1Pictures/Flashcard/fried.jpg
743,a93617bd-d75e-4f13-8299-9c857eb9efe1,1,dessert,/Volumes/Spanish1Bundle/1Pictures/Flashcard/dessert.jpg
746,8cbc8351-65eb-4f30-b6c5-408f4b3d7da5,1,soup,/Volumes/Spanish1Bundle/1Pictures/Flashcard/soup.jpg
751,bb1d7ed9-03d4-4272-93fc-031c3bf4a69c,1,frost,/Volumes/Spanish1Bundle/1Pictures/Flashcard/frost.jpg
1896,d8055246-eb95-4e60-8d1d-84b56eab8a7e,2,immigration,/Volumes/Spanish2Bundle/2Pictures/Flashcard/immigration.jpg
772,a732b6b4-cd3a-4b30-8ef8-c5fd0f9f7467,1,sunny,/Volumes/Spanish1Bundle/1Pictures/Flashcard/sunny.jpg
773,9579b8c1-78e0-453e-8bcd-8be5a12eeec4,1,to blow,/Volumes/Spanish1Bundle/1Pictures/Flashcard/blow.jpg
826,2c74c9b8-df23-4d18-a1d3-6fec88d3d2ce,1,brochure,/Volumes/Spanish1Bundle/1Pictures/Flashcard/brochure.jpg
831,c3ddef67-8819-4087-a1f1-579d96fe925e,1,information,/Volumes/Spanish1Bundle/1Pictures/Flashcard/information.jpg
835,452c0bb0-88b3-4e2f-9931-9d0ca3d227ab,1,suitcase,/Volumes/Spanish1Bundle/1Pictures/Flashcard/suitcase.jpg
838,46b3e0aa-fb8e-4222-950c-aa4bbf2f55c7,1,departure,/Volumes/Spanish1Bundle/1Pictures/Flashcard/departure.jpg
840,b5e50b93-7cf0-4c3b-92db-867fc4bda672,1,passport,/Volumes/Spanish1Bundle/1Pictures/Flashcard/passport.jpg
854,85de0f77-f132-4e60-8d1a-ff37746342da,1,special,/Volumes/Spanish1Bundle/1Pictures/Flashcard/special.jpg
859,fe1245dd-37cf-4512-8e9e-0001c5d01c4d,1,horrible,/Volumes/Spanish1Bundle/1Pictures/Flashcard/horrible.jpg
861,2197ccf3-223c-4a0a-a3bf-502f99cde458,1,slow,/Volumes/Spanish1Bundle/1Pictures/Flashcard/slow.jpg
864,017b991a-6618-4476-aff7-b139b452837c,1,better,/Volumes/Spanish1Bundle/1Pictures/Flashcard/better.jpg
865,66ec8105-f787-4104-883f-8f01874e2e05,1,mixed,/Volumes/Spanish1Bundle/1Pictures/Flashcard/mixed.jpg
878,cffc894a-4138-43ac-b5c1-2c3da63a7586,1,beside,/Volumes/Spanish1Bundle/1Pictures/Flashcard/beside.jpg
884,23840907-a194-4f8b-bca2-6bcd54a7f795,1,in front,/Volumes/Spanish1Bundle/1Pictures/Flashcard/in front.jpg
886,bc803fab-94f4-4b8b-b3e9-379e9dc6ee3a,1,right (direction),/Volumes/Spanish1Bundle/1Pictures/Flashcard/right (direction).jpg
1997,57dfd97b-323a-4d19-a46d-3a8539db737e,2,noise,/Volumes/Spanish2Bundle/2Pictures/Flashcard/noise.jpg
897,f912946d-635b-48bf-9413-e5adea8b9751,1,west,/Volumes/Spanish1Bundle/1Pictures/Flashcard/west.jpg
898,4817ecac-f9dd-41c7-a429-75f0a09ae376,1,now,/Volumes/Spanish1Bundle/1Pictures/Flashcard/now.jpg
901,c6a39cb3-a8c2-4f96-8ec6-0c9c73b6ef31,1,he,/Volumes/Spanish1Bundle/1Pictures/Flashcard/he.jpg
903,1d9df00f-a5c9-4847-9c39-66f9538f7d3f,1,"out, outside","/Volumes/Spanish1Bundle/1Pictures/Flashcard/out, outside.jpg"
921,3d9861e6-76df-42c6-9a89-e030adc39ab9,1,last,/Volumes/Spanish1Bundle/1Pictures/Flashcard/last.jpg
925,07c02d11-373a-4384-953a-087023a7839b,1,to shave,/Volumes/Spanish1Bundle/1Pictures/Flashcard/shave.jpg
928,7d4a339f-628a-4054-b390-f5383f5db998,1,"to brush (eg hair, teeth)",/Volumes/Spanish1Bundle/1Pictures/Flashcard/brush (eg teeth).jpg
931,fc40f1f1-2cc3-4034-8ab5-93c30d3daed1,1,shampoo,/Volumes/Spanish1Bundle/1Pictures/Flashcard/shampoo.jpg
939,20c139b6-b5ee-4705-9b15-75e739911f57,1,to wash,/Volumes/Spanish1Bundle/1Pictures/Flashcard/wash.jpg
946,d552174c-fb40-4106-ba5b-6d084f6c2c0b,1,"towel, bath towel",/Volumes/Spanish1Bundle/1Pictures/Flashcard/towel-bath towel.jpg
966,0b06fc76-8d00-45b4-9964-7a921d99ffe7,1,"to be able, can","/Volumes/Spanish1Bundle/1Pictures/Flashcard/be able, can.jpg"
967,8b1bc990-bbb8-4a3c-9ad1-bd09fe0e01d8,1,please!,/Volumes/Spanish1Bundle/1Pictures/Flashcard/please.jpg
977,9ae2b3be-dc76-4098-8e60-98a492e6897f,1,bicycle,/Volumes/Spanish1Bundle/1Pictures/Flashcard/bicycle.jpg
981,3dafbaee-ee0c-4c11-a8b8-4ffd7eefaa11,1,"to go training, to become trained","/Volumes/Spanish1Bundle/1Pictures/Flashcard/go training, to become trained.jpg"
982,a496c241-1d85-496f-8853-a44ef3b4e275,1,team,/Volumes/Spanish1Bundle/1Pictures/Flashcard/team.jpg
983,f9188622-6237-4ea6-b68a-569350933b99,1,famous,/Volumes/Spanish1Bundle/1Pictures/Flashcard/famous.jpg
989,8d07e0ea-5495-4515-9e06-507439566081,1,to shout,/Volumes/Spanish1Bundle/1Pictures/Flashcard/shout.jpg
1905,6497052f-12da-492b-85db-6bd89cb9e0a1,2,drug addict,/Volumes/Spanish2Bundle/2Pictures/Flashcard/drug addict.jpg
1001,b17b49f5-0485-4845-9593-8cadafd53e40,1,"to get, to catch","/Volumes/Spanish1Bundle/1Pictures/Flashcard/get, to catch.jpg"
1004,b92f78c0-38ef-4612-b312-21b51bfefba2,1,"to let, to leave","/Volumes/Spanish1Bundle/1Pictures/Flashcard/let, to leave.jpg"
1008,8923dc08-1626-462b-ae9e-e8c90decfd26,1,to listen,/Volumes/Spanish1Bundle/1Pictures/Flashcard/listen.jpg
1013,f6b46346-1f88-490d-a861-784dcbd2b9fd,1,to call,/Volumes/Spanish1Bundle/1Pictures/Flashcard/call.jpg
1022,362a2b92-b22f-4431-b1f3-ef0fc201e15d,1,to sit down,/Volumes/Spanish1Bundle/1Pictures/Flashcard/sit down.jpg
1023,7a249c79-2f01-4b94-87c5-9ed6a243e329,1,to take,/Volumes/Spanish1Bundle/1Pictures/Flashcard/take.jpg
4124,e2f8112f-267b-40a5-862a-a1e424154df5,21,Is roast beef typical in (of) your country? (inf.sing),/Volumes/Spanish1Bundle/1Pictures/Flashcard/roast.jpg
4123,02aa746f-8597-4b8b-ad4c-f27aa17a4f75,21,Where are the toilets? (a...),/Volumes/Spanish1Bundle/1Pictures/Flashcard/toilets.jpg
4130,0c65a5a0-9290-4d4d-865c-47bb5c2f7587,21,How many years have (you) lived in England? (inf.sing),/Volumes/Spanish1Bundle/1Pictures/Flashcard/how many.jpg
4128,30da257b-7b66-49d0-8484-c51a853c16d4,21,Is this umbrella yours? (form.sing),/Volumes/Spanish1Bundle/1Pictures/Flashcard/umbrella.jpg
4131,4b0c94b4-2dc6-4840-92f5-342598110100,21,Have (you) ever eaten chicken reared on a specialist poultry farm? (inf.sing),/Volumes/Spanish1Bundle/1Pictures/Flashcard/chicken.jpg
4127,17fb1c18-5884-4ce5-9350-07862322eaf8,21,"Is this stool free, madam?",/Volumes/Spanish1Bundle/1Pictures/Flashcard/stool.jpg
4068,afafa7c9-980b-4a73-8459-90ae58acf9b2,21,Come in! The door is open.,/Volumes/Spanish1Bundle/1Pictures/Flashcard/come in!.jpg
4072,b26cd4bb-07be-45e5-9692-497e59d34e0f,21,Good luck this afternoon with your exam! (inf.sing),/Volumes/Spanish1Bundle/1Pictures/Flashcard/good luck!.jpg
4077,c8ac3592-4260-48ad-be3d-da931c1a3a1a,21,Change your clothes to go (for going) to the birthday party! (inf.sing),"/Volumes/Spanish1Bundle/1Pictures/Flashcard/change,v.jpg"
4083,33326423-b2e8-4e22-9a42-a06eff6dd60b,21,Thank you! (I) wouldn't be able to do it without your help. (inf.sing),/Volumes/Spanish1Bundle/1Pictures/Flashcard/thank you.jpg
4074,e51453fa-d109-4d63-ab5f-8c1ffc1b7c78,21,Good news! My sister is pregnant.,/Volumes/Spanish1Bundle/1Pictures/Flashcard/sister.jpg
4076,18df63f1-6ba8-4787-8114-4dd5f986d0b4,21,Waiter! The bill please!,/Volumes/Spanish1Bundle/1Pictures/Flashcard/bill.jpg
4098,1dbb2a70-07ec-4f7c-9de7-5b1193934253,21,What an idiot!,/Volumes/Spanish1Bundle/1Pictures/Flashcard/idiot.jpg
4099,1df06db9-e270-43ed-8a2f-29d5a7a8023c,21,What a pity that (it) will rain tomorrow!,/Volumes/Spanish1Bundle/1Pictures/Flashcard/what a pity! what a shame!.jpg
4108,26e6cdf6-8735-4e0f-81c0-4a549b5c696b,21,Where were (they) going to?,/Volumes/Spanish1Bundle/1Pictures/Flashcard/where (to).jpg
4109,6cbae87b-ea76-4265-ade6-e255a82114c3,21,Does somebody know where (we) are?,"/Volumes/Spanish1Bundle/1Pictures/Flashcard/somebody, someone.jpg"
4097,107c2d4a-2fa2-4318-ae23-9af1cf9b4127,21,Your house is so big! (inf.sing),/Volumes/Spanish1Bundle/1Pictures/Flashcard/big.jpg
4100,047ed904-ca93-42ad-8c6a-49cdfad9840a,21,Your baby is beautiful! (inf.sing),/Volumes/Spanish1Bundle/1Pictures/Flashcard/baby.jpg
4103,654c968d-1ad4-4a86-824e-ddfdc2e59950,21,Help! (Someone) call an ambulance!,/Volumes/Spanish1Bundle/1Pictures/Flashcard/ambulance.jpg
4118,b7f6f40b-bffd-439f-a1d0-48e7c288fd3e,21,How much is a ticket to Paris?,/Volumes/Spanish1Bundle/1Pictures/Flashcard/how much.jpg
4114,32c65afe-10b4-49c3-a5e9-afb170a1e7ec,21,Have (you) met my father? (inf.sing),/Volumes/Spanish1Bundle/1Pictures/Flashcard/father.jpg
4121,48c00866-6eef-4c6f-990d-e743fbd60662,21,Where is the can opener?,/Volumes/Spanish1Bundle/1Pictures/Flashcard/can opener.jpg
4112,c09c594e-611a-4200-bbae-f8f46c9c6721,21,"How do (you) say ""perro"" in English? (form.sing)",/Volumes/Spanish1Bundle/1Pictures/Flashcard/how do you say.jpg
4115,2b5885f0-c906-47fd-b6e0-2b7809838ee1,21,When were (you) born? (inf.sing),/Volumes/Spanish1Bundle/1Pictures/Flashcard/be born.jpg
4122,3a71bb3f-ebb7-42e8-afe6-b21211498814,21,"Where is the mug, on the table or in the drawer?","/Volumes/Spanish1Bundle/1Pictures/Flashcard/in, on.jpg"
4141,6f3b5477-6a76-41fb-ac6b-bcef3d8d18fd,21,"Could (you) tell me the time, please? (inf.sing)","/Volumes/Spanish1Bundle/1Pictures/Flashcard/the time, hour.jpg"
4137,4299d4dd-a407-4a7c-a663-92b997cabb8d,21,Have (you) seen Brad Pitt's latest film? (inf.sing),/Volumes/Spanish1Bundle/1Pictures/Flashcard/film.jpg
4135,85d9d174-33e2-439d-978c-1c106c28957d,21,Have (you) tried the olives? (inf.sing),/Volumes/Spanish1Bundle/1Pictures/Flashcard/olive.jpg
4142,df0f69c8-ed18-4fab-a5d8-e9461321c556,21,Can (you) pass me the salt? (inf.sing),/Volumes/Spanish1Bundle/1Pictures/Flashcard/salt.jpg
4143,43392369-3ae9-4aa3-9531-d795e961c4c2,21,Could (you) pass me the t-shirt? (inf.sing),/Volumes/Spanish1Bundle/1Pictures/Flashcard/t-shirt.jpg
4138,69f5a5e0-a5ad-432d-9223-c7eeec00fe80,21,Would (you) come to the party with me? (inf.sing),/Volumes/Spanish1Bundle/1Pictures/Flashcard/with me.jpg
4163,8d787c4c-3b84-4b82-b9a6-2792b97efd53,21,Can (you) touch your nose with your toe? (inf.sing),/Volumes/Spanish1Bundle/1Pictures/Flashcard/nose.jpg
4150,8cd5b673-f7c8-4b84-bb68-dc70afd01b97,21,Don't you like vanilla ice cream? (inf.sing),/Volumes/Spanish1Bundle/1Pictures/Flashcard/icecream.jpg
4149,9dba66cc-0674-46a0-beb5-f19c685e14d6,21,Don't (you) think the cake is too sweet? (inf.sing),/Volumes/Spanish1Bundle/1Pictures/Flashcard/sweet.jpg
4225,277da880-7faf-42b6-be6b-e1c92c893b50,21,"Before you drink the juice (LAm), shake it.(inf.sing)",/Volumes/Spanish1Bundle/1Pictures/Flashcard/shake.jpg
4161,04d97b69-a300-44d7-b49f-3dc07f002499,21,Can (you) postpone the appointment until tomorrow? (inf.sing),"/Volumes/Spanish1Bundle/1Pictures/Flashcard/postpone, delay, defer.jpg"
4156,3ea5bdd9-668f-4e77-9879-31ef1adad459,21,Could (you) give me the rubber? (inf.sing),/Volumes/Spanish1Bundle/1Pictures/Flashcard/eraser-rubber.jpg
4160,8da5f848-38b5-4fb0-a782-12b8895f51fe,21,Have (you) tried the new brand of shampoo? (inf.sing),/Volumes/Spanish1Bundle/1Pictures/Flashcard/shampoo.jpg
4155,ec9a1b18-51c3-4275-aabb-6239e2409909,21,Could (you) give me half a kilo of lemon ice-cream? (form.sing),/Volumes/Spanish1Bundle/1Pictures/Flashcard/half.jpg
4188,616cf53a-4056-4968-bee6-d7fbb4babea0,21,Is your leg hurting very much? (inf.sing),/Volumes/Spanish1Bundle/1Pictures/Flashcard/hurt.jpg
4182,3c8bc6ca-2c11-4733-bf4e-db8331d4a012,21,Do (you) want to visit my farm tomorrow? (inf.sing),/Volumes/Spanish1Bundle/1Pictures/Flashcard/farm.jpg
4175,f4ca2030-2e8d-415a-ab87-fc769d700a42,21,What would (you) like for dessert? (inf.sing),/Volumes/Spanish1Bundle/1Pictures/Flashcard/dessert.jpg
4192,2229a9eb-47c6-4947-90f4-24f373c57bb0,21,Did (you) paint that picture? (inf.sing),/Volumes/Spanish1Bundle/1Pictures/Flashcard/picture.jpg
4176,15f2c1c7-0104-4de4-aa01-c4829024b2f8,21,What will the weather be like tomorrow?,/Volumes/Spanish1Bundle/1Pictures/Flashcard/weather.jpg
4187,d31b7060-7eb2-4dd9-98a0-39942e1befc4,21,Do you feel like going to the cinema tonight? (inf.sing),/Volumes/Spanish1Bundle/1Pictures/Flashcard/cinema.jpg
4181,5a49b98c-5ed6-472b-945d-6c983dc3c890,21,Do (you) want to come to my birthday party? (inf.sing),/Volumes/Spanish1Bundle/1Pictures/Flashcard/come.jpg
4189,8f304036-193b-4729-b342-9ef64cae010c,21,Would (you) like to draw a horse? (inf.sing),/Volumes/Spanish1Bundle/1Pictures/Flashcard/draw.jpg
4183,de275421-006b-4091-98f0-974b33adc187,21,Do (you) know Pedro's age? (inf.sing),/Volumes/Spanish1Bundle/1Pictures/Flashcard/age.jpg
4215,6e99c1ff-b01a-4f7e-84f8-66f6a38de462,21,My brother lives beside his neighbour's (m) house.,/Volumes/Spanish1Bundle/1Pictures/Flashcard/beside.jpg
4219,72455db0-3b1b-4c7e-8e9e-c3107e4583dd,21,Maria's office is over there.,/Volumes/Spanish1Bundle/1Pictures/Flashcard/there.jpg
4196,5bb20811-631b-43e7-9ea1-b064692f8e32,21,And what do you feel for him? (inf.sing),/Volumes/Spanish1Bundle/1Pictures/Flashcard/feel.jpg
4220,e851bbcf-3f65-4e59-be01-d55e74d6ba37,21,There are many trees around the house.,/Volumes/Spanish1Bundle/1Pictures/Flashcard/around.jpg
4221,482b689e-43e8-4bb7-a732-a34bb67a65fd,21,Both parts are broken. Both colleges are good.,/Volumes/Spanish1Bundle/1Pictures/Flashcard/both.jpg
4299,6e61fa3f-1306-455a-b086-87537110ce48,21,"(You) left the beds unmade, (you)'re lazy. (inf.sing)(m)","/Volumes/Spanish1Bundle/1Pictures/Flashcard/let, to leave.jpg"
4298,3d735c8e-9f87-46e6-84c1-44886e6fec4b,21,We'll leave the car in a garage for 48 hours.,/Volumes/Spanish1Bundle/1Pictures/Flashcard/car.jpg
4231,0c9396b1-9736-4f84-a2c8-0274d3f1e653,21,(We) will land in 15 minutes.,/Volumes/Spanish1Bundle/1Pictures/Flashcard/land.jpg
4297,2ef40bea-c234-4ce7-b42c-46e7aa193355,21,We'll leave the car in a car park for 48 hours.,/Volumes/Spanish1Bundle/1Pictures/Flashcard/car park.jpg
4230,31b46695-cfda-42d7-b86f-58c382d186d7,21,(It)'s hot here in summer. (There is heat…),/Volumes/Spanish1Bundle/1Pictures/Flashcard/heat.jpg
4234,88f98014-7e7c-4384-b8c8-1bc0ae4f5242,21,Yesterday (I) had the same thing for lunch as today.,/Volumes/Spanish1Bundle/1Pictures/Flashcard/have lunch.jpg
4243,a5748d3a-14dd-4b28-b1f6-a26e087cbfe0,21,Almost everyone thinks that chocolate is delicious.,/Volumes/Spanish1Bundle/1Pictures/Flashcard/delicious.jpg
4242,61ed6d95-0465-4b36-aa74-e91d98b07133,21,Each autumn (you) should prune your plants. (inf.sing),/Volumes/Spanish1Bundle/1Pictures/Flashcard/each.jpg
4251,ebe1ed18-3bd7-4585-b4c8-3440c2d711da,21,(I) began to read Harry Potter three weeks ago and (I) still can't finish it.,/Volumes/Spanish1Bundle/1Pictures/Flashcard/read.jpg
4249,9ad17347-9653-4a22-b0bc-236a27fffbb5,21,(I) caught the bus at 8pm and (I) arrived at 9.15pm.,"/Volumes/Spanish1Bundle/1Pictures/Flashcard/get, to catch.jpg"
4259,81b10882-ec74-4a83-8c89-94b25ef152fc,21,(I) believe that (I) can do the work.,/Volumes/Spanish1Bundle/1Pictures/Flashcard/believe.jpg
4576,07712c08-2529-4bea-b1c1-f6694f1ee960,21,(He) was awarded in recognition of his exceptional hard work and tireless effort.,/Volumes/Spanish1Bundle/1Pictures/Flashcard/hard.jpg
4371,0bf0cff3-6870-4c46-9e2b-47627d92cf3b,21,In summer the timetable is reduced.,/Volumes/Spanish1Bundle/1Pictures/Flashcard/timetable.jpg
4507,49aed51d-28b0-4346-b384-7a2cca2c5b2c,21,(It) is illegal to sell alcohol to those under the age of 18.,/Volumes/Spanish1Bundle/1Pictures/Flashcard/alcohol.jpg
4509,623b378a-1c07-44ec-81aa-5da67993d43c,21,(It)'s better if (you) are alone on the road when you are learning to drive.  (form.sing) (m),"/Volumes/Spanish1Bundle/1Pictures/Flashcard/single, sole, alone, lonely.jpg"
4267,08058497-4695-42a2-8581-0521716f884d,21,When (we) moved (I) lost my comb.,/Volumes/Spanish1Bundle/1Pictures/Flashcard/comb.jpg
4275,38803f48-da77-4512-86c1-3c7436fb6447,21,"Give me a minute, ok? (form.sing)",/Volumes/Spanish1Bundle/1Pictures/Flashcard/minute.jpg
4262,f40d27b7-3309-4ca0-923d-30ac5987c73c,21,When (we) went to the beach the weather was very,/Volumes/Spanish1Bundle/1Pictures/Flashcard/the weather is hot.jpg
4279,c91c010d-b905-4e7d-b9de-2b985926f340,21,(You) should cut your hair because it is long. (inf.sing),"/Volumes/Spanish1Bundle/1Pictures/Flashcard/long, generous.jpg"
4261,c19f6125-d6a7-484a-b384-496de2ae969e,21,When (I) was little (I) used to have lots of fun in the playground.,/Volumes/Spanish1Bundle/1Pictures/Flashcard/play ground.jpg
4264,d52dc089-af90-4a5c-b15e-dc97e8876d92,21,"When the soup is hot, (it) is ready to serve.","/Volumes/Spanish1Bundle/1Pictures/Flashcard/warm, hot.jpg"
4271,65883cdf-19d9-4fbe-a210-1da55a76a076,21,"Cover me with the blanket, (I) am cold. (inf.sing)",/Volumes/Spanish1Bundle/1Pictures/Flashcard/blanket.jpg
4276,7e871626-69b6-4f17-9245-e977af22cb7f,21,From the forest (one) extracts a lot of wood.,"/Volumes/Spanish1Bundle/1Pictures/Flashcard/woods, forest.jpg"
4280,a9787cd8-b9cc-4f72-bb6d-fe4f1a03b73f,21,(You) should do your homework before (you) watch television. (form.pl),/Volumes/Spanish1Bundle/1Pictures/Flashcard/homework.jpg
4284,4773a8e2-449c-4983-8835-396a8378c625,21,(You) have to shave your beard over the washbasin. (inf.sing),/Volumes/Spanish1Bundle/1Pictures/Flashcard/shave.jpg
4320,c0536bcf-695e-41f3-957d-c530de38bb39,21,(We) are moving to another country next year.,/Volumes/Spanish1Bundle/1Pictures/Flashcard/year.jpg
4323,7c0f6f72-311f-4337-9344-49616eae7eec,21,The area where (you) live is small. (inf.sing),/Volumes/Spanish1Bundle/1Pictures/Flashcard/small.jpg
4316,a2fb7ee8-daae-40ec-8746-461cb85be32a,21,Food is essential to live.,/Volumes/Spanish1Bundle/1Pictures/Flashcard/food.jpg
4310,7859587b-1e9c-4a5c-a9ca-eecb16e7495b,21,(I) enjoy adventures.,/Volumes/Spanish1Bundle/1Pictures/Flashcard/adventure.jpg
4315,51267f5e-0c77-4658-a778-ccbd2912c1b1,21,The accident happened at five in the morning.,/Volumes/Spanish1Bundle/1Pictures/Flashcard/accident.jpg
4326,af8182a0-a7df-40b4-b6e8-0714d103049b,21,The plane flies over the area of my parents (the area where my parents are).,/Volumes/Spanish1Bundle/1Pictures/Flashcard/plane.jpg
4324,0bd50720-03ba-47ef-90af-1fe8cc7b042b,21,The classroom is full.,/Volumes/Spanish1Bundle/1Pictures/Flashcard/classroom.jpg
4317,cb11cc18-aef8-4ada-8a5e-6d035b14181d,21,Lunch (time) lasts half an hour.,/Volumes/Spanish1Bundle/1Pictures/Flashcard/lunch.jpg
4354,a4759811-24d1-48d0-9545-446a166126c6,21,The headache will disappear with an aspirin.,"/Volumes/Spanish1Bundle/1Pictures/Flashcard/ache, pain.jpg"
4328,c0306821-8b47-4b92-91b9-252e7db0ecef,21,The bathroom is very clean.,/Volumes/Spanish1Bundle/1Pictures/Flashcard/clean.jpg
4330,3045d72d-4086-44d9-859b-292a6a581301,21,The donkey is an animal that carries loads.,/Volumes/Spanish1Bundle/1Pictures/Flashcard/donkey.jpg
4353,18345fca-8767-4280-8d44-afc03066884b,21,The dictionary is very useful.,/Volumes/Spanish1Bundle/1Pictures/Flashcard/dictionary.jpg
4340,1ff466b3-531d-4117-8966-d7134b23f966,21,The climate here is humid.,/Volumes/Spanish1Bundle/1Pictures/Flashcard/humid.jpg
4334,7662de3d-691d-4a9c-a60f-11906bcb353a,21,The cash point has no money.,/Volumes/Spanish1Bundle/1Pictures/Flashcard/cashpoint.jpg
4349,377e614d-24fe-4c5f-bc44-63e297e3093b,21,The bathroom is on the left.,/Volumes/Spanish1Bundle/1Pictures/Flashcard/room.jpg
4347,d61a5b91-d109-4f6d-b97a-1f8d79454886,21,The consumption of drugs is illegal.,/Volumes/Spanish1Bundle/1Pictures/Flashcard/drug.jpg
4358,2aa90a40-2b92-47d8-959f-0215d13b7016,21,He is a bargain hunter.,/Volumes/Spanish1Bundle/1Pictures/Flashcard/bargain.jpg
4362,6c534a71-7677-4e0e-92af-4102e1936074,21,The sink is blocked.,/Volumes/Spanish1Bundle/1Pictures/Flashcard/sink.jpg
4363,bdf473c6-e848-4b19-9df4-51458f746e32,21,The fire spread quickly over the roof.,/Volumes/Spanish1Bundle/1Pictures/Flashcard/fire.jpg
4368,46f54ed9-d9fc-41ea-ad03-4697f2054761,21,The guide (m) is taking us to the famous fountain.,/Volumes/Spanish1Bundle/1Pictures/Flashcard/guide (person).jpg
4374,d66cc1a1-2e09-4a01-a828-ea68fb79b6a6,21,(You) can find the soap and the towel on the chest of drawers. (inf.sing),/Volumes/Spanish1Bundle/1Pictures/Flashcard/soap.jpg
4376,23e9be7f-3cf0-4a3b-889f-81e50626aefb,21,The boy put the coat on her shoulders.,/Volumes/Spanish1Bundle/1Pictures/Flashcard/coat.jpg
4383,ace1f645-57c3-41ae-a6a2-c6e985f8364f,21,The sea is very rough.,/Volumes/Spanish1Bundle/1Pictures/Flashcard/sea.jpg
4379,3c0b2619-94aa-4b19-b719-09376127211a,21,The book has a lot of pages.,/Volumes/Spanish1Bundle/1Pictures/Flashcard/book.jpg
4402,6489162c-45d1-4f47-94a4-92de500047a4,21,Homemade bread is delicious.,/Volumes/Spanish1Bundle/1Pictures/Flashcard/bread.jpg
4393,88cb78e0-cdf6-4b07-946b-2c66a2d91100,21,The museum closes at seven. Do (you) think (we) will have time enough to visit everything? (inf.sing,/Volumes/Spanish1Bundle/1Pictures/Flashcard/museum.jpg
4398,07c37119-c93b-48e4-9cab-cafa3b7c3667,21,The boy bit my leg.,/Volumes/Spanish1Bundle/1Pictures/Flashcard/bite.jpg
4397,cf8af9f7-7d3c-4e57-b8d1-b551a24c61c0,21,The child plays with the swans on the lake.,/Volumes/Spanish1Bundle/1Pictures/Flashcard/lake.jpg
4407,96017f90-54a9-444e-8360-29290c64222c,21,Apple pie is my speciality.,/Volumes/Spanish1Bundle/1Pictures/Flashcard/pie.jpg
4413,36693295-2aae-4849-bc2c-9e6259596a5f,21,The dog jumps the fence easily.,/Volumes/Spanish1Bundle/1Pictures/Flashcard/fence.jpg
4396,0fbdc8d6-9094-43fa-bc9a-90ad9b7c2587,21,The boy gave a smooth kiss on the girl's cheek.,/Volumes/Spanish1Bundle/1Pictures/Flashcard/cheek.jpg
4408,dcff224e-adcb-4463-9b2c-4c145fbfa254,21,The turkey has beautiful colours in its plumage.,/Volumes/Spanish1Bundle/1Pictures/Flashcard/turkey.jpg
4399,49e3d6f2-d721-41ac-ac29-bdd65ba768dd,21,The child enjoys himself playing with his little cars.,/Volumes/Spanish1Bundle/1Pictures/Flashcard/enjoy oneself.jpg
4414,bc1b5aa2-b44b-49e8-9898-fff1cf719fff,21,The fish was cooked perfectly. (It) was like butter melting in my mouth.,/Volumes/Spanish1Bundle/1Pictures/Flashcard/fish (the food).jpg
4412,ae331374-0122-4a04-8a84-478c13e6f9c9,21,The dog moves its tail.,/Volumes/Spanish1Bundle/1Pictures/Flashcard/dog.jpg
4406,c564a0c3-ce79-4477-9765-333d7257cbe5,21,Last summer (we) went to Stockholm.,/Volumes/Spanish1Bundle/1Pictures/Flashcard/summer.jpg
4426,03648173-ffcd-4341-a802-146e1a8829e6,21,The path of freedom.,/Volumes/Spanish1Bundle/1Pictures/Flashcard/path.jpg
4423,c417ef82-7824-494d-a23f-f0662f934ec4,21,The wedding gift will be a lamp.,/Volumes/Spanish1Bundle/1Pictures/Flashcard/lamp.jpg
4439,b7135e61-ba6c-44ff-bf06-cc1dbed5ac33,21,The journey was very long.,"/Volumes/Spanish1Bundle/1Pictures/Flashcard/journey, trip.jpg"
4418,89b55777-9e8e-40d1-826a-2235aa7be6f4,21,The chicken is in the oven.,/Volumes/Spanish1Bundle/1Pictures/Flashcard/oven.jpg
4433,bd4a28a7-b7fc-40c9-a290-a5d09e616677,21,Tango is a typical Argentinean dance.,/Volumes/Spanish1Bundle/1Pictures/Flashcard/dance.jpg
4428,4254e752-4f39-4084-824b-72609ffa240e,21,The sofa is not comfortable.,/Volumes/Spanish1Bundle/1Pictures/Flashcard/comfortable.jpg
4422,61cc9cee-d0f2-47a2-bf1f-649c62389241,21,Jerry the mouse is very nice.,/Volumes/Spanish1Bundle/1Pictures/Flashcard/mouse.jpg
4434,fd105118-7289-4138-934e-3d1834e23872,21,Carolina's uncle is our teacher.,/Volumes/Spanish1Bundle/1Pictures/Flashcard/uncle.jpg
4436,95f0217b-6301-438e-bcff-667baa13d994,21,The last train leaves at twelve.,/Volumes/Spanish1Bundle/1Pictures/Flashcard/last.jpg
4440,548bccdd-b1a6-4d7c-aaf9-b24c12aff0f3,21,The wind delayed our journey.,/Volumes/Spanish1Bundle/1Pictures/Flashcard/wind.jpg
4442,e03a0ce1-703b-4588-8217-455145f83106,21,Orange juice is very healthy. (Sp),/Volumes/Spanish1Bundle/1Pictures/Flashcard/orange (fruit).jpg
4464,47cdc6f5-4906-4c5b-8413-5c046fe3f37c,21,In today's newspaper there was an interesting article about Columbia.,/Volumes/Spanish1Bundle/1Pictures/Flashcard/newspaper.jpg
4465,41f183f8-a3ab-4a43-b0ef-e312fcd007d5,21,In the brochure (you) can find all the explanations. (inf.sing),/Volumes/Spanish1Bundle/1Pictures/Flashcard/brochure.jpg
4446,ad3703d5-09e2-4f41-bcd7-2407d8e4b828,21,She's sleeping beneath the tree.,/Volumes/Spanish1Bundle/1Pictures/Flashcard/beneath.jpg
4447,3b21a5cd-14f0-4824-a606-3cfc798896c5,21,She stayed at home last night.,/Volumes/Spanish1Bundle/1Pictures/Flashcard/stay (remain).jpg
4454,384e8b2e-0fa4-4db5-95fa-7ce389bb21a8,21,In August (we)'ll go on holiday to Italy.,/Volumes/Spanish1Bundle/1Pictures/Flashcard/go on holiday.jpg
4466,301a3936-04b1-44e3-af0b-8328250de91a,21,At the bottom of the sea there live many interesting creatures.,/Volumes/Spanish1Bundle/1Pictures/Flashcard/bottom.jpg
4450,8af8044b-8805-41a6-b62c-9e2f340bcd77,21,They put her aunt in a mental hospital.,/Volumes/Spanish1Bundle/1Pictures/Flashcard/put (in).jpg
4456,3f5aaa7a-4108-4732-bb23-ca07be67744f,21,In China rice is eaten in small bowls.,"/Volumes/Spanish1Bundle/1Pictures/Flashcard/bowl, dish.jpg"
4463,620b29c5-0058-4cbf-8d8c-0cc58ad8404c,21,Sometimes (I) eat fried egg at breakfast.,/Volumes/Spanish1Bundle/1Pictures/Flashcard/egg.jpg
4461,c6e4492b-b449-4cd5-965b-82be3da75bc8,21,In the countryside (you) can have a lot of animals. (form.sing),/Volumes/Spanish1Bundle/1Pictures/Flashcard/animal.jpg
4457,c8a83c49-d934-4d70-bb9e-a3d76a409936,21,In certain Latin American countries fried banana is eaten with everything.,/Volumes/Spanish1Bundle/1Pictures/Flashcard/banana.jpg
4475,66ff2bb4-5fcf-430a-b8d2-6ed9b4193ef2,21,At the disco (you) will listen to good music. (inf.sing),/Volumes/Spanish1Bundle/1Pictures/Flashcard/disco.jpg
4483,94a077f7-48fa-4004-98d9-2c8c0e11428c,21,Around the lakes there are a lot of mosquitoes.,/Volumes/Spanish1Bundle/1Pictures/Flashcard/mosquito.jpg
4485,9c741c53-6a14-41fb-8ce0-46eb2e33ba20,21,Instead of lemon the waiter has put milk in my tea.,/Volumes/Spanish1Bundle/1Pictures/Flashcard/tea.jpg
4477,ab456c31-68aa-487c-aaa9-c4e21aef8980,21,In the jewellery shop (they) change watch batteries.,/Volumes/Spanish1Bundle/1Pictures/Flashcard/jeweller shop.jpg
4469,4c860f95-b970-4f25-be63-96b2112bc08e,21,In Spain people cook with lots of garlic.,/Volumes/Spanish1Bundle/1Pictures/Flashcard/garlic.jpg
4476,9b82a6c4-e7ad-418e-846d-637a209de093,21,(You) will find your mother at the gas station. (inf.sing),/Volumes/Spanish1Bundle/1Pictures/Flashcard/gas station.jpg
4472,4db45e38-f463-48c2-8f9c-4103c7d7e07e,21,The winter is very cold in England.,/Volumes/Spanish1Bundle/1Pictures/Flashcard/cold.jpg
4480,ce0ddeb3-af3c-4d95-99f6-f66464d58042,21,In London (you) can find shops that sell beers from around the world. (inf.sing),/Volumes/Spanish1Bundle/1Pictures/Flashcard/beer.jpg
4478,29e9eda9-9f3c-460b-b834-897408f42125,21,In the shop (they) gave me the exact change.,"/Volumes/Spanish1Bundle/1Pictures/Flashcard/exact, exactly.jpg"
4494,550e1c8c-d3e2-468e-b0c2-f758d093caf9,21,Opposite the cinema there's a restaurant.,/Volumes/Spanish1Bundle/1Pictures/Flashcard/opposite (location).jpg
4516,8e970dd6-789f-49e3-a583-452a759d0cf5,21,The degree of burns on his body is very serious.,/Volumes/Spanish1Bundle/1Pictures/Flashcard/degree.jpg
4493,abd28142-6da9-41fc-b761-bf902a71991a,21,(I) found the movie very amusing.,/Volumes/Spanish1Bundle/1Pictures/Flashcard/amusing.jpg
4498,febddabe-e8cd-429e-8ca0-a3849364734f,21,The photograph of the elephant is amazing.,/Volumes/Spanish1Bundle/1Pictures/Flashcard/photograph.jpg
4499,58195639-0b0d-4d01-a717-293aa60a0a6c,21,(It) is well known that fast food is bad for the health.,/Volumes/Spanish1Bundle/1Pictures/Flashcard/bad.jpg
4511,c1411bb3-f900-4773-98f4-7b73ecd85fcc,21,(It) is better (you) tell your parents so (they) will be able to help (you). (inf.sing),/Volumes/Spanish1Bundle/1Pictures/Flashcard/better.jpg
4517,8ebae0ac-b1cd-42c7-9162-2703076f5747,21,(It) is natural that a burn gives you pain. (inf.sing),/Volumes/Spanish1Bundle/1Pictures/Flashcard/natural.jpg
4513,2326dda2-9492-48b0-b889-2ef1682a28e6,21,In certain countries divorce is very hard to obtain.,/Volumes/Spanish1Bundle/1Pictures/Flashcard/divorce.jpg
4504,ac6c0284-e516-4efa-8717-a472617b87a9,21,(It) is she who should be working on that project.,/Volumes/Spanish1Bundle/1Pictures/Flashcard/she.jpg
4515,cf16634b-d94b-45d6-9848-57fe9f1433a2,21,Your baseball cap is very nice. (inf.sing),/Volumes/Spanish1Bundle/1Pictures/Flashcard/cap.jpg
4533,6d2f68c3-231e-463f-b8e4-29e8fc33b49b,21,That man didn't have enemies. (m),/Volumes/Spanish1Bundle/1Pictures/Flashcard/enemy (m).jpg
4521,3b17578f-2d7b-48f3-9700-bf32ed7cf542,21,(It) is dangerous to swim in that river.,/Volumes/Spanish1Bundle/1Pictures/Flashcard/river.jpg
4524,7dbcba0e-70bf-40df-bd04-b2798fc15361,21,(It)'s an unknown illness.,/Volumes/Spanish1Bundle/1Pictures/Flashcard/illness.jpg
4535,158c27b3-a28b-4bf1-8261-5bed7ca8e4e2,21,Wait a moment. (inf.sing),/Volumes/Spanish1Bundle/1Pictures/Flashcard/moment.jpg
4534,99f4abbd-b37d-456b-9e28-1443a915113c,21,This sweater is from last season.,"/Volumes/Spanish1Bundle/1Pictures/Flashcard/sweater, jumper.jpg"
4544,3d1b0425-58fa-4adf-ab77-5f81c0ee3639,21,This is a private road,/Volumes/Spanish1Bundle/1Pictures/Flashcard/private.jpg
4540,1bf3caa4-a016-43da-8b63-1d17c236e522,21,(He) is convinced that this shirt gives him good luck and (he) always wears it when he has to play a,/Volumes/Spanish1Bundle/1Pictures/Flashcard/this.jpg
4538,9f997967-a21c-450a-8768-f8ede8c73025,21,This kitchen is so small there's no place to cook.,/Volumes/Spanish1Bundle/1Pictures/Flashcard/cook.jpg
4525,f482fec8-4eda-475d-a7ff-c0e68f48c1a5,21,(It) is usual for me to be sleepy in the morning.,/Volumes/Spanish1Bundle/1Pictures/Flashcard/be sleepy.jpg
4537,6cc75309-c2ce-4f3f-a2d1-bbb2fbf56601,21,(She/ He) is behind me.,/Volumes/Spanish1Bundle/1Pictures/Flashcard/behind (backwards).jpg
4541,963e65fe-c103-45e2-b3f1-f44692d0685c,21,This salad has no lettuce.,/Volumes/Spanish1Bundle/1Pictures/Flashcard/lettuce.jpg
4539,feb6ca7f-aed1-4938-a64a-b39e7838c4b2,21,"This meal has too much pepper, hasn't it?",/Volumes/Spanish1Bundle/1Pictures/Flashcard/pepper.jpg
4549,35380b6a-7c91-49ca-8da0-5ccbc6728082,21,This paella has rice and seafood.,/Volumes/Spanish1Bundle/1Pictures/Flashcard/rice.jpg
4553,facd208a-980e-4ac5-84d7-bece68085117,21,(I) was excited to finish the picture.,/Volumes/Spanish1Bundle/1Pictures/Flashcard/excited.jpg
4565,f2d90147-f35d-4a6e-ae92-60af51e08ad5,21,This summer (we) will play a lot of games at the beach.,/Volumes/Spanish1Bundle/1Pictures/Flashcard/game.jpg
4559,08fcf8b3-8f0d-4196-b56c-bf699b5f7f55,21,"This coffee is very cold, (I) don't want it anymore.",/Volumes/Spanish1Bundle/1Pictures/Flashcard/very.jpg
4560,76540f49-ffc2-46de-9f06-1e42a8c2e528,21,This joke is very funny. (It) actually made my husband and I explode with laughter.,/Volumes/Spanish1Bundle/1Pictures/Flashcard/funny.jpg
4551,478f32d3-8f5a-4946-b91d-3e9db224c70c,21,"This film is quite boring and unimaginative, how can (it) be nominated for the Oscars?","/Volumes/Spanish1Bundle/1Pictures/Flashcard/bored, boring.jpg"
4556,d1eb3473-b4b3-4a2e-9fdc-cc1a63d4e9a0,21,(We) are delighted with the project.,/Volumes/Spanish1Bundle/1Pictures/Flashcard/delighted.jpg
4563,8b741289-35de-4f33-86bb-4badb33ab5cd,21,This winter hasn't been cold at all.,/Volumes/Spanish1Bundle/1Pictures/Flashcard/winter.jpg
4569,417a08b9-31a5-4a0f-93d4-66eb592d4c54,21,(I) am angry with my neighbours. (m),/Volumes/Spanish1Bundle/1Pictures/Flashcard/angry.jpg
4593,91c8744e-2639-439b-a35d-4016aef9e5e3,21,There's a little bit of milk.,/Volumes/Spanish1Bundle/1Pictures/Flashcard/little (amount).jpg
4582,d6188b11-5b19-4ab6-a0f9-a801bf5b5dfb,21,Keep the bedspread because (it) is hot.,/Volumes/Spanish1Bundle/1Pictures/Flashcard/bedspread.jpg
4567,b405e40b-7381-4600-959c-150d62727e9d,21,(I) am tired of seeing you cry. (inf.sing)(m),/Volumes/Spanish1Bundle/1Pictures/Flashcard/tired.jpg
4590,a1a3bfc3-6ee6-42c6-bcd9-e07fa5ea4d8e,21,There are some restaurants that permit you to bring your own wine.,/Volumes/Spanish1Bundle/1Pictures/Flashcard/own.jpg
4571,3a422d3d-2c35-4928-adda-d662b2b184cf,21,"(I) am very busy, could (you) call me later? (inf.sing) (m)",/Volumes/Spanish1Bundle/1Pictures/Flashcard/busy.jpg
4583,db583b16-db70-4dcf-82b7-0a727a6a4ecb,21,Keep my wallet in your pocket. (inf.sing),/Volumes/Spanish1Bundle/1Pictures/Flashcard/pocket.jpg
4579,daba7cf8-a5c7-463c-bc52-5cffedcdf8bc,21,(You) spend more money than (you) earn. (inf.sing),/Volumes/Spanish1Bundle/1Pictures/Flashcard/spend (money).jpg
4585,75eeb6ff-68d2-4742-92a6-9e518a03fd31,21,There was a change of time due to the rain.,/Volumes/Spanish1Bundle/1Pictures/Flashcard/change (replacement).jpg
4595,f27728be-e70e-43c1-b66f-5db9b2b85851,21,There are a large number of people interested in buying your product.,/Volumes/Spanish1Bundle/1Pictures/Flashcard/people.jpg
4608,f7cdb9fd-19b5-4a21-b597-85f8c3f78bb6,21,"Hello Jesus, how are (you) today?",/Volumes/Spanish1Bundle/1Pictures/Flashcard/hello.jpg
4597,7f401a86-23b0-4afe-9ece-40fa1456f781,21,The flight has a delay.,/Volumes/Spanish1Bundle/1Pictures/Flashcard/delay.jpg
4602,d0f47dbb-478c-4e1f-af22-a478759e6ea2,21,(I)'ve lost the keys to my house.,/Volumes/Spanish1Bundle/1Pictures/Flashcard/key.jpg
4615,59dbe5ae-85d7-4b79-ac38-43afdff1f4cf,21,"(It) smells of cheese, doesn't it?",/Volumes/Spanish1Bundle/1Pictures/Flashcard/smell of.jpg
4604,0ae51319-b0e9-4d0a-92ac-086c2eb61521,21,(I) have received Robert and Mary's wedding invitation.,/Volumes/Spanish1Bundle/1Pictures/Flashcard/invitation.jpg
4614,80b0b611-fe0d-4039-a89d-65278d869f21,21,There was a demonstration against hunger.,/Volumes/Spanish1Bundle/1Pictures/Flashcard/hunger.jpg
4610,104fb5a0-47eb-44c6-8bed-78ab6a47a6a6,21,Today my parents are coming to my house.,/Volumes/Spanish1Bundle/1Pictures/Flashcard/parents.jpg
4611,980214a8-c738-4657-9e54-3da3945210b5,21,(I)'m not in a good mood today.,/Volumes/Spanish1Bundle/1Pictures/Flashcard/today.jpg
4629,d77555d2-f84e-407a-84d1-bde69ca80de5,21,Beauty is found in the soul of a person.,/Volumes/Spanish1Bundle/1Pictures/Flashcard/beauty.jpg
4642,a28afee5-3b3c-4ec5-b3f1-c6d09ae06252,21,The house has big wardrobes.,/Volumes/Spanish1Bundle/1Pictures/Flashcard/wardrobe.jpg
4630,c33583e7-acd7-488d-8df0-d15bae1653c1,21,(He) kissed her goodnight.,"/Volumes/Spanish1Bundle/1Pictures/Flashcard/kiss,v.jpg"
4636,849cd228-ec3a-4ae5-abbd-08f2f85c974c,21,The shirt is badly ironed.,/Volumes/Spanish1Bundle/1Pictures/Flashcard/shirt.jpg
4639,02a84dbf-5c2f-4da2-9302-4a0b78435bc6,21,The letter (you) sent me by mail took a month to arrive.,/Volumes/Spanish1Bundle/1Pictures/Flashcard/post office.jpg
4637,f36ee0ea-3e5d-47e1-9130-802ddd3a121f,21,The meat of the pig is very tasty.,/Volumes/Spanish1Bundle/1Pictures/Flashcard/pig.jpg
4627,985d2d02-5f85-4853-bfba-035a10d7b3ac,21,The air hostess had beautiful teeth.,/Volumes/Spanish1Bundle/1Pictures/Flashcard/tooth.jpg
4641,566f17fd-ea30-4872-bd0c-6ac49e9e1c34,21,The house is very old.,/Volumes/Spanish1Bundle/1Pictures/Flashcard/house.jpg
4635,d770f082-5bde-4bea-8fa3-d8c1f1d07a80,21,The bed is double.,/Volumes/Spanish1Bundle/1Pictures/Flashcard/bed.jpg
4633,ef00df4d-e782-47d8-b0ad-b13aa2a93dbb,21,The cafeteria is beside the pharmacy.,/Volumes/Spanish1Bundle/1Pictures/Flashcard/cafeteria.jpg
4653,5437134f-4a53-4886-b175-9c442797612c,21,"The shower is too high, could (you) lower it a little? (inf.sing)",/Volumes/Spanish1Bundle/1Pictures/Flashcard/shower.jpg
4765,94072611-db6b-4fd3-8c4c-fdc6bf32b744,21,Exams make me nervous. (m),/Volumes/Spanish1Bundle/1Pictures/Flashcard/nervous.jpg
4767,15b479c4-2d6e-46a2-9509-3b7948402ce5,21,Brazilian footballers are very good.,/Volumes/Spanish1Bundle/1Pictures/Flashcard/footballer.jpg
4654,1b70fae5-a016-42fd-a345-a47380f7158d,21,Electricity is a type of energy.,/Volumes/Spanish1Bundle/1Pictures/Flashcard/electricity.jpg
5103,589640f0-c4d2-4919-95af-3d772ba3506a,21,(You)'ll see that the good times will arrive. (inf.sing),/Volumes/Spanish1Bundle/1Pictures/Flashcard/see.jpg
4768,c46c822a-d81d-4908-a8a4-74e06594ef47,21,The expenses are more than the income.,/Volumes/Spanish1Bundle/1Pictures/Flashcard/expenses.jpg
4649,df21a742-d65c-46cd-9fb2-a4582ec8342a,21,The meal was very good.,/Volumes/Spanish1Bundle/1Pictures/Flashcard/good.jpg
5100,c5598b48-86ed-46c5-a084-e464dcada53c,21,(It) has already been two months and (I) am still waiting for a response to my letter.,/Volumes/Spanish1Bundle/1Pictures/Flashcard/still.jpg
4676,ac3d0675-5fd5-40c2-83d5-4bb6e8f28fca,21,Childhood is the best part of life.,/Volumes/Spanish1Bundle/1Pictures/Flashcard/childhood.jpg
4659,d74c5f00-bdb7-4a68-a62e-0a1e095801a6,21,The salad with carrot is delicious.,/Volumes/Spanish1Bundle/1Pictures/Flashcard/carrot.jpg
4667,6acf2f18-ebd4-4795-9017-aaeaec22f52d,21,The book fair will last one month.,"/Volumes/Spanish1Bundle/1Pictures/Flashcard/last,v.jpg"
4678,2cb7d8bb-b154-452d-9793-1dfd194dbcee,21,The young lady in the pink dress is very pretty.,/Volumes/Spanish1Bundle/1Pictures/Flashcard/dress.jpg
4661,75c9dc33-ea9c-4f74-9db8-685e2d1e4762,21,The salad is bland.,/Volumes/Spanish1Bundle/1Pictures/Flashcard/salad.jpg
4680,dcbf77c7-eb32-47d9-8be2-69ca8be6c6ea,21,The dishwasher is broken.,/Volumes/Spanish1Bundle/1Pictures/Flashcard/dishwasher.jpg
4669,9c58fbe2-d001-423a-87ca-d157b96603b9,21,The signature has not appeared clearly.,/Volumes/Spanish1Bundle/1Pictures/Flashcard/signature.jpg
4671,4cd27db0-4e8c-42e5-a929-91949747ddca,21,The pillowcase is small.,/Volumes/Spanish1Bundle/1Pictures/Flashcard/pillow case.jpg
4673,45e69e72-5a63-4a18-a0dc-a53356fd8beb,21,The grass is covered with frost.,/Volumes/Spanish1Bundle/1Pictures/Flashcard/frost.jpg
4675,c82eff86-d348-4730-9529-40eb4ab55e5b,21,The church was on top of the hill.,/Volumes/Spanish1Bundle/1Pictures/Flashcard/church.jpg
4699,9d772762-09c7-4fd1-929e-abcf9656da37,21,The couple are walking hand in hand.,/Volumes/Spanish1Bundle/1Pictures/Flashcard/couple.jpg
4685,98c38948-5758-4b85-bc58-495054f6208b,21,The mother shouted at her son.,/Volumes/Spanish1Bundle/1Pictures/Flashcard/shout.jpg
4687,f1a522cc-e1b6-4211-86f5-b1caf4ac68e2,21,Most of the students are women.,/Volumes/Spanish1Bundle/1Pictures/Flashcard/student.jpg
4688,a8c0cde2-d7e3-4934-9bc9-b7a74df5e2b9,21,The motorbike came directly towards me.,/Volumes/Spanish1Bundle/1Pictures/Flashcard/towards.jpg
4696,321d7d0a-a57b-4b9a-89c3-7aabd71783b7,21,The wave measured 3 meters.,/Volumes/Spanish1Bundle/1Pictures/Flashcard/wave (sea).jpg
4701,702adf14-1341-4be8-8378-7faf246c18d9,21,The rugby ball is oval.,/Volumes/Spanish1Bundle/1Pictures/Flashcard/ball.jpg
4695,2d4dcd98-a51d-48ff-8ae9-4c2f3c6a6101,21,The cloud is grey.,/Volumes/Spanish1Bundle/1Pictures/Flashcard/cloud.jpg
4694,1f5f4878-47de-4bb9-84dc-ff78babee844,21,The child (f) is 13 years old.,/Volumes/Spanish1Bundle/1Pictures/Flashcard/child (f).jpg
4703,4d12dbca-a605-4357-b99d-94d024759d7b,21,The police discovered a dead body in your house. (inf.sing),"/Volumes/Spanish1Bundle/1Pictures/Flashcard/find, discover, run into.jpg"
4702,31d14d93-a1a1-47ef-abf3-0a3087d9fd05,21,Piña colada has pineapple in it.,/Volumes/Spanish1Bundle/1Pictures/Flashcard/pineapple.jpg
4711,375718c1-1493-4235-9402-03b78e654173,21,The radio in my house doesn't work.,/Volumes/Spanish1Bundle/1Pictures/Flashcard/radio.jpg
4737,0af3b204-19a6-4541-9df9-d68fea5c5590,21,The sheets are dirty.,/Volumes/Spanish1Bundle/1Pictures/Flashcard/sheet.jpg
4723,f8d7ce58-7896-48e7-aed5-3defcadc95a7,21,Mouths with full lips are very sensual.,/Volumes/Spanish1Bundle/1Pictures/Flashcard/mouth.jpg
4729,f17a4a4e-bd35-4c1b-927d-642ce7baae28,21,The glasses are new.,/Volumes/Spanish1Bundle/1Pictures/Flashcard/glasses.jpg
4730,3f9a6d22-c7f2-4011-b0d4-52649c5c6108,21,The suitcases must weigh 23 Kg.,/Volumes/Spanish1Bundle/1Pictures/Flashcard/suitcase.jpg
4718,0f9b2865-6f74-47e0-8cc1-c23338316bb8,21,The cup of tea is hot.,/Volumes/Spanish1Bundle/1Pictures/Flashcard/cup.jpg
4728,3d961cba-1828-4495-86fd-d432e73d31f7,21,The strawberries from Bonares are very tasty.,/Volumes/Spanish1Bundle/1Pictures/Flashcard/strawberry.jpg
4724,1f5d83a2-a49a-4d37-8d9f-5cf031c9cae1,21,Goats are restless.,/Volumes/Spanish1Bundle/1Pictures/Flashcard/goat.jpg
4719,2142df58-551d-48da-8c00-fb97d0007dc1,21,Sara's aunt lives in Mexico.,/Volumes/Spanish1Bundle/1Pictures/Flashcard/aunt.jpg
4739,76a3a546-e6b3-4030-9da2-b02a4c51c05a,21,The shops are open until 6pm.,"/Volumes/Spanish1Bundle/1Pictures/Flashcard/shop, store.jpg"
4733,0f986524-e11b-4472-a0e7-13af974629c1,21,Nights here are very cold.,/Volumes/Spanish1Bundle/1Pictures/Flashcard/night.jpg
4746,d03e8203-0c3c-45e0-860b-e4a67be3f147,21,"(I) gave him a hug, and now (he) feels better.","/Volumes/Spanish1Bundle/1Pictures/Flashcard/embrace, hug.jpg"
4743,bdf3a00f-413c-4b01-9055-725726729385,21,Raw vegetables are very healthy.,/Volumes/Spanish1Bundle/1Pictures/Flashcard/vegetables.jpg
4760,946a6973-fd43-4bbe-b769-474a7d552c01,21,The socks are in the first drawer.,/Volumes/Spanish1Bundle/1Pictures/Flashcard/socks.jpg
4752,1a55f874-d947-4ecb-b980-81cebccaa7e3,21,Take mum to her house. (inf.sing),"/Volumes/Spanish1Bundle/1Pictures/Flashcard/take (a person), to wear, to carry.jpg"
4762,6aa3dc4d-e784-45f6-8199-e4514a562e41,21,Lorries can't drive fast.,"/Volumes/Spanish1Bundle/1Pictures/Flashcard/lorry, truck.jpg"
4759,42e0c037-f3c2-4ba8-a977-44df9c1c0aaa,21,The insects (b..) of the countryside frighten children.,"/Volumes/Spanish1Bundle/1Pictures/Flashcard/small animal, bug, insect.jpg"
4758,1c6ae92b-dfc5-4e8b-a9c3-0177589ec41d,21,The seats of the car are very comfortable.,/Volumes/Spanish1Bundle/1Pictures/Flashcard/seat.jpg
4754,9ca31723-fa91-4676-97a4-55c73e520296,21,Cheap things become expensive when the goods are of bad quality.,/Volumes/Spanish1Bundle/1Pictures/Flashcard/cheap.jpg
4751,9ef72193-f2bd-49ba-b222-f06dd37a83fa,21,(I) arrived very late at home.,/Volumes/Spanish1Bundle/1Pictures/Flashcard/late.jpg
4771,97a7d5e2-cc1f-4e11-84f4-a0bf7ae18dda,21,Professional basketball players are very tall.,"/Volumes/Spanish1Bundle/1Pictures/Flashcard/high, tall.jpg"
4778,05e8ff14-03c1-41cb-b0fa-fc03fef6b331,21,Children enjoy climbing trees.,/Volumes/Spanish1Bundle/1Pictures/Flashcard/tree.jpg
4773,3d6a3d03-63ec-4bdd-8093-165a470aecc3,21,Full lips are very sensual.,/Volumes/Spanish1Bundle/1Pictures/Flashcard/lip.jpg
4779,7788cdc6-0496-4a8d-b9e5-740d7128a15e,21,Kids (children) need to drink milk to grow strong bones.,/Volumes/Spanish1Bundle/1Pictures/Flashcard/milk.jpg
4787,8c91bf48-799e-4074-8398-ae97ca546ad6,21,The glasses are in the cupboard.,/Volumes/Spanish1Bundle/1Pictures/Flashcard/cupboard.jpg
4788,6f17fafa-f211-464a-8a5d-4842866ba922,21,(You) should put the garbage out on Fridays. (inf.sing),/Volumes/Spanish1Bundle/1Pictures/Flashcard/rubbish.jpg
4780,83d1059b-6afb-4d97-af73-074257935545,21,The trousers are wet.,/Volumes/Spanish1Bundle/1Pictures/Flashcard/trousers.jpg
4786,a8c156a9-ec2e-4f50-8827-8ecd47918ca7,21,The rivers could be used as a border between two countries.,/Volumes/Spanish1Bundle/1Pictures/Flashcard/border.jpg
4785,72a3b99a-22d9-4549-bfb6-8f95801607be,21,"(I) want them happy, so let's to do it their way.","/Volumes/Spanish1Bundle/1Pictures/Flashcard/their, your.jpg"
4781,dc4d1fcd-2d3c-4ac6-bf07-cd9f2798206a,21,The dishes are in the cupboard.,/Volumes/Spanish1Bundle/1Pictures/Flashcard/dish.jpg
4777,e6dca69f-fc56-4721-9a87-e1718091f598,21,Children learn easily.,/Volumes/Spanish1Bundle/1Pictures/Flashcard/learn.jpg
4792,f81af7f8-83fc-4994-9b06-0672b7d94381,21,Tomorrow (we) won't have to do anything.,"/Volumes/Spanish1Bundle/1Pictures/Flashcard/tomorrow, morning.jpg"
4799,ff1495f2-2cef-49c8-8618-c36a27506f06,21,My head hurts a lot. Do (you) have any aspirin? (inf.sing),/Volumes/Spanish1Bundle/1Pictures/Flashcard/aspirin.jpg
4816,638dbabd-d047-4ce8-819e-af4b42452975,21,(I)'d like (you) to pay my ticket to Madrid. (inf.sing),/Volumes/Spanish1Bundle/1Pictures/Flashcard/ticket.jpg
4807,be483543-d9a2-43b6-bfb8-37cd7e31b612,21,(I) like the singing of the birds.,/Volumes/Spanish1Bundle/1Pictures/Flashcard/bird.jpg
4796,342416c0-32d5-4dca-9dad-759400f8ff35,21,The strong character of my father frightens me.,/Volumes/Spanish1Bundle/1Pictures/Flashcard/strong.jpg
4809,f2143e6c-bf09-42a6-8820-5201ac0708fe,21,(I) like strawberries without cream.,"/Volumes/Spanish1Bundle/1Pictures/Flashcard/please, to like.jpg"
4804,c0065247-d85c-47bc-a9c9-557a4a628266,21,(I) like to dance on the beach.,"/Volumes/Spanish1Bundle/1Pictures/Flashcard/dance,v.jpg"
4803,e31bb6e9-9c4e-43d0-8106-7c0538232231,21,(I) love a good cup of coffee in the morning.,/Volumes/Spanish1Bundle/1Pictures/Flashcard/coffee.jpg
4811,89d57024-9751-4548-bc4b-5261d27e4ccb,21,(I) like foggy days (days with fog).,/Volumes/Spanish1Bundle/1Pictures/Flashcard/fog.jpg
4793,43678806-15d5-42ce-943d-2009b662a96f,21,(I) will send the parcel by air (plane).,/Volumes/Spanish1Bundle/1Pictures/Flashcard/parcel.jpg
4806,a326b296-bb3b-4890-bf3d-1494c50a00b2,21,(I) like the cool (air) in the afternoon.,/Volumes/Spanish1Bundle/1Pictures/Flashcard/cool.jpg
4823,63ea2c0a-f953-4c6d-bbd5-df52eb3c322c,21,The hair in my face bothers me.,/Volumes/Spanish1Bundle/1Pictures/Flashcard/face.jpg
4826,037412d6-4e9a-49d8-96fd-e7578ae9dab4,21,(I) was stung by a bee.,/Volumes/Spanish1Bundle/1Pictures/Flashcard/bee.jpg
4835,f7fc04d3-425f-4c19-b599-d21205722df4,21,My grandfather was very old.,/Volumes/Spanish1Bundle/1Pictures/Flashcard/grandfather.jpg
4827,f72b23f9-20c8-4038-b277-7ecbdd4beaa4,21,(I) became furious because (I) had to wait in the rain for 30 minutes for the bus to come.,/Volumes/Spanish1Bundle/1Pictures/Flashcard/furious.jpg
4832,d8933f52-9baa-4cec-a8aa-0cd556562c67,21,My grandmother cooked wonderfully.,/Volumes/Spanish1Bundle/1Pictures/Flashcard/grandmother.jpg
4829,2c0ede9e-9fa4-4507-9083-e11400b69977,21,The beauty of the landscape surprises me.,/Volumes/Spanish1Bundle/1Pictures/Flashcard/landscape.jpg
4839,587ca137-0a03-4854-a48b-c4f5b71786d1,21,My favourite colour is green.,/Volumes/Spanish1Bundle/1Pictures/Flashcard/favourite.jpg
4840,78f4b937-9760-4fbb-9e97-307f4065390f,21,My favourite meal is fried egg and potatoes.,/Volumes/Spanish1Bundle/1Pictures/Flashcard/potato.jpg
4838,20d4988a-cef5-42b9-9274-8ed4d16a3086,21,My new house has no furniture.,/Volumes/Spanish1Bundle/1Pictures/Flashcard/furniture.jpg
4856,41530563-99dd-4ddb-99fc-e403f1cab91b,21,My mother always says that (I) should not speak with strangers.,/Volumes/Spanish1Bundle/1Pictures/Flashcard/stranger.jpg
4844,8a482c9b-7a63-4f47-944d-d3f4d30f5dfa,21,My favorite sport is football.,/Volumes/Spanish1Bundle/1Pictures/Flashcard/football.jpg
4859,7a7ff7d8-0942-4473-b99b-cb9cb762d7ec,21,My boyfriend and I are from the same city.,"/Volumes/Spanish1Bundle/1Pictures/Flashcard/city, town.jpg"
4849,06f767ef-7a8b-4445-98f5-e11e153f9124,21,My daughter is 20 years old.,/Volumes/Spanish1Bundle/1Pictures/Flashcard/daughter.jpg
4857,d632eea4-346a-4578-9f79-bda16c84bff2,21,My mum is fifty years old.,/Volumes/Spanish1Bundle/1Pictures/Flashcard/fifty.jpg
4861,d4ef93cb-f3b4-4f91-a493-49973bdca481,21,My father feels very ill.,/Volumes/Spanish1Bundle/1Pictures/Flashcard/ill.jpg
4853,14df21ad-f71c-4bf2-a9e2-45d55fd020c9,21,My mother says (she) (will) take us in the car.,/Volumes/Spanish1Bundle/1Pictures/Flashcard/us.jpg
4858,d9d9b003-3d57-4f9f-8f57-a651958ea9ec,21,My best friend (m) lives in Australia.,/Volumes/Spanish1Bundle/1Pictures/Flashcard/friend.jpg
4867,3a1a4913-df39-47fc-b02b-82fecbe782a4,21,My niece hates cauliflower.,/Volumes/Spanish1Bundle/1Pictures/Flashcard/cauliflower.jpg
4869,113447ef-c32c-418e-bb25-7f59a77194aa,21,My niece prefers chocolate cake.,/Volumes/Spanish1Bundle/1Pictures/Flashcard/cake.jpg
4878,69ee7c8b-bb5e-4f74-90f7-4a64c03b3a5c,21,My friends (m) will help me (to) paint the house.,"/Volumes/Spanish1Bundle/1Pictures/Flashcard/help,v.jpg"
4892,eef1617a-7d8f-4ed6-8291-3e0c450bed39,21,Don't tell lies. (inf.sing),"/Volumes/Spanish1Bundle/1Pictures/Flashcard/say, to tell.jpg"
4890,fd848e36-883a-4d7d-813a-62cfa042e74e,21,Don't leave glass bottles everywhere. (inf.sing),/Volumes/Spanish1Bundle/1Pictures/Flashcard/bottle.jpg
4889,ff36b8df-52a7-48a3-be84-d96bb072f33d,21,(You) should not spend time on (with) things that (you) already know are unimportant. (inf.sing),/Volumes/Spanish1Bundle/1Pictures/Flashcard/thing.jpg
4877,628d1cdb-3d64-43cc-92f2-0638f70ed209,21,"Look, this is my new car. (inf.sing)",/Volumes/Spanish1Bundle/1Pictures/Flashcard/new.jpg
4874,fa8b2045-367b-4fe7-ac83-3dda5d402285,21,Miguel lives north of the city.,/Volumes/Spanish1Bundle/1Pictures/Flashcard/north.jpg
4876,02a6ac53-29f3-4cf0-8e80-0aa3b1f5617b,21,Look at my eyes and (you) will see that (I) don't lie. (inf.sing),/Volumes/Spanish1Bundle/1Pictures/Flashcard/look at.jpg
4883,204888d9-33eb-48ed-9016-5821d724d690,21,(She) needed an injection to relieve the pain.,/Volumes/Spanish1Bundle/1Pictures/Flashcard/injection.jpg
4894,8fa666ac-55cb-498e-8623-dbe10c4ed782,21,(I) can't find my coat.,/Volumes/Spanish1Bundle/1Pictures/Flashcard/my.jpg
4887,1c12f054-e886-46e9-9ebe-0f6b9b61331f,21,(I) need your help to move a few pieces of furniture. (inf.sing),/Volumes/Spanish1Bundle/1Pictures/Flashcard/help (assistance).jpg
4886,73ca58e8-c9d6-47ae-8060-8503b1a5cdc0,21,(I) need your help to do my homework. (inf.sing),/Volumes/Spanish1Bundle/1Pictures/Flashcard/need.jpg
4897,dfa86ff1-6dd1-4cd4-9575-9b0ace985716,21,(It) is not necessary that (you) take me home. I will call a taxi.,/Volumes/Spanish1Bundle/1Pictures/Flashcard/necessary.jpg
4915,52191768-d099-410d-bc2d-0c9b10d1b9e6,21,"No, (I) have no computer. ((I) don't have a computer).","/Volumes/Spanish1Bundle/1Pictures/Flashcard/no, not.jpg"
4910,a2d42d37-7944-4852-a05a-1399ad5f595a,21,Don't be rude to our grandparents. (inf.sing),/Volumes/Spanish1Bundle/1Pictures/Flashcard/rude.jpg
4911,548f6520-c2c9-4949-b7c6-af899cb60890,21,Do not forget to invite Peter to your birthday. (inf.sing),/Volumes/Spanish1Bundle/1Pictures/Flashcard/invite.jpg
4898,29cc7517-bb12-459b-b9d6-62617eb0e39a,21,Don't be sad because (I) promise to write to (you) every day. (form.sing),/Volumes/Spanish1Bundle/1Pictures/Flashcard/write.jpg
4895,179e652c-6387-4aa6-9d7a-b52ef92b74cc,21,Do not enter this area without permission. (form.sing),/Volumes/Spanish1Bundle/1Pictures/Flashcard/enter.jpg
4901,7e6afb74-bbd5-4ae0-b405-5be2870d3b0a,21,In small towns there are not many bars.,/Volumes/Spanish1Bundle/1Pictures/Flashcard/bar.jpg
4918,d4f4c220-5b16-4eb4-aec3-52951fa711c4,21,We looked for a house for two weeks.,/Volumes/Spanish1Bundle/1Pictures/Flashcard/look for.jpg
4917,a90de481-007f-4c5b-91a5-96ca43b905d3,21,(We) married last week and just came back from a fantastic holiday in Cuba.,/Volumes/Spanish1Bundle/1Pictures/Flashcard/fantastic.jpg
4908,c2d3055d-0687-4b5e-b724-5e43c92d7065,21,(I) don't want to delay you. (inf.sing),"/Volumes/Spanish1Bundle/1Pictures/Flashcard/delay,v.jpg"
4937,ea1a777f-72e1-45f4-946c-e55c8e231775,21,Allow me to introduce myself (to you). (inf.sing),"/Volumes/Spanish1Bundle/1Pictures/Flashcard/me, to me.jpg"
4933,8380b5e3-7fff-47dd-82dc-473996a9b57b,21,"For information about prices, write or phone the address given above. (form.sing)",/Volumes/Spanish1Bundle/1Pictures/Flashcard/phone.jpg
4929,ead2fcc5-0cb7-4312-87dd-37546a0b9e21,21,(We) forgot to buy scissors at the pharmacy.,/Volumes/Spanish1Bundle/1Pictures/Flashcard/scissors-nail scissors.jpg
4921,489eddf6-a51b-419c-9cc5-4acd60275b3b,21,We walked through the woods.,"/Volumes/Spanish1Bundle/1Pictures/Flashcard/through, for.jpg"
4938,de6d16fe-6270-43b8-b167-5ee36ce96f5f,21,"""Big foot"" is a well-known movie.",/Volumes/Spanish1Bundle/1Pictures/Flashcard/foot.jpg
4930,3c47b97d-0b3f-42f4-9c79-d6ba180909a9,21,Autumn is my favourite season.,/Volumes/Spanish1Bundle/1Pictures/Flashcard/autumn.jpg
4942,f9187b8c-f2e3-4ce1-81b8-3312d5c6b9f3,21,Join the queue while (I) park the car. (inf.sing),/Volumes/Spanish1Bundle/1Pictures/Flashcard/queue.jpg
4941,928dcced-9471-4db1-a47b-aa9217ee0675,21,Put the saucepan on the fire (to heat),"/Volumes/Spanish1Bundle/1Pictures/Flashcard/saucepan, pot.jpg"
4966,1d6e0c8b-a530-4db6-98f5-fc5a8c82daac,21,(The) departure is announced for five pm.,/Volumes/Spanish1Bundle/1Pictures/Flashcard/departure.jpg
4953,40597a96-04b7-4dad-bfa0-6d083e23cb13,21,(I) can hear your heart if (I) put my ear on your chest. (inf.sing),/Volumes/Spanish1Bundle/1Pictures/Flashcard/ear.jpg
4965,ee0dfb6a-c8b0-4752-af9b-fe405a4cfd31,21,(It) is recommended to drink two litres of water a day.,"/Volumes/Spanish1Bundle/1Pictures/Flashcard/drink,v.jpg"
4950,05189933-78c1-4427-95d3-5b147fc7083c,21,Ask me if (you) need anything. (inf.sing),/Volumes/Spanish1Bundle/1Pictures/Flashcard/ask (question).jpg
4961,ad4884e7-be00-4e3b-a4aa-b98da24e9452,21,(I) remember how beautiful my first doll used to be.,/Volumes/Spanish1Bundle/1Pictures/Flashcard/doll.jpg
4964,0a06821d-2bde-44b5-aed2-b19cbcd23b5a,21,(We) made a mad dash for the airport.,"/Volumes/Spanish1Bundle/1Pictures/Flashcard/crazy, mad.jpg"
4949,17d02d87-074f-4952-9edf-6e274656b582,21,(I) prefer a mug for drinking coffee.,/Volumes/Spanish1Bundle/1Pictures/Flashcard/mug.jpg
4968,27fbd945-bf9c-4f9e-9167-8ea645a4af83,21,(He) fell in love with her the first time (he) saw her (at first sight).,/Volumes/Spanish1Bundle/1Pictures/Flashcard/fall in love.jpg
4967,1100fab0-6b21-404e-af82-4a4d1d31fbc3,21,(She) saw him off at the service station.,/Volumes/Spanish1Bundle/1Pictures/Flashcard/service station.jpg
4970,a8505a00-bfd9-4d7c-b3e2-2b464f2c1b68,21,(She) finished her drinks and started chewing on the ice.,/Volumes/Spanish1Bundle/1Pictures/Flashcard/drink.jpg
4976,3411904a-83ac-4968-9c51-7d221be6519f,21,If (you) smoke a cigarette your father will notice. (inf.sing),/Volumes/Spanish1Bundle/1Pictures/Flashcard/smoke.jpg
4972,05f50e18-8572-4c70-bb64-86fa411be5bb,21,(It) will be an effort to pass the exams.,/Volumes/Spanish1Bundle/1Pictures/Flashcard/effort.jpg
4980,ce359e3d-72ab-44a0-96d2-2f73e68ba827,21,"If (it) rains (we)'ll go to the cinema, ok?","/Volumes/Spanish1Bundle/1Pictures/Flashcard/rain,v.jpg"
4994,1c9dd2c1-f5c0-468c-8e9c-b98174a0f4c5,21,(You) should always have breakfast before going to school. (inf.sing),/Volumes/Spanish1Bundle/1Pictures/Flashcard/breakfast.jpg
4974,c0bd1421-c6e1-4711-80fc-6959f92a492f,21,"Perhaps, if the day is good (we)'ll go to the beach.",/Volumes/Spanish1Bundle/1Pictures/Flashcard/perhaps.jpg
4993,abb8c832-6e5c-44e9-ba3b-ef5f3220cace,21,(I) always add some pork sausage to the lentils,/Volumes/Spanish1Bundle/1Pictures/Flashcard/pork sausage.jpg
4981,29da780b-53b0-4712-baf2-98f0a7b43480,21,If (you) don't eat (you) will feel weak. (inf.sing),/Volumes/Spanish1Bundle/1Pictures/Flashcard/weak.jpg
4985,4916e5ae-70f7-4be7-8c21-426d81a65c46,21,"If (you) know that they (m) didn't break the window, why do (you) punish them? (inf.sing)",/Volumes/Spanish1Bundle/1Pictures/Flashcard/they.jpg
4995,dbd899e2-5575-4e34-bf5c-f9fa30eef7b6,21,The death of someone loved (a loved one) is always painful.,/Volumes/Spanish1Bundle/1Pictures/Flashcard/death.jpg
4997,39795690-2ea5-4efe-8bdd-d5b887e6416c,21,(He) always behaves like a gentleman.,/Volumes/Spanish1Bundle/1Pictures/Flashcard/gentleman.jpg
5013,13268758-475d-41f9-8038-92fb04ea13fd,21,Her nationality is American.,/Volumes/Spanish1Bundle/1Pictures/Flashcard/nationality.jpg
5016,886731e6-6c2a-422f-9e17-585b2ded18a7,21,Your country has a lot of history. (form.sing),/Volumes/Spanish1Bundle/1Pictures/Flashcard/country.jpg
5009,e6a50a88-1a45-49ea-b805-e53214a49ffa,21,(I)'m allergic to onions.,/Volumes/Spanish1Bundle/1Pictures/Flashcard/onion.jpg
5018,78febc05-8ef4-45ff-8e8f-62f2f4f647d7,21,His laziness cost him his life.,/Volumes/Spanish1Bundle/1Pictures/Flashcard/cost.jpg
5015,079b5138-822b-41ff-8064-6c10ff78969a,21,Your girlfriend sleeps a lot. (form.sing),/Volumes/Spanish1Bundle/1Pictures/Flashcard/sleep.jpg
5019,b9c47838-bfb1-40ff-b3c7-d36f00f0e9d1,21,Her sense (feeling) of duty is amazing.,/Volumes/Spanish1Bundle/1Pictures/Flashcard/feeling.jpg
5017,cdf84d7e-92ab-4005-bc35-49b8aa0604f7,21,Your passport has expired. (form.sing),/Volumes/Spanish1Bundle/1Pictures/Flashcard/passport.jpg
5020,41becd17-8ab2-4195-a462-4a9600e11e80,21,Be careful because eggs are in the basket. (inf.sing),/Volumes/Spanish1Bundle/1Pictures/Flashcard/basket.jpg
5014,fa5a2e5e-ec18-400a-b78d-ab76d739e7f4,21,His Spanish is excellent.,/Volumes/Spanish1Bundle/1Pictures/Flashcard/excellent.jpg
5045,72611e75-0c22-4ba8-aa17-5bd02fe65480,21,(We) could talk all day about silly and useless things and laugh together.,/Volumes/Spanish1Bundle/1Pictures/Flashcard/silly.jpg
5025,b3f46ba3-3bb6-4e11-b6eb-407634deeca4,21,(I) prepared toast with butter for you. (inf.sing),/Volumes/Spanish1Bundle/1Pictures/Flashcard/with.jpg
5022,cd9b9d05-0d72-4683-9e92-ce021f80e244,21,The train is half an hour late.,/Volumes/Spanish1Bundle/1Pictures/Flashcard/train.jpg
5024,3b9d824a-5e62-459c-90bc-4e867d349db9,21,(They) are paying your fare. (inf.sing),"/Volumes/Spanish1Bundle/1Pictures/Flashcard/fare, passage.jpg"
5043,b33d5ba6-a359-49d8-9514-7b9603592cb2,21,(You) have beautiful blue eyes. (inf.sing),/Volumes/Spanish1Bundle/1Pictures/Flashcard/have.jpg
5039,533e2635-a1f4-4aa3-a1e8-5a0e7788e578,21,"(I) am thirsty. Can (I) have water, please?",/Volumes/Spanish1Bundle/1Pictures/Flashcard/water.jpg
5033,b749b46d-e400-4508-a85a-f56e1a364de8,21,(I) have light-coloured eyes.,"/Volumes/Spanish1Bundle/1Pictures/Flashcard/clear, light (colour).jpg"
5031,b1a65f3b-029d-419c-b832-7c6104724bf0,21,(I) am 25 years old and (I) am single. (f),/Volumes/Spanish1Bundle/1Pictures/Flashcard/be (expressions).jpg
5069,e9bf5a52-ecaa-42a0-9bb5-17a27b731e7c,21,You know that driving is difficult for me. (inf.sing),/Volumes/Spanish1Bundle/1Pictures/Flashcard/know (a fact).jpg
5060,3321238c-ffab-41db-8ee9-99d86dc2b12f,21,Your mother is on the phone and wants you to go home to finish your homework. (inf.sing),"/Volumes/Spanish1Bundle/1Pictures/Flashcard/at, to, on.jpg"
5064,3d26272e-13b3-4674-9d37-a4eb82a231a8,21,Your girlfriend is as tall as me. (inf.sing),/Volumes/Spanish1Bundle/1Pictures/Flashcard/as.jpg
5067,3a8c05cf-cc19-4d0b-9254-afa3ff0432dc,21,Your pullover is out of season. (inf.sing),/Volumes/Spanish1Bundle/1Pictures/Flashcard/pullover.jpg
5073,be3533e4-852b-4798-8436-db814fe0ea73,21,Your jeans are fashionable. (inf.sing),/Volumes/Spanish1Bundle/1Pictures/Flashcard/jeans.jpg
5056,35a189a6-c974-43c1-81c6-4c4524f78d19,21,You are a good football player. (inf.sing)(m),/Volumes/Spanish1Bundle/1Pictures/Flashcard/player.jpg
5057,0b4bd4a1-128a-4f4c-9ad1-8bcb08befb05,21,Your skirt is too short. (inf.sing),/Volumes/Spanish1Bundle/1Pictures/Flashcard/skirt.jpg
5063,41b9f355-f76c-4468-aef1-9af7c5bc8c04,21,You have no idea about this. (inf.sing),/Volumes/Spanish1Bundle/1Pictures/Flashcard/you (informal singular).jpg
5070,be42cf54-5563-4a2e-9c47-93eb4833ad48,21,You and I understand each other very well. (inf.sing),/Volumes/Spanish1Bundle/1Pictures/Flashcard/and.jpg
5065,e85e30e5-9ee4-4a02-b95f-36de0e0a51f3,21,Your dad is very handsome. (inf.sing),/Volumes/Spanish1Bundle/1Pictures/Flashcard/dad.jpg
5088,c8ca9c16-a238-43a3-b297-d3708314bd4d,21,Several protesters were arrested and taken to a police station for questioning.,/Volumes/Spanish1Bundle/1Pictures/Flashcard/police station.jpg
5093,3dd8346a-2967-4d0a-b5b2-f7a8833c5b9a,21,(We) visited a family who live on the second floor of an apartment block similar to ours.,/Volumes/Spanish1Bundle/1Pictures/Flashcard/apartment block.jpg
5081,be835c25-1fa6-495e-ab9e-3d7755d50ff5,21,A thin boy is much more athletic.,"/Volumes/Spanish1Bundle/1Pictures/Flashcard/thin, skinny.jpg"
5090,f2599b69-0faa-492a-97f8-c3ca508858cf,21,Go to the market because (it) is cheaper. (inf.sing),/Volumes/Spanish1Bundle/1Pictures/Flashcard/market.jpg
5082,0ca6e675-b3aa-48b9-8264-4fbdfae1e31d,21,The same thing can be presented in different ways.,/Volumes/Spanish1Bundle/1Pictures/Flashcard/same (self).jpg
5079,3bcba84f-f0ca-439e-a0c4-cb6289a4cc25,21,An adult (m) has many responsibilities.,/Volumes/Spanish1Bundle/1Pictures/Flashcard/adult.jpg
5083,c27a3586-c8c0-49a4-a330-25821c70b328,21,"Once (you) pass the driving test, (you) will be able to drive unaccompanied. (inf.sing)","/Volumes/Spanish1Bundle/1Pictures/Flashcard/be able, can.jpg"
5092,9eaab442-e415-4b4b-826b-800418d70947,21,(We) will fly with Iberia airlines.,/Volumes/Spanish1Bundle/1Pictures/Flashcard/airline.jpg
5113,bc8be45c-f0ca-4bd1-af52-d026df745eff,21,I take tea without sugar.,/Volumes/Spanish1Bundle/1Pictures/Flashcard/sugar.jpg
5109,3434e5e6-4a3b-44ce-b17d-b13e126e9417,21,I would like to have cream of mushroom.,/Volumes/Spanish1Bundle/1Pictures/Flashcard/mushroom.jpg
5110,8d1fc8d5-837f-4348-8bc3-2739ff5c6315,21,I am always faithful to my principles.,"/Volumes/Spanish1Bundle/1Pictures/Flashcard/faithful person, follower.jpg"
5105,a6ec8ebd-c9a5-4cbd-abc4-7f43317076c2,21,I attended a mixed school where boys and girls learned together.,/Volumes/Spanish1Bundle/1Pictures/Flashcard/mixed.jpg
5107,cb0b3e77-4944-4b9f-93e8-c7d3e9a7a94c,21,"I (will) set the table and you do the washing up, ok? (inf.sing)",/Volumes/Spanish1Bundle/1Pictures/Flashcard/table.jpg
5114,9d1f8b75-90ee-4e29-b1df-3911c7be7fda,21,I use olive oil in all meals.,/Volumes/Spanish1Bundle/1Pictures/Flashcard/oil.jpg
5104,c4e384ce-1424-4b26-99a0-be6da95e60d0,21,I eat spaghetti with a fork.,/Volumes/Spanish1Bundle/1Pictures/Flashcard/fork.jpg
5111,e424a506-ecae-4672-bb01-8b1d6b13ec05,21,I am short and he is tall.,"/Volumes/Spanish1Bundle/1Pictures/Flashcard/low, short (person).jpg"
5108,7a48219a-4adc-4bfb-98d1-466f0163a7fd,21,I would like a glass of house wine,/Volumes/Spanish1Bundle/1Pictures/Flashcard/glass (stem).jpg
37,28b00460-e641-46a1-aee5-e27486a37e7c,1,apartment block,/Volumes/Spanish1Bundle/1Pictures/Flashcard/apartment block.jpg
1184,6ee1e6ca-4743-4754-8540-b83088591b49,2,permitted,/Volumes/Spanish2Bundle/2Pictures/Flashcard/permitted.jpg
1933,2856129f-1561-4e92-813a-7fb9115241fb,2,hooligan,/Volumes/Spanish2Bundle/2Pictures/Flashcard/hooligan.jpg
46,4c6a4ea3-7d9f-43d5-9816-569e8bb521fe,1,inhabitant (m/f),/Volumes/Spanish1Bundle/1Pictures/Flashcard/inhabitant.jpg
13,3c79b8d0-bddc-43e4-baf5-99b35b6b507e,1,to write,/Volumes/Spanish1Bundle/1Pictures/Flashcard/write.jpg
51,981578d6-557b-4329-a359-8345a89f6290,1,bakery,/Volumes/Spanish1Bundle/1Pictures/Flashcard/bakery.jpg
134,3c852a17-b392-4790-af90-54860548b865,1,window,/Volumes/Spanish1Bundle/1Pictures/Flashcard/window.jpg
7,de0c008e-b1a4-4467-b5a6-1d99bde78192,1,dictionary,/Volumes/Spanish1Bundle/1Pictures/Flashcard/dictionary.jpg
26,f654a343-540a-4547-a456-34b0e34fc163,1,"pavement, sidewalk",/Volumes/Spanish1Bundle/1Pictures/Flashcard/pavement.jpg
33,a97c4447-d75d-43bd-af47-30d26e18821f,1,to cross,/Volumes/Spanish1Bundle/1Pictures/Flashcard/cross.jpg
8,963ab70f-4624-4b2a-a994-5ae2c695b621,1,discipline,/Volumes/Spanish1Bundle/1Pictures/Flashcard/discipline.jpg
1208,558d1cb6-79ea-4939-a27d-44e1e21a6f3f,2,ugly,/Volumes/Spanish2Bundle/2Pictures/Flashcard/ugly.jpg
1212,33c80ea6-be4e-4b7d-8555-162b28fcf876,2,worried,/Volumes/Spanish2Bundle/2Pictures/Flashcard/worried.jpg
40,df402d0d-5ea8-40c8-8f81-feff522e39c9,1,center,/Volumes/Spanish1Bundle/1Pictures/Flashcard/centre.jpg
43,8ec43361-524d-4b63-9241-46c0b4436fb7,1,police station,/Volumes/Spanish1Bundle/1Pictures/Flashcard/police station.jpg
27,dc98db5e-a9f0-4862-a0d6-af7448798749,1,hostel,/Volumes/Spanish1Bundle/1Pictures/Flashcard/hostel.jpg
1,30ae1f66-83ad-48ac-8c80-f1c936dca323,1,to learn,/Volumes/Spanish1Bundle/1Pictures/Flashcard/learn.jpg
30,d018bcf1-a553-43a7-9edd-3b57fc7739e0,1,to rent,/Volumes/Spanish1Bundle/1Pictures/Flashcard/rent.jpg
21,334a7dbd-2ec7-4e9d-b4d7-5524119bca39,1,lesson,/Volumes/Spanish1Bundle/1Pictures/Flashcard/lesson.jpg
23,dcd661ee-3f6a-4d59-a445-70f015a65c64,1,book,/Volumes/Spanish1Bundle/1Pictures/Flashcard/book.jpg
1935,ee8de130-52cd-43a6-967b-2cc8f9318afd,2,to draw (a game),/Volumes/Spanish2Bundle/2Pictures/Flashcard/draw (a game).jpg
1949,e7b317c0-b41a-41d6-98cf-3ae537530e1f,2,"happy ,cheerful",/Volumes/Spanish1Bundle/1Pictures/Flashcard/happy.jpg
17,4a65f974-e23a-4e77-a69f-936cab0edf50,1,exam,/Volumes/Spanish1Bundle/1Pictures/Flashcard/exam.jpg
47,d9a993bb-e50e-4980-8680-b8f726718c75,1,hospital,/Volumes/Spanish1Bundle/1Pictures/Flashcard/hospital.jpg
113,9f79f5d3-38f6-4bd6-aa35-4257262504df,1,electrical appliances,/Volumes/Spanish1Bundle/1Pictures/Flashcard/electrical appliances.jpg
54,74883e3b-a66e-4eac-8318-a07b2ba99e9e,1,theatre,/Volumes/Spanish1Bundle/1Pictures/Flashcard/theatre.jpg
127,21380b0a-63f4-40ef-9651-dab7ffc6df8b,1,door,/Volumes/Spanish1Bundle/1Pictures/Flashcard/door.jpg
111,c5359842-6233-473c-8fbc-a7b7fbd6bacb,1,room,/Volumes/Spanish1Bundle/1Pictures/Flashcard/room.jpg
9030,d50ebca1-a3b6-4e90-a756-d16d6d7a7a99,22,His attitude wasn't that of a daring man.,/Volumes/Spanish2Bundle/2Pictures/Flashcard/daring.jpg
9033,f88d1020-2921-4e40-9712-7c52790a4b30,22,Germans and Austrians speak German.,/Volumes/Spanish2Bundle/2Pictures/Flashcard/Austrian.jpg
78,bc0565e9-bc7b-41e6-876e-7eb35db7f6e6,1,winter,/Volumes/Spanish1Bundle/1Pictures/Flashcard/winter.jpg
110,6fb76525-3e1b-4f6b-a3a9-6269964cbe99,1,house,/Volumes/Spanish1Bundle/1Pictures/Flashcard/house.jpg
125,e31d54f1-2703-4e8e-836c-96ba5c4f290a,1,"wave (radio wave, wave in hair)","/Volumes/Spanish1Bundle/1Pictures/Flashcard/wave (radio wave, wave in hair).jpg"
87,9f67409e-536c-4ef9-9e3e-6e25183d1c8e,1,fifty,/Volumes/Spanish1Bundle/1Pictures/Flashcard/fifty.jpg
200,4b8d9c38-0ea9-459b-849d-4e9b773301c6,1,glass (with stem),/Volumes/Spanish1Bundle/1Pictures/Flashcard/glass (stem).jpg
2185,edc2d078-1073-4d22-9a70-64259d782c5e,2,interview,/Volumes/Spanish2Bundle/2Pictures/Flashcard/interview.jpg
116,9af02af0-5d0a-428b-9529-19cdec32be38,1,entrance,/Volumes/Spanish1Bundle/1Pictures/Flashcard/entrance.jpg
118,e9d37771-c8f9-476d-8929-a99c8a17e0c0,1,garage,/Volumes/Spanish1Bundle/1Pictures/Flashcard/garage.jpg
131,8db4e7db-3b11-4b2c-a9ff-7fd4d1663b06,1,chair,/Volumes/Spanish1Bundle/1Pictures/Flashcard/chair.jpg
124,699d4bac-3c37-41d4-85f0-2006cc9821f4,1,furniture,/Volumes/Spanish1Bundle/1Pictures/Flashcard/furniture.jpg
520,5c2f24ff-00b3-455f-8e8c-ac7d994ccfdb,1,"woods, forest","/Volumes/Spanish1Bundle/1Pictures/Flashcard/woods, forest.jpg"
117,25e22b3c-ef14-4bbc-99a2-fe3cd144b1fe,1,stairs,/Volumes/Spanish1Bundle/1Pictures/Flashcard/stairs.jpg
193,d6ff0431-02ff-401c-942e-a726a9519827,1,oil,/Volumes/Spanish1Bundle/1Pictures/Flashcard/oil.jpg
209,2d4c4dfc-22d7-4da4-baf9-0ca7e88f053a,1,"dish, plate",/Volumes/Spanish1Bundle/1Pictures/Flashcard/dish.jpg
187,dad914ee-fb01-427d-9372-9edb150ca93d,1,proud,/Volumes/Spanish1Bundle/1Pictures/Flashcard/proud.jpg
1298,da35b64e-4319-47d1-831a-45875a77ea49,2,manager (m/f),/Volumes/Spanish2Bundle/2Pictures/Flashcard/manager.jpg
181,f0aa016b-547f-4bb6-a1c2-2ad70b16d5c4,1,crazy (mad),"/Volumes/Spanish1Bundle/1Pictures/Flashcard/crazy, mad.jpg"
1241,ffe04d5e-c0b0-4237-9d1c-559c666a9a89,2,hamster,/Volumes/Spanish2Bundle/2Pictures/Flashcard/hamster.jpg
1242,dfcc3197-45e9-4f12-bb79-958da9798070,2,rabbit,/Volumes/Spanish2Bundle/2Pictures/Flashcard/rabbit.jpg
1243,fe2b1c92-5bb2-4da7-a72e-d60ebf4e0905,2,eel,/Volumes/Spanish2Bundle/2Pictures/Flashcard/eel.jpg
1245,871161e9-04f9-4ea9-bfa4-efab33ba640b,2,pony,/Volumes/Spanish2Bundle/2Pictures/Flashcard/pony.jpg
153,32dfaef6-44d3-412f-8d54-f8b67a410b29,1,guest (m/f),/Volumes/Spanish1Bundle/1Pictures/Flashcard/guest.jpg
160,f4dc66ab-84fd-4c24-be11-5b83a932a05b,1,to smile,/Volumes/Spanish1Bundle/1Pictures/Flashcard/smile.jpg
138,e8688240-ea49-4457-9d67-6fbf1270ceb4,1,to love,"/Volumes/Spanish1Bundle/1Pictures/Flashcard/love,v.jpg"
9642,db5fa037-6e3c-458a-9475-2cea002d49c9,22,There is a thick mist (ne...) today.,/Volumes/Spanish2Bundle/2Pictures/Flashcard/mist (2).jpg
158,d3472003-cae4-49fb-b6d8-3d909a101dea,1,to introduce,/Volumes/Spanish1Bundle/1Pictures/Flashcard/introduce.jpg
1254,b373b64c-925a-437a-af20-360ac8fa988c,2,parakeet,/Volumes/Spanish2Bundle/2Pictures/Flashcard/paraqueet.jpg
164,92047b27-e17f-4622-945f-2af59c99d24e,1,excited,/Volumes/Spanish1Bundle/1Pictures/Flashcard/excited.jpg
803,3fb59d0b-00ac-4b73-9754-fb7c3cd310c8,1,"clear, light (colour)","/Volumes/Spanish1Bundle/1Pictures/Flashcard/clear, light (colour).jpg"
2188,d3819f77-e2f2-452c-b81c-740bb114518f,2,photocopy,/Volumes/Spanish2Bundle/2Pictures/Flashcard/photocopy.jpg
330,95bbce6d-5904-4357-bfaf-a1dd1a72d7db,1,minute,/Volumes/Spanish1Bundle/1Pictures/Flashcard/minute.jpg
163,ff272534-3dbf-4a5b-b67f-8b19b1542116,1,love,/Volumes/Spanish1Bundle/1Pictures/Flashcard/love.jpg
642,fb013333-36dc-4dcb-8caa-99c9e951015a,1,cousin,/Volumes/Spanish1Bundle/1Pictures/Flashcard/cousin (m).jpg
171,b93b5e82-679a-402b-b8b9-eed893e590ac,1,delighted,/Volumes/Spanish1Bundle/1Pictures/Flashcard/delighted.jpg
334,e2cc45ea-2f5b-4f9e-a6d7-a35ecace11ea,1,beginning,/Volumes/Spanish1Bundle/1Pictures/Flashcard/beginning.jpg
195,7fc6cdca-c406-4588-874c-cf76f0986121,1,bar,/Volumes/Spanish1Bundle/1Pictures/Flashcard/bar.jpg
173,5b79aafa-6c85-49c4-98d9-cce31c7ab7fc,1,ill,/Volumes/Spanish1Bundle/1Pictures/Flashcard/ill.jpg
176,b2c6b131-48b5-47ae-a0e0-aff8eabcbfc5,1,fat,/Volumes/Spanish1Bundle/1Pictures/Flashcard/fat.jpg
178,dd534613-29da-4631-8654-9e15771cf1b6,1,to stay in bed,/Volumes/Spanish1Bundle/1Pictures/Flashcard/stay in bed.jpg
332,a7bc510d-2b07-4a92-be69-a8cef9a60f18,1,night,/Volumes/Spanish1Bundle/1Pictures/Flashcard/night.jpg
1952,afddef44-5078-4659-bada-f778c1b397b5,2,pity,/Volumes/Spanish2Bundle/2Pictures/Flashcard/pity.jpg
188,133ff8cb-2003-4a12-875b-1cb4df779307,1,poor,/Volumes/Spanish1Bundle/1Pictures/Flashcard/poor.jpg
644,3ca6e2d2-93d4-4a9b-a473-1d998979b697,1,uncle,/Volumes/Spanish1Bundle/1Pictures/Flashcard/uncle.jpg
646,1b4cb875-5805-441f-8550-ed5b16b2fe02,1,sharp,/Volumes/Spanish1Bundle/1Pictures/Flashcard/sharp.jpg
1189,62fb93e4-3794-4937-b91b-3fc4db43abc0,2,"smooth ,flat","/Volumes/Spanish2Bundle/2Pictures/Flashcard/smooth ,flat.jpg"
1183,40af25ec-c9bd-4e55-aa73-5775b765c63f,2,energetic,/Volumes/Spanish2Bundle/2Pictures/Flashcard/energetic.jpg
1190,5e5ec8a9-60f3-4a19-81c2-987064c2a93d,2,mistaken,/Volumes/Spanish2Bundle/2Pictures/Flashcard/mistaken.jpg
217,2838cc54-3fdf-4f2f-8cc5-aaaf8b220e3c,1,glass (drinking),/Volumes/Spanish1Bundle/1Pictures/Flashcard/glass (drinking).jpg
229,194f58a9-b7d9-4bdd-a3f0-7f705f8cbc02,1,to send,/Volumes/Spanish1Bundle/1Pictures/Flashcard/send.jpg
239,7bc52a60-5fd1-47d1-9ee3-dce2c383d31c,1,change (money),/Volumes/Spanish1Bundle/1Pictures/Flashcard/change (money).jpg
1275,d1a12a51-f191-4267-a5b8-b8d3726ea0bb,2,to add up,"/Volumes/Spanish2Bundle/2Pictures/Flashcard/add up ,v.jpg"
465,01895351-a49a-46e5-a501-26831169d1b0,1,goodbye!,/Volumes/Spanish1Bundle/1Pictures/Flashcard/goodbye.jpg
461,b2faa728-b6c0-4545-b4a9-a01424347ff9,1,passenger,/Volumes/Spanish1Bundle/1Pictures/Flashcard/passenger.jpg
515,e5bdeb76-3a46-4ebd-8d12-4f0376247706,1,to see,/Volumes/Spanish1Bundle/1Pictures/Flashcard/see.jpg
216,add7e943-fb0e-420b-8b82-6f692259f833,1,to bring,/Volumes/Spanish1Bundle/1Pictures/Flashcard/bring.jpg
224,1e1f9e41-c2eb-4c62-b4ad-45566abc5310,1,"post, mail",/Volumes/Spanish1Bundle/1Pictures/Flashcard/post office.jpg
228,a56f3715-46dd-47f6-ad36-19ad67352dba,1,delivery,/Volumes/Spanish1Bundle/1Pictures/Flashcard/delivery.jpg
232,ea4f3cf4-0200-420f-b16d-bbeef2512164,1,file,/Volumes/Spanish1Bundle/1Pictures/Flashcard/file.jpg
233,0f5ed06a-7e69-4fdd-86a7-6ff420a41a50,1,signature,/Volumes/Spanish1Bundle/1Pictures/Flashcard/signature.jpg
254,2c57fa1c-a8f0-4f9d-9f02-000035c08f52,1,ham,/Volumes/Spanish1Bundle/1Pictures/Flashcard/ham.jpg
248,206f2c31-792e-44d9-8587-14c6b2f9d2c3,1,meat,/Volumes/Spanish1Bundle/1Pictures/Flashcard/meat.jpg
245,3d9638ac-6105-4f9d-875f-afacecdc2f37,1,steak,/Volumes/Spanish1Bundle/1Pictures/Flashcard/steak.jpg
256,94ef7a82-f341-4147-9483-6c7414a8ccb8,1,milk,/Volumes/Spanish1Bundle/1Pictures/Flashcard/milk.jpg
275,9e75abeb-4cd7-43e8-8659-047d8d5cd216,1,ice,/Volumes/Spanish1Bundle/1Pictures/Flashcard/ice.jpg
280,9a6edb0f-d014-4d2d-abb0-56b097c2e912,1,"can, tin","/Volumes/Spanish1Bundle/1Pictures/Flashcard/can, tin.jpg"
281,9a399f53-f911-4ddb-8d8f-795062c8ff54,1,dishwasher,/Volumes/Spanish1Bundle/1Pictures/Flashcard/dishwasher.jpg
294,567cd840-5ac5-4d4b-a977-0f4af2614900,1,face,/Volumes/Spanish1Bundle/1Pictures/Flashcard/face.jpg
310,734b394a-6aec-4c58-bd43-0ec9c3a9e5d2,1,hair,/Volumes/Spanish1Bundle/1Pictures/Flashcard/hair.jpg
9603,2514a7a5-b796-4ec9-b6c6-2d55b22c5773,22,The mass will take place in the church.,/Volumes/Spanish2Bundle/2Pictures/Flashcard/mass.jpg
320,8d84cc5c-3bd6-4456-a427-95ec3a9f1b86,1,from time to time,/Volumes/Spanish1Bundle/1Pictures/Flashcard/from time to time.jpg
343,4eeef367-cfcc-4670-8ceb-f8f4225a8d61,1,"small animal, bug, insect","/Volumes/Spanish1Bundle/1Pictures/Flashcard/small animal, bug, insect.jpg"
338,1aee7bbb-a3af-41d6-9c40-bb617d62f87a,1,already,/Volumes/Spanish1Bundle/1Pictures/Flashcard/already.jpg
360,f9a2dac3-9db3-493b-8fe6-317ad4142259,1,fish,/Volumes/Spanish1Bundle/1Pictures/Flashcard/fish.jpg
1186,263ec705-66a1-4fdc-98a7-417d57963e90,2,well-behaved,/Volumes/Spanish2Bundle/2Pictures/Flashcard/well-behaved.jpg
381,43aaa300-1158-4509-9598-f23bfc50d418,1,operation,/Volumes/Spanish1Bundle/1Pictures/Flashcard/operation.jpg
1357,f01547bb-0ff3-4a16-beba-cd794273d57b,2,to attack,/Volumes/Spanish2Bundle/2Pictures/Flashcard/attack.jpg
367,e1033975-8557-453b-8936-8c0287010781,1,well,/Volumes/Spanish1Bundle/1Pictures/Flashcard/well.jpg
389,0330a747-5641-4f87-878e-c0723474009a,1,drawer,/Volumes/Spanish1Bundle/1Pictures/Flashcard/drawer.jpg
366,19a4fc2c-d72c-47f2-9290-c4339db393cd,1,aspirin,/Volumes/Spanish1Bundle/1Pictures/Flashcard/aspirin.jpg
1362,8e9b0539-081e-4d8d-9811-deabd0d4ac23,2,rescue,/Volumes/Spanish2Bundle/2Pictures/Flashcard/rescue.jpg
392,2562add5-53ea-43fc-b319-c3ad2471cc3c,1,curtain,/Volumes/Spanish1Bundle/1Pictures/Flashcard/curtain.jpg
399,7729e218-c73a-49a1-a55c-6ddcbbb5e4bf,1,shelf,/Volumes/Spanish1Bundle/1Pictures/Flashcard/shelf.jpg
9000,10ba0cf5-a9e5-4ab4-8a3d-091c67dfd97b,22,(I) was an apprentice waiter.,/Volumes/Spanish2Bundle/2Pictures/Flashcard/apprentice (m).jpg
390,533b8475-74b3-4ea0-bb98-447428f7174a,1,bed,/Volumes/Spanish1Bundle/1Pictures/Flashcard/bed.jpg
1193,c5bf0772-b7a8-4e25-8f02-de9bd0f83965,2,honorable,/Volumes/Spanish2Bundle/2Pictures/Flashcard/honorable.jpg
406,3094fe01-86c8-46ac-9945-ec74078e7e93,1,sheet,/Volumes/Spanish1Bundle/1Pictures/Flashcard/sheet.jpg
410,f119f5d7-5305-499e-b0e2-bd49e61a258b,1,coat,/Volumes/Spanish1Bundle/1Pictures/Flashcard/coat.jpg
414,6343f012-6565-4bbf-9d45-4b0bceddc3c4,1,boot,/Volumes/Spanish1Bundle/1Pictures/Flashcard/boot.jpg
417,47a07b80-e39d-48ac-8382-7ff11680fe5a,1,t-shirt,/Volumes/Spanish1Bundle/1Pictures/Flashcard/t-shirt.jpg
434,806215b9-31c2-46c2-8214-80d2e607ca79,1,airport,/Volumes/Spanish1Bundle/1Pictures/Flashcard/airport.jpg
416,c9f0904d-f8d8-46cd-a731-9aaf09132cce,1,shirt,/Volumes/Spanish1Bundle/1Pictures/Flashcard/shirt.jpg
1195,1118eb3e-bc9b-4aba-95b9-63ccc5da283f,2,hard-working,/Volumes/Spanish2Bundle/2Pictures/Flashcard/hard-working.jpg
435,c4b07e9c-4350-43e4-af65-2223c300bb5b,1,sign,/Volumes/Spanish1Bundle/1Pictures/Flashcard/sign.jpg
484,c5338bba-9093-4719-bb40-fd1e0fcadfe1,1,"above, over, on","/Volumes/Spanish1Bundle/1Pictures/Flashcard/above, over, on.jpg"
492,f07a81c1-134f-48c5-93b4-0ccb504bea59,1,with,/Volumes/Spanish1Bundle/1Pictures/Flashcard/with.jpg
445,2da1ac4e-feca-4626-8203-2b7a83fd2248,1,air hostess,/Volumes/Spanish1Bundle/1Pictures/Flashcard/air hostess.jpg
446,a613af49-95fe-49ae-9fce-1d7701e6eaf9,1,single ticket,/Volumes/Spanish1Bundle/1Pictures/Flashcard/single ticket.jpg
442,f24140b0-ef9c-4fb1-87cc-b10f543965a9,1,driver (m/f),/Volumes/Spanish1Bundle/1Pictures/Flashcard/driver.jpg
449,cfedf8ef-8557-48c4-80b6-a7e4f5c1c1c6,1,traffic jam,/Volumes/Spanish1Bundle/1Pictures/Flashcard/traffic jam.jpg
1405,727bff63-2566-4237-8296-ddb9842ae65b,2,watermelon,/Volumes/Spanish2Bundle/2Pictures/Flashcard/watermelon.jpg
455,438274f2-2cbd-400d-8afc-3c45e6c83ef5,1,to brake,/Volumes/Spanish1Bundle/1Pictures/Flashcard/brake.jpg
1411,ce6dd98c-d90b-447d-a906-0092225f91fe,2,fig,/Volumes/Spanish2Bundle/2Pictures/Flashcard/fig.jpg
1413,74c3919e-212a-4b54-8dd7-fc244bf00ed5,2,broccoli,/Volumes/Spanish2Bundle/2Pictures/Flashcard/broccoli.jpg
496,b98ffa71-be2d-4d77-96ef-bd8cbaab749d,1,"to say, to tell","/Volumes/Spanish1Bundle/1Pictures/Flashcard/say, to tell.jpg"
1418,77065400-b4de-429b-9cde-b3d035d7429f,2,bean,/Volumes/Spanish2Bundle/2Pictures/Flashcard/bean.jpg
1197,d9af6753-7744-471e-bd5f-e093cd0b0319,2,greedy,/Volumes/Spanish2Bundle/2Pictures/Flashcard/greedy.jpg
478,dc0417f3-4bd6-4ba5-aa8b-06bbb8aa5e48,1,again (one more time),/Volumes/Spanish1Bundle/1Pictures/Flashcard/again (one more time).jpg
501,a33149e7-19eb-4089-a29f-63d09ad854bd,1,"to find, discover, run into","/Volumes/Spanish1Bundle/1Pictures/Flashcard/find, discover, run into.jpg"
538,e9f41a6d-aac3-495b-a8f7-87ec8e88a232,1,danger,/Volumes/Spanish1Bundle/1Pictures/Flashcard/danger.jpg
1199,22b556e0-1af5-4d4d-bf45-b02bf8bdf59c,2,selfish,/Volumes/Spanish2Bundle/2Pictures/Flashcard/selfish.jpg
522,84102b49-0c09-44f5-9d06-f07061a960d0,1,fence,/Volumes/Spanish1Bundle/1Pictures/Flashcard/fence.jpg
498,e38042ce-4f48-472b-be1b-8f9cd858992b,1,"to meet, to find","/Volumes/Spanish1Bundle/1Pictures/Flashcard/meet, to find.jpg"
543,7e1b5889-12f2-434d-ad31-c02c2f968320,1,garlic,/Volumes/Spanish1Bundle/1Pictures/Flashcard/garlic.jpg
486,821ce8e6-0891-4449-b250-0f4909831b80,1,"all, everything","/Volumes/Spanish1Bundle/1Pictures/Flashcard/all, everything.jpg"
542,b6b25b6f-0104-493d-ab1b-dd44cc642c58,1,path,/Volumes/Spanish1Bundle/1Pictures/Flashcard/path.jpg
499,3997ff50-540c-40ac-9a8b-8eddc9e7c32f,1,"to please, to like","/Volumes/Spanish1Bundle/1Pictures/Flashcard/please, to like.jpg"
495,b77f1f05-ac53-4f85-ac75-f569ff6f0a9d,1,under,/Volumes/Spanish1Bundle/1Pictures/Flashcard/under.jpg
531,39ed4d55-c18a-4937-837b-33f290d6ba28,1,garden,/Volumes/Spanish1Bundle/1Pictures/Flashcard/garden.jpg
537,f90eaa26-ec51-4239-8141-5780ee8f5322,1,landscape,/Volumes/Spanish1Bundle/1Pictures/Flashcard/landscape.jpg
1430,c07a95e8-8049-4801-ada5-f439f2199abc,2,"cutlet ,chop","/Volumes/Spanish2Bundle/2Pictures/Flashcard/cutlet ,chop.jpg"
560,ad363ad1-c01a-4c31-a86d-e1972e4aeec4,1,cucumber,/Volumes/Spanish1Bundle/1Pictures/Flashcard/cucumber.jpg
1434,d6bcdeed-7f1c-48dc-bcff-fa9292f3979f,2,steak (2),/Volumes/Spanish2Bundle/2Pictures/Flashcard/steak (2).jpg
533,9933a087-3810-426c-bd11-af6506818c31,1,world,/Volumes/Spanish1Bundle/1Pictures/Flashcard/world.jpg
534,eb2c1143-1c72-4a5e-b76a-1474c848ca6c,1,wall (exterior),/Volumes/Spanish1Bundle/1Pictures/Flashcard/wall (exterior).jpg
528,eb2b9d40-84ed-4028-84e3-7b36f5607df3,1,fire,/Volumes/Spanish1Bundle/1Pictures/Flashcard/fire.jpg
1200,a6ed4ef9-71ea-4e4f-9d12-dd0ccaa35c87,2,bad-humoured,/Volumes/Spanish2Bundle/2Pictures/Flashcard/bad-humoured.jpg
1440,53ffd993-1299-4661-8400-a100d60cd3f0,2,chocolates,/Volumes/Spanish2Bundle/2Pictures/Flashcard/chocolates.jpg
561,00a11035-d349-4d3d-b218-b00d4453b4e2,1,pear,/Volumes/Spanish1Bundle/1Pictures/Flashcard/pear.jpg
1202,824abd04-9b21-4a43-8be8-94778409a4aa,2,drunk,/Volumes/Spanish2Bundle/2Pictures/Flashcard/drunk.jpg
551,884f4bd2-d105-4230-8679-931210695ea2,1,fruit,/Volumes/Spanish1Bundle/1Pictures/Flashcard/fruit.jpg
565,cb36fb60-8e38-4cb2-a893-0b8457cc73bd,1,grape,/Volumes/Spanish1Bundle/1Pictures/Flashcard/grape.jpg
576,8dbbd936-2713-4067-bca8-cd7cea344930,1,newspaper,/Volumes/Spanish1Bundle/1Pictures/Flashcard/newspaper.jpg
552,b7aa17e4-644e-4f29-8c05-f63d59f4fc40,1,lettuce,/Volumes/Spanish1Bundle/1Pictures/Flashcard/lettuce.jpg
555,6669245a-9d6f-4b91-9c4f-7c3fc6685c27,1,apple,/Volumes/Spanish1Bundle/1Pictures/Flashcard/apple.jpg
558,286012a0-782d-427f-aa4f-34c880f8d9fe,1,potato,/Volumes/Spanish1Bundle/1Pictures/Flashcard/potato.jpg
573,5c684d2d-818e-4afe-9ca4-3c4ac0d669d8,1,sport,/Volumes/Spanish1Bundle/1Pictures/Flashcard/sport.jpg
1450,3c45e77b-8667-4da9-b724-ff354f9833d2,2,loaf,/Volumes/Spanish2Bundle/2Pictures/Flashcard/loaf.jpg
4199,95bcca2d-c58d-4a65-aae1-e236184cb3fa,21,Babies like to sleep with a cloth.,/Volumes/Spanish1Bundle/1Pictures/Flashcard/cloth.jpg
1215,864317b8-829c-4a91-b577-47590e85fd2b,2,fortunately,/Volumes/Spanish2Bundle/2Pictures/Flashcard/fortunately.jpg
1456,0cf35ba9-6bc1-41ad-ae97-a4afd966b5eb,2,noodle,/Volumes/Spanish2Bundle/2Pictures/Flashcard/noodle.jpg
1457,50ff6702-c376-44b8-855c-8c01b8d15bd7,2,jam,/Volumes/Spanish2Bundle/2Pictures/Flashcard/jam.jpg
9586,899bfbdd-9914-42ce-b93d-f7de3b7db31c,22,Zidane scored another goal and France won.,/Volumes/Spanish2Bundle/2Pictures/Flashcard/score a goal.jpg
1466,a0e680c6-8f60-4e3d-a415-8abe83fca40b,2,to grow,/Volumes/Spanish2Bundle/2Pictures/Flashcard/grow.jpg
1216,e83b4242-406d-4d98-8a31-49cdf578fec5,2,badly,/Volumes/Spanish2Bundle/2Pictures/Flashcard/badly.jpg
1472,d00c57b4-6edc-44f4-a53a-373dc5d0e3e2,2,lawn mower,/Volumes/Spanish2Bundle/2Pictures/Flashcard/lawn mower.jpg
599,0935823f-03ee-4193-bf71-147563dc8a9e,1,gentleman,/Volumes/Spanish1Bundle/1Pictures/Flashcard/gentleman.jpg
606,c24ecd13-1e39-4e06-a58a-57591f76c381,1,"policeman, policewoman",/Volumes/Spanish1Bundle/1Pictures/Flashcard/policeman-woman.jpg
1203,152ff5a3-45ef-486d-be6e-b1b1f7f56dca,2,interesting,/Volumes/Spanish2Bundle/2Pictures/Flashcard/interesting.jpg
616,95cc898f-3ab4-48a2-9a8a-3653f47c5bfb,1,birth,/Volumes/Spanish1Bundle/1Pictures/Flashcard/birth.jpg
624,8497036c-ced8-482a-bf68-a2a22c7080cb,1,birthday,/Volumes/Spanish1Bundle/1Pictures/Flashcard/birthday.jpg
574,50dc4230-32fc-43d0-a3ed-d511c4827d55,1,to rest,"/Volumes/Spanish1Bundle/1Pictures/Flashcard/rest,v.jpg"
583,26520747-6553-4267-8efe-72010d7ca46b,1,photograph,/Volumes/Spanish1Bundle/1Pictures/Flashcard/photograph.jpg
585,d2d73200-b2b2-4759-aab1-f7c137e47fc0,1,doll,/Volumes/Spanish1Bundle/1Pictures/Flashcard/doll.jpg
578,0dc23084-4822-4815-85a4-4646183f71f4,1,disco,/Volumes/Spanish1Bundle/1Pictures/Flashcard/disco.jpg
618,7ca00da1-b43a-49b6-8580-d13bdf61093b,1,fight,/Volumes/Spanish1Bundle/1Pictures/Flashcard/fight.jpg
1218,aa57f636-79e8-4f52-b3fd-3bdd0f9bdbff,2,absolutely,/Volumes/Spanish2Bundle/2Pictures/Flashcard/absolutely.jpg
622,b3c9c9d2-bc28-4fd7-a11e-9d196daf41c7,1,grandfather,/Volumes/Spanish1Bundle/1Pictures/Flashcard/grandfather.jpg
588,46c24218-a5f5-40c4-888a-f593e43a99ef,1,novel,/Volumes/Spanish1Bundle/1Pictures/Flashcard/novel.jpg
611,f44104ff-4600-4efb-9b24-78082c1fc879,1,"pretty, lovely","/Volumes/Spanish1Bundle/1Pictures/Flashcard/pretty, lovely.jpg"
600,f8b0093a-12e8-4f45-916a-85f5c0e44ce1,1,stranger,/Volumes/Spanish1Bundle/1Pictures/Flashcard/stranger.jpg
617,cf0d8aaf-2974-41e3-9558-b8400b6883b7,1,couple,/Volumes/Spanish1Bundle/1Pictures/Flashcard/couple.jpg
1482,267e677b-8b81-44d8-abd2-410a01f8a6b3,2,syrup,/Volumes/Spanish2Bundle/2Pictures/Flashcard/syrup.jpg
634,59d7ac72-1c14-4370-95f2-52c1db03fa9c,1,mum,/Volumes/Spanish1Bundle/1Pictures/Flashcard/mum.jpg
610,084972ab-1f65-4484-b1f2-1c7a538d516a,1,youth,/Volumes/Spanish1Bundle/1Pictures/Flashcard/youth.jpg
1487,601fab33-402f-461c-914b-a143832ca574,2,to turn pale,/Volumes/Spanish2Bundle/2Pictures/Flashcard/turn pale.jpg
612,5b1ec5d9-0a1c-45a4-82f8-04e40a30884f,1,boy,/Volumes/Spanish1Bundle/1Pictures/Flashcard/boy.jpg
1488,5e66aa35-a410-4ac0-b727-d210e135cfd7,2,to sweat,/Volumes/Spanish2Bundle/2Pictures/Flashcard/sweat.jpg
678,2efca9d6-88b2-445a-94dc-ba511354e584,1,discount,/Volumes/Spanish1Bundle/1Pictures/Flashcard/discount.jpg
631,256e0424-2754-4f95-8658-0b2aa5928e1b,1,son,/Volumes/Spanish1Bundle/1Pictures/Flashcard/son.jpg
670,aa2d1d58-87e0-40ab-a370-5f1043e37515,1,"expensive, dear","/Volumes/Spanish1Bundle/1Pictures/Flashcard/expensive, dear.jpg"
9647,4a06dad4-b404-4c8d-b7cc-17aad6f9435b,22,This boy is my brother-in-law's grandson.,/Volumes/Spanish2Bundle/2Pictures/Flashcard/grandson.jpg
9648,eb467f0e-3906-4f0b-8c75-530f355f4065,22,The disadvantages crop up / emerge at another level.,/Volumes/Spanish2Bundle/2Pictures/Flashcard/level.jpg
673,b4eed72f-764f-4669-8f9f-07f4b67f91e4,1,queue,/Volumes/Spanish1Bundle/1Pictures/Flashcard/queue.jpg
683,4a993ab7-9df0-40da-8bc3-33d67e68ea09,1,"chemist, drug store","/Volumes/Spanish1Bundle/1Pictures/Flashcard/chemist, drug store.jpg"
1255,ea82f0c4-9f1a-474e-894f-c2bd4fb8b70d,2,cage,/Volumes/Spanish2Bundle/2Pictures/Flashcard/cage.jpg
635,cbfcda25-eb85-4cfd-8541-efd7dde06c8b,1,child (f),/Volumes/Spanish1Bundle/1Pictures/Flashcard/child (f).jpg
1219,e5045d17-5e7a-41dc-a2ed-3e68e39e1b94,2,despite,/Volumes/Spanish2Bundle/2Pictures/Flashcard/despite.jpg
685,214fa3cd-3f2f-446d-91b3-e6b6bfae1196,1,to spend (money),/Volumes/Spanish1Bundle/1Pictures/Flashcard/spend (money).jpg
9703,e019211f-d2b0-44c0-a95a-60db39acfa6d,22,(I) have a patio in my house.,"/Volumes/Spanish2Bundle/2Pictures/Flashcard/patio ,yard.jpg"
664,2ba6bb6b-f7c1-44c5-8362-4b1f549bb1de,1,"part, area","/Volumes/Spanish1Bundle/1Pictures/Flashcard/part, area.jpg"
687,6ef4d3f5-4c05-4d5f-997b-163af60f97f5,1,jeweller shop,/Volumes/Spanish1Bundle/1Pictures/Flashcard/jeweller shop.jpg
681,28de9fcf-a1c0-4dd0-b6bb-1f9c4c538e2f,1,"to choose, pick, select","/Volumes/Spanish1Bundle/1Pictures/Flashcard/choose, pick, select.jpg"
689,4d0d1c96-7889-4ef7-b3b3-deb3e6e821fa,1,to look at,/Volumes/Spanish1Bundle/1Pictures/Flashcard/look at.jpg
9704,762465f9-5655-4299-941f-2e91029cdfd2,22,(I) feel like a clown.,/Volumes/Spanish2Bundle/2Pictures/Flashcard/clown.jpg
668,ca1bd72e-995d-4283-9e43-21f3f49d840d,1,to look for,/Volumes/Spanish1Bundle/1Pictures/Flashcard/look for.jpg
671,82127045-8153-45da-9b60-3b94d66cdf4c,1,basket,/Volumes/Spanish1Bundle/1Pictures/Flashcard/basket.jpg
733,9d6ab8d7-cd38-4aae-a5ca-6dae2bd7de86,1,salad,/Volumes/Spanish1Bundle/1Pictures/Flashcard/salad.jpg
701,9b1cd134-a186-4a5d-bf74-7ed0cde98619,1,against,/Volumes/Spanish1Bundle/1Pictures/Flashcard/against.jpg
704,a1fd8ba4-93f9-4b24-87d2-95bb3e746703,1,"between, among","/Volumes/Spanish1Bundle/1Pictures/Flashcard/between, among.jpg"
1239,5b885f79-ff5f-49f3-ab71-25567f92631e,2,tropical fish,/Volumes/Spanish2Bundle/2Pictures/Flashcard/tropical fish.jpg
725,52782942-105e-4da8-9932-6a6a4d00d64b,1,roast,/Volumes/Spanish1Bundle/1Pictures/Flashcard/roast.jpg
740,552264ae-ab7a-4f38-a72f-5d15eb939afe,1,bread,/Volumes/Spanish1Bundle/1Pictures/Flashcard/bread.jpg
724,fbf1d936-7beb-497a-9cc9-8ee4429b7442,1,rice,/Volumes/Spanish1Bundle/1Pictures/Flashcard/rice.jpg
748,a2207f0f-79ac-471c-af75-fca8439a9eed,1,air,/Volumes/Spanish1Bundle/1Pictures/Flashcard/air.jpg
728,560957ba-b9ac-4504-88d1-b43c311d6810,1,to cook,/Volumes/Spanish1Bundle/1Pictures/Flashcard/cook.jpg
727,38361690-577f-43cd-9314-2c4234b834ed,1,chocolate,/Volumes/Spanish1Bundle/1Pictures/Flashcard/chocolate.jpg
723,53a0b961-5757-4191-b7e9-4ec35a979948,1,lunch,/Volumes/Spanish1Bundle/1Pictures/Flashcard/lunch.jpg
1507,f2814bf5-c9af-40d7-bc9c-8a9964c23564,2,anchor,/Volumes/Spanish2Bundle/2Pictures/Flashcard/anchor.jpg
1509,5fb9590f-23d5-417c-99c1-536a4147b889,2,port (side of ship),/Volumes/Spanish2Bundle/2Pictures/Flashcard/port (side of ship).jpg
741,d5fc628a-cc1e-47e4-81cc-26a8701fc3cd,1,pie,/Volumes/Spanish1Bundle/1Pictures/Flashcard/pie.jpg
818,245480cb-a070-4cfd-9c4e-86ba34a40b5c,1,sand,/Volumes/Spanish1Bundle/1Pictures/Flashcard/sand.jpg
766,7fa5420d-1c30-47c0-9f58-c18c42045394,1,fog,/Volumes/Spanish1Bundle/1Pictures/Flashcard/fog.jpg
739,297618bb-b447-4c2e-8902-7e934d9f1bde,1,to smell of,/Volumes/Spanish1Bundle/1Pictures/Flashcard/smell of.jpg
755,aed50ce7-3d42-4631-88fd-79c831cd655d,1,degree,/Volumes/Spanish1Bundle/1Pictures/Flashcard/degree.jpg
764,a8a523aa-8f99-41ed-94fb-6dcbdf6686e6,1,moon,/Volumes/Spanish1Bundle/1Pictures/Flashcard/moon.jpg
767,39fc1596-9c9f-4e5b-abf9-03530b0bcb30,1,cloud,/Volumes/Spanish1Bundle/1Pictures/Flashcard/cloud.jpg
1228,fe6e7dfb-9859-42c6-b02b-b7e0f403c17c,2,on foot,/Volumes/Spanish2Bundle/2Pictures/Flashcard/on foot.jpg
770,df335091-6563-424b-9bc5-2a56a8525666,1,lightning,/Volumes/Spanish1Bundle/1Pictures/Flashcard/lightning.jpg
1521,ff0ea665-95f3-4793-a9df-7ff2cc213ea0,2,balcony,/Volumes/Spanish2Bundle/2Pictures/Flashcard/balcony.jpg
1522,13696163-cb77-4241-960c-cd1c338e4c26,2,light bulb,/Volumes/Spanish2Bundle/2Pictures/Flashcard/light bulb.jpg
1525,39770d92-d5eb-4886-93cf-185dfbfefb52,2,alarm,/Volumes/Spanish2Bundle/2Pictures/Flashcard/alarm.jpg
1226,f08bb261-decc-486d-aec8-3cce414933af,2,slowly (2),/Volumes/Spanish2Bundle/2Pictures/Flashcard/slowly (2).jpg
881,f6d3dace-e151-410c-94b2-df032fb1ebf0,1,behind (backwards),/Volumes/Spanish1Bundle/1Pictures/Flashcard/behind (backwards).jpg
821,cf991890-d292-473e-8223-b9da836d3909,1,adventure,/Volumes/Spanish1Bundle/1Pictures/Flashcard/adventure.jpg
825,188cbf66-86ea-415b-bb2e-934a5dd67fb4,1,luggage,/Volumes/Spanish1Bundle/1Pictures/Flashcard/luggage.jpg
834,326f0abf-a21d-4ffb-b9a0-a5b54effc0c3,1,to arrive,/Volumes/Spanish1Bundle/1Pictures/Flashcard/arrive.jpg
910,16d240da-6dce-436b-a269-dece1756ef4e,1,very,/Volumes/Spanish1Bundle/1Pictures/Flashcard/very.jpg
842,d593bcf5-5ef5-49cc-b304-66e86bae6f53,1,to travel,/Volumes/Spanish1Bundle/1Pictures/Flashcard/travel.jpg
943,a10545e8-d1ac-40d3-9b70-a6f221d24b86,1,comb,/Volumes/Spanish1Bundle/1Pictures/Flashcard/comb.jpg
885,9ad528c2-7299-4e12-84ef-f1e567135a72,1,front,/Volumes/Spanish1Bundle/1Pictures/Flashcard/front.jpg
829,8c761a73-daac-4b77-92d7-0d30c597fd0f,1,to pack,/Volumes/Spanish1Bundle/1Pictures/Flashcard/pack.jpg
849,a8d828f1-f8b4-45bd-8393-819acbcf1d4e,1,"high, tall","/Volumes/Spanish1Bundle/1Pictures/Flashcard/high, tall.jpg"
1240,a22771fe-ecfb-42be-ac47-22b815071362,2,lion,/Volumes/Spanish2Bundle/2Pictures/Flashcard/lion.jpg
845,cc7c729b-884c-4a1d-902d-1b8c0f7bcb14,1,return,/Volumes/Spanish1Bundle/1Pictures/Flashcard/return.jpg
843,9e9961da-2ebc-4df6-ad72-a0d503f7311a,1,"journey, trip","/Volumes/Spanish1Bundle/1Pictures/Flashcard/journey, trip.jpg"
1233,91193a5f-4520-455c-bbb1-70c71b142d97,2,except,/Volumes/Spanish2Bundle/2Pictures/Flashcard/except.jpg
1528,6f62b31d-38ae-4d41-a5ed-3439b9f7e3d0,2,settee,/Volumes/Spanish2Bundle/2Pictures/Flashcard/settee.jpg
841,bf5c7c9e-2c05-4ba7-996c-02ea1a13ce26,1,beach,/Volumes/Spanish1Bundle/1Pictures/Flashcard/beach.jpg
1532,a834ff9c-6f33-41a7-94fe-41e53ec8e5f1,2,attic,/Volumes/Spanish2Bundle/2Pictures/Flashcard/attic.jpg
850,e4a5e685-260c-4646-8b9f-3f7ab76eca95,1,"warm, hot","/Volumes/Spanish1Bundle/1Pictures/Flashcard/warm, hot.jpg"
830,4edcf8c6-e875-4dfc-9c00-3dda926a23f3,1,hotel,/Volumes/Spanish1Bundle/1Pictures/Flashcard/hotel.jpg
857,0136fde3-4625-4889-99a4-ea6eed17696a,1,furious,/Volumes/Spanish1Bundle/1Pictures/Flashcard/furious.jpg
890,4f2a6864-3ae5-4587-b4b9-3c2cfa4667a5,1,"above, on top of, over","/Volumes/Spanish1Bundle/1Pictures/Flashcard/above, on top of, over.jpg"
847,10f3ffcf-4405-47d7-a907-97cef3905130,1,"bored, boring","/Volumes/Spanish1Bundle/1Pictures/Flashcard/bored, boring.jpg"
882,2ca9f509-5173-4ea0-8e49-19267381e3d7,1,near,/Volumes/Spanish1Bundle/1Pictures/Flashcard/near.jpg
4132,b6d40c6f-64b1-46b4-b19e-3af52c2c6440,21,Did (you) answer that phone call? (inf.sing),/Volumes/Spanish1Bundle/1Pictures/Flashcard/phonecall.jpg
895,b65eb933-d917-4b33-a33e-a1ce35db1612,1,far from,/Volumes/Spanish1Bundle/1Pictures/Flashcard/far from.jpg
869,3d369432-196a-41c7-8a9c-668c4c6ca1be,1,dry,/Volumes/Spanish1Bundle/1Pictures/Flashcard/dry.jpg
879,c5ff4a8b-b404-4c6b-bf6a-433544f2464e,1,there,/Volumes/Spanish1Bundle/1Pictures/Flashcard/there.jpg
1234,c93c0aab-f3cc-4084-89ee-b8fc2511e8e8,2,suddenly (2),/Volumes/Spanish2Bundle/2Pictures/Flashcard/suddenly (2).jpg
875,1c0df3e0-0045-4f75-894d-31ab3797a1da,1,inside,/Volumes/Spanish1Bundle/1Pictures/Flashcard/inside.jpg
926,e244da74-7772-44e1-a531-79a2b2ab69f8,1,to bathe,/Volumes/Spanish1Bundle/1Pictures/Flashcard/bathe.jpg
880,83cc75e5-e265-4688-a0e3-f3dbe1f61d53,1,around,/Volumes/Spanish1Bundle/1Pictures/Flashcard/around.jpg
1236,340bc968-a959-4843-bc63-ef5360fc288b,2,wasp,/Volumes/Spanish2Bundle/2Pictures/Flashcard/wasp.jpg
891,2adf18b4-8d78-4db2-8976-a850f1ee19d5,1,opposite (location),/Volumes/Spanish1Bundle/1Pictures/Flashcard/opposite (location).jpg
1238,b46c89ff-c0bb-44f8-b8fd-1cec6e4ae501,2,penguin,/Volumes/Spanish2Bundle/2Pictures/Flashcard/penguin.jpg
948,a67615a5-286e-49da-a8a6-ddd8193c9621,1,some (any),/Volumes/Spanish1Bundle/1Pictures/Flashcard/some (any).jpg
933,d46cbd92-6b2c-44f1-a21d-b82e75564b91,1,shower,/Volumes/Spanish1Bundle/1Pictures/Flashcard/shower.jpg
1249,c23eb657-29f3-4290-8c0b-6d37a2982d30,2,turtle,/Volumes/Spanish2Bundle/2Pictures/Flashcard/turtle.jpg
941,502e58d2-032b-487f-a080-2f2877cde925,1,"electric shaver, electric razor",/Volumes/Spanish1Bundle/1Pictures/Flashcard/electric shaver-electric razor.jpg
991,b564e874-57fc-4763-a60c-23b7ac4e1b7f,1,to play,/Volumes/Spanish1Bundle/1Pictures/Flashcard/play.jpg
935,8a3319ce-88b4-4ff2-858f-5a78fa320a1e,1,mirror,/Volumes/Spanish1Bundle/1Pictures/Flashcard/mirror.jpg
953,cf1d138f-bbf9-4bcc-9dd4-f135fe137e5d,1,she,/Volumes/Spanish1Bundle/1Pictures/Flashcard/she.jpg
980,5ad3a9c9-d7b9-46af-b65f-f692531a5526,1,to push,/Volumes/Spanish1Bundle/1Pictures/Flashcard/push.jpg
972,096a0f46-ffc5-4547-aacd-9c133d70dd04,1,still,/Volumes/Spanish1Bundle/1Pictures/Flashcard/still.jpg
944,8b3dd5cb-f990-4cdb-8009-a2de69bb3d94,1,perfume,/Volumes/Spanish1Bundle/1Pictures/Flashcard/perfume.jpg
988,62d1c90e-d27a-40ee-8717-3787023f3da1,1,goal,/Volumes/Spanish1Bundle/1Pictures/Flashcard/goal.jpg
1248,d9208f57-8607-4a86-be63-9de0ba351662,2,hippopotamus,/Volumes/Spanish2Bundle/2Pictures/Flashcard/hippopotamus.jpg
4095,c5c69196-8c5e-475f-98d9-63d660fdb48e,21,Great! (How good!) (You) made a good deal selling that house. (inf.sing),/Volumes/Spanish1Bundle/1Pictures/Flashcard/how good!.jpg
4125,552b02de-5582-428d-aca3-0bd81bcf1ab7,21,Did (you) listen to Elton John's latest song? (inf.sing),/Volumes/Spanish1Bundle/1Pictures/Flashcard/listen.jpg
4201,f624f07f-d946-490a-97b1-762377824068,21,My girlfriend likes reading romantic novels.,/Volumes/Spanish1Bundle/1Pictures/Flashcard/novel.jpg
985,b266a5ca-1e9c-4955-862e-062156023cb6,1,strong,/Volumes/Spanish1Bundle/1Pictures/Flashcard/strong.jpg
993,18c038ce-cc0b-44ca-9348-868a81cefaf8,1,to stop,/Volumes/Spanish1Bundle/1Pictures/Flashcard/stop.jpg
1007,e22585b5-bad3-4364-8ec7-a80a7f39b91d,1,to enter,/Volumes/Spanish1Bundle/1Pictures/Flashcard/enter.jpg
9323,0f3edb06-09ca-4afa-81bf-cfa02b49a898,22,In front of the cathedral there are a statue.,/Volumes/Spanish2Bundle/2Pictures/Flashcard/statue.jpg
992,6c1644af-86f9-4ce8-9b0c-49bf0442150f,1,to swim,/Volumes/Spanish1Bundle/1Pictures/Flashcard/swim.jpg
1015,1787baa7-785b-4d99-9556-a8d72208051e,1,to put (in),/Volumes/Spanish1Bundle/1Pictures/Flashcard/put (in).jpg
1016,f55975ea-5276-43ba-94f0-402745f5dcd6,1,to put (on),/Volumes/Spanish1Bundle/1Pictures/Flashcard/put (on).jpg
973,de8709b5-7281-408b-9e81-459d7427cd2f,1,to finish,/Volumes/Spanish1Bundle/1Pictures/Flashcard/finish.jpg
1020,583cd98c-d603-4556-a4b4-9a89e6a26687,1,to take out,/Volumes/Spanish1Bundle/1Pictures/Flashcard/take out.jpg
4808,f4aa3653-0012-4bde-8edb-8d8d1d035da2,21,(I) love watching famous movies.,/Volumes/Spanish1Bundle/1Pictures/Flashcard/famous.jpg
998,09ce674e-66f6-4129-846d-dcc48df0cb0a,1,to walk,/Volumes/Spanish1Bundle/1Pictures/Flashcard/walk.jpg
1009,dfb512b3-421c-4803-bc86-2e08bc15822a,1,"to wait, to hope, to expect","/Volumes/Spanish1Bundle/1Pictures/Flashcard/wait, to hope, to expect.jpg"
1263,32da1bfc-4a81-4610-920a-00391ff77643,2,to sign,"/Volumes/Spanish2Bundle/2Pictures/Flashcard/sign ,v.jpg"
1010,0cb7fde1-bcf6-4613-a0c1-59430ad64d5b,1,to smoke,/Volumes/Spanish1Bundle/1Pictures/Flashcard/smoke.jpg
4126,c2a763eb-0c2e-4528-a25e-5c1157e7cbe5,21,Is the shop open?,/Volumes/Spanish1Bundle/1Pictures/Flashcard/open.jpg
1257,5f192486-3e90-4d84-a401-d0b7e5a4217a,2,elephant,/Volumes/Spanish2Bundle/2Pictures/Flashcard/elephant.jpg
1006,788a2d53-539f-4746-b85e-0a93ecbc7db8,1,to begin,/Volumes/Spanish1Bundle/1Pictures/Flashcard/begin.jpg
4067,b4308eb5-7325-4ff3-8791-3a9f43ca6dd8,21,She will always remember us!,/Volumes/Spanish1Bundle/1Pictures/Flashcard/always.jpg
4088,67abd0b2-8021-4858-b930-757e295db90d,21,"Mum! Answer the phone, it's for you. (inf.sing)",/Volumes/Spanish1Bundle/1Pictures/Flashcard/mum.jpg
4119,31d86fb1-8291-4882-99b3-264b69b38409,21,How many members are there in your family? (inf.sing),/Volumes/Spanish1Bundle/1Pictures/Flashcard/family.jpg
4093,d5db2796-674b-487f-99f4-e443a24006c5,21,Take care! The tray is hot.,"/Volumes/Spanish1Bundle/1Pictures/Flashcard/careful! watch out! take care, caution.jpg"
4105,d8ae2114-bee4-4080-917b-e436e66b2c68,21,Smile! (I) am going to take your picture. (inf.sing),/Volumes/Spanish1Bundle/1Pictures/Flashcard/smile.jpg
1256,2247a68c-152c-4e39-bf0e-8ae8219ff77a,2,crocodile,/Volumes/Spanish2Bundle/2Pictures/Flashcard/crocodile.jpg
1258,1d1b9b95-e014-4901-a229-d1addc08dd2e,2,to obtain,"/Volumes/Spanish2Bundle/2Pictures/Flashcard/obtain ,v.jpg"
4202,87453b0c-7a21-440b-89b7-69c8151db2f0,21,"Open the window, it's very hot. (inf.sing)",/Volumes/Spanish1Bundle/1Pictures/Flashcard/window.jpg
1047,2e5f62f0-c1a1-4f39-a1c3-563a945ee793,1,to have to (must),/Volumes/Spanish1Bundle/1Pictures/Flashcard/have to (must).jpg
4089,dcdec543-5000-4a55-bed8-83662faef30b,21,(I) love red apples!,/Volumes/Spanish1Bundle/1Pictures/Flashcard/apple.jpg
4080,3ceede82-a6a8-428f-966e-1e1811bd5af7,21,That is a good word!,/Volumes/Spanish1Bundle/1Pictures/Flashcard/word.jpg
4082,9c69cad5-fb7b-4cc6-a6f9-846d77a9de50,21,Happy birthday! Wishing (you) many more! (inf.sing),/Volumes/Spanish1Bundle/1Pictures/Flashcard/birthday.jpg
4134,ba3ad6bb-b77d-4411-9267-c76f9ba90b6a,21,Have you read your brother's letter? (He)'s saying (he)'s getting married. (inf.sing),/Volumes/Spanish1Bundle/1Pictures/Flashcard/letter.jpg
4136,54922adb-24ba-4d6f-9659-99728cce36a4,21,Have (you) had the flu this year? (inf.sing),/Volumes/Spanish1Bundle/1Pictures/Flashcard/flu.jpg
4139,2f3de0c4-f339-4892-b1ad-82b9f7d3eef1,21,Do (I) know (you)? Your face looks familiar to me.(form.sing),/Volumes/Spanish1Bundle/1Pictures/Flashcard/know ( person - place).jpg
4148,8c486c83-524c-4ad2-af00-a9c52c35868d,21,Can (you) bring me a kilo of tomatoes from the market? (inf.sing),/Volumes/Spanish1Bundle/1Pictures/Flashcard/bring.jpg
4078,a58ce194-5031-40c2-ae34-e158bca2769a,21,You are welcome! (Don't mention it!) (I) would like to continue cooperating with the company.,"/Volumes/Spanish1Bundle/1Pictures/Flashcard/dont mention it, youre welcome.jpg"
4198,93349774-57da-4092-bd76-640e9921bf6e,21,Laura likes to rest on the weekend.,"/Volumes/Spanish1Bundle/1Pictures/Flashcard/rest,v.jpg"
4085,9a8223b3-4031-47ad-a815-d49a99bf7fcb,21,The youth of today don't know what life is (about)!,/Volumes/Spanish1Bundle/1Pictures/Flashcard/youth.jpg
1259,7d85b306-1969-44eb-8077-6ef0d7965493,2,form (2),/Volumes/Spanish2Bundle/2Pictures/Flashcard/form (2).jpg
4087,200c6853-f8d5-4e16-b405-07664bf8d11d,21,(I)'m sorry! (I) did not want to offend you (f) with my comments. (form.sing),/Volumes/Spanish1Bundle/1Pictures/Flashcard/Im sorry.jpg
4104,7e63001a-9c12-4539-b914-882c01477cbd,21,Help! My house is catching fire.,/Volumes/Spanish1Bundle/1Pictures/Flashcard/help! (emergency).jpg
4106,f880293f-162f-4859-9783-1620c8fb3281,21,"Bring me the cup, which is on the table! (inf.sing)",/Volumes/Spanish1Bundle/1Pictures/Flashcard/bring me!.jpg
4111,c0d69079-75e2-4134-9fc3-360b0466413f,21,How are (you)? (It) has been a long time since (I) have seen you. (inf.sing),/Volumes/Spanish1Bundle/1Pictures/Flashcard/how are you.jpg
4116,fe6fe472-7620-4cdf-983e-8b7c921f83cf,21,When can (I) visit your house? (inf.sing),/Volumes/Spanish1Bundle/1Pictures/Flashcard/when.jpg
4144,c24a7809-9b7c-4570-9bc6-1ac23f3ccde6,21,Could (you) lend me your jacket for tonight? (inf.sing),/Volumes/Spanish1Bundle/1Pictures/Flashcard/jacket.jpg
4200,77882229-0cb4-428d-a6dd-f39345e41dd6,21,Spanish like to drink wine and eat a lot of bar snacks with friends. (m),/Volumes/Spanish1Bundle/1Pictures/Flashcard/bar snacks.jpg
4081,162c12f5-5460-4516-99de-1239186f0930,21,Congratulations on getting your new house! (inf.sing),/Volumes/Spanish1Bundle/1Pictures/Flashcard/congratulations.jpg
4092,765087b3-81ad-4481-871b-d7bf34d7d573,21,Pleased to meet (you)! Finally (I) get to know you. (form.sing)(m),/Volumes/Spanish1Bundle/1Pictures/Flashcard/pleased to meet you.jpg
4094,82b6aa76-0ab3-4f3e-b767-e38735eacfd9,21,What a splendid afternoon!,/Volumes/Spanish1Bundle/1Pictures/Flashcard/beautiful (splendid).jpg
4145,ac37f6e7-e2b8-4832-b396-e6459e225f05,21,"Can (you) bring me a glass of water, please? (inf.sing)",/Volumes/Spanish1Bundle/1Pictures/Flashcard/glass (drinking).jpg
4154,a00bc65f-a880-47ba-83a7-f8bb1d246f4e,21,Could (you) carry the luggage to the room? (form.sing),/Volumes/Spanish1Bundle/1Pictures/Flashcard/luggage.jpg
4158,3e14b24a-3fa0-4171-89a3-5620e072d79c,21,Why are (you) sad? (inf.sing),/Volumes/Spanish1Bundle/1Pictures/Flashcard/why.jpg
4203,54b3cf1a-5287-45c2-af21-b0a01f900621,21,(I) accepted all the conditions in the contract.,/Volumes/Spanish1Bundle/1Pictures/Flashcard/accept.jpg
4084,5ea3c605-6958-4b82-8dc0-278829a2af92,21,"""See you soon!"" said Anna to her friend (m) when (she) left the house.",/Volumes/Spanish1Bundle/1Pictures/Flashcard/see you soon.jpg
4090,e6775d81-3257-4966-9f95-840e1f36b040,21,(I) love blonde men! and you? (inf.sing),/Volumes/Spanish1Bundle/1Pictures/Flashcard/blonde.jpg
4110,2e286a40-be2c-4d5c-82bc-d97faed98615,21,Will (you) be present at your friends' wedding? (inf.sing),/Volumes/Spanish1Bundle/1Pictures/Flashcard/be present at.jpg
4120,3ff6d0a0-c537-4f88-8601-84f7ee8d5f6c,21,Where did (you) buy your car? (inf.sing),/Volumes/Spanish1Bundle/1Pictures/Flashcard/where.jpg
4107,e15ee9fd-793e-4a9e-ab0e-f50840f00eba,21,(It)'s OK! (We) will have a dinner together in his home.,/Volumes/Spanish1Bundle/1Pictures/Flashcard/OK!.jpg
4117,1a4c92e9-bc72-4304-8a6e-7915b36cd4af,21,How often do (you) go to the gym per week? (How many times per week?) (inf.sing),/Volumes/Spanish1Bundle/1Pictures/Flashcard/how often.jpg
4168,112249f4-3c00-4f74-838c-1cb3d2c63fd4,21,What's for our evening meal? (What's for dinner?),/Volumes/Spanish1Bundle/1Pictures/Flashcard/evening meal.jpg
4152,0964ba6d-0aae-4fd2-9c75-d2c984bb8502,21,Would somebody do me a favour and bring me some water?,/Volumes/Spanish1Bundle/1Pictures/Flashcard/favour.jpg
4207,7b98097e-01a6-4011-a05a-2a30f0bbbd57,21,(I) admire intelligent people.,/Volumes/Spanish1Bundle/1Pictures/Flashcard/intelligent.jpg
4248,4d0ea19a-0785-4e6f-991f-b77fdf6c6e76,21,Pull up a chair and let's chat about what happened to you in the school. (inf.sing),/Volumes/Spanish1Bundle/1Pictures/Flashcard/chat.jpg
4133,9bee9d95-8ad9-4c19-9261-50603b4b2c86,21,Have (you) ever been to the Edinburgh Castle? (inf.sing),/Volumes/Spanish1Bundle/1Pictures/Flashcard/castle.jpg
4217,a395e04e-43be-4463-b89f-1726d94422bf,21,Something smells bad.,/Volumes/Spanish1Bundle/1Pictures/Flashcard/something.jpg
4289,9d5c9e03-2182-4d98-b0ac-c3c14a2efc54,21,"(You) should go to your house, (it) is very (too) late. (inf.sing)",/Volumes/Spanish1Bundle/1Pictures/Flashcard/go.jpg
4290,bbc8b510-4c0a-47e8-84e7-a3a25c6fdc96,21,(You) should take the garbage out on Fridays. (inf.sing),/Volumes/Spanish1Bundle/1Pictures/Flashcard/take out.jpg
4140,32af82b2-3d9f-43e3-8288-7ad62fe9f803,21,Did (you) send the email to the real estate agent? (inf.sing),/Volumes/Spanish1Bundle/1Pictures/Flashcard/send.jpg
4186,e3b3bb5d-2b8e-4b5a-80c2-8b7f2d168f9d,21,Would (you) be so kind as to show me the way to the train station? (form.sing),"/Volumes/Spanish1Bundle/1Pictures/Flashcard/kind, pleasant.jpg"
4147,dc78e5e7-f3a1-4710-b4c0-fb8985969efd,21,"Could (you) give me a spoon, please? (form.sing)",/Volumes/Spanish1Bundle/1Pictures/Flashcard/spoon.jpg
4151,43d30bb4-72c3-47ca-8ddb-39fd38b6a947,21,Don't (you) like peas (a...)? (They) are very good! (inf.sing),/Volumes/Spanish1Bundle/1Pictures/Flashcard/pea.jpg
4169,db4e4fc8-293b-4c04-a8f0-f01d1585938a,21,What did (you) do last night? (inf.sing),/Volumes/Spanish1Bundle/1Pictures/Flashcard/last night.jpg
4171,18854cd5-2a5c-43d6-a383-2d06916554e2,21,Which train stop is there in your district? (inf.sing),/Volumes/Spanish1Bundle/1Pictures/Flashcard/district.jpg
4164,68487de9-9dd3-40b6-b7fd-68c6d46c079c,21,Can (you) bring me the cream which is on the dressing table? (inf.sing),/Volumes/Spanish1Bundle/1Pictures/Flashcard/dressing table.jpg
4173,ce704284-579f-4c5c-9bd8-8a4cb1667fcf,21,"What would (you) like, fried or scrambled eggs? (inf.sing)",/Volumes/Spanish1Bundle/1Pictures/Flashcard/fried.jpg
4184,84ab1ea5-775e-48a8-892e-dc7045b67099,21,Has your wound healed yet? (inf.sing),/Volumes/Spanish1Bundle/1Pictures/Flashcard/wound.jpg
4197,45185bd0-e20c-47e9-9043-0904efed4c1f,21,On the return (we)'ll pass by your parents' house. (inf.sing),/Volumes/Spanish1Bundle/1Pictures/Flashcard/return.jpg
4180,e5381e3b-6a03-42fb-bd08-e64e812f247a,21,Would (you) like more lemon juice?  (Sp.) (inf.sing),/Volumes/Spanish1Bundle/1Pictures/Flashcard/lemon.jpg
4172,319d8447-6a68-40a8-8a4f-9364ec2905f0,21,What do (you) think about the Pope's death?,/Volumes/Spanish1Bundle/1Pictures/Flashcard/what which.jpg
4179,28d4c61f-ac28-4724-ae7b-0502e180471b,21,Who is your brother's girlfriend? (inf.sing),/Volumes/Spanish1Bundle/1Pictures/Flashcard/girlfriend.jpg
4204,91de8cf6-9dc0-4803-9e91-5a55b79026c7,21,Remember that tomorrow is her birthday. Bring her some flowers.(inf.sing),/Volumes/Spanish1Bundle/1Pictures/Flashcard/remember.jpg
4210,4a432154-6f59-4e3f-b1a6-fe950414f663,21,Right now (I)'ll let you speak (pass you on) to Margarita. (inf.sing),/Volumes/Spanish1Bundle/1Pictures/Flashcard/right now.jpg
4166,f6723353-7957-4bf1-9256-0ddac76d4f1b,21,What are (you) doing now? (inf.sing),/Volumes/Spanish1Bundle/1Pictures/Flashcard/now.jpg
4178,923160bf-1d1c-44fb-abd0-8813758b3fed,21,Who is the responsible one?,/Volumes/Spanish1Bundle/1Pictures/Flashcard/who.jpg
4185,2376b266-936c-4f21-947c-96a892d704aa,21,Will (it) be possible to see you tomorrow? (inf.sing),/Volumes/Spanish1Bundle/1Pictures/Flashcard/possible.jpg
4190,072f4643-2647-4e5a-9005-37d5c3eca7c8,21,Do (you) have coins for the car park? (inf.sing),"/Volumes/Spanish1Bundle/1Pictures/Flashcard/coins, currency.jpg"
4244,45feed68-5f0f-4fa7-aa22-ca3ac334c000,21,(We) celebrated the New Year with a bottle of champagne.,/Volumes/Spanish1Bundle/1Pictures/Flashcard/champagne.jpg
4250,813f34ee-049e-431f-b797-f75569ed5c51,21,(I) caught the bus at 8pm and (I) arrived at 9.15pm.,/Volumes/Spanish1Bundle/1Pictures/Flashcard/bus.jpg
4260,08b7d296-f53e-4b26-a30b-1473d8d42ac4,21,(I) like going for a walk when the day is sunny.,/Volumes/Spanish1Bundle/1Pictures/Flashcard/sunny.jpg
4273,4f45ce55-a634-41bb-afea-e81643424ee3,21,"Be careful with the stairs, (they) are very dangerous.",/Volumes/Spanish1Bundle/1Pictures/Flashcard/stairs.jpg
4369,6019c814-6c2a-454b-86ee-20bb1ffadbdc,21,Ice on the road is very dangerous.,/Volumes/Spanish1Bundle/1Pictures/Flashcard/ice.jpg
4194,2b478538-d860-4da1-8eee-5a439094ebdd,21,Are (you) coming home to eat? (inf.sing),/Volumes/Spanish1Bundle/1Pictures/Flashcard/eat.jpg
4195,c5e9947a-79ad-45f4-9a58-7d677a09a115,21,Are (you) coming with your husband? (inf.sing),/Volumes/Spanish1Bundle/1Pictures/Flashcard/husband.jpg
4213,8d428fa7-e8ff-46f0-b021-211a41bd01fc,21,At the end of the street there is a supermarket.,/Volumes/Spanish1Bundle/1Pictures/Flashcard/at the end of.jpg
4223,11988378-3f2f-47fe-985d-01453a24e266,21,(I)'ll walk the winding road that leads to your door. (inf.sing),/Volumes/Spanish1Bundle/1Pictures/Flashcard/walk.jpg
4575,4d6ba464-8148-46bf-b22d-fa2914f18b1d,21,(It) was love at first sight.,/Volumes/Spanish1Bundle/1Pictures/Flashcard/love.jpg
4246,4137b8f5-b277-4121-bed2-6d44d348ff79,21,Hundreds of people have been left without homes.,/Volumes/Spanish1Bundle/1Pictures/Flashcard/home.jpg
4212,2e54181a-91b2-4004-a71e-99a30105cf33,21,As (he) was opening the bottle of wine the waiter broke the corkscrew.,/Volumes/Spanish1Bundle/1Pictures/Flashcard/corkscrew.jpg
4214,558af915-bfee-47f6-a4b4-9b7a8c22a059,21,The cat likes to climb the armchair.,/Volumes/Spanish1Bundle/1Pictures/Flashcard/cat.jpg
4229,a206730c-8980-4a3d-84a2-15a8e23ba86e,21,That picture is my favorite.,/Volumes/Spanish1Bundle/1Pictures/Flashcard/that (more remote).jpg
4301,c2a70d60-8d78-40b1-9d17-cd810e04653b,21,(I) have (had) nightmares since (I) was five years old.,"/Volumes/Spanish1Bundle/1Pictures/Flashcard/since, from.jpg"
4247,f3d929db-c6af-4984-b6f1-1f0b97a207b6,21,Close the windows if (it) rains.,"/Volumes/Spanish1Bundle/1Pictures/Flashcard/close ,v.jpg"
1559,a450cc7a-4fb8-4551-9bc9-47569a51d33b,2,floor,/Volumes/Spanish2Bundle/2Pictures/Flashcard/floor.jpg
1563,55394f15-f7ae-40f2-8198-45ffd0b79b47,2,peg,/Volumes/Spanish2Bundle/2Pictures/Flashcard/peg.jpg
4222,b187a0c2-580f-4c5b-b00f-e38474645025,21,(I) love my husband. Ever since (I) met him (I) have thought (he) was the right person for me.,"/Volumes/Spanish1Bundle/1Pictures/Flashcard/love,v.jpg"
4227,5725fda7-0b75-46c9-9669-37493f4c10f4,21,Switch off the computer when (you) don't need it. (inf.sing),/Volumes/Spanish1Bundle/1Pictures/Flashcard/switch off.jpg
4239,b3363d53-5a77-403e-abfb-893f00212a4d,21,Look for your glasses on the shelf. (inf.sing),/Volumes/Spanish1Bundle/1Pictures/Flashcard/shelf.jpg
4508,5cdb7369-0003-42d5-b6c0-c3bead91d4d4,21,(It) is 1 o'clock in the morning! Are (you) still awake? (inf.sing) (m),/Volumes/Spanish1Bundle/1Pictures/Flashcard/awake.jpg
4370,b7114fca-c481-40dd-be66-92b302c57e43,21,The man took the bull by the horns.,/Volumes/Spanish1Bundle/1Pictures/Flashcard/bull.jpg
4253,cb54cd19-fe04-4236-b4b8-1333e6f12fd6,21,To eat a lot of butter is not good for the health.,/Volumes/Spanish1Bundle/1Pictures/Flashcard/butter.jpg
4263,38ada021-8fc0-4256-89e5-e8a29988ffbc,21,When the food is ready the chef gives a shout and the waiter appears in the kitchen.,"/Volumes/Spanish1Bundle/1Pictures/Flashcard/ready, clever.jpg"
4254,51f32ba0-3e93-4772-854d-8bf5c80f63c0,21,(I) made a mistake in telling him.,/Volumes/Spanish1Bundle/1Pictures/Flashcard/mistake.jpg
4226,1b716db6-6cb3-4f52-a0d7-6d5ff99a2313,21,"Before going to bed, please brush your teeth. (inf.sing)",/Volumes/Spanish1Bundle/1Pictures/Flashcard/before.jpg
4277,70428c9e-7c2b-4e5b-a75f-17de4d9a7311,21,For dessert there is peaches or custards.,/Volumes/Spanish1Bundle/1Pictures/Flashcard/peach.jpg
4241,474d07ee-8a78-4571-854a-cbfb0c317574,21,Every morning (we) eat fresh bread and pastries bought from the bakery.,/Volumes/Spanish1Bundle/1Pictures/Flashcard/bakery.jpg
4296,27329ac9-3746-4db9-a921-26ae18b5c8d7,21,Let me think about it and (I) will answer you tomorrow. (inf.sing),/Volumes/Spanish1Bundle/1Pictures/Flashcard/think.jpg
4288,57da5325-5bc5-4dae-9b58-305e0f51d700,21,(You) should stay in bed for five days. (inf.sing),/Volumes/Spanish1Bundle/1Pictures/Flashcard/stay in bed.jpg
4300,f72de3a9-f898-4cc1-9d27-4c40937d815b,21,In five years the convict will get his freedom back.,"/Volumes/Spanish1Bundle/1Pictures/Flashcard/freedom, liberty.jpg"
4574,177a592a-9d43-43a5-ac3f-d039b90ea911,21,There are lots of books that explain how to prepare your own cured and smoked ham. (inf.sing),/Volumes/Spanish1Bundle/1Pictures/Flashcard/ham.jpg
4265,af4f9445-4670-4641-b9a8-8ede2ad7635a,21,When (it) rains (it) is better to use your boots. (inf.sing),/Volumes/Spanish1Bundle/1Pictures/Flashcard/boot.jpg
1272,2346ee67-fce0-4473-b7cc-b6b66280ee8d,2,to lend,"/Volumes/Spanish2Bundle/2Pictures/Flashcard/lend ,v.jpg"
4269,bef1086b-ba87-4261-8a95-cfc977cfa495,21,When (you) go to the supermarket don't forget to buy cream. (inf.sing),/Volumes/Spanish1Bundle/1Pictures/Flashcard/cream.jpg
4287,efb6b4a5-7d10-4a94-9f0a-e7a1f884254c,21,(You) have to choose between going on holiday and buying a car. (inf.sing),"/Volumes/Spanish1Bundle/1Pictures/Flashcard/choose, pick, select.jpg"
4294,adf17c64-f152-4997-b5ee-0b05bdef9fe6,21,(I) have to buy an alarm clock.,/Volumes/Spanish1Bundle/1Pictures/Flashcard/have to (should).jpg
4266,f5704ac4-aa6d-48ff-8353-825049ea9680,21,When (it) snows everyone goes (out) on the street.,/Volumes/Spanish1Bundle/1Pictures/Flashcard/snow.jpg
4278,edacaf95-715d-41ea-968c-436f8853f295,21,(I) go jogging from time to time.,/Volumes/Spanish1Bundle/1Pictures/Flashcard/from time to time.jpg
4302,e5e219c2-3166-40a9-96dc-78bdabcbc5af,21,Since (I) arrived in England (I) am increasing my weight (have put on weight).,/Volumes/Spanish1Bundle/1Pictures/Flashcard/increase.jpg
1273,46d82041-ae87-4d9c-8c23-b484d0094132,2,to save,"/Volumes/Spanish2Bundle/2Pictures/Flashcard/save ,v.jpg"
4272,5d87cf8e-1bd4-4752-ba8d-a1a34734a71f,21,"Be careful with the sun, (it) can burn your skin. (inf.sing)",/Volumes/Spanish1Bundle/1Pictures/Flashcard/sun.jpg
4282,9e1d8d4f-4464-4ef2-a237-da0243ad6f49,21,(You) should eat something healthy and not so many fried foods. (inf.sing),/Volumes/Spanish1Bundle/1Pictures/Flashcard/healthy.jpg
4291,9f73fbd9-4a44-45ff-800f-ec904dac69e2,21,(You) should take the euros out of your purse. (inf.sing),/Volumes/Spanish1Bundle/1Pictures/Flashcard/purse.jpg
1573,9ba73eb6-e831-4b6f-8b20-df40a4213056,2,ashtray,/Volumes/Spanish2Bundle/2Pictures/Flashcard/ashtray.jpg
4281,95fa96b5-b843-476d-853e-88ac6e7a7365,21,(You) should do (your) homework before (you) watch television. (form.pl),"/Volumes/Spanish1Bundle/1Pictures/Flashcard/do, to make, to build.jpg"
4305,7b29ac30-26aa-412b-a633-13cf51e83490,21,Behind (at the back of) the school there is a park.,/Volumes/Spanish1Bundle/1Pictures/Flashcard/behind (at the back).jpg
4292,64173215-b8d5-418e-8c56-74ad089d4d4a,21,(You) should follow your father's example. (inf.sing),/Volumes/Spanish1Bundle/1Pictures/Flashcard/example.jpg
4283,b4b7377a-647e-4dc7-8b19-7206b139f777,21,(You) have to get into the habit of paying debts before the due date. (inf.sing),/Volumes/Spanish1Bundle/1Pictures/Flashcard/pay.jpg
4293,5d014dc8-5030-486f-b048-0606493f2a15,21,Because of the traffic jam (I) missed my flight to Paris.,/Volumes/Spanish1Bundle/1Pictures/Flashcard/traffic jam.jpg
1589,2e79ffec-30e8-46e4-b11a-3c352ebcaf80,2,directory,/Volumes/Spanish2Bundle/2Pictures/Flashcard/directory.jpg
1591,9e78e4d5-f169-4902-92a6-03be1da3f18b,2,modem,/Volumes/Spanish2Bundle/2Pictures/Flashcard/modem.jpg
1986,2591ed34-bd76-4907-8aac-ec8b04717203,2,factory,/Volumes/Spanish2Bundle/2Pictures/Flashcard/factory.jpg
1593,daec85d1-5efb-4835-914d-442277492365,2,page,/Volumes/Spanish2Bundle/2Pictures/Flashcard/page.jpg
1595,a691c49b-b140-45ed-a593-b8712929cc34,2,off-line,/Volumes/Spanish2Bundle/2Pictures/Flashcard/off-line.jpg
1602,b099a9a8-f7db-4d97-8d27-4cbf28f3d0c3,2,cigar,/Volumes/Spanish2Bundle/2Pictures/Flashcard/cigar.jpg
1604,75a2dadf-6bf9-4085-a85b-26ffd523d9ce,2,skateboard,/Volumes/Spanish2Bundle/2Pictures/Flashcard/skateboard.jpg
4304,719db8cb-2177-4bf7-98d6-6e14b97d3e2c,21,At home children cannot watch TV after 8pm.,/Volumes/Spanish1Bundle/1Pictures/Flashcard/at home.jpg
1611,695249af-423f-47d9-a08c-47a1a79e410a,2,photographer,/Volumes/Spanish2Bundle/2Pictures/Flashcard/photographer.jpg
1989,e42ee94e-5739-4bb8-9c9a-a90738511c72,2,to build,/Volumes/Spanish2Bundle/2Pictures/Flashcard/build.jpg
4306,fe4b081e-c8c3-4a4a-b7c2-a9664dbf5cd7,21,(They) say that avocado oil is very good for the skin.,/Volumes/Spanish1Bundle/1Pictures/Flashcard/avocado.jpg
4327,fb801fbf-1464-4474-a9e6-d931f984f3f2,21,The bank is in front of the shoe shop.,/Volumes/Spanish1Bundle/1Pictures/Flashcard/in front.jpg
4338,5fb2b225-16f9-496a-8a7d-f499f23f26b0,21,In England the sky is always cloudy.,/Volumes/Spanish1Bundle/1Pictures/Flashcard/sky.jpg
1957,fc26f845-150f-4cf4-81e8-fc0657d1ab0d,2,pride,/Volumes/Spanish2Bundle/2Pictures/Flashcard/pride.jpg
4309,05a5554c-132d-466e-9835-57f688e67102,21,Tell your children that (you) love them and let them know that (you) are there for anything. (inf.si,/Volumes/Spanish1Bundle/1Pictures/Flashcard/them.jpg
4322,04d98b22-a82f-41a7-b47d-94bbae0c7e47,21,Sandra's apartment is just 5 minutes walk from the beach.,"/Volumes/Spanish1Bundle/1Pictures/Flashcard/apartment, flat.jpg"
4360,48670305-7ba1-4763-a70d-2936c447d1cd,21,"The freezer is full, (I) can't put anything more in it.",/Volumes/Spanish1Bundle/1Pictures/Flashcard/put (on).jpg
4336,ec3fca9f-bf3a-4726-9c53-0216092b2af0,21,(I) will give (you) the cheque at the date (we are) agreed. (inf.sing),/Volumes/Spanish1Bundle/1Pictures/Flashcard/cheque.jpg
4364,d2a9a4ff-17a8-435e-9bd3-8f2fefd43551,21,The gas was poisonous.,/Volumes/Spanish1Bundle/1Pictures/Flashcard/gas.jpg
4366,935e721c-aa10-471d-9c2d-45f2d9f987d0,21,The fat man with the moustache is funny.,/Volumes/Spanish1Bundle/1Pictures/Flashcard/fat.jpg
4329,033d6cee-11c4-4e75-8ec2-fffea8eecb64,21,The banknote is old and used.,/Volumes/Spanish1Bundle/1Pictures/Flashcard/banknote.jpg
4331,221176e3-670c-4337-95a6-0e66109ed67f,21,Peter's horse is very quick.,/Volumes/Spanish1Bundle/1Pictures/Flashcard/horse.jpg
1990,e491fd84-3e54-48e0-a957-4be8911e09c6,2,"outskirts ,suburbs","/Volumes/Spanish2Bundle/2Pictures/Flashcard/outskirts ,suburbs.jpg"
4365,e14c9adf-6457-40b6-abb1-f410ec9a308a,21,The cat is sleeping on the pillow.,/Volumes/Spanish1Bundle/1Pictures/Flashcard/pillow.jpg
4311,bd5b1ba2-24d5-4726-87d5-fbd808c76492,21,Tonight (you) will sleep upstairs. (inf.sing),"/Volumes/Spanish1Bundle/1Pictures/Flashcard/up, above, upstairs.jpg"
4343,19129699-454b-48bf-9cef-7fb52d9a4d14,21,The colour yellow doesn't suit you well. (inf.sing),/Volumes/Spanish1Bundle/1Pictures/Flashcard/colour.jpg
4356,1d13fc31-21b9-4690-be81-da31cba9248e,21,The duvet is very comfortable.,/Volumes/Spanish1Bundle/1Pictures/Flashcard/duvet.jpg
4387,a43e12bc-bcc8-4272-9365-36b00a37650b,21,The microwave broke because (it) was very old.,/Volumes/Spanish1Bundle/1Pictures/Flashcard/microwave.jpg
4312,cfe14865-f4f5-47b8-879c-a45e6fdfcea2,21,During the winter the windows are closed.,/Volumes/Spanish1Bundle/1Pictures/Flashcard/during.jpg
4321,838b17e8-892e-4e76-add2-afd580c15d8a,21,Next year our son will go to university.,/Volumes/Spanish1Bundle/1Pictures/Flashcard/our.jpg
4332,251b2849-5f0d-4c9c-b13b-db4868f5018c,21,Cocoa is best known as the principal ingredient in chocolate.,"/Volumes/Spanish1Bundle/1Pictures/Flashcard/cocoa, chocolate drink.jpg"
4390,c29f0dc6-d620-4d2f-9800-986145c0f129,21,The engine of your car makes a strange noise.,/Volumes/Spanish1Bundle/1Pictures/Flashcard/engine.jpg
4313,5421b75c-08f9-4f68-a8ed-eee30c9eb0e8,21,During the Christmas period (I) have gained some kilos and (I) think (I) look a lot healthier than b,/Volumes/Spanish1Bundle/1Pictures/Flashcard/some.jpg
4445,3ba01375-6f2b-42c6-b137-3b3486f9f433,21,She is a very sensitive person and needs lots of kisses and cuddles.,/Volumes/Spanish1Bundle/1Pictures/Flashcard/kiss.jpg
4333,eb0c6dce-fd0a-4536-9dd5-cd070894b7a0,21,Coffee has a bitter flavour.,/Volumes/Spanish1Bundle/1Pictures/Flashcard/flavour.jpg
4339,b0ba09f6-cab5-4dae-8685-967bb7084d4f,21,The client is always right.,"/Volumes/Spanish1Bundle/1Pictures/Flashcard/client, customer.jpg"
4479,b311753b-1836-4c6c-9fb1-1e187246db07,21,(It) will be a rest to be without my sons on holiday.,/Volumes/Spanish1Bundle/1Pictures/Flashcard/rest.jpg
4341,08d48009-ce2c-4b08-8fd8-b77d5f5d89ef,21,The Mediterranean climate is characterized by hot and dry summers.,/Volumes/Spanish1Bundle/1Pictures/Flashcard/dry.jpg
4391,d2200a69-638e-48e6-a154-d32dbe1a9c72,21,The boy (mu..) is seriously injured.,/Volumes/Spanish1Bundle/1Pictures/Flashcard/boy.jpg
4357,1c770a80-6936-4a8d-844d-537108574c2d,21,The Argentinean team will win The World Cup.,/Volumes/Spanish1Bundle/1Pictures/Flashcard/team.jpg
4372,2b1aedea-e704-462a-a53b-117d06ae86bb,21,The hotel is next to the pharmacy.,/Volumes/Spanish1Bundle/1Pictures/Flashcard/next to.jpg
4377,d3fd0f5a-0223-4804-8ba0-f7f44e4953a6,21,The juice of a lemon with honey is a remedy for the common cold. (LAm),/Volumes/Spanish1Bundle/1Pictures/Flashcard/juice.jpg
8981,41322cee-0829-4c11-91f8-47e9533a1587,22,(I) have to return before it gets dark.,/Volumes/Spanish2Bundle/2Pictures/Flashcard/get dark.jpg
8977,e312f220-a5ae-44ee-b429-44ff76fb2fac,22,Despite the heat,/Volumes/Spanish2Bundle/2Pictures/Flashcard/on foot.jpg
8980,3ff590d0-f562-4fac-9e12-555f3f7c264c,22,Happy New Year to everyone!,/Volumes/Spanish2Bundle/2Pictures/Flashcard/New Year.jpg
4348,91dd50ef-fd11-40f2-9c42-d44a80fe3512,21,The picture made with butterflies won the prize.,/Volumes/Spanish1Bundle/1Pictures/Flashcard/butterfly.jpg
4359,178b635c-1c80-468a-a9ed-1959ac7c41a3,21,(I) did the exam very well.,/Volumes/Spanish1Bundle/1Pictures/Flashcard/well.jpg
4373,f8d77f1a-8c4f-4f09-9ee1-7447c6b7f4b4,21,The lamp switch is broken.,/Volumes/Spanish1Bundle/1Pictures/Flashcard/switch.jpg
4380,2a2b4e8a-2077-4df8-81a7-291feaf7dad4,21,The place that (you) told me about is very near to here. (inf.sing),/Volumes/Spanish1Bundle/1Pictures/Flashcard/place.jpg
4467,9a5706e9-de06-4d75-85f2-f417fa828211,21,In the shop they told me that the delivery time is two months.,/Volumes/Spanish1Bundle/1Pictures/Flashcard/delivery.jpg
4367,d037b612-7417-4e4f-ba40-d4804986653d,21,The policeman arrested the thief.,/Volumes/Spanish1Bundle/1Pictures/Flashcard/policeman-woman.jpg
4420,37142f05-d225-4996-bd8b-f1210cf2b4d3,21,Next year flowers will grow in your garden.,/Volumes/Spanish1Bundle/1Pictures/Flashcard/garden.jpg
4424,ba1b0da3-56e7-4506-8afb-f4a074660f58,21,The best gift for a 7-year-old girl is make-up.,/Volumes/Spanish1Bundle/1Pictures/Flashcard/make-up.jpg
4474,77747b21-e254-46cd-b420-56850fefa05e,21,The ancient world believed seafood had aphrodisiac qualities.,"/Volumes/Spanish1Bundle/1Pictures/Flashcard/seafood, shellfish.jpg"
4492,bd01918d-7689-41e0-8e95-714d6a63e3e5,21,In summer the parks become full of people of all ages.,/Volumes/Spanish1Bundle/1Pictures/Flashcard/park.jpg
4512,5b39c8f7-994e-497c-9887-c620fc3f6f4c,21,(It) is very expensive (ca..) travelling in America.,"/Volumes/Spanish1Bundle/1Pictures/Flashcard/expensive, dear.jpg"
8988,caf545c3-3df7-4a98-b656-715c726786d4,22,We don't accept that you are cancelling your booking. (form.sing),/Volumes/Spanish2Bundle/2Pictures/Flashcard/cancel.jpg
4378,f5d0d8db-f4ae-47d5-8838-dcaa6ff3b837,21,The thief was filmed by the bank camera.,/Volumes/Spanish1Bundle/1Pictures/Flashcard/camera.jpg
4394,0785b5c1-6c2c-4d65-8aab-0df4b3d3f105,21,The birth of my son was very emotional.,/Volumes/Spanish1Bundle/1Pictures/Flashcard/birth.jpg
4401,c7586150-8f8b-4424-bb2f-6e6106479df3,21,The number of correct answers required to pass this test is shown above.,/Volumes/Spanish1Bundle/1Pictures/Flashcard/correct.jpg
4441,48f86d12-dfe4-4fa7-9bbc-396d4d22bf51,21,Wine is produced by the fermentation of the juice of grapes. (LAm),/Volumes/Spanish1Bundle/1Pictures/Flashcard/wine.jpg
4432,50122ec9-f601-41e6-99e2-a81093763e40,21,The south of Spain is very hot.,/Volumes/Spanish1Bundle/1Pictures/Flashcard/hot.jpg
4417,a6e8d195-f5e0-480b-9c9a-1eb54fa5aad6,21,The dish of the day is meat with blueberry sauce.,/Volumes/Spanish1Bundle/1Pictures/Flashcard/sauce.jpg
4410,022eb796-ae4c-4f35-92d7-449cfca44c88,21,The dog bit my leg and my arm.,/Volumes/Spanish1Bundle/1Pictures/Flashcard/arm.jpg
4392,b4942521-a521-4911-a43f-64b1dac605ed,21,The exterior wall is too high for me to see the other side.,/Volumes/Spanish1Bundle/1Pictures/Flashcard/wall (exterior).jpg
4403,ac92889e-e680-4021-89f8-9509da52b6a7,21,The toilet paper is near the toilet.,/Volumes/Spanish1Bundle/1Pictures/Flashcard/toilet.jpg
4491,e33095e4-7a77-4631-9276-f08ae1d85d43,21,All the wool of the sheep is removed in the summer.,/Volumes/Spanish1Bundle/1Pictures/Flashcard/sheep.jpg
4530,a4e82bce-eb6d-4d57-9f0b-d41c34f56f57,21,Write your name and surname in the file.,/Volumes/Spanish1Bundle/1Pictures/Flashcard/file.jpg
4518,deab9eed-307d-4083-9ea1-046bad622989,21,(It) is normal to rain in this season of the year.,/Volumes/Spanish1Bundle/1Pictures/Flashcard/normal.jpg
4522,debf35d9-5af8-49ce-a179-817da6d75a3e,21,Duck meat is very nice.,/Volumes/Spanish1Bundle/1Pictures/Flashcard/duck.jpg
4558,e54828b1-8ff6-497f-8f41-ad019b22fffc,21,(I) will be here all day long.,/Volumes/Spanish1Bundle/1Pictures/Flashcard/here (static).jpg
4570,6e3b3d11-d831-45f8-a153-81064caff910,21,(I) am happy (fe..) to see you. (inf.sing),/Volumes/Spanish1Bundle/1Pictures/Flashcard/happy.jpg
4620,8b8454c6-5c46-4857-8d4e-9c92b847db52,21,Japan is the world's largest producer for fresh and frozen tuna.,"/Volumes/Spanish1Bundle/1Pictures/Flashcard/tuna, tunny fish.jpg"
4389,c372b63f-190a-446e-9018-e7e8aff050fb,21,The monkey is climbing the tree.,/Volumes/Spanish1Bundle/1Pictures/Flashcard/monkey.jpg
4435,7d647903-7144-43ea-859d-43bbfdb58e60,21,Tomato is the main ingredient in gazpacho.,/Volumes/Spanish1Bundle/1Pictures/Flashcard/tomato.jpg
4451,7ada049b-6e02-4b36-a914-31c17e06218b,21,Push the door each time (you) want to enter. (inf.sing),/Volumes/Spanish1Bundle/1Pictures/Flashcard/push.jpg
4455,1943dc3a-42d7-48b5-9506-89eda89b990a,21,In Barcelona there is the popular Diagonal Avenue that crosses diagonally the entire city.,/Volumes/Spanish1Bundle/1Pictures/Flashcard/avenue.jpg
4395,d01a48f7-3a56-4dda-9ca2-e0c00c954c63,21,The child is throwing stones at the window.,/Volumes/Spanish1Bundle/1Pictures/Flashcard/throw.jpg
4409,458f2b09-fc48-4bb6-a266-b4373840d162,21,"The perfume that (I) have is ""Summer by Kenzo"".",/Volumes/Spanish1Bundle/1Pictures/Flashcard/perfume.jpg
4543,197fc273-f4cc-437e-ae30-85eb4540dbc6,21,"This is my room - it's big, isn't it? (ha..)",/Volumes/Spanish1Bundle/1Pictures/Flashcard/room (habitat).jpg
4421,3d6a5534-7024-4947-8d48-3c19681809df,21,He wants to talk to you. (inf.sing),/Volumes/Spanish1Bundle/1Pictures/Flashcard/he.jpg
4444,7f6d6a1c-ec24-408c-9cb2-63abb7ba9a2f,21,She is the kind of person that likes to be the centre of attention.,/Volumes/Spanish1Bundle/1Pictures/Flashcard/centre.jpg
4514,ef042142-f702-48ac-8cec-a8ce09d7df00,21,(It) is very difficult to find decent accommodation in cheap hotels.,/Volumes/Spanish1Bundle/1Pictures/Flashcard/accommodation.jpg
4548,67d8d354-8d42-462d-8ce1-2de55e258a19,21,"Tonight (I)'m going to see a theatre play, are (you) coming? (inf.sing)",/Volumes/Spanish1Bundle/1Pictures/Flashcard/theatre.jpg
4400,5cb21391-8d64-40e4-afed-0d86c03144d8,21,The child (m) goes to school.,/Volumes/Spanish1Bundle/1Pictures/Flashcard/child (m).jpg
4415,59d57ab7-1904-4c4e-ae7c-b357a514457f,21,The fish swims in the pond.,/Volumes/Spanish1Bundle/1Pictures/Flashcard/swim.jpg
4449,34576263-1588-440f-aaf9-27b314762f7b,21,"She has lots (a mountain) of clothes, but (you) will always see her wearing the same old coat.",/Volumes/Spanish1Bundle/1Pictures/Flashcard/old.jpg
4468,f99c0780-9986-4867-bbbc-559ab1bd2faa,21,It is not sunny in Scotland.,/Volumes/Spanish1Bundle/1Pictures/Flashcard/it is sunny (hacer).jpg
4443,f09926df-4a4d-4e5a-88b9-c5df0a81b09a,21,She spilt wine over the carpet.,"/Volumes/Spanish1Bundle/1Pictures/Flashcard/carpet, rug.jpg"
4470,32554a6e-31e5-4b58-9e5f-9c47aa5bde58,21,"(It)'s very cold in this room, isn't it? (e.g. the weather is cold)",/Volumes/Spanish1Bundle/1Pictures/Flashcard/the weather is cold.jpg
4495,cb49d9d8-635d-4ab5-b727-23bd3fb6026b,21,The crowd at Madonna's concert was impressive.,/Volumes/Spanish1Bundle/1Pictures/Flashcard/crowd.jpg
4460,318a8a61-59d2-424d-b647-82bbbc3f994a,21,(I) like to breathe fresh air in the countryside.,/Volumes/Spanish1Bundle/1Pictures/Flashcard/air.jpg
4471,6eb77211-158c-43f1-bf1f-7c6b09ea843c,21,"In this book, the author's desire is to make his knowledge accessible to everybody.",/Volumes/Spanish1Bundle/1Pictures/Flashcard/desire.jpg
4547,5234e5f4-e49d-46da-b74b-4517f6af0969,21,Thursday is a public holiday.,/Volumes/Spanish1Bundle/1Pictures/Flashcard/holiday.jpg
4484,055b5a81-7a1a-46cb-a86a-e5b66f3b62d0,21,In horror books there is always a dark room.,/Volumes/Spanish1Bundle/1Pictures/Flashcard/dark (obscure).jpg
4519,572c605d-4f46-408f-9ddb-68e9d0f11f4f,21,(It) is dangerous to cut the grass without shoes.,/Volumes/Spanish1Bundle/1Pictures/Flashcard/shoe.jpg
4545,8ef552a1-4b28-4f7a-b65c-4df7c527a897,21,This morning (I) was almost late to work.,/Volumes/Spanish1Bundle/1Pictures/Flashcard/almost.jpg
4552,6217dc16-ce0f-41b5-aad9-7a1ee5be5251,21,"This T.V. is very, very old, that's why (it) doesn't work.",/Volumes/Spanish1Bundle/1Pictures/Flashcard/tv.jpg
4481,8d970a71-d3ef-41f9-a3fc-9534bd7c9313,21,(It) is easy to drive on wide roads.,/Volumes/Spanish1Bundle/1Pictures/Flashcard/drive.jpg
4578,eacc40a4-2819-412b-9819-cf898b4dbe05,21,(We) went on holiday to the seaside but (we) couldn't swim because the water was too dirty.,/Volumes/Spanish1Bundle/1Pictures/Flashcard/dirty.jpg
4487,68c2ca70-fa25-4b47-bd1f-ca67910a1e6e,21,There are several electrical appliances in my kitchen.,/Volumes/Spanish1Bundle/1Pictures/Flashcard/electrical appliances.jpg
4488,33cbf50b-67b5-4f8d-9eea-36a5a150b439,21,(You) can sit the final exam in September. (inf.sing),/Volumes/Spanish1Bundle/1Pictures/Flashcard/exam.jpg
4503,6b3afd72-f074-42ed-a2b8-d9980a733ca8,21,(It) is expensive (co..) to go to the hairdresser in England.,/Volumes/Spanish1Bundle/1Pictures/Flashcard/expensive (costly).jpg
4588,0115b2d5-ba9a-4315-839e-eff7e9b64fc2,21,For days (I) have had a pain in my head and red eyes.,/Volumes/Spanish1Bundle/1Pictures/Flashcard/head.jpg
4501,04efbadd-792b-4021-9bd3-c81189f8f1c7,21,(It) is usual that the travellers have lunch (eat) at the canteen.,/Volumes/Spanish1Bundle/1Pictures/Flashcard/traveller.jpg
4506,d17ad9b7-4b0b-4f97-a7fd-1b58d064415f,21,(It) is horrible what has happened to this poor family.,/Volumes/Spanish1Bundle/1Pictures/Flashcard/horrible.jpg
4526,b0eb2d9c-4571-479a-9462-626090b91c76,21,That information is not correct.,/Volumes/Spanish1Bundle/1Pictures/Flashcard/information.jpg
4536,69cacca5-b07a-431c-bcf1-6855e31a767c,21,"Wait for us for dinner, (we) will arrive at eight pm. (form.pl)",/Volumes/Spanish1Bundle/1Pictures/Flashcard/arrive.jpg
4622,f0175c4c-1fdb-4565-93d8-17fd142710d9,21,Juan is a good man.,/Volumes/Spanish1Bundle/1Pictures/Flashcard/man.jpg
4500,787e4c15-58f1-434b-8b6a-1a556b02783d,21,(It)'s certain that the best average was obtained by John.,/Volumes/Spanish1Bundle/1Pictures/Flashcard/certain.jpg
4510,22078335-6ad6-4d37-a677-af7bd99d42ac,21,(It) is better we bring change on the trip.,/Volumes/Spanish1Bundle/1Pictures/Flashcard/change (money).jpg
4568,f20d805f-541c-49d6-99cb-92bc056687a6,21,(I)'m happy (co..) to work here. (f),/Volumes/Spanish1Bundle/1Pictures/Flashcard/happy (content).jpg
4596,ecfd5944-07a2-4ea3-bcfd-c9abedf8df62,21,There is a book on top of the bed.,"/Volumes/Spanish1Bundle/1Pictures/Flashcard/above, on top of, over.jpg"
4599,a1e4d2bc-71cf-4243-a355-6ebdfcbb5b51,21,(I) have bought two slices of pork loin to try the recipe given me by the neighbour.,/Volumes/Spanish1Bundle/1Pictures/Flashcard/slice (of meat).jpg
4609,725e6d40-7840-444a-bc05-019ddc5f9c81,21,Today is a cloudy day.,/Volumes/Spanish1Bundle/1Pictures/Flashcard/cloudy.jpg
4648,e000cb03-a3e9-4cf9-ac5e-5388eaaa56f4,21,Food from a can is not very good.,"/Volumes/Spanish1Bundle/1Pictures/Flashcard/can, tin.jpg"
4505,36bd6663-63b3-4d8d-b557-2b4e626e8f5b,21,(It) is fantastic to go shopping with a lot of money.,/Volumes/Spanish1Bundle/1Pictures/Flashcard/shopping.jpg
4520,f2bc0fce-6bbc-4f0b-9360-94f464b4cf1b,21,To cross the street without looking is a danger. (literal),/Volumes/Spanish1Bundle/1Pictures/Flashcard/danger.jpg
4523,e44a75f5-2c2c-4681-96cd-542d4601103d,21,That's a knife to peel potatoes.,/Volumes/Spanish1Bundle/1Pictures/Flashcard/knife.jpg
4531,cae4f452-6bff-4cae-b2af-1c52109cc804,21,That building will be pulled down to construct a new shopping centre.,/Volumes/Spanish1Bundle/1Pictures/Flashcard/building.jpg
4550,1c526a4f-330b-4d46-94aa-230b6d6b0057,21,This part of the countryside belongs to my family.,"/Volumes/Spanish1Bundle/1Pictures/Flashcard/part, area.jpg"
4542,6551b617-8ffb-4e0b-a1f2-daffff88b171,21,This is the third time (occasion) that (I)'m calling you. (inf.sing),/Volumes/Spanish1Bundle/1Pictures/Flashcard/occasion.jpg
4589,fcd38e01-2569-45ae-9b4a-7cccf8b74bfb,21,The weather will be nicer next month.,/Volumes/Spanish1Bundle/1Pictures/Flashcard/the weather is nice.jpg
4546,ac4d6b77-6fd7-4124-81f9-3f39ab8acd14,21,There's a full moon tonight.,/Volumes/Spanish1Bundle/1Pictures/Flashcard/moon.jpg
4554,79aa929f-2921-43c2-89ef-75568c9d8648,21,(I) was soaked when (I) saw him at the bus stop.,/Volumes/Spanish1Bundle/1Pictures/Flashcard/bus stop.jpg
4572,b6719e75-36f4-4f86-a72b-abef3fd4aea6,21,(I) am proud of you. (inf.sing),/Volumes/Spanish1Bundle/1Pictures/Flashcard/proud.jpg
4573,a16c1fd9-94b3-4e4c-90d2-cc9e1dc51d6e,21,(I)'m sure the theatre is over there.,/Volumes/Spanish1Bundle/1Pictures/Flashcard/over there.jpg
4600,b1c175df-73d4-4288-b08f-3e4f49a9eb9f,21,(I) have spent 35.00 euros for a boneless leg of lamb.,/Volumes/Spanish1Bundle/1Pictures/Flashcard/lamb.jpg
4557,b3576e81-b4f7-49bb-a7df-f51c48660bfc,21,(We) are thinking of renting a car during our holiday so (we) will be able to see various places.,/Volumes/Spanish1Bundle/1Pictures/Flashcard/rent.jpg
4606,84727a85-be81-4a12-8880-6a10a2636329,21,(I) have brought some magazines to help pass the time while (we) wait.,/Volumes/Spanish1Bundle/1Pictures/Flashcard/some (any).jpg
4624,71a1cfd6-d8de-4aa1-96de-ac0e74856e60,21,The pavement is so narrow in this street that (you) can't walk on it. (form.sing),/Volumes/Spanish1Bundle/1Pictures/Flashcard/pavement.jpg
4577,1633222a-3441-40b0-8abe-ea6d1a96aa75,21,The English lesson was very difficult.,/Volumes/Spanish1Bundle/1Pictures/Flashcard/lesson.jpg
4770,cf1a802f-ec3a-4a72-8784-5e52213bd29e,21,The insects (i..) of the countryside frighten children.,/Volumes/Spanish1Bundle/1Pictures/Flashcard/insect.jpg
4598,07e07fcd-bf05-4aab-b135-fc9b5cc30819,21,Pack your bags before (you) go to work. (inf.sing),/Volumes/Spanish1Bundle/1Pictures/Flashcard/pack.jpg
4612,438836f1-9f9c-483c-955f-9322bc1a8325,21,Today (we) are not going to the country because the weather is bad.,/Volumes/Spanish1Bundle/1Pictures/Flashcard/the weather is bad.jpg
4656,e2ead326-eaeb-4bc5-b838-01c6a4250419,21,The company will pay your petrol.,/Volumes/Spanish1Bundle/1Pictures/Flashcard/petrol.jpg
4670,e7512eec-9365-4878-b818-d10e4bf383b2,21,The way that (you) move yourself is very sensual. (inf.sing),"/Volumes/Spanish1Bundle/1Pictures/Flashcard/shape, way.jpg"
4580,8eb28b13-8f8b-49f0-982d-ea1bb8a03545,21,"(I) usually don't go to discos, (I) don't like them.",/Volumes/Spanish1Bundle/1Pictures/Flashcard/usually.jpg
4587,2ece16d7-2d25-4042-a953-4e2775b21822,21,For days (I) have had a pain in my head and red eyes.,/Volumes/Spanish1Bundle/1Pictures/Flashcard/eye.jpg
4591,1005b47f-f50f-4cc4-a025-c4a19516fab5,21,There are lots of places to go out to in Milton Keynes.,/Volumes/Spanish1Bundle/1Pictures/Flashcard/go out.jpg
4616,b186f9f7-138e-464d-be39-e1f18cb0b2ae,21,Yesterday a shop where (they) sell children's clothes opened.,/Volumes/Spanish1Bundle/1Pictures/Flashcard/clothes.jpg
4644,c9b2cac0-46ea-4de6-b0c9-c7ca40f090c5,21,The girl is neither (n..) pretty nor nice.,/Volumes/Spanish1Bundle/1Pictures/Flashcard/neither nor.jpg
4658,cf846f97-4c93-440b-92fe-7f4ca78f0af3,21,The salad with cabbage is delicious.,/Volumes/Spanish1Bundle/1Pictures/Flashcard/cabbage.jpg
4681,732ec8a0-d3e8-4be5-b9b6-5a9756dea1d3,21,The law says that (you) cannot use a hand-held mobile phone when driving. (form.sing),/Volumes/Spanish1Bundle/1Pictures/Flashcard/law.jpg
4710,e5d6601f-69b8-4165-91ae-1832ddfbfacf,21,The dining room door is open.,/Volumes/Spanish1Bundle/1Pictures/Flashcard/door.jpg
4716,1d7536c2-3668-40e9-a6f6-8d7abac4a011,21,The chair is broken.,/Volumes/Spanish1Bundle/1Pictures/Flashcard/chair.jpg
9887,56ff2b93-db44-4185-970c-869d0bcc6c0d,22,My father-in-law is a widower.,/Volumes/Spanish2Bundle/2Pictures/Flashcard/widower.jpg
4645,c15b7323-7739-42f2-82bf-57b07eb19f23,21,The girl is neither pretty nor (ta..) nice.,/Volumes/Spanish1Bundle/1Pictures/Flashcard/neither.jpg
4594,46699341-31bf-48ff-b72d-40b6cbc42f00,21,There is snow everywhere.,/Volumes/Spanish1Bundle/1Pictures/Flashcard/everywhere.jpg
4662,7d9c2e65-7b2b-46ec-8278-baf0e61dab02,21,The entrance to the concert is free.,/Volumes/Spanish1Bundle/1Pictures/Flashcard/entrance.jpg
4618,6dfbe570-28b2-4d04-a3e4-42ab8bea5b69,21,Sadly,/Volumes/Spanish1Bundle/1Pictures/Flashcard/against.jpg
4625,a279b0a9-0248-4206-974a-c2172e13ce3e,21,"Surely, customs will check your luggage. (inf.sing)",/Volumes/Spanish1Bundle/1Pictures/Flashcard/Customs.jpg
4721,493eabaa-6ff5-4b4a-a680-979f37500e15,21,The storm caused disaster in the area.,/Volumes/Spanish1Bundle/1Pictures/Flashcard/disaster.jpg
4783,4cde6ced-c799-4f28-982a-88b58b6e0bf3,21,Prices are (the) same as for the last month.,/Volumes/Spanish1Bundle/1Pictures/Flashcard/same (equal).jpg
4601,deddf0a5-8c27-454f-8338-561e0c97bbb2,21,(I) have played football with my mates.,/Volumes/Spanish1Bundle/1Pictures/Flashcard/have (auxiliary verb).jpg
5101,8c86bdd2-9a9d-4011-98ea-5be0cf6f4520,21,"(He) is not her boyfriend anymore, (he) is her husband now.",/Volumes/Spanish1Bundle/1Pictures/Flashcard/boyfriend.jpg
4784,d8a32fd4-2f45-4319-a12b-0f8612f74505,21,Teachers should encourage students to use resources offered by libraries.,/Volumes/Spanish1Bundle/1Pictures/Flashcard/library.jpg
4677,01691a68-0205-4c15-815b-ddab511a64bb,21,The inflammation will go down with these pills.,/Volumes/Spanish1Bundle/1Pictures/Flashcard/inflammation.jpg
4683,a2f6615c-dad0-4e11-bf3e-b16612f966c0,21,The rain is good for the fields.,/Volumes/Spanish1Bundle/1Pictures/Flashcard/rain.jpg
4689,5550c00f-ac6c-4702-aa77-063733433bc4,21,The woman in red is Greg's wife.,/Volumes/Spanish1Bundle/1Pictures/Flashcard/wife.jpg
4692,dce5a648-fa80-4fc9-ab91-3210139c8562,21,The girl is beautiful.,/Volumes/Spanish1Bundle/1Pictures/Flashcard/beautiful (fine).jpg
4707,7c356be2-54b0-4623-b5a6-b880f4a1261d,21,The arrival gate is number three.,/Volumes/Spanish1Bundle/1Pictures/Flashcard/arrival.jpg
4717,42962892-c39f-42d1-b825-b82b8a635556,21,The pear pie wasn't on the menu.,/Volumes/Spanish1Bundle/1Pictures/Flashcard/pear.jpg
4726,5195dfb1-521a-478c-afe4-0631a3bb1ecc,21,Slim girls are very attractive.,"/Volumes/Spanish1Bundle/1Pictures/Flashcard/thin, slim.jpg"
4789,03f7bc36-75a5-4076-87a2-7dd1a93df62e,21,Tomorrow (we)'ll begin the painting class.,/Volumes/Spanish1Bundle/1Pictures/Flashcard/begin.jpg
4607,bd70d451-6b88-445d-b33f-489b49410720,21,(I)'ve come to ask you for a favor. (inf.sing),"/Volumes/Spanish1Bundle/1Pictures/Flashcard/ask for, to order.jpg"
4631,148dc590-9ec6-4e78-bd89-4aaaa0d68e0e,21,My brother's bicycle broke.,/Volumes/Spanish1Bundle/1Pictures/Flashcard/bicycle.jpg
5099,1d28a27b-9bcb-476f-b680-de4ec15d36d2,21,(I)'m going to run a bath for the children.,/Volumes/Spanish1Bundle/1Pictures/Flashcard/bath.jpg
4666,dfc60937-4d5c-4f91-9113-7adf7511784c,21,"My nephew's date of birth is October 15, 2006.",/Volumes/Spanish1Bundle/1Pictures/Flashcard/date of birth.jpg
4672,e9b4b6a8-8b5c-4032-a07f-38660f57a1bd,21,The hen and its chicks walk around the farm.,/Volumes/Spanish1Bundle/1Pictures/Flashcard/hen.jpg
4700,0afaebf1-2501-4772-8327-f8855db7f4b2,21,(You) can buy toothpaste at the chemist. (inf.sing),"/Volumes/Spanish1Bundle/1Pictures/Flashcard/chemist, drug store.jpg"
4706,dfca232c-065d-4971-a781-6f76e453c136,21,Spring is my favourite season of the year.,/Volumes/Spanish1Bundle/1Pictures/Flashcard/spring.jpg
4722,21c18eb3-bcb8-41c4-89fe-e44bb3c721f2,21,Shortly the cow will calve.,/Volumes/Spanish1Bundle/1Pictures/Flashcard/cow.jpg
4626,793cd691-a9d6-4344-a3f7-36202b266bf2,21,The subject (I) like the most is mathematics.,/Volumes/Spanish1Bundle/1Pictures/Flashcard/subject.jpg
4640,25cc34d8-b460-4fe0-b276-94c2208fe9eb,21,The house has plenty of spiders.,/Volumes/Spanish1Bundle/1Pictures/Flashcard/spider.jpg
4647,74d99d48-d1a1-43f9-afb6-4c9e61929515,21,The kitchen in my house is very spacious. (I)'m going to classes to learn how to cook.,"/Volumes/Spanish1Bundle/1Pictures/Flashcard/kitchen, stove, cookery.jpg"
4652,350ab638-35d4-4624-a6bf-cc19f0d9ecf0,21,In life discipline is important.,/Volumes/Spanish1Bundle/1Pictures/Flashcard/discipline.jpg
4660,65bd6e8e-7a1d-4fc9-9141-e0568bd073f4,21,Cucumber salad is delicious.,/Volumes/Spanish1Bundle/1Pictures/Flashcard/cucumber.jpg
9008,1414a5f1-b1f8-4bf6-ac6e-0f9154cc2934,22,(I)'d like to visit America,/Volumes/Spanish2Bundle/2Pictures/Flashcard/Argentina.jpg
9010,b6529e40-f933-4f2f-955d-74203c3f02cd,22,The climate in the desert is very arid.,/Volumes/Spanish2Bundle/2Pictures/Flashcard/arid.jpg
4634,e6bee91a-852b-4da9-897f-f53f2011e0e5,21,The street was crowded with people when the incident occurred.,/Volumes/Spanish1Bundle/1Pictures/Flashcard/street.jpg
4638,121e19e2-7722-4ff8-a96a-e188efe789b9,21,Red meat is an excellent source of protein.,/Volumes/Spanish1Bundle/1Pictures/Flashcard/meat.jpg
4766,009e10fe-7db8-4c6c-b2c4-a23b93dc5503,21,The railways are very cheap in Argentina.,/Volumes/Spanish1Bundle/1Pictures/Flashcard/railway.jpg
4663,e80c86cd-b643-4a9b-a793-df4147d0202a,21,The final scene of the movie was unexpected.,/Volumes/Spanish1Bundle/1Pictures/Flashcard/final.jpg
4769,8d14197d-0d3d-4e19-b229-c3d5ab91d85c,21,London's inhabitants are called Londoners.,/Volumes/Spanish1Bundle/1Pictures/Flashcard/inhabitant.jpg
5102,0604553e-26c0-48ee-95c6-046a3d8e9f3c,21,That medication is not produced by the drug store anymore.,/Volumes/Spanish1Bundle/1Pictures/Flashcard/drug store.jpg
4655,1938ea34-8260-46fb-8086-c1ed4a2e0566,21,The company won't let you travel with only a single ticket.,/Volumes/Spanish1Bundle/1Pictures/Flashcard/single ticket.jpg
4693,0e0dbf66-4289-41ca-bb99-58ea8e2e24a3,21,The child (f) plays with dolls.,/Volumes/Spanish1Bundle/1Pictures/Flashcard/play.jpg
4691,e3e617d3-5542-49fb-a3ab-062ee5d4a1c2,21,The music is so (too) loud.,/Volumes/Spanish1Bundle/1Pictures/Flashcard/music.jpg
4686,441f3762-fc78-4789-8f54-802ab44bde2a,21,The electric shaver is broken.,/Volumes/Spanish1Bundle/1Pictures/Flashcard/electric shaver-electric razor.jpg
4657,f95f567b-ed26-465e-804e-bf20ffa3e520,21,The nurse said that there's no problem.,/Volumes/Spanish1Bundle/1Pictures/Flashcard/nurse (f).jpg
4674,bff96f0d-985b-4daf-8bc2-95eaf978db7b,21,Supporters cheered very loudly for the first goal.,/Volumes/Spanish1Bundle/1Pictures/Flashcard/goal.jpg
4682,e8af8ce2-1927-4f4f-aee4-7cd9e356c082,21,Lemonade is a very refreshing drink on a hot summer's day.,/Volumes/Spanish1Bundle/1Pictures/Flashcard/lemonade.jpg
4697,b4572df4-5854-4940-b170-12296e03599c,21,The operation will last one hour.,/Volumes/Spanish1Bundle/1Pictures/Flashcard/operation.jpg
4714,725ad93b-f652-4221-bd72-41643b89aea8,21,The frying pan is heating up (on the fire).,/Volumes/Spanish1Bundle/1Pictures/Flashcard/frying pan.jpg
4727,b4396ee3-4c35-4963-bb23-c59924241988,21,The flowers were on the table.,"/Volumes/Spanish1Bundle/1Pictures/Flashcard/above, over, on.jpg"
4713,649a8651-28d5-45be-8eb0-f2b2a6a35b2b,21,"Sangria is typically created from red wine, fruit juices and soda water. (LAm)",/Volumes/Spanish1Bundle/1Pictures/Flashcard/sangria.jpg
4756,a6083a87-e2c1-4069-8c22-e30f9b21f5ef,21,(I) heard it through the door.,"/Volumes/Spanish1Bundle/1Pictures/Flashcard/through, across.jpg"
4684,64e66519-e088-47ce-8ecc-cf0de5ccd3e9,21,The light went out suddenly,/Volumes/Spanish1Bundle/1Pictures/Flashcard/suddenly.jpg
4734,630a14b5-6a40-40b3-93e8-830192375516,21,The waves from microwaves are not very good for the health.,"/Volumes/Spanish1Bundle/1Pictures/Flashcard/wave (radio wave, wave in hair).jpg"
4818,2ab2e6b4-43d6-4aaa-936a-80c06a8d89ab,21,"(I) would like to visit Alex, but (I) do not know his address.",/Volumes/Spanish1Bundle/1Pictures/Flashcard/address.jpg
4848,f13fecdc-5f5e-4a0c-8419-db3b4a6f6aa2,21,My sister sells bags.,/Volumes/Spanish1Bundle/1Pictures/Flashcard/bag.jpg
4725,e0d95d52-b9eb-479f-9312-49cc3155770c,21,The houses built with stones are very old.,/Volumes/Spanish1Bundle/1Pictures/Flashcard/stone.jpg
4690,aa5129dc-3f8b-4d76-a4b3-2cd2886e2a30,21,The woman that was sitting next to me was my mother.,"/Volumes/Spanish1Bundle/1Pictures/Flashcard/woman, wife also la esposa.jpg"
4708,cffb836d-b29a-4939-893b-d375620f4463,21,The wooden door is of good quality.,/Volumes/Spanish1Bundle/1Pictures/Flashcard/quality.jpg
4732,daa955e5-b801-420e-96cf-379f97134ac7,21,Flies always settle on the food.,/Volumes/Spanish1Bundle/1Pictures/Flashcard/fly.jpg
4738,1d65420e-7316-45b3-b335-b3aee164bba9,21,The termites make holes in the wood.,/Volumes/Spanish1Bundle/1Pictures/Flashcard/hole.jpg
4720,abb8e7df-44cd-4acb-a8a9-140945060178,21,The ink of the pen was spilled over the carpet.,"/Volumes/Spanish1Bundle/1Pictures/Flashcard/pen, fountain pen.jpg"
4774,35cf9403-33b3-4e22-aec1-eeed770fa766,21,The best students take classes and study together.,/Volumes/Spanish1Bundle/1Pictures/Flashcard/together.jpg
4747,6c806465-e5f5-4ba7-b612-352777227098,21,(We)'ll send (e...) you a brochure for our wedding and special occasion photography services. (form.,/Volumes/Spanish1Bundle/1Pictures/Flashcard/special.jpg
4772,5a601bb9-bc31-466a-927c-b021bfba50da,21,The players were training hard.,"/Volumes/Spanish1Bundle/1Pictures/Flashcard/go training, to become trained.jpg"
4791,1537ed73-b411-46fc-9043-6170b72eb8cb,21,Tomorrow no one will go to work.,/Volumes/Spanish1Bundle/1Pictures/Flashcard/no.jpg
4750,31892aa5-e234-46f0-bd16-88a290c27cf7,21,(They) arrived at about half past four and parked just around the corner.,/Volumes/Spanish1Bundle/1Pictures/Flashcard/corner.jpg
4735,ada4db79-9f06-415a-9b42-8b969fe1d32c,21,The walls in this house are very thin.,/Volumes/Spanish1Bundle/1Pictures/Flashcard/wall (interior).jpg
4764,ed434234-46d6-4c35-b064-3629e41e0ab5,21,The sign will advertise the shows.,/Volumes/Spanish1Bundle/1Pictures/Flashcard/sign.jpg
4763,c24ff354-ce6b-4808-a84e-caf610a9165f,21,Spanish people take (eat) twelve grapes on New Years Eve.,/Volumes/Spanish1Bundle/1Pictures/Flashcard/grape.jpg
4903,515764ff-17f0-4ebb-858a-356e63b68bff,21,(I) don't like the beginning of the book.,/Volumes/Spanish1Bundle/1Pictures/Flashcard/beginning.jpg
4805,3dcbee47-71ab-4dfa-93e2-41b8ba9f50c3,21,(I) like waking myself up with classical music.,/Volumes/Spanish1Bundle/1Pictures/Flashcard/wake (oneself) up.jpg
4905,8953432a-b901-454b-807e-368ff798a35d,21,(I) don't like parking the car.,"/Volumes/Spanish1Bundle/1Pictures/Flashcard/park,v.jpg"
4945,e8a9357b-13d2-4220-ae74-8d9a90f282ed,21,"Please, turn on the light. (inf.sing)",/Volumes/Spanish1Bundle/1Pictures/Flashcard/light.jpg
4741,78bf28bd-c5f3-4104-8463-ed687fea2e9c,21,The shops are giving a lot of discounts.,/Volumes/Spanish1Bundle/1Pictures/Flashcard/discount.jpg
4749,a87f9f1d-8c53-4438-ab32-736af9ccbee7,21,Read the document carefully before you sign. (inf.sing),/Volumes/Spanish1Bundle/1Pictures/Flashcard/document.jpg
4802,1f053b25-f2d1-4b9e-abf1-d4f02ac6c0c7,21,"(I) love fish soup, don't you? (inf.sing)",/Volumes/Spanish1Bundle/1Pictures/Flashcard/soup.jpg
4776,e90c35ff-fc7a-4c67-9835-c1939cf08b1c,21,The shops are open until 6pm.,/Volumes/Spanish1Bundle/1Pictures/Flashcard/until.jpg
4822,dbc10931-bfdf-4364-bb54-d3e2ac285e02,21,(I) get up early every morning.,/Volumes/Spanish1Bundle/1Pictures/Flashcard/get up.jpg
4782,6513dcb2-6b5c-4fc4-90b6-ddb1ae62dffd,21,Poor people should receive free education.,/Volumes/Spanish1Bundle/1Pictures/Flashcard/poor.jpg
4825,973c6940-db34-4e30-a0ae-39594c70af5d,21,(I)'m moving in soon,/Volumes/Spanish1Bundle/1Pictures/Flashcard/soon.jpg
2025,702db45d-3f31-45a9-b772-973f46edc2c4,2,ferry,/Volumes/Spanish2Bundle/2Pictures/Flashcard/ferry.jpg
2032,a7a4657c-c606-4c87-8bc8-8003703782bb,2,to stay (e.g. in a hotel),/Volumes/Spanish2Bundle/2Pictures/Flashcard/stay (eg in a hotel).jpg
2036,3f68ade9-5f8d-46a2-a3d7-cf0286ecc165,2,road works,/Volumes/Spanish2Bundle/2Pictures/Flashcard/roadworks.jpg
2037,43bfd2f1-e859-4be3-8a60-e613c2f74e87,2,to disembark,"/Volumes/Spanish2Bundle/2Pictures/Flashcard/disembark ,v.jpg"
2053,8d6aa9e4-f678-4dae-ae0d-ca9f277640b9,2,to give,"/Volumes/Spanish2Bundle/2Pictures/Flashcard/give ,v.jpg"
2056,e52e3f86-b6c6-431a-939a-25d138e84600,2,to go up,"/Volumes/Spanish2Bundle/2Pictures/Flashcard/go up ,v.jpg"
2057,04a00fc0-ebd2-4be8-839e-6e525e1db76e,2,to jump,"/Volumes/Spanish2Bundle/2Pictures/Flashcard/jump ,v.jpg"
2059,40e6ea43-3afe-43ea-9b22-44b9b09d6c5d,2,to fight,/Volumes/Spanish1Bundle/1Pictures/Flashcard/fight.jpg
2064,3f967889-aebc-433a-b77e-15c1453fe4db,2,to comb one's hair,"/Volumes/Spanish2Bundle/2Pictures/Flashcard/comb ones hair ,v.jpg"
2065,25ead7ea-c866-4f6f-abca-50319c2ff934,2,to move house,"/Volumes/Spanish2Bundle/2Pictures/Flashcard/move house ,v.jpg"
2066,9d8e06f7-3f63-4dc4-a9d9-cbe109ca4fe6,2,"to come down ,to go down","/Volumes/Spanish2Bundle/2Pictures/Flashcard/come down ,to go down ,v.jpg"
2069,4970a62d-e089-407d-b820-9b2d1f0d820b,2,"to educate ,to bring up","/Volumes/Spanish2Bundle/2Pictures/Flashcard/educate ,to bring up ,v.jpg"
2100,fe0d9e11-8f82-474b-bf39-15ba007b068f,2,to bother,/Volumes/Spanish2Bundle/2Pictures/Flashcard/bother.jpg
2110,5ef53262-f6e7-4020-beef-8200bea434bf,2,to fry,/Volumes/Spanish2Bundle/2Pictures/Flashcard/fry.jpg
2112,5288a027-0b78-4f24-9582-5f2f81dab4ff,2,to hide,/Volumes/Spanish2Bundle/2Pictures/Flashcard/hide.jpg
2114,f2cf9849-963a-4d23-a4cc-e83528534b9b,2,to eliminate,/Volumes/Spanish2Bundle/2Pictures/Flashcard/eliminate.jpg
2116,fdab9fa4-7ff4-4e29-93eb-8ccc0d24c95d,2,to promise,/Volumes/Spanish2Bundle/2Pictures/Flashcard/promise.jpg
2134,1fb6b2f7-842e-496c-add3-f923fffac991,2,"to drip ,to drizzle","/Volumes/Spanish2Bundle/2Pictures/Flashcard/drip ,to drizzle.jpg"
2142,6f5c2aa2-0b5e-4e3d-a0d4-a9833735126d,2,breeze,/Volumes/Spanish2Bundle/2Pictures/Flashcard/breeze.jpg
2144,8a7b2847-d2bc-4ab2-9b5b-eba109c8a44c,2,clear,/Volumes/Spanish2Bundle/2Pictures/Flashcard/clear.jpg
8878,9adc78d2-a380-476d-aa44-3293e6d76812,22,(I) like to be at the seaside.,/Volumes/Spanish2Bundle/2Pictures/Flashcard/at the seaside.jpg
8882,b03dd989-df3a-4a20-836e-89e115f27ff4,22,(At) what time do (you) arrive? - At about five. (inf.sing),/Volumes/Spanish2Bundle/2Pictures/Flashcard/at what time.jpg
8883,4122de96-4576-4b94-966e-839eb9c7af6e,22,(I) promise you that (I) will arrive in time for work from tomorrow on. (inf.sing),/Volumes/Spanish2Bundle/2Pictures/Flashcard/in time.jpg
8877,819f259a-6f3b-4c0a-8ec6-bcd44c5c5733,22,Halfway through July (we) will go on holiday to the seaside (along the banks of the sea).,/Volumes/Spanish2Bundle/2Pictures/Flashcard/along the banks of.jpg
8897,1584d78d-69bf-4dfc-b667-0203fa6c876c,22,(I) accompanied her home (to her home).,/Volumes/Spanish2Bundle/2Pictures/Flashcard/accompany.jpg
8910,6c8d0b5b-623c-45a6-9f83-53adc6c6d518,22,Adolescents can be difficult.,/Volumes/Spanish2Bundle/2Pictures/Flashcard/adolescent.jpg
8921,4a61dfb7-ea6d-4927-9914-2921158cf347,22,Take a brochure from this travel agency! (inf.sing),/Volumes/Spanish2Bundle/2Pictures/Flashcard/travel agency.jpg
8957,2cb60657-3e75-4c79-99f0-7bc0123f1ac5,22,Seaweed collects on this beach.,/Volumes/Spanish2Bundle/2Pictures/Flashcard/seaweed.jpg
8959,42cbd4ad-a8ab-41d6-b1f8-1fcb5ed121f5,22,The performances take place there (a...) in the open air.,/Volumes/Spanish2Bundle/2Pictures/Flashcard/there (2).jpg
8962,ae6f11fe-8761-460a-8366-c9c398099c07,22,(I) will ask the customs officer if (he) knows a hotel where (I) can stay in.,/Volumes/Spanish2Bundle/2Pictures/Flashcard/stay (eg in a hotel).jpg
9020,3d0bf367-1ac0-447e-b41f-d7ba6c38962c,22,"Lean out of the window, I can't reach it! (inf.sing)",/Volumes/Spanish2Bundle/2Pictures/Flashcard/lean out of (eg a window).jpg
9036,bca89b5a-6025-425d-94f8-292da42aa70c,22,The administration has the authority.,/Volumes/Spanish2Bundle/2Pictures/Flashcard/authority.jpg
9024,5724e3ac-1663-48a6-b196-e61004c42e56,22,After attacking the car,/Volumes/Spanish2Bundle/2Pictures/Flashcard/attack.jpg
9019,ab28fe67-776c-4c27-93da-41900a88856b,22,(I) left Germany because (I) wanted to live in Asia.,/Volumes/Spanish2Bundle/2Pictures/Flashcard/Asia.jpg
9053,b158fe40-96ac-43a4-bb8e-5a57d1b597c2,22,(I) rent a furnished apartment with a balcony.,/Volumes/Spanish2Bundle/2Pictures/Flashcard/balcony.jpg
9013,64c6e369-c23d-44f7-a657-436ec7092138,22,Did (you) read this article in the paper? (inf.sing),/Volumes/Spanish2Bundle/2Pictures/Flashcard/article.jpg
9037,735b25cf-cfb7-4f63-a21b-2d7a6ea63bda,22,(I) am permitted to drive cars and motorbikes.,/Volumes/Spanish2Bundle/2Pictures/Flashcard/permitted.jpg
9046,e7816d0f-a477-4449-b317-ce48dd16485c,22,This is our last warning.,/Volumes/Spanish2Bundle/2Pictures/Flashcard/warning.jpg
9090,9e96cf3b-2901-4e43-ad3a-2b0999541719,22,(I) have bought this suntan oil because (I) am going to sunbathe at the seaside.,/Volumes/Spanish2Bundle/2Pictures/Flashcard/sunbathe.jpg
9095,a71d241e-bbc7-4f4f-92bb-b8ebe13aac85,22,"A pony can be a child's friend, a wasp can't.",/Volumes/Spanish2Bundle/2Pictures/Flashcard/pony.jpg
9097,4c78877c-4424-4ab8-9bd3-463b29595a0c,22,Do (you) want coffee with milk or black coffee? (inf.sing),/Volumes/Spanish2Bundle/2Pictures/Flashcard/black coffee.jpg
9076,01e7173b-3314-40aa-b769-37d6f83016a7,22,We need a bowling alley and some bowls to go bowling.,/Volumes/Spanish2Bundle/2Pictures/Flashcard/bowls.jpg
9089,8bd60206-a604-4ed3-ad59-a89d47a2586f,22,Do (you) feel like aubergines and broccoli for dinner? (inf.sing),/Volumes/Spanish2Bundle/2Pictures/Flashcard/broccoli.jpg
9083,b2198cb2-2fe1-442b-ab29-2c977c86f85c,22,"When (he) is drunk, this unpleasant (a…) man will get more unpleasant. (d…)",/Volumes/Spanish2Bundle/2Pictures/Flashcard/drunk.jpg
9070,903c25fc-42f0-4049-beb9-94162a527672,22,Do (you) feel like aubergines and broccolis for dinner? (inf.sing),"/Volumes/Spanish2Bundle/2Pictures/Flashcard/aubergine ,eggplant.jpg"
9079,307f1dfb-36bc-4ac0-ba26-fc6993d2df89,22,"If (you) don't pay, the bomb will go off (explode). (form.sing)",/Volumes/Spanish2Bundle/2Pictures/Flashcard/bomb.jpg
9082,43e52c4c-e028-457e-ab48-2baf22ed211a,22,These chocolates (b…) are sour. Throw them away. (inf.sing),/Volumes/Spanish2Bundle/2Pictures/Flashcard/chocolates.jpg
9128,d7105794-0807-42c4-adff-16c768721352,22,The painting that is close to (nearby) the TV set is back to front.,/Volumes/Spanish2Bundle/2Pictures/Flashcard/nearby.jpg
9142,2d7de8fa-8d34-45d7-ab86-2e6b1636e2b4,22,Plums are small fruit.,/Volumes/Spanish2Bundle/2Pictures/Flashcard/plum.jpg
9221,a7472ee6-5682-446c-b775-691278b8ec72,22,Unemployment is very degrading.,/Volumes/Spanish2Bundle/2Pictures/Flashcard/unemployment.jpg
9141,535363b2-a3e4-4e3f-b3ae-843a08532089,22,Airlines (a...) insist on safety belts.,/Volumes/Spanish2Bundle/2Pictures/Flashcard/safety belt.jpg
9115,478dcf4a-687b-4615-8406-fbc7b061ad64,22,(I) need a cardboard box.,/Volumes/Spanish2Bundle/2Pictures/Flashcard/cardboard.jpg
9144,10a5360a-d6b8-4ed3-ab51-4a0a437384ad,22,The castanets are classical elements of flamenco dancers.,/Volumes/Spanish2Bundle/2Pictures/Flashcard/classical.jpg
9180,b6540b60-65ee-4926-9cc7-e9497029287b,22,This is the custom in Spain.,/Volumes/Spanish2Bundle/2Pictures/Flashcard/custom.jpg
9169,f30ea2f3-e15d-4c66-8b3c-f0388e210e15,22,(I)'m going to give you advice so that (you) won't be bored. (inf.sing),/Volumes/Spanish2Bundle/2Pictures/Flashcard/advice.jpg
9189,1c1b4a48-84e2-4f0a-b48f-b3f987cd25fe,22,At present (I) leave work just after four o'clock.,/Volumes/Spanish2Bundle/2Pictures/Flashcard/just after four oclock.jpg
9176,41fc153c-0742-443c-a43c-a6d59476d5b1,22,(I) am going to cut the lawn with the lawn mower.,/Volumes/Spanish2Bundle/2Pictures/Flashcard/lawn mower.jpg
9175,f1cf1164-e8ed-4786-b0d1-71f968d16af6,22,"(I) ran all the afternoon, so tonight (I) will go to bed early.",/Volumes/Spanish2Bundle/2Pictures/Flashcard/run.jpg
9171,26a8c9e4-dc65-4409-a0b2-c9c630fd89bd,22,(I)´m going to build a house.,/Volumes/Spanish2Bundle/2Pictures/Flashcard/build.jpg
9182,b0a09ff3-20f8-4d20-967c-ff31a2c2eff3,22,For dessert there is pudding and cream-whipped.,/Volumes/Spanish2Bundle/2Pictures/Flashcard/cream-whipped.jpg
9186,04cba0e6-626f-4af7-917e-0603d753814d,22,(You) have to cross the road. (inf.sing),"/Volumes/Spanish2Bundle/2Pictures/Flashcard/cross (the street) ,v.jpg"
9178,fce0b0e4-e24e-4984-bb00-256c567d33b6,22,The beach is the main attraction of the coast.,/Volumes/Spanish2Bundle/2Pictures/Flashcard/coast.jpg
9202,a4a5e684-48db-4aae-a080-ac984569ac53,22,The murderer was a delinquent.,/Volumes/Spanish2Bundle/2Pictures/Flashcard/delinquent.jpg
9218,df533c9f-5bf2-44d3-913e-15daca4f9ecc,22,When Christopher Colombus discovered America,/Volumes/Spanish2Bundle/2Pictures/Flashcard/discover.jpg
9198,30033056-9052-4b2f-9e0a-be0b6cd2bd4b,22,(I) love you! - Truly? - Of course! (inf.sing),/Volumes/Spanish2Bundle/2Pictures/Flashcard/really truly.jpg
9204,7c648ba3-4c71-48f9-9349-1c88049196af,22,(We) arrested one thief,/Volumes/Spanish2Bundle/2Pictures/Flashcard/the rest.jpg
9207,4a76f300-1ac8-4ecf-8fc5-86c5a95fdec9,22,"After five hours travelling in such an uncomfortable compartment, (I) was (became) happy when (I) sa",/Volumes/Spanish2Bundle/2Pictures/Flashcard/compartment.jpg
9222,546c2f98-1e79-4079-9557-1170d51a32d1,22,Misfortune has befallen them.,/Volumes/Spanish2Bundle/2Pictures/Flashcard/misfortune.jpg
9217,9fbfd1f9-1181-4899-9893-d4333fd939bf,22,After the hold-up,/Volumes/Spanish2Bundle/2Pictures/Flashcard/description.jpg
9212,54564fdc-525a-4824-8861-56db8487dc02,22,"By the way, are you staying for dinner? - Unfortunately (I) can't, (I)'ve come on foot. (inf.sing)",/Volumes/Spanish2Bundle/2Pictures/Flashcard/unfortunately.jpg
9234,be84e44d-19c6-4308-8e46-1beddebb40a6,22,In Spain the accent is different according to the region.,/Volumes/Spanish2Bundle/2Pictures/Flashcard/different.jpg
9248,81497234-73d7-47a1-9e8d-234662fc9cf6,22,Football is a form of entertainment.,/Volumes/Spanish2Bundle/2Pictures/Flashcard/entertainment.jpg
9235,079317b0-125b-4d0c-a8b6-f20af3710af1,22,"Hello! (talk to me) ... Hello (listen), can (you) add up the documents needed to open a bank account",/Volumes/Spanish1Bundle/1Pictures/Flashcard/hello.jpg
9244,042f5dfa-9c8c-4e38-9f94-8808bf82e476,22,You didn't argue with him and (I) thank you for that. (inf.sing),"/Volumes/Spanish2Bundle/2Pictures/Flashcard/discuss ,to argue ,v.jpg"
9227,75720be8-99a4-47bf-b300-b83b2fe2539b,22,The plane that has just taken off belongs to the owner of the hotel.,/Volumes/Spanish2Bundle/2Pictures/Flashcard/take off (plane).jpg
9253,69a73458-1527-46bf-93a5-fb13f6e215e9,22,(I) am going to buy about ten anchovies and a dozen eggs.,/Volumes/Spanish2Bundle/2Pictures/Flashcard/dozen.jpg
9243,85c66e98-93cd-48cc-9a7e-cfb0b667cfda,22,(We) had a discussion about that.,/Volumes/Spanish2Bundle/2Pictures/Flashcard/discussion.jpg
9236,09514740-d29c-490e-b5c6-9713e04f6c9a,22,(I)´d like to visit Denmark.,/Volumes/Spanish2Bundle/2Pictures/Flashcard/Denmark.jpg
9254,ab4ecb53-336b-4871-8036-edcf9ce659ee,22,The difference between you and me is that (I) am not a drug addict. (inf.sing),/Volumes/Spanish2Bundle/2Pictures/Flashcard/drug addict.jpg
9245,55307ded-92bd-4554-8d14-7af48bd129f4,22,This employee designed the kitchen.,/Volumes/Spanish2Bundle/2Pictures/Flashcard/design.jpg
9277,168f7dc2-337f-491c-9829-1438f2bae90e,22,She was once an employee here.,/Volumes/Spanish2Bundle/2Pictures/Flashcard/employee (m).jpg
9268,88d422e1-581f-4ab6-bff0-4981fcf3386f,22,"When there is a storm, it's better the (pieces of) electronic equipment be off-line.",/Volumes/Spanish2Bundle/2Pictures/Flashcard/electronic.jpg
9279,e9cb86e5-2e3e-498c-a635-4fc6352a637b,22,The boss of the firm lives in this semidetached house. (m),/Volumes/Spanish2Bundle/2Pictures/Flashcard/firm.jpg
9283,904cbf8e-5562-4371-a419-34f5658288c8,22,"(I) crossed the street, (I) turned the corner, and on the floor (ground) (I) found a twenty-euro bil",/Volumes/Spanish2Bundle/2Pictures/Flashcard/on the floor.jpg
9285,af7d868f-6a75-495d-8b7f-7bbd2cd48957,22,At the beginning (I) used to leave at four on the dot.,/Volumes/Spanish2Bundle/2Pictures/Flashcard/on the dot.jpg
9282,28498c93-a944-4c0a-9efc-1d39de5fad22,22,The bar is somewhere in the left side of the river.,/Volumes/Spanish2Bundle/2Pictures/Flashcard/somewhere.jpg
9275,d664910e-f944-417c-9a0c-42eb30c03afe,22,(She) fainted while the dentist was putting in a filling.,"/Volumes/Spanish2Bundle/2Pictures/Flashcard/put in a filling ,v.jpg"
9311,bc19f5b5-6fe1-450a-9a6f-2a732ebe3d31,22,People from Asturias and from Castile are also Spanish.,/Volumes/Spanish2Bundle/2Pictures/Flashcard/Spanish.jpg
9300,001ebf9e-d00a-4b16-a109-1f67726fc673,22,(I)'ve made a mistake: (I)'ve taken my colleague's briefcase.,"/Volumes/Spanish2Bundle/2Pictures/Flashcard/make a mistake ,v.jpg"
9318,d02809a1-01da-4d04-a09e-ad2fe0049b97,22,What's the marital status of this person?,/Volumes/Spanish2Bundle/2Pictures/Flashcard/marital status.jpg
9307,25457d78-543d-4dfc-a7b5-2365b35727da,22,How does you (one) spell Martinez? With a Z? - That's it!,/Volumes/Spanish2Bundle/2Pictures/Flashcard/thats it.jpg
9304,45e4d359-5674-423b-b74a-33346e64394b,22,When (I) have money (I) will buy a house in Austria and another one in Scotland.,/Volumes/Spanish2Bundle/2Pictures/Flashcard/Scotland.jpg
9302,d094c828-eb41-4c29-897f-568c48cab336,22,There is more action in this scene.,/Volumes/Spanish2Bundle/2Pictures/Flashcard/scene.jpg
9329,ccac8166-0e84-4c18-8227-2ba537dad3e9,22,(We) have a study in our house.,/Volumes/Spanish2Bundle/2Pictures/Flashcard/study.jpg
9309,6835d2a6-73bf-467a-a23e-78a250794ca5,22,My boyfriend has a tattoo,/Volumes/Spanish2Bundle/2Pictures/Flashcard/back.jpg
9310,ec39dbba-3706-486c-bf1b-9a715aa43682,22,Spain is a European country.,/Volumes/Spanish2Bundle/2Pictures/Flashcard/Spain.jpg
9379,d7fb57e5-09c1-475e-84d3-af07c446e1cc,22,(I) wanted to eliminate the ants but (I) failed.,/Volumes/Spanish2Bundle/2Pictures/Flashcard/fail.jpg
9386,7e7c014f-3d1d-48de-b99c-6202e0668756,22,"(You) shouldn't drive a car, which has neither headlights nor brakes! (inf.sing)",/Volumes/Spanish2Bundle/2Pictures/Flashcard/brakes.jpg
9371,b75bc7da-b30d-4d2c-89a7-9bf52c9a9dfc,22,These apprentices will become qualified plumbers. (m),/Volumes/Spanish2Bundle/2Pictures/Flashcard/plumber.jpg
9385,0c7436d3-dd2e-4945-9d68-29f4f50749a6,22,This pan was to fry eggs but (I)'m going to throw it away.,/Volumes/Spanish2Bundle/2Pictures/Flashcard/fry.jpg
9370,93245e1d-af24-4117-a04e-69aad72ee79b,22,One has never seen a floating anchor.,/Volumes/Spanish2Bundle/2Pictures/Flashcard/float.jpg
9383,2df50c0b-66ac-480c-8c94-9642f9f92e12,22,"My sister used to live in France, but now (she) lives in the U.S.A.",/Volumes/Spanish2Bundle/2Pictures/Flashcard/France.jpg
9377,ffee4a81-5fe1-41de-abb7-0a419612d1c4,22,(I)'m going to spend all day next to the photocopier.,/Volumes/Spanish2Bundle/2Pictures/Flashcard/photocopier.jpg
9387,d114e4f8-a35c-49a0-a662-361d5eb1277d,22,(He) grabbed me round the waist and gave me a kiss on the forehead.,/Volumes/Spanish2Bundle/2Pictures/Flashcard/forehead.jpg
9380,48ae2333-c473-48c6-ad1e-2a019dbd7f44,22,Raspberry sauce is my favorite.,/Volumes/Spanish2Bundle/2Pictures/Flashcard/raspberry.jpg
9574,47542b03-f26a-4119-92fc-4fb60a59ad50,22,"The weed has grown, (we) can't see the roses anymore.",/Volumes/Spanish2Bundle/2Pictures/Flashcard/weed.jpg
9424,99262621-8618-456e-86dc-7a0ae0078348,22,Don't put electrical appliances next to the tap (g…)! (inf.sing),"/Volumes/Spanish2Bundle/2Pictures/Flashcard/tap ,faucet.jpg"
9441,091dc096-2a70-443a-8c5d-a8d43f758b52,22,(I) need (h.. f...) 5000 dollars.,"/Volumes/Spanish2Bundle/2Pictures/Flashcard/need ,v (2).jpg"
9428,1872109e-665a-4f55-b082-fad20abd83ea,22,(I) have lost a glove.,/Volumes/Spanish2Bundle/2Pictures/Flashcard/glove.jpg
9415,9a8c14a1-7b4c-4793-b737-1a74d0bae51f,22,"(I) spent the whole day recording songs, (I) am exhausted!",/Volumes/Spanish2Bundle/2Pictures/Flashcard/record.jpg
9435,bf509240-ac55-46b5-b3f8-b4a19552e14e,22,(I) am making a stew with beans and peas. (LAm),/Volumes/Spanish2Bundle/2Pictures/Flashcard/bean.jpg
9423,5e234c51-0b06-4a5e-810c-f2e9bc395cb5,22,Greece is the most beautiful country in Europe.,/Volumes/Spanish2Bundle/2Pictures/Flashcard/Greece.jpg
9437,f74950e0-a0ae-46fa-9b34-5289fc070463,22,(I) arrived one hour ago.,/Volumes/Spanish2Bundle/2Pictures/Flashcard/an hour ago.jpg
9429,bcf3ddf3-b1f6-488e-85ed-3d2550309d09,22,(I) demand that (you) keep this money. (inf.sing),/Volumes/Spanish2Bundle/2Pictures/Flashcard/keep.jpg
9468,7260df47-dd93-4967-bb73-c7ae21728a46,22,(I)'ve got a good idea.,/Volumes/Spanish2Bundle/2Pictures/Flashcard/idea.jpg
9453,88d5ccd4-0adb-45e1-983e-82efa2f1dc3d,22,"Be careful with that knife, you could injure yourself. (inf.sing)","/Volumes/Spanish2Bundle/2Pictures/Flashcard/get injured ,v.jpg"
9450,eac861f7-1118-4f18-b1a2-b2de22ab0905,22,(I) have to change the light bulb of the fridge. (h...),"/Volumes/Spanish2Bundle/2Pictures/Flashcard/fridge ,refrigerator (2).jpg"
9467,1ce53f26-c83b-44bf-8c16-0ab65d4d920e,22,The mist brings a lot of humidity.,/Volumes/Spanish2Bundle/2Pictures/Flashcard/humidity.jpg
9470,1f190568-8ea9-4db9-8c6e-d15f3b4e005f,22,(I) only saw the first half of the match. How about you? - Equally. (The same) (inf.sing),/Volumes/Spanish2Bundle/2Pictures/Flashcard/equally.jpg
9463,3227ec23-23c4-4802-b94c-bc32d2525937,22,A generous man is not always honorable.,/Volumes/Spanish2Bundle/2Pictures/Flashcard/honorable.jpg
9476,fcc13295-7a94-4561-9e9e-c7bb8f18d7c6,22,(I)'m going to make a photocopy of this document proving (I)'ve paid the taxes.,/Volumes/Spanish2Bundle/2Pictures/Flashcard/tax.jpg
9474,dd8fd787-c306-4928-9883-7e5f11c378b4,22,It's not important for them if the tap is dripping.,/Volumes/Spanish2Bundle/2Pictures/Flashcard/be important.jpg
9545,018a279d-d402-4035-b03e-3ba4a4d32be6,22,One drinks spirits after eating.,/Volumes/Spanish2Bundle/2Pictures/Flashcard/spirits.jpg
9533,bf9fcf1a-09d1-4728-9f9b-022cec7e305b,22,The vacuum cleaner and the washing machine (l...) are electrical appliances.,/Volumes/Spanish2Bundle/2Pictures/Flashcard/washing machine.jpg
9528,228d223e-5dc7-49a0-a418-5f64ff1e0743,22,The bar is somewhere on the left side of the river.,/Volumes/Spanish2Bundle/2Pictures/Flashcard/side.jpg
9567,55e1f40f-106f-4b7b-9ff6-0227f0dbde72,22,Cinderella had an evil stepmother and a good godmother.,/Volumes/Spanish2Bundle/2Pictures/Flashcard/godmother.jpg
9551,ff3afb92-99f2-46f0-80fd-786682b7e073,22,Sale! All the articles indicated in this list are half price!,/Volumes/Spanish2Bundle/2Pictures/Flashcard/list.jpg
9554,d6316c27-8fc2-45ec-a2e1-a04093133a45,22,(I) get on well with her because (I) judge (she)'s a nice girl.,/Volumes/Spanish2Bundle/2Pictures/Flashcard/get on well with.jpg
9544,2a0c625c-3df7-4a77-85a9-d7760b68ba65,22,Two days later the thief was free!,"/Volumes/Spanish2Bundle/2Pictures/Flashcard/free (unoccupied ,of oppression).jpg"
9540,9df7dbc8-ee07-443d-8c53-738541368ba5,22,This pupil walks slowly (l...) except when (he) goes out of the school.,/Volumes/Spanish2Bundle/2Pictures/Flashcard/slowly (2).jpg
9547,ae535ecd-f25f-4214-b5bd-4da1304be790,22,We clean the house every week.,/Volumes/Spanish1Bundle/1Pictures/Flashcard/clean.jpg
9552,469b9d0d-8318-405e-a9d7-47e04b82363b,22,The quantity of milk necessary is equivalent to one litre.,/Volumes/Spanish2Bundle/2Pictures/Flashcard/litre.jpg
9571,7afc1250-14b3-47b3-be62-9deffbd76f09,22,She sings badly.,/Volumes/Spanish2Bundle/2Pictures/Flashcard/badly.jpg
9579,3b9d0d5e-4da3-4815-9e8f-79e758b5b143,22,(I) have to send this letter.,/Volumes/Spanish2Bundle/2Pictures/Flashcard/send - to order (to do sthg).jpg
9593,d19958c0-c607-4380-aff1-baf9d6379f86,22,You need to measure the width of the wall. (inf.sing),"/Volumes/Spanish2Bundle/2Pictures/Flashcard/measure ,v.jpg"
9566,09c804d4-41ad-4c7a-b49f-40ec1492b97b,22,Gosh! Has Juan already gone?                              Of course! (D…l…),/Volumes/Spanish2Bundle/2Pictures/Flashcard/gosh.jpg
9589,477c9a9e-80b1-4d41-b84d-b1a305781866,22,A marble table weighs more than a wooden table.,/Volumes/Spanish2Bundle/2Pictures/Flashcard/marble.jpg
9583,5ca01f16-6c99-462a-9dd5-5938bfa04a42,22,Camomile tea is good for your stomach.,/Volumes/Spanish2Bundle/2Pictures/Flashcard/camomile tea.jpg
9590,e8bad24d-ecca-4dd6-ac9a-232bd3e1e198,22,(A) sunstroke can kill a baby.,/Volumes/Spanish2Bundle/2Pictures/Flashcard/kill.jpg
9627,358ef227-e8bd-48b6-a548-ea8280d4bb94,22,The fear of a fine mustn't be the only motive to slow down.,/Volumes/Spanish2Bundle/2Pictures/Flashcard/fine.jpg
9607,02187987-d9e5-4b89-a3cb-9b27f4cf26c2,22,This rail model is very old.,/Volumes/Spanish2Bundle/2Pictures/Flashcard/model.jpg
9623,128b9434-cd01-4255-a8b0-69df3a2f230a,22,Go up and don't move! (inf.sing),"/Volumes/Spanish2Bundle/2Pictures/Flashcard/move ,v.jpg"
9606,05d96f5d-54e6-4b0e-8859-0565d95f8cf3,22,That's the fashion!,/Volumes/Spanish2Bundle/2Pictures/Flashcard/fashion.jpg
9617,cb2deb73-865a-4cef-8124-6b8708c5273f,22,England is not a mountainous island.,/Volumes/Spanish2Bundle/2Pictures/Flashcard/mountainous.jpg
9614,e1deefc4-0192-4ab1-b374-26d7320cc3c3,22,This monitor is quite interactive.,/Volumes/Spanish2Bundle/2Pictures/Flashcard/monitor.jpg
9633,075c731a-1d38-44eb-8192-48fb6f408d59,22,This newborn (recently born) boy is very weak. (f...),/Volumes/Spanish2Bundle/2Pictures/Flashcard/born.jpg
9631,ffb66adc-36d3-41ec-922e-6b5160ffacc8,22,This musician is playing the flute.,/Volumes/Spanish2Bundle/2Pictures/Flashcard/musician.jpg
9615,18c5dbff-9eaa-46c9-9537-5e9a383445e8,22,My son won this skateboard in the lottery.,/Volumes/Spanish2Bundle/2Pictures/Flashcard/skateboard.jpg
9620,a44b8087-d717-4059-88f4-2666f01fe935,22,(I)'m going to show you where (he) hit me. (inf.sing),/Volumes/Spanish2Bundle/2Pictures/Flashcard/show.jpg
9661,e77921f4-973e-4075-a7c5-40cb991a76f8,22,The luggage porter can't work because there are roadworks in the street.,/Volumes/Spanish2Bundle/2Pictures/Flashcard/roadworks.jpg
9671,967f9265-4131-49b6-a5fa-bde33b9e9862,22,This smell of onion brings tears to my eyes.,/Volumes/Spanish2Bundle/2Pictures/Flashcard/smell.jpg
9669,5c681a2e-48fd-4993-a5f0-7d12a2ca66ea,22,"Excuse me, (I)'m in a rush.",/Volumes/Spanish2Bundle/2Pictures/Flashcard/excuse me.jpg
9848,39aec6e4-91c2-4e06-bef7-a617c2c7f5d6,22,Liver and veal are sold in fillets.,/Volumes/Spanish2Bundle/2Pictures/Flashcard/veal.jpg
9659,92764100-0bd9-4043-83c7-5eb96a11756e,22,The object of the exercise is to win,/Volumes/Spanish2Bundle/2Pictures/Flashcard/object.jpg
9658,05d0ff2e-c3fb-49ba-95b9-f94a6ea5fa79,22,Nylon and wool are used to make clothes.,/Volumes/Spanish2Bundle/2Pictures/Flashcard/nylon.jpg
9849,5695bc5c-11a5-4c0f-9bce-d0852b316f64,22,(We) will sit on the terrace if it is in the shade.,/Volumes/Spanish2Bundle/2Pictures/Flashcard/terrace.jpg
9662,c2ea8469-8f44-49eb-a695-0ab5183a3866,22,In the last century,"/Volumes/Spanish2Bundle/2Pictures/Flashcard/worker(m) ,labourer.jpg"
9687,1abe49d3-4cb9-4119-816a-c818cbb9e706,22,"Euskadi, or the Basque Country",/Volumes/Spanish2Bundle/2Pictures/Flashcard/Basque Country (2).jpg
9698,c599f40a-1b64-4c91-9813-b9630d0175c1,22,Modern churches are not similar to old ones.,/Volumes/Spanish2Bundle/2Pictures/Flashcard/similar.jpg
9676,13750ff1-ad46-4266-ac6d-a5560d56fbb0,22,Have you got a computer at home? (inf.sing),/Volumes/Spanish2Bundle/2Pictures/Flashcard/computer.jpg
9675,c8cfcd80-661a-4e5d-9db7-a3d1fb975f38,22,"After eating, (we) must wash the dishes and put them in order.",/Volumes/Spanish2Bundle/2Pictures/Flashcard/order-tidiness.jpg
9684,388bfbf4-8be2-4216-aa49-fbd3558d853e,22,My daughter-in-law's stepfather is a very good man.,/Volumes/Spanish2Bundle/2Pictures/Flashcard/stepfather.jpg
9688,9b138f4c-cd59-4c22-80fa-b0710091bfa5,22,"Like all fruit juices, (one) can drink orange juice using a drinking straw.",/Volumes/Spanish2Bundle/2Pictures/Flashcard/drinking straw.jpg
9694,b7848d4f-852d-4a81-bfae-98b09bda45d9,22,Empty the ashtray in the waste-paper basket please. (inf.sing),/Volumes/Spanish2Bundle/2Pictures/Flashcard/waste-paper basket.jpg
9690,90e6ac61-e38c-4a6a-8c71-a6333e16f2ba,22,Have you ever tried bread-roll and cream? (n...) (inf.sing),/Volumes/Spanish2Bundle/2Pictures/Flashcard/bread-roll.jpg
9695,54fe317b-bc3e-45b1-bbf7-a08b7a4c7bf1,22,(I) have bought a pair of socks,/Volumes/Spanish2Bundle/2Pictures/Flashcard/pair.jpg
9696,92d1a653-ff88-495a-b6b0-24a608c572de,22,A motorcycle has no windscreens.,/Volumes/Spanish2Bundle/2Pictures/Flashcard/windscreen.jpg
9717,6427d717-3603-4de9-b5a4-8bb408979c31,22,As soon as (I) get back home (I) change my clothes and (I) put on my pyjamas and my slippers.,/Volumes/Spanish2Bundle/2Pictures/Flashcard/pyjamas.jpg
9724,1006a287-8279-4030-aae7-b174f8a8bf67,22,(I) bought a ring (made) of silver.,/Volumes/Spanish2Bundle/2Pictures/Flashcard/silver.jpg
9736,a85cd5f5-e5b4-4f95-b9fa-7f4c05c91798,22,How do (I) get to Santiago?,/Volumes/Spanish2Bundle/2Pictures/Flashcard/how do I get to.jpg
9714,70adf5a5-8834-4df5-a84a-9fa581fcd54c,22,She's a very polite person.,/Volumes/Spanish2Bundle/2Pictures/Flashcard/person.jpg
9819,dff3c754-00be-4c9d-aa06-d412d92afa39,22,"My grandfather must walk slowly. However, (he) is always in a hurry.",/Volumes/Spanish2Bundle/2Pictures/Flashcard/however.jpg
9723,5d3986e4-50b0-4c1b-b773-fa5df8d343bb,22,A wire is like a plastic snake.,/Volumes/Spanish2Bundle/2Pictures/Flashcard/plastic.jpg
9730,4b08b2a8-7425-49a1-afac-8976b361f87d,22,The house is full of dust.,/Volumes/Spanish2Bundle/2Pictures/Flashcard/dust.jpg
9727,7e4ed5ec-f509-4373-87cd-bf1392800c19,22,(One) makes jewels with gold and silver,/Volumes/Spanish2Bundle/2Pictures/Flashcard/lead.jpg
9732,eaabb3b1-5187-4886-89b9-b4e1154cc543,22,Grapefruit are sour.,/Volumes/Spanish2Bundle/2Pictures/Flashcard/grapefruit.jpg
9761,374c4dcc-12bd-4ff5-9e11-e125eab57ceb,22,(We) have to cut the branches of the apple tree.,/Volumes/Spanish2Bundle/2Pictures/Flashcard/branch.jpg
9820,20eabcb4-f7ed-4db9-8b4e-0e6e7e3ab0ae,22,Where is the town hall situated?,/Volumes/Spanish2Bundle/2Pictures/Flashcard/situated.jpg
9754,856941ba-c610-4edc-9f96-b026927eef90,22,(I) am eating a piece of cake. - Enjoy your meal! (Q...) (exp),/Volumes/Spanish2Bundle/2Pictures/Flashcard/enjoy your meal (2).jpg
9742,b48cbbcf-e0aa-44aa-a3e9-c281703c9b8a,22,Prices are increasing in Spain.,/Volumes/Spanish2Bundle/2Pictures/Flashcard/price.jpg
9755,af919a4e-c337-4580-9ab3-2d3d7763d6eb,22,How disgusting! The dog has dirtied the floor!,/Volumes/Spanish2Bundle/2Pictures/Flashcard/how disgusting.jpg
9758,abe906a0-6b4a-40d6-b11b-48d47d8cd59a,22,Hi! How are you? (Q...) (exp) - Very good (I am OK).,/Volumes/Spanish2Bundle/2Pictures/Flashcard/how are you (2).jpg
9746,167414ea-4fa0-4354-a6ed-fa823aaec30a,22,"Dear Sir, Can (you) lend me money? (form.sing)","/Volumes/Spanish2Bundle/2Pictures/Flashcard/lend ,v.jpg"
9757,4a7f94c3-6a43-4c84-b0ba-e2152aba0c59,22,"Please do (for God's sake)! Don't tell me such things, it's terrible! (inf.sing)",/Volumes/Spanish2Bundle/2Pictures/Flashcard/how terrible.jpg
9760,25172455-eedc-4955-a7a4-95ba0a7fd8e2,22,Rations are small because food is served in saucers.,/Volumes/Spanish2Bundle/2Pictures/Flashcard/ration.jpg
9783,bb284700-0a56-4d76-8cbf-271de15d9cad,22,Would (you) like a slice of lemon? (inf.sing),/Volumes/Spanish2Bundle/2Pictures/Flashcard/slice (of lemon).jpg
9767,de6658ca-a1c0-405b-ad3b-e04d884e5f27,22,The speciality of this restaurant is a secret recipe.,/Volumes/Spanish2Bundle/2Pictures/Flashcard/recipe.jpg
9780,a711d52f-f208-4510-bfc0-cbf3f1cbf2cc,22,(We) went to the restaurant.,/Volumes/Spanish2Bundle/2Pictures/Flashcard/restaurant.jpg
9769,83601cc8-42b1-4f57-8ed6-126139e7d033,22,Follow (on) straight ahead. (inf.sing),/Volumes/Spanish2Bundle/2Pictures/Flashcard/straight ahead.jpg
9771,ff512c30-10d2-4396-be75-a39c0dd4fedf,22,Do (you) want a soft drink? (I) have orange squash. (inf.pl),/Volumes/Spanish2Bundle/2Pictures/Flashcard/soft drink.jpg
9790,ca2e3de2-c405-41d7-b688-3d401ad87024,22,"This wheel is useless, look at the tyre!",/Volumes/Spanish2Bundle/2Pictures/Flashcard/wheel.jpg
9787,a5314b3f-6ba6-4bfb-8eb6-465fb6eba00d,22,(They) ordered another round of drinks.,/Volumes/Spanish2Bundle/2Pictures/Flashcard/round of drinks.jpg
9782,32367406-c9b8-4797-a176-417ce558611b,22,We roared with laughter when my father drank a toast to the bride and groom.,/Volumes/Spanish2Bundle/2Pictures/Flashcard/laughter.jpg
9784,efe661f2-4281-47f7-9479-1b38b10b9fad,22,The police organised themselves to surround the house before the sun rose.,/Volumes/Spanish2Bundle/2Pictures/Flashcard/surround.jpg
9777,45dd5b2e-c6ac-43c0-b6a4-5e0820eb679c,22,(We) are going to eat beetroot with green beans.,/Volumes/Spanish2Bundle/2Pictures/Flashcard/beetroot.jpg
9797,f0623536-fbc1-4ca6-bf0d-1ae70529011e,22,Bless you! You are getting a cold. (inf.sing),/Volumes/Spanish2Bundle/2Pictures/Flashcard/bless you.jpg
9812,b799d344-efc8-4c7e-8aa6-386b6e5e3da9,22,This tablecloth goes with these serviettes.,/Volumes/Spanish2Bundle/2Pictures/Flashcard/serviette.jpg
9803,fa9b1e9b-c85c-4b05-b1ab-7bcbe106084d,22,Silk is a very beautiful material.,/Volumes/Spanish2Bundle/2Pictures/Flashcard/silk.jpg
9804,a84fb8e6-dc1f-47b3-be4e-05b2241290ba,22,He entered,/Volumes/Spanish2Bundle/2Pictures/Flashcard/follow.jpg
9805,266fa260-e2d6-4d9d-92b9-e7e681c7106a,22,Where is the town hall situated? It's pointed out (it's indicated).,/Volumes/Spanish2Bundle/2Pictures/Flashcard/point.jpg
9799,6bdb4bd8-3df0-455b-bb16-8ed3d6b500f1,22,The boy lost his sandal.,/Volumes/Spanish2Bundle/2Pictures/Flashcard/sandal.jpg
9814,20f4ea15-f6d0-4433-9957-41e4216be361,22,Cider is like an apple juice (Sp) with alcohol.,/Volumes/Spanish2Bundle/2Pictures/Flashcard/cider.jpg
9809,2c7258ae-45d8-4198-bd02-473015123f38,22,The eel is the snake of the sea.,/Volumes/Spanish2Bundle/2Pictures/Flashcard/snake.jpg
9817,a12b9aa2-6483-4c30-94c0-1113166f219e,22,Don't put the armchair in front of the fridge! (n…) (inf.sing),/Volumes/Spanish2Bundle/2Pictures/Flashcard/armchair.jpg
9865,b56f82d4-5dbd-45e9-8bef-c8f59f081284,22,Do (you) want to toast the bread? (inf.sing),/Volumes/Spanish2Bundle/2Pictures/Flashcard/toast.jpg
9866,1a95f625-4a64-46c2-98df-4ac549009aaf,22,My brother is very hard working (t...) but (he) is very clumsy.,/Volumes/Spanish2Bundle/2Pictures/Flashcard/hard-working (2).jpg
9855,590ebb42-cbb5-42d8-af0f-0774bd14504f,22,"(While) eating (you) can drink red wine or water… drinkable water, of course! (inf.sing)",/Volumes/Spanish2Bundle/2Pictures/Flashcard/red wine.jpg
9837,0874a467-30d0-40c0-af24-4c06c3b45320,22,Keep the receipt in case the size doesn't fit. (inf.sing),/Volumes/Spanish2Bundle/2Pictures/Flashcard/size.jpg
9863,d01af8c0-e27a-4daa-944d-41bd110d089f,22,There are tropical fish and turtles in the Caribbean islands.,/Volumes/Spanish2Bundle/2Pictures/Flashcard/turtle.jpg
9860,29c8da4e-46c8-4d4f-b524-e1cdb3a7b0cf,22,(We) are going to the delicatessen to buy salami-type sausage and bacon.,/Volumes/Spanish2Bundle/2Pictures/Flashcard/bacon.jpg
9839,eba70337-2c9b-42fc-b851-ff1da8f13ae3,22,This is the price list for our cameras.,/Volumes/Spanish2Bundle/2Pictures/Flashcard/price list.jpg
9841,d9c1b0d0-c1d5-4c3a-b30d-0f47e7297cfa,22,(I) am eating a piece of cake.,"/Volumes/Spanish2Bundle/2Pictures/Flashcard/cake ,tart ,flan ,gateau.jpg"
9856,89d6e2a0-d218-46a1-bafe-6ab9cb663e69,22,The carpet (fitted) and the tissue are very easy to dirty.,/Volumes/Spanish2Bundle/2Pictures/Flashcard/tissue.jpg
9889,f272edc1-4789-4ca4-af5e-4f1b20ac79a8,22,(I) am my mother-in-law's son-in-law.,/Volumes/Spanish2Bundle/2Pictures/Flashcard/son in law.jpg
9879,7b803413-09ad-40e6-a0f2-0311cfbeb153,22,Nowadays (I) live in Venezuela.,/Volumes/Spanish2Bundle/2Pictures/Flashcard/Venezuela.jpg
9885,60a99b51-96fa-4f2e-8b1e-46dd731b9b21,22,My friend (f) plays violin in an orchestra.,/Volumes/Spanish2Bundle/2Pictures/Flashcard/violin.jpg
9873,bdbc1343-fb81-429c-a95a-e3daa404d59d,22,Plastic crockery doesn't break.,/Volumes/Spanish2Bundle/2Pictures/Flashcard/crockery.jpg
9886,2ce75948-aa5b-4248-9d9a-c89370eb6979,22,(She) became a widow five months ago.,/Volumes/Spanish2Bundle/2Pictures/Flashcard/widow.jpg
9880,7c0f01fb-7bd3-4651-b316-b107ca93b6a0,22,Terrorism has some advantages for its political interests.,/Volumes/Spanish2Bundle/2Pictures/Flashcard/advantage.jpg
9871,3147420e-f36c-4f9a-ab4d-27f94f1d146f,22,(She) turned pale when the doctor told her the treatment would last three months.,/Volumes/Spanish2Bundle/2Pictures/Flashcard/treatment.jpg
9876,d233fe4d-be62-4542-9123-19046b79f389,22,"My family, my relations",/Volumes/Spanish2Bundle/2Pictures/Flashcard/neighbour.jpg
9874,c3acfd65-4d27-420f-82d9-286ee3d4e679,22,Is the weather variable in mild areas?,"/Volumes/Spanish2Bundle/2Pictures/Flashcard/changeable ,variable.jpg"
9883,e199584e-ccd8-453c-b59e-46ec5d0210dc,22,In this boat there is glass floor so as tourists can see the fishes.,/Volumes/Spanish2Bundle/2Pictures/Flashcard/pane of glass.jpg
1995,ca2eafa6-2846-43ff-b464-db0f038d0ea4,2,poster,/Volumes/Spanish2Bundle/2Pictures/Flashcard/poster.jpg
2005,fb4e529b-5e7a-4a58-8fcf-2c2fabd6caec,2,diesel oil,/Volumes/Spanish2Bundle/2Pictures/Flashcard/diesel oil.jpg
2000,c17ad7be-704b-4266-89fa-809795867b5d,2,car (2),/Volumes/Spanish2Bundle/2Pictures/Flashcard/car (2).jpg
1317,2e91708b-4774-42dc-8baf-97ff36016224,2,laughter,/Volumes/Spanish2Bundle/2Pictures/Flashcard/laughter.jpg
2008,2d8304d5-2e2d-4ea2-babf-72ca701616df,2,wheel,/Volumes/Spanish2Bundle/2Pictures/Flashcard/wheel.jpg
2002,b1a2708e-3b02-4305-8fc2-40b89b7184c3,2,helicopter,/Volumes/Spanish2Bundle/2Pictures/Flashcard/helicopter.jpg
1312,1bfaaddf-d009-496f-8c57-3bc94b899268,2,to celebrate,/Volumes/Spanish2Bundle/2Pictures/Flashcard/celebrate.jpg
1328,d50415b7-212d-49b6-8cc7-f7ff9e92e7a1,2,ecological,/Volumes/Spanish2Bundle/2Pictures/Flashcard/ecological.jpg
2012,3673605f-b44b-486e-9a5d-c506532296ea,2,tyre,/Volumes/Spanish2Bundle/2Pictures/Flashcard/tyre.jpg
1993,eddeadb0-f1d7-4cb1-b5e4-643bcff14a72,2,firm,/Volumes/Spanish2Bundle/2Pictures/Flashcard/firm.jpg
1320,326036bc-03a5-448b-8dc7-5b92e92257fe,2,present,/Volumes/Spanish2Bundle/2Pictures/Flashcard/present.jpg
2011,c6a8ceaa-1678-4728-91fa-5e214d185f86,2,windscreen,/Volumes/Spanish2Bundle/2Pictures/Flashcard/windscreen.jpg
1334,e272d5ad-d702-4cdf-b0ab-c50461cf720d,2,island,/Volumes/Spanish2Bundle/2Pictures/Flashcard/island.jpg
9604,7fe78bae-4a0c-4af7-ac2d-d943456d3a90,22,(I) only saw the first half of the match. How about you? - Equally. (inf.sing),"/Volumes/Spanish2Bundle/2Pictures/Flashcard/half ,middle.jpg"
1974,352a2058-66ca-44d6-aa3e-466e8edd8482,2,in time,/Volumes/Spanish2Bundle/2Pictures/Flashcard/in time.jpg
2010,bb22df5f-55cb-458c-8a67-078e100b1488,2,battery,/Volumes/Spanish2Bundle/2Pictures/Flashcard/battery.jpg
1345,e9957db8-dc55-4cf5-9fa8-3e37fcaf8403,2,description,/Volumes/Spanish2Bundle/2Pictures/Flashcard/description.jpg
1360,53ebb006-ba90-4449-8d46-c63b71233d8f,2,to murder,"/Volumes/Spanish2Bundle/2Pictures/Flashcard/murder ,v.jpg"
1331,e6307cb5-2883-4bca-9ca9-1a16c2c1e0a0,2,"road ,highway",/Volumes/Spanish2Bundle/2Pictures/Flashcard/road.jpg
1330,e71e61ff-4738-4126-93ba-0ad55fff4081,2,space,/Volumes/Spanish2Bundle/2Pictures/Flashcard/space.jpg
1965,fbc41fe1-b082-44cf-b081-aef2811a984a,2,meanwhile,/Volumes/Spanish2Bundle/2Pictures/Flashcard/meanwhile.jpg
1969,6f6f6112-22ec-433b-a839-4088a27a1d63,2,finally,/Volumes/Spanish2Bundle/2Pictures/Flashcard/finally.jpg
1337,dec56630-4c8a-482e-8041-00c81e817f68,2,dam,/Volumes/Spanish2Bundle/2Pictures/Flashcard/dam.jpg
1356,25420099-a8c8-42d4-a00c-b9701229136e,2,flood,/Volumes/Spanish2Bundle/2Pictures/Flashcard/flood.jpg
1344,d9755b04-a866-4d60-93e9-e8fbe216ff86,2,to beat,/Volumes/Spanish2Bundle/2Pictures/Flashcard/beat.jpg
9644,603f93d7-fe6f-42e3-88dd-7a526f65802a,22,This printer doesn't print bold letters.,/Volumes/Spanish2Bundle/2Pictures/Flashcard/bold.jpg
1338,8746d9b6-3b7e-436b-a584-d8226f74819f,2,environment,/Volumes/Spanish2Bundle/2Pictures/Flashcard/environment.jpg
1342,62b24e4e-614d-4e29-9459-a06c63c3af2a,2,the Alps,/Volumes/Spanish2Bundle/2Pictures/Flashcard/the alps.jpg
1346,99289492-8ae9-4d7f-8dcc-2ab1ded82d43,2,motive,/Volumes/Spanish2Bundle/2Pictures/Flashcard/motive.jpg
9548,7832990f-3561-453d-987c-20462eb19824,22,It's dark here! Where is the torch?,/Volumes/Spanish2Bundle/2Pictures/Flashcard/torch.jpg
1361,2c34b7af-6d31-41ff-bd80-71ee64b84274,2,warning,/Volumes/Spanish2Bundle/2Pictures/Flashcard/warning.jpg
1395,973d671a-6a2e-4f29-b66b-bd47dc7a9539,2,spirits,/Volumes/Spanish2Bundle/2Pictures/Flashcard/spirits.jpg
1445,56322451-990b-4240-bf9f-3a8d26adec13,2,bitter,/Volumes/Spanish2Bundle/2Pictures/Flashcard/bitter.jpg
1373,225824b7-874f-460c-a676-0561a2a0052a,2,of course!,"/Volumes/Spanish2Bundle/2Pictures/Flashcard/of course ,exc.jpg"
1464,3ca56079-1ab3-47ca-816d-e76b4c613819,2,branch,/Volumes/Spanish2Bundle/2Pictures/Flashcard/branch.jpg
1387,2c1e2c6e-8d08-4c95-aa14-a61e10fc88f5,2,still mineral water,/Volumes/Spanish2Bundle/2Pictures/Flashcard/still mineral water.jpg
1412,2d01549f-4fb5-41a7-a63d-9c89bce67bce,2,blackcurrant,/Volumes/Spanish2Bundle/2Pictures/Flashcard/blackcurrant.jpg
1455,6a28fcfe-1795-464a-a7ce-c4d406ffcab0,2,powder,/Volumes/Spanish2Bundle/2Pictures/Flashcard/powder.jpg
1386,7731847b-a2d2-49a4-872f-eccdb4002052,2,gin,/Volumes/Spanish2Bundle/2Pictures/Flashcard/gin.jpg
1399,b4d0b097-d658-4c04-acea-3a750840bc78,2,coca cola,/Volumes/Spanish2Bundle/2Pictures/Flashcard/coca cola.jpg
1389,7e070ff4-4491-4691-96e4-44836cce46fb,2,cognac,/Volumes/Spanish2Bundle/2Pictures/Flashcard/cognac.jpg
1415,e1078c40-de9e-41cc-af81-885702865dd3,2,celery,/Volumes/Spanish2Bundle/2Pictures/Flashcard/celery.jpg
1406,2c5477bf-8ae7-4034-85bf-34f3eb409646,2,asparagus,/Volumes/Spanish2Bundle/2Pictures/Flashcard/asparagus.jpg
1417,3d321bef-86c6-4c6e-8fae-fc6386779e49,2,"aubergine ,eggplant","/Volumes/Spanish2Bundle/2Pictures/Flashcard/aubergine ,eggplant.jpg"
1420,ccd58f26-a183-47d6-9fec-48ff597663e2,2,grapefruit,/Volumes/Spanish2Bundle/2Pictures/Flashcard/grapefruit.jpg
1392,2deffaac-d878-460c-8e87-8c38c68b56d2,2,sparkling mineral water,/Volumes/Spanish2Bundle/2Pictures/Flashcard/sparkling mineral water.jpg
1398,4473ee22-620b-4710-a84e-8b5aadd0f3cb,2,soft drink,/Volumes/Spanish2Bundle/2Pictures/Flashcard/soft drink.jpg
1978,2dfaa408-29af-470d-ad4a-d6c18adcc0a0,2,on the dot,/Volumes/Spanish2Bundle/2Pictures/Flashcard/on the dot.jpg
1416,28481b25-ea41-4bd7-b777-497ea9560d54,2,kiwifruit,/Volumes/Spanish2Bundle/2Pictures/Flashcard/kiwifruit.jpg
1408,e02f50ad-420e-444e-bbfa-b80c1b1396fc,2,green beans,/Volumes/Spanish2Bundle/2Pictures/Flashcard/green beans.jpg
1483,da84b537-2358-4db7-88e2-9a6454e56cde,2,blister,/Volumes/Spanish2Bundle/2Pictures/Flashcard/blister.jpg
1402,915ec780-24db-429d-a789-f661b2229f8c,2,drinking straw,/Volumes/Spanish2Bundle/2Pictures/Flashcard/drinking straw.jpg
9641,aed8a781-28f6-4b68-8cc5-20ae325256c5,22,(I) enjoy Christmas because of the presents.,/Volumes/Spanish2Bundle/2Pictures/Flashcard/Christmas.jpg
1425,863e1a66-3483-4fb1-a600-1c03399181b9,2,bacon,/Volumes/Spanish2Bundle/2Pictures/Flashcard/bacon.jpg
9265,560cd14d-690f-466f-9781-76cb686cd205,22,The army was decimated during that battle.,/Volumes/Spanish2Bundle/2Pictures/Flashcard/army.jpg
1437,f05c6008-806e-4b53-bf86-b99fc77333e8,2,prawn,/Volumes/Spanish2Bundle/2Pictures/Flashcard/prawn.jpg
1452,47c24a3c-4932-41ff-83a4-aece9039858d,2,almond,/Volumes/Spanish2Bundle/2Pictures/Flashcard/almond.jpg
9284,74fc5ee7-136f-4391-b272-d8a650388456,22,The agent is unemployed.,/Volumes/Spanish2Bundle/2Pictures/Flashcard/unemployed.jpg
9297,db832770-1d88-4af7-88aa-d4ea8fd9ae7d,22,"Hello! (talk to me) 
Hello (listen), can (you) add up the documents needed to open a bank account? (","/Volumes/Spanish2Bundle/2Pictures/Flashcard/add up ,v.jpg"
1414,6939555e-c94a-4c50-b388-ac1443776885,2,raspberry,/Volumes/Spanish2Bundle/2Pictures/Flashcard/raspberry.jpg
1436,65d4321f-c1e1-45fb-98c1-f6ef1180ff0b,2,poultry,/Volumes/Spanish2Bundle/2Pictures/Flashcard/poultry.jpg
1486,ae3bbf10-eb78-4dc1-b75c-62c881a844bd,2,to faint,"/Volumes/Spanish2Bundle/2Pictures/Flashcard/faint ,v.jpg"
9643,49ac3e3e-fa43-49c4-8481-386f4831b601,22,(She) retired four years ago but (she) still does business.,/Volumes/Spanish2Bundle/2Pictures/Flashcard/business.jpg
1429,bd700aca-947a-4f0f-b9b9-2eff87acd124,2,clam,"/Volumes/Spanish2Bundle/2Pictures/Flashcard/mussel ,clam.jpg"
1447,426b6794-41da-4611-9c88-f21e9ce478ec,2,cold soup,/Volumes/Spanish2Bundle/2Pictures/Flashcard/cold soup.jpg
1514,8b003ada-d473-47fa-9ed4-638d9a24fd50,2,to frequent,/Volumes/Spanish2Bundle/2Pictures/Flashcard/frequent.jpg
1444,83d9982a-a8d7-478a-8622-7e0f0fc4efc1,2,sour,/Volumes/Spanish2Bundle/2Pictures/Flashcard/sour.jpg
1471,6c2df5c4-95be-4d01-bdb6-7f8b1ec2eb31,2,lawn,/Volumes/Spanish2Bundle/2Pictures/Flashcard/lawn.jpg
1477,e97c7d57-1263-477c-8cbe-3c642823b0f1,2,to get injured,"/Volumes/Spanish2Bundle/2Pictures/Flashcard/get injured ,v.jpg"
1449,22b1462d-c95a-421c-9c5c-e339099f87ef,2,to try out,"/Volumes/Spanish2Bundle/2Pictures/Flashcard/try out ,v.jpg"
1459,a07016a9-fc54-4d63-aad9-578ae8c42953,2,cream-whipped,/Volumes/Spanish2Bundle/2Pictures/Flashcard/cream-whipped.jpg
1473,c3571573-ebdb-4102-8876-e06bbb7d612a,2,"patio ,yard","/Volumes/Spanish2Bundle/2Pictures/Flashcard/patio ,yard.jpg"
1510,a11f8ff0-9722-4799-a16f-c3c4edf1a7a2,2,to float,/Volumes/Spanish2Bundle/2Pictures/Flashcard/float.jpg
1481,de9587ad-f2f9-4243-88c8-d43391f65c1c,2,allergic to,/Volumes/Spanish2Bundle/2Pictures/Flashcard/allergic to.jpg
1484,1ac16824-ad57-4dd6-848e-c3839a3bd340,2,contraceptive,/Volumes/Spanish2Bundle/2Pictures/Flashcard/contraceptive.jpg
1519,3201f4f1-05d6-49ab-80a7-20d5efe4c8f2,2,chest of drawers,/Volumes/Spanish2Bundle/2Pictures/Flashcard/chest of drawers.jpg
1495,dd9d2424-7b83-4d83-96a2-800d1b8f7fb2,2,lenses,/Volumes/Spanish2Bundle/2Pictures/Flashcard/lenses.jpg
1508,65f8606f-2027-438b-8298-1098bdda7716,2,to sunbathe,/Volumes/Spanish2Bundle/2Pictures/Flashcard/sunbathe.jpg
9791,20e08e24-f0f3-4330-b75b-65f9e1385f8c,22,The washing machine is making a strange noise.,/Volumes/Spanish2Bundle/2Pictures/Flashcard/noise.jpg
9792,f17ef361-ff73-43b3-81d8-8e92e946013c,22,"This is my ruler, and this is your pencil sharpener. (inf.sing)",/Volumes/Spanish2Bundle/2Pictures/Flashcard/pencil sharpener.jpg
1500,565cec27-88aa-4c9f-8ebe-5916f9d73bb1,2,bucket,/Volumes/Spanish2Bundle/2Pictures/Flashcard/bucket.jpg
1647,19b79c23-4d45-4277-98b7-7231f3d263ae,2,cassette,/Volumes/Spanish2Bundle/2Pictures/Flashcard/cassette.jpg
1474,62e12b32-b7e4-4efa-9333-6d57c1a81b09,2,axe,/Volumes/Spanish2Bundle/2Pictures/Flashcard/axe.jpg
1523,bad603ce-508f-447e-a3ad-2ee4ec0ab020,2,carpet (fitted),/Volumes/Spanish2Bundle/2Pictures/Flashcard/carpet (fitted).jpg
1529,35666c9b-9e20-4b1d-82a0-7c733ebb8be3,2,tissue,/Volumes/Spanish2Bundle/2Pictures/Flashcard/tissue.jpg
9793,43b27647-1ef8-4f83-9a51-017bcd5983ec,22,Could you take a photo for us? (inf.sing),/Volumes/Spanish2Bundle/2Pictures/Flashcard/take photos.jpg
9705,ab0d9b03-20af-4c42-a949-cdea7d025dea,22,Are (you) going to the demonstration for peace? (inf.sing),/Volumes/Spanish2Bundle/2Pictures/Flashcard/peace.jpg
1504,48b5d1a2-fb78-4863-af14-094a60a98a20,2,to find out,/Volumes/Spanish2Bundle/2Pictures/Flashcard/find out.jpg
1505,2a7371d8-894b-4726-a773-0554a88f3ad8,2,attraction,/Volumes/Spanish2Bundle/2Pictures/Flashcard/attraction.jpg
1516,61c566ca-1758-4226-9693-3b2f50ae9220,2,torch,/Volumes/Spanish2Bundle/2Pictures/Flashcard/torch.jpg
1649,507f18f7-ff32-4176-a2fe-1a05293307bb,2,castanets,/Volumes/Spanish2Bundle/2Pictures/Flashcard/castenets.jpg
1497,8679aa78-db25-4ab9-bc4f-2e7c4b0a0fdb,2,tide,/Volumes/Spanish2Bundle/2Pictures/Flashcard/tide.jpg
1517,f8b94a9c-96ba-4487-988e-6295749f86e5,2,seaweed,/Volumes/Spanish2Bundle/2Pictures/Flashcard/seaweed.jpg
1511,02948ec2-037e-47a6-b9c8-b6a96b970550,2,luxury,/Volumes/Spanish2Bundle/2Pictures/Flashcard/luxury.jpg
1515,5b041bcf-4627-4be4-992c-582c4d07b3a8,2,to take photos,/Volumes/Spanish2Bundle/2Pictures/Flashcard/take photos.jpg
9322,5b26655c-88a0-4ed0-b825-ea547958b0cd,22,(I) like to be sitting in the afternoon as (I) am standing in the morning.,"/Volumes/Spanish2Bundle/2Pictures/Flashcard/be sitting ,v.jpg"
1503,f005e64a-79ef-4903-aacd-c559dd85d460,2,to camp,/Volumes/Spanish2Bundle/2Pictures/Flashcard/camp.jpg
1496,3704abab-db64-4014-a04b-84428de8add8,2,drinking water,/Volumes/Spanish2Bundle/2Pictures/Flashcard/drinking water.jpg
1530,f66e6b44-59d4-4b91-9322-f904ec4353c0,2,armchair (2),/Volumes/Spanish2Bundle/2Pictures/Flashcard/armchair (2).jpg
1531,9a4be986-666d-49aa-bee0-db5dddc49018,2,electric,/Volumes/Spanish2Bundle/2Pictures/Flashcard/electric.jpg
1844,ebe2dc33-27c5-41b9-a864-e68a27cf9664,2,about ten,/Volumes/Spanish2Bundle/2Pictures/Flashcard/about ten.jpg
2169,ac7fe82f-44fe-420c-9e45-b97af4084971,2,left,/Volumes/Spanish2Bundle/2Pictures/Flashcard/left.jpg
1541,90856c7d-e568-46cd-966e-e690600de042,2,tray,/Volumes/Spanish2Bundle/2Pictures/Flashcard/tray.jpg
1545,26c89d2f-64b6-4f68-8e6c-534628cd1511,2,lock,/Volumes/Spanish2Bundle/2Pictures/Flashcard/lock.jpg
1555,0b279621-3bf5-4708-b136-adbad2888b5e,2,"tap ,faucet (Latin American)","/Volumes/Spanish2Bundle/2Pictures/Flashcard/tap ,faucet (Am).jpg"
8990,ed926c70-0d52-4f65-ade0-e890b2c82209,22,(I) need to put an advertisement in the newspaper.,/Volumes/Spanish2Bundle/2Pictures/Flashcard/advertisement.jpg
1535,2e683082-7c8c-4c6a-848d-6c5777ea5103,2,furnished,/Volumes/Spanish2Bundle/2Pictures/Flashcard/furnished.jpg
1542,b7ef386c-2671-454c-beef-68263d585acc,2,object,/Volumes/Spanish2Bundle/2Pictures/Flashcard/object.jpg
2174,3402322f-7767-4404-a9d4-4cd61c1c5ee8,2,on the floor,/Volumes/Spanish2Bundle/2Pictures/Flashcard/on the floor.jpg
1538,6c617e2e-fdb8-419c-a8ac-b33a50fbb939,2,calendar,/Volumes/Spanish2Bundle/2Pictures/Flashcard/calendar.jpg
1547,e6ce9696-7e89-4e2a-9e9b-0f2a4283d8b4,2,basement,/Volumes/Spanish2Bundle/2Pictures/Flashcard/basement.jpg
1549,49b48451-3d6c-4c77-a07b-f4303a7aaff9,2,roof,/Volumes/Spanish2Bundle/2Pictures/Flashcard/roof.jpg
1981,f4076605-5271-4d20-a439-80bdda027260,2,"elevator ,lift","/Volumes/Spanish2Bundle/2Pictures/Flashcard/elevator ,lift.jpg"
1596,e13dacf2-90dd-4e83-b4cf-e36f752e942a,2,piece of equipment,/Volumes/Spanish2Bundle/2Pictures/Flashcard/piece of equipment.jpg
1536,bc7a669e-50be-4ced-9e8e-3b22b0a0a0e0,2,study,/Volumes/Spanish2Bundle/2Pictures/Flashcard/study.jpg
1575,35b3b7be-4a9d-4935-b968-ccb2e9ce830e,2,washing machine (2),/Volumes/Spanish2Bundle/2Pictures/Flashcard/washing machine (2).jpg
1576,c64c0eac-5336-40d8-bb9b-5ecf6235fa91,2,pin,/Volumes/Spanish2Bundle/2Pictures/Flashcard/pin.jpg
9795,dcef6c14-68a5-4497-a662-aa9cc341a402,22,It's no use combing your hair; you are going to jump (around) all night. (inf.sing),"/Volumes/Spanish2Bundle/2Pictures/Flashcard/jump ,v.jpg"
8969,29e1b726-9710-43b4-b8a2-fb4c2a4da6fd,22,Americans and British speak English.,/Volumes/Spanish2Bundle/2Pictures/Flashcard/American.jpg
1607,d4c5dfab-d840-4bba-8dd3-46865c747589,2,entertainment (dis…),/Volumes/Spanish2Bundle/2Pictures/Flashcard/entertainment.jpg
8991,c1aa4821-635f-4ed6-8830-1a14621222a9,22,"Turn on the tap (g…), (I) want to wash everything that is in the sideboard. (inf.sing)",/Volumes/Spanish2Bundle/2Pictures/Flashcard/sideboard.jpg
1612,e5a13eaf-2aef-42b0-92e2-3eef424adc75,2,pack of cards,/Volumes/Spanish2Bundle/2Pictures/Flashcard/pack of cards.jpg
8982,63c19d45-83f1-444a-9083-06536e64b7c0,22,(I) become anxious when (I) go to her home.,/Volumes/Spanish2Bundle/2Pictures/Flashcard/anxious.jpg
8987,1dd0e865-71ec-434c-bbf2-a06d6834048f,22,(I) had a blister on my foot and (I) had to put antiseptic on it.,/Volumes/Spanish2Bundle/2Pictures/Flashcard/antiseptic.jpg
1558,fdca6f1f-7066-4adb-a064-d4b6e65af966,2,automatic,/Volumes/Spanish2Bundle/2Pictures/Flashcard/automatic.jpg
1561,0f92acaa-5cc7-4985-8bf3-d28ac82e03ab,2,waste-paper basket,/Volumes/Spanish2Bundle/2Pictures/Flashcard/waste-paper basket.jpg
8993,be4e0834-5518-4411-a546-1eea5787fcef,22,Have (you) got a hardware problem? (inf.sing),/Volumes/Spanish2Bundle/2Pictures/Flashcard/hardware.jpg
1592,c4c7737d-d469-436e-a7a7-e129e55cab73,2,to save,/Volumes/Spanish2Bundle/2Pictures/Flashcard/save.jpg
8994,f7915f87-31c0-44d4-b814-fed448f86527,22,"Can (you) repeat your surname, please? (form.sing)",/Volumes/Spanish2Bundle/2Pictures/Flashcard/surname.jpg
1614,0f5860bd-d879-4217-8a79-66069e9f83ac,2,bowling alley,"/Volumes/Spanish2Bundle/2Pictures/Flashcard/bowling alley ,skittle.jpg"
9004,ea56899b-ba61-46b1-960b-fa7322074574,22,If the students take enough notes (they) will pass the exam.,/Volumes/Spanish2Bundle/2Pictures/Flashcard/notes.jpg
1588,fd50b61d-81ea-462f-9118-4bc07d7be5a2,2,IT,/Volumes/Spanish2Bundle/2Pictures/Flashcard/IT.jpg
1608,374c2e65-5a03-4ebe-b18a-f258e620b98a,2,entertainment (div…),/Volumes/Spanish2Bundle/2Pictures/Flashcard/entertainment (2).jpg
9061,60c0e298-66bd-47ad-927e-6fc61e128629,22,The boat is turning to port.,"/Volumes/Spanish2Bundle/2Pictures/Flashcard/boat ,ship.jpg"
8967,c5107c50-c359-4a57-930a-62b53d577184,22,America is a big continent.,/Volumes/Spanish2Bundle/2Pictures/Flashcard/America.jpg
9818,59b647ec-2587-4ce4-b5d8-4bc6da3bb447,22,Dams damage wild spaces.,/Volumes/Spanish2Bundle/2Pictures/Flashcard/wild.jpg
8984,6e02247a-e1c6-498c-9a4b-dd0fd55a624c,22,When did (you) see her? I saw her the day before yesterday.,/Volumes/Spanish2Bundle/2Pictures/Flashcard/the day before yesterday.jpg
8998,d0d8ba7d-12c6-4143-9596-7aad1b0207dd,22,A hard-working (a...) man is an active man.,/Volumes/Spanish2Bundle/2Pictures/Flashcard/hard-working.jpg
9064,906830c4-b8b3-4d4f-b9c4-fc1d373658fb,22,Some viruses can damage the files and the databases of computers.,/Volumes/Spanish2Bundle/2Pictures/Flashcard/database.jpg
2048,2c0093a0-9ef6-41bd-96ec-3e32a1a95782,2,to conduct a survey,/Volumes/Spanish2Bundle/2Pictures/Flashcard/conduct a survey.jpg
2044,ec336f8a-e86a-49cf-bc69-f4aa100a2a5e,2,hotel-owner,/Volumes/Spanish2Bundle/2Pictures/Flashcard/hotel-owner.jpg
2045,eb52e33f-995b-4bc2-b3b1-d98b50fceab3,2,heading for,/Volumes/Spanish2Bundle/2Pictures/Flashcard/heading for.jpg
9003,9fb94883-ee3e-4f59-b89e-2e105d2d96ad,22,It will cost approximately the same amount as before.,/Volumes/Spanish2Bundle/2Pictures/Flashcard/approximately.jpg
2050,03ab1671-f507-4e35-a1b5-becb63a1d803,2,to get up early,/Volumes/Spanish2Bundle/2Pictures/Flashcard/get up early.jpg
2043,21451a58-61c3-4206-80ed-23244154f086,2,hotel porter,/Volumes/Spanish2Bundle/2Pictures/Flashcard/hotel porter.jpg
8922,5fffb56c-4fa9-4c10-8d22-7205c7f1465e,22,(I) won't forget - (I)'ve written it in my diary.,/Volumes/Spanish2Bundle/2Pictures/Flashcard/diary.jpg
2033,cfd73d9d-0ef3-44dc-b46f-208d800f389a,2,customs officer,/Volumes/Spanish2Bundle/2Pictures/Flashcard/customs officer.jpg
2139,b90e8137-8ffb-418d-b65f-14c4ccb6fac2,2,to shine,/Volumes/Spanish2Bundle/2Pictures/Flashcard/shine.jpg
8940,f59431e6-901a-41a6-8e62-fd762ec7d468,22,"""It's Mr Martinez speaking."" (on the phone).",/Volumes/Spanish2Bundle/2Pictures/Flashcard/speaking.jpg
2022,3edeca81-e148-4d62-8052-d03e6b013e73,2,canal,/Volumes/Spanish2Bundle/2Pictures/Flashcard/canal.jpg
2062,4578d5a9-f660-40a8-b145-9f083a8ee32d,2,to move,"/Volumes/Spanish2Bundle/2Pictures/Flashcard/move ,v.jpg"
2192,20ba5220-7ea0-4c7d-96b8-bc1b836a11af,2,boss (m/f),/Volumes/Spanish2Bundle/2Pictures/Flashcard/boss (m).jpg
2061,5a9e18ca-a5d0-4b68-86f6-0bb68511aedb,2,to choose,/Volumes/Spanish2Bundle/2Pictures/Flashcard/choose.jpg
2038,4442cd7d-103a-4106-991f-d89de38ed188,2,luggage porter,/Volumes/Spanish2Bundle/2Pictures/Flashcard/luggage porter.jpg
2131,9e138fe7-0b33-4f46-bcf5-64f79a7c4d6e,2,to take advantage of,/Volumes/Spanish2Bundle/2Pictures/Flashcard/take advantage of.jpg
2035,32508525-787e-46df-8cb9-d81baaca47fe,2,road junction,/Volumes/Spanish2Bundle/2Pictures/Flashcard/road junction.jpg
2047,2451eccf-32c3-4a25-994b-620edf86cc1b,2,to be standing,"/Volumes/Spanish2Bundle/2Pictures/Flashcard/be standing ,v.jpg"
2060,bbb673a5-6bd7-4f9d-a757-43a762986cf3,2,to run,/Volumes/Spanish2Bundle/2Pictures/Flashcard/run.jpg
2067,6508b0f2-7d81-4ac1-a3a6-a8096ddda347,2,to hit,"/Volumes/Spanish2Bundle/2Pictures/Flashcard/hit ,v.jpg"
2075,71eb37f4-1377-4d76-b309-010cae4aabbf,2,to enjoy (2),"/Volumes/Spanish2Bundle/2Pictures/Flashcard/enjoy ,v (2).jpg"
2106,5361cfd5-8e17-4aaf-872c-433422baadc5,2,to surround,/Volumes/Spanish2Bundle/2Pictures/Flashcard/surround.jpg
2055,f67efca2-4c12-4c84-8dca-4cfd071ced03,2,to go to bed,/Volumes/Spanish2Bundle/2Pictures/Flashcard/go to bed.jpg
2079,5df33f05-b7dc-40dd-b00f-4802d4e292cc,2,"to discuss ,to argue","/Volumes/Spanish2Bundle/2Pictures/Flashcard/discuss ,to argue ,v.jpg"
9375,3cbadb5f-4f2a-4092-bb74-79cf645a01ad,22,(I) have to fill in this form.,/Volumes/Spanish2Bundle/2Pictures/Flashcard/form (2).jpg
2096,facc27d6-3be5-4d9f-81df-8724affa8504,2,"to throw ,to pour ,to fire ,to sack","/Volumes/Spanish2Bundle/2Pictures/Flashcard/throw ,pour ,fire ,sack.jpg"
2072,05c04a20-1ddf-4ee0-8e58-5173631826f8,2,to deceive,"/Volumes/Spanish2Bundle/2Pictures/Flashcard/deceive ,v.jpg"
2101,4b62c2de-362c-4340-a14a-53d30c19f222,2,to raise,/Volumes/Spanish2Bundle/2Pictures/Flashcard/raise.jpg
9421,9ee1fdb7-f7a1-4ecc-9a4c-7150c5d96bdd,22,"If the article has a fault, (we) deliver one free. (g...)",/Volumes/Spanish2Bundle/2Pictures/Flashcard/free (2).jpg
2073,d44bddeb-e834-4745-aef1-eef77faf2e83,2,to embrace,"/Volumes/Spanish2Bundle/2Pictures/Flashcard/embrace ,v.jpg"
2102,38c65af1-e779-4eae-b64c-9d1f53d86fd4,2,to keep,/Volumes/Spanish2Bundle/2Pictures/Flashcard/keep.jpg
2058,997ec0b8-f507-433a-8e40-874623392e81,2,to fetch,/Volumes/Spanish2Bundle/2Pictures/Flashcard/fetch.jpg
8934,6c60795e-607b-4904-a609-26982b8439ab,22,(I) can't put up with him anymore! - (I) warned you! (inf.sing),/Volumes/Spanish2Bundle/2Pictures/Flashcard/put up with.jpg
8932,458154a3-ad53-4b5c-9235-3184bf65e8ed,22,What do (you) want? Sparkling mineral water or still mineral water? (inf.sing),/Volumes/Spanish2Bundle/2Pictures/Flashcard/still mineral water.jpg
2109,9b25dc24-3352-4721-9ecb-a0b7967fc087,2,"to frighten ,to scare","/Volumes/Spanish2Bundle/2Pictures/Flashcard/frighten ,to scare.jpg"
2132,bb42c973-814f-43ab-a308-3d07592e8336,2,to forget,/Volumes/Spanish2Bundle/2Pictures/Flashcard/forget.jpg
2133,9ccd28e5-7aab-4e00-9253-2ef631095363,2,to worry (2),"/Volumes/Spanish2Bundle/2Pictures/Flashcard/worry ,v (2).jpg"
2137,9b77d2e3-20c8-42e7-8de1-1b68d462ccfe,2,to get dark,/Volumes/Spanish2Bundle/2Pictures/Flashcard/get dark.jpg
8935,7b065e06-11ea-4b70-a3fc-7b58d8351501,22,(I) need a needle and some pins to sew this cloth.,/Volumes/Spanish2Bundle/2Pictures/Flashcard/needle.jpg
8941,448e143c-c7a2-4b38-8d1a-7083cf78160d,22,"Fortunately, my brother doesn't live far (away). On the contrary",/Volumes/Spanish2Bundle/2Pictures/Flashcard/on the contrary.jpg
8903,6e8f7e26-bd8a-4503-8abb-18a352fd2cf4,22,Juan wants to be an actor,/Volumes/Spanish2Bundle/2Pictures/Flashcard/actor.jpg
8938,e1951af5-f97f-4dd1-9347-e901cb62def7,22,My sister's favourite activity is to play chess.,/Volumes/Spanish2Bundle/2Pictures/Flashcard/chess.jpg
8950,fe815fc4-efbd-432a-a88c-989091a84869,22,(I) am happy when (I) dance because it's my hobby.,/Volumes/Spanish1Bundle/1Pictures/Flashcard/happy.jpg
8947,5e4b4f34-4374-4001-914d-4cf293d2a05f,22,Apricots and plums are stone fruit.,/Volumes/Spanish2Bundle/2Pictures/Flashcard/apricot.jpg
8930,ec905141-91d0-4dec-ade7-4a815d23b530,22,Take drinking water when you go camping. (inf.sing),/Volumes/Spanish2Bundle/2Pictures/Flashcard/drinking water.jpg
9215,99bdb0d3-b18b-4248-8103-4540d1384dd3,22,He appeared off-line on messenger (MSN).,/Volumes/Spanish2Bundle/2Pictures/Flashcard/off-line.jpg
8895,bb0c769c-64e6-4c23-bf4d-ffb1d59b1929,22,Concerning the car,/Volumes/Spanish2Bundle/2Pictures/Flashcard/concerning.jpg
8920,330191bc-bb7f-4101-b7f4-e865e37a8d2c,22,The travel agency is near the town hall.,/Volumes/Spanish2Bundle/2Pictures/Flashcard/agency.jpg
8956,1b8e7086-7828-4bb0-841b-16664b7c2349,22,(I) need a needle and some pins to sew this cloth.,/Volumes/Spanish2Bundle/2Pictures/Flashcard/pin.jpg
9120,b4ee2fc2-73f2-4bf0-8219-cbe4d52e868e,22,Is your mother a native of Castile? (inf.sing),/Volumes/Spanish2Bundle/2Pictures/Flashcard/native of Castille.jpg
8923,af2b4c47-baf2-4be1-a4b7-8f1d28c64bb2,22,The agent is unemployed. (m),/Volumes/Spanish2Bundle/2Pictures/Flashcard/agent.jpg
9012,4d7f83d4-0e61-41c1-a13e-d1f448fca30e,22,Pottery is considered an art.,/Volumes/Spanish2Bundle/2Pictures/Flashcard/art.jpg
9014,188cd903-2976-4877-ac0e-b3aebf0e9743,22,"Carmen wanted to be an artist, but today (she) is a businesswoman.",/Volumes/Spanish2Bundle/2Pictures/Flashcard/artist.jpg
9016,01e38650-6e31-4bb9-a15c-0e192959df5a,22,Is the house insured if the children turn on the tap (c…) and cause a flood?,/Volumes/Spanish2Bundle/2Pictures/Flashcard/insure.jpg
9049,de1fd1ce-dbf4-4a67-8300-75393a8b7df1,22,(I) don't like anchovies or cod.,/Volumes/Spanish2Bundle/2Pictures/Flashcard/cod.jpg
9069,88ff5522-4ae3-4907-b385-b3a457177cd2,22,"(I) am Belgian, but (I)'d like to marry an Argentinean.",/Volumes/Spanish2Bundle/2Pictures/Flashcard/Belgian.jpg
9086,77bfef71-cf94-46d6-aaf8-af92ce652316,22,The stars are shining in the sky.,/Volumes/Spanish2Bundle/2Pictures/Flashcard/shine.jpg
9140,6da6898f-5cb2-48ad-97eb-af37cbf13ee8,22,Fasten your seat belts. (form.pl),/Volumes/Spanish2Bundle/2Pictures/Flashcard/belt.jpg
9111,e27f08fe-db24-4129-9ba0-44af7a458b56,22,Do (I) need my driving licence to drive a hovercraft?,/Volumes/Spanish2Bundle/2Pictures/Flashcard/driving licence.jpg
9251,6809f2d4-9990-4108-a76a-2d90366cb16b,22,Carry on/continue/go straight ahead and turn right at the next (set of) traffic lights. (inf.sing),"/Volumes/Spanish2Bundle/2Pictures/Flashcard/double ,to turn ,v.jpg"
9038,04782626-1eb7-4d5c-b0d2-3780e296dd5d,22,The restaurant is self-service.,/Volumes/Spanish2Bundle/2Pictures/Flashcard/self-service.jpg
9259,89462874-f546-4e81-af58-ca3965f14b68,22,"When (I) post this letter, (I) will sit on a bench in front of the bank.","/Volumes/Spanish2Bundle/2Pictures/Flashcard/post ,v.jpg"
9250,01bc350d-8277-40bc-8ffa-000ec4fe54a4,22,(He) is depressed since (he) (got) divorced.,"/Volumes/Spanish2Bundle/2Pictures/Flashcard/get divorced ,v.jpg"
9260,c1bee0f1-c0a2-4ed9-aa64-625bcef05f0f,22,This farmer harvests only ecological (ecologically-friendly) products.,/Volumes/Spanish2Bundle/2Pictures/Flashcard/ecological.jpg
9107,8249fae1-3e9a-4e4e-9e34-ebcb8551acca,22,(I) am grateful for the affection (you) have for me. (inf.sing),/Volumes/Spanish2Bundle/2Pictures/Flashcard/affection.jpg
9067,396c7c3f-9427-4a70-8cd3-6d43f2b1c081,22,This hitchhiker's car is there; the battery is out of order.,/Volumes/Spanish2Bundle/2Pictures/Flashcard/battery.jpg
9068,8019beb5-81e8-419e-a212-a97ac98f8ae0,22,(You) have to beat the eggs to make the cake. (inf.sing),/Volumes/Spanish2Bundle/2Pictures/Flashcard/beat.jpg
9088,ab28980b-baf7-4d85-8704-3f4fae6e1375,22,Americans and British speak English.,/Volumes/Spanish2Bundle/2Pictures/Flashcard/British.jpg
9127,07474c90-a853-4b11-bfb1-edff2474819a,22,The race will take place in the sports centre.,/Volumes/Spanish2Bundle/2Pictures/Flashcard/sports centre.jpg
9101,b9abdbaa-5085-4de8-9f30-3a9038ca9e0a,22,"(I) am a football fan, that's why (I) watch all the matches of the championship.",/Volumes/Spanish2Bundle/2Pictures/Flashcard/championship.jpg
9123,0d362814-7da2-4478-beaf-29a370bfca98,22,The teacher's moustache and eyebrows are enormous. (m),/Volumes/Spanish2Bundle/2Pictures/Flashcard/eyebrow.jpg
9132,b739188c-6aba-4d43-9f67-34da75b852bb,22,He inserted his key in the lock.,/Volumes/Spanish2Bundle/2Pictures/Flashcard/lock.jpg
9273,3f222db2-c1db-4ba2-adc6-986debcd589f,22,(She) embarked heading for abroad.,/Volumes/Spanish2Bundle/2Pictures/Flashcard/embark.jpg
9164,87bad382-6624-4532-a0d5-8326874634a8,22,"This district is very crowded, but when the shops are closed",/Volumes/Spanish2Bundle/2Pictures/Flashcard/crowded.jpg
9206,16391229-b940-4e79-b4ce-fabcad35b5d8,22,(They) are building apartments with lift.,/Volumes/Spanish2Bundle/2Pictures/Flashcard/apartment.jpg
9298,e01a920f-62e8-4a76-b520-2533a62db795,22,(It) is equivalent to ten pounds in England,/Volumes/Spanish2Bundle/2Pictures/Flashcard/equivalent to.jpg
9374,ed73e080-61a9-448a-b63f-1db08af51064,22,"In the last century, only a well-behaved young man was permitted to dance with a girl.",/Volumes/Spanish2Bundle/2Pictures/Flashcard/well-behaved.jpg
9411,7ac57993-bb96-4bae-b3c6-e933c8e2b399,22,(He) felt ashamed when (he) went for dinner at his friends' house because (he) was very greedy.,/Volumes/Spanish2Bundle/2Pictures/Flashcard/greedy.jpg
9080,756b9688-1e7c-412c-b630-736f1ebf0695,22,The author of this book was a fireman when (he) was young.,/Volumes/Spanish2Bundle/2Pictures/Flashcard/fireman.jpg
9113,ba71c0c4-dd8f-4ad2-9ebc-0fb9f629e048,22,Roads are narrow in the Alps.,/Volumes/Spanish2Bundle/2Pictures/Flashcard/road.jpg
9430,8fabf2f4-86ca-435a-a848-81284ce25e7a,22,(I) am going to save your address in my directory. (inf.sing),/Volumes/Spanish2Bundle/2Pictures/Flashcard/save.jpg
9138,ae03e4be-bbec-4ac6-a257-0cd480d1c0fa,22,What do (you) want me to fry for you? A steak (b...) or a cutlet? (inf.sing),"/Volumes/Spanish2Bundle/2Pictures/Flashcard/cutlet ,chop.jpg"
9214,6eeec573-79cb-4dfe-8e29-9c424c887373,22,When (I) came down to open the door (she) had already disappeared!,"/Volumes/Spanish2Bundle/2Pictures/Flashcard/disappear ,v.jpg"
9166,13407f6c-bff1-421a-b72b-adfbd7cd17f3,22,The rabbit has eaten the lettuce.,/Volumes/Spanish2Bundle/2Pictures/Flashcard/rabbit.jpg
9172,768b17d6-2c5e-4237-b5f3-8f2608e17c36,22,Pollution is the cause of global warming.,/Volumes/Spanish2Bundle/2Pictures/Flashcard/pollution.jpg
9183,3b538f36-0d98-416a-a9f1-1ae130613fa2,22,My car suffered a breakdown at the road junction.,/Volumes/Spanish2Bundle/2Pictures/Flashcard/road junction.jpg
9228,9ff21d24-e00e-426c-8698-22f71fab9c8a,22,"This morning the sky was overcast, and now it's clear.",/Volumes/Spanish2Bundle/2Pictures/Flashcard/clear.jpg
9286,9f2522d8-d97d-413e-8d6b-a5833ba80120,22,"Suddenly (d..g..), (they) heard a noise. Actually","/Volumes/Spanish2Bundle/2Pictures/Flashcard/really ,actually.jpg"
9179,c8578495-6c6e-46cf-803d-ad2a1b81e72b,22,Commercial movies are those with higher costs.,/Volumes/Spanish1Bundle/1Pictures/Flashcard/cost.jpg
9457,6b2f3806-b702-4e5d-b328-1793ea590144,22,For dessert there are figs or grapefruit.,/Volumes/Spanish2Bundle/2Pictures/Flashcard/fig.jpg
9200,15f65e95-13d1-4108-812f-f12732ea5232,22,(You) have to make a decision as soon as possible. (inf.sing),/Volumes/Spanish2Bundle/2Pictures/Flashcard/decision.jpg
9210,2e5489eb-bef4-4d64-b6c1-b4cf63fd4fce,22,Is the fuel tank near the wing?,/Volumes/Spanish2Bundle/2Pictures/Flashcard/fuel tank.jpg
9238,4335ebcd-c075-4839-ae22-4af5bb093653,22,"Spell the word ""head-teacher (m)"". (inf.sing)",/Volumes/Spanish2Bundle/2Pictures/Flashcard/headteacher.jpg
9167,6eee8e2e-75ca-4860-9275-c00d828e1bae,22,The compact disc of this band (c…) will soon be in the charts.,/Volumes/Spanish2Bundle/2Pictures/Flashcard/band.jpg
9203,13ed071a-f2c6-4641-9bb5-38cae3be4601,22,It´s an offence to do that.,/Volumes/Spanish2Bundle/2Pictures/Flashcard/offence.jpg
9209,b00d68f5-4cbb-45a9-a065-51a69d7bc6bb,22,The sportsperson didn't like the umpire's decision.,/Volumes/Spanish2Bundle/2Pictures/Flashcard/sportsperson.jpg
9230,4b697fe5-9af3-4400-a184-83328ebee9fe,22,"(You)'re always frightening me, (I) hate you! (inf.sing)","/Volumes/Spanish2Bundle/2Pictures/Flashcard/hate ,detest ,v.jpg"
9187,d418bca7-8e5d-4af6-ac7b-ca4fba555bd0,22,How long have you been here? (inf.sing),/Volumes/Spanish2Bundle/2Pictures/Flashcard/how long.jpg
9213,fb43505d-e6c3-4d3c-8d85-9aaad2d13c89,22,(He) is an unpleasant person.,/Volumes/Spanish2Bundle/2Pictures/Flashcard/unpleasant.jpg
9281,c39ad336-3ae1-46c5-9ea9-cc6a0c60ec34,22,What is your boyfriend like? Handsome and clever? - Not at all! (inf.sing),"/Volumes/Spanish2Bundle/2Pictures/Flashcard/absolutely not ,Not at all.jpg"
9224,b5f11753-6d23-4958-a300-c707e71d0738,22,(We) will sign the agreement in my office.,"/Volumes/Spanish2Bundle/2Pictures/Flashcard/office ,dispatch.jpg"
9226,a3ea677c-aa03-47e3-9b2d-f9570499824d,22,(He) accompanied me to the airport and embraced me before saying goodbye to me.,"/Volumes/Spanish2Bundle/2Pictures/Flashcard/say goodbye to ,v.jpg"
9266,5cd568eb-9853-4436-9630-71e598f51189,22,These apprentices will become qualified electricians.,/Volumes/Spanish2Bundle/2Pictures/Flashcard/electrician.jpg
9308,2adbfac1-09a7-4ba3-ae34-bfbc2ba5cf6f,22,(We) need more space.,/Volumes/Spanish2Bundle/2Pictures/Flashcard/space.jpg
9417,6461b1b3-2237-4a7e-88d6-3fcc49a05374,22,They are using a new method to teach grammar.,/Volumes/Spanish2Bundle/2Pictures/Flashcard/grammar.jpg
9237,b96e9a97-d91c-4ff6-bd87-b597e6f780cc,22,The symbol of God is a cross.,/Volumes/Spanish2Bundle/2Pictures/Flashcard/God.jpg
9274,8b613eed-f9ce-4261-8a93-5904444c7eb4,22,The elephant-man was very ugly but also very emotional.,/Volumes/Spanish2Bundle/2Pictures/Flashcard/emotional.jpg
9373,a60ad305-6e94-49eb-b4dc-b6158ac0445e,22,Do (we) need any training to work on a farm?,/Volumes/Spanish2Bundle/2Pictures/Flashcard/training.jpg
9418,9c12e790-cf90-45ec-bebe-eed19ef4d03c,22,In three days (I)'ve scarcely lost five hundred grams!,/Volumes/Spanish2Bundle/2Pictures/Flashcard/gramme.jpg
9431,87564807-fcf7-4114-8a31-ee1cdaed3c1a,22,If only the government could debate about the ethics of war!,/Volumes/Spanish2Bundle/2Pictures/Flashcard/war.jpg
9452,8fd75d3d-df4d-4c44-bddb-2b2c43184da9,22,(We) have to get diesel oil for the helicopter.,/Volumes/Spanish2Bundle/2Pictures/Flashcard/helicopter.jpg
9262,cce7e188-03ee-4197-908d-0eb3ec2ad5d3,22,Educating a child also consists in teaching him to communicate.,"/Volumes/Spanish2Bundle/2Pictures/Flashcard/educate ,to bring up ,v.jpg"
9280,b3d97fc6-0795-4370-87b3-0d35a5da45c4,22,"Carmen wanted to be an artist, but today (she) is a businesswoman. (e…)",/Volumes/Spanish2Bundle/2Pictures/Flashcard/businessman.jpg
9303,9f1ad393-9a1c-487d-b270-6a8972e55145,22,This is a Scotsman and this woman is German.,/Volumes/Spanish2Bundle/2Pictures/Flashcard/Scotsman.jpg
9389,90341950-955a-4a2c-ad78-16e8ed5c19e1,22,There is a fountain in the square.,/Volumes/Spanish2Bundle/2Pictures/Flashcard/fountain.jpg
9459,459619e6-c81e-4039-8ecd-d93659c22807,22,The crocodile and the hippopotamus are both aquatic and land animals.,/Volumes/Spanish2Bundle/2Pictures/Flashcard/hippopotamus.jpg
9556,c8136a63-59c7-4105-bde9-a6bfb0da206a,22,Sometimes I.T. is not logical.,/Volumes/Spanish2Bundle/2Pictures/Flashcard/Logic.jpg
9299,bffe36d3-240a-4943-be63-72c5a621cda4,22,(I) was mistaken: (he) wasn't an interesting boy but a stupid boy.,/Volumes/Spanish2Bundle/2Pictures/Flashcard/mistaken.jpg
9301,990fffbe-31b0-4597-8881-eac5fe564362,22,The shop advertises a 15% discount on the articles in the shop-window.,/Volumes/Spanish2Bundle/2Pictures/Flashcard/shop window.jpg
9414,4d4639af-cada-4d8c-945c-1297d2283660,22,(I) enjoyed (go...) your presence and (I) can't get used to your absence. (inf.sing),"/Volumes/Spanish2Bundle/2Pictures/Flashcard/enjoy ,v (2).jpg"
9364,6bb3fbec-e92c-48e4-9234-c15752129bde,22,A cheque needs to be signed to be credited.,"/Volumes/Spanish2Bundle/2Pictures/Flashcard/sign ,v.jpg"
9378,9b63344a-03cf-45fb-b27b-ed4cf3d26bee,22,A photographer is hired at weddings.,/Volumes/Spanish2Bundle/2Pictures/Flashcard/photographer.jpg
9382,58de658a-dcb5-4be9-9b05-0fc7a0c0de1c,22,This man is a Scotsman and (she)'s a Frenchwoman,/Volumes/Spanish2Bundle/2Pictures/Flashcard/Frenchwoman.jpg
9388,41c89ac1-14bd-4419-8b71-533ba5c2977f,22,Take the tray out of the fridge. (inf.sing),"/Volumes/Spanish2Bundle/2Pictures/Flashcard/fridge ,refridgerator (US).jpg"
9558,db2b5cad-3b3b-46bf-ab30-d4dbd5abd02f,22,London is the capital of England.,/Volumes/Spanish2Bundle/2Pictures/Flashcard/London.jpg
9582,2ca490e8-2dd8-4f0a-a440-b46781447cb9,22,How do (you) succeed in maintaining your weight? (inf.sing),/Volumes/Spanish2Bundle/2Pictures/Flashcard/maintain.jpg
9306,bb0a993a-2913-4266-a27d-36efa35f5263,22,"The interview is going to start, sit down near the desk. (form.sing)","/Volumes/Spanish2Bundle/2Pictures/Flashcard/desk ,office.jpg"
9365,70bba2bf-9533-4cb7-a1aa-09414901e157,22,Boxing is a very physical sport.,/Volumes/Spanish2Bundle/2Pictures/Flashcard/physical.jpg
9416,cc41c69a-a99f-49a6-9f0a-c64d58102183,22,It's five degrees centigrade below zero but the sun is shining.,/Volumes/Spanish2Bundle/2Pictures/Flashcard/degree centigrade.jpg
9464,ba05c87f-3b6e-44d6-98f9-ae3d6817d2f1,22,Coca cola has as much sugar as almond drink.,/Volumes/Spanish2Bundle/2Pictures/Flashcard/almond drink.jpg
9539,b04f0d38-b985-48a7-b9c3-b4b604332d25,22,Stick your tongue out. (inf.sing),/Volumes/Spanish2Bundle/2Pictures/Flashcard/tongue.jpg
9550,b00f1082-eff7-4300-8f5d-e1089f8199ab,22,With this smooth material (I) will make myself a great dress.,"/Volumes/Spanish2Bundle/2Pictures/Flashcard/smooth ,flat.jpg"
9561,aaa4c31c-f04e-4fe6-b952-55c4fb067d2a,22,"We are not rich enough to frequent hotels where there is so much luxury, but (we) can take photos!",/Volumes/Spanish2Bundle/2Pictures/Flashcard/luxury.jpg
9652,618cd54b-9f4d-4e60-9918-16885e7684cb,22,She is normally calm.,/Volumes/Spanish2Bundle/2Pictures/Flashcard/normally.jpg
9686,34507052-c285-4bfc-b7e5-c53824f929da,22,"(You) won't be able to print this page, there's no paper. (inf.sing)",/Volumes/Spanish2Bundle/2Pictures/Flashcard/page.jpg
9419,4e43321e-91ff-4e70-9932-c74864f0f24e,22,(I) will go to Great Britain this summer.,/Volumes/Spanish2Bundle/2Pictures/Flashcard/Great Britain.jpg
9427,9543903f-7210-4f13-a9c0-fae8de3afa49,22,My sister sings in a choir and I sing in a rock band.,"/Volumes/Spanish2Bundle/2Pictures/Flashcard/group ,rock band.jpg"
9448,006b243e-f2bf-40db-935c-49ed557a6673,22,It is necessary to quarrel with this child for him to obey. What a shame.,"/Volumes/Spanish2Bundle/2Pictures/Flashcard/it is necessary ,it is important that.jpg"
9455,ec093804-c6c7-4e7b-85c1-e2fb503c5d2e,22,Steel and iron are more solid/harder than cardboard.,/Volumes/Spanish2Bundle/2Pictures/Flashcard/iron.jpg
9472,78c43ce7-113b-4d7b-af3a-f687a32fea8a,22,Imbecile people like him shouldn't exist.,/Volumes/Spanish2Bundle/2Pictures/Flashcard/imbecile.jpg
9591,b28a8d0a-b98a-4418-a534-ec7d3c43bcef,22,Her explanation convinced the majority of (the) people.,/Volumes/Spanish2Bundle/2Pictures/Flashcard/majority.jpg
9560,44f12eed-bc99-461e-9ed7-c47e35a45268,22,(She) devoted her life to the struggle for the ideas of justice and freedom.,/Volumes/Spanish2Bundle/2Pictures/Flashcard/struggle.jpg
9592,54ed8910-a2b3-46a3-954b-e01914efd118,22,(We) must save the environment.,/Volumes/Spanish2Bundle/2Pictures/Flashcard/environment.jpg
9619,f57eb5e1-ba85-440e-b8c8-bf6045f31f0e,22,The waitress puts the dirty cutlery on the counter.,/Volumes/Spanish2Bundle/2Pictures/Flashcard/counter.jpg
9438,b2187ef1-2377-474b-927f-bf1e5a60932e,22,The weather is windy so (we)'re going to fly a kite.,/Volumes/Spanish2Bundle/2Pictures/Flashcard/the weather is windy.jpg
9674,c333344e-0dd8-4bd9-887f-2454f1020941,22,The P.E. teacher gives us orders us as if (he) were a military man. (m),"/Volumes/Spanish2Bundle/2Pictures/Flashcard/command ,order.jpg"
9535,21c7b8fa-5ee2-4039-a0c8-5c137c64af00,22,The washing powder is near the washing machine. (l..r..),/Volumes/Spanish2Bundle/2Pictures/Flashcard/washing machine (2).jpg
9569,b85e522e-8517-4d05-97e5-96509c037d91,22,"(I) like to get up early, so that (I) have time to get washed.",/Volumes/Spanish2Bundle/2Pictures/Flashcard/get up early.jpg
9630,af14c89a-6431-44dc-92e6-85b267d0303a,22,"(I) am lending you this compact disc. (You) will like it, it's pop music only. (inf.sing)",/Volumes/Spanish2Bundle/2Pictures/Flashcard/pop music.jpg
9779,9913b0e1-f6fb-4514-b1b2-83a2eb46eb72,22,The arrest was an opportunity for the rescue of the hostage.,/Volumes/Spanish2Bundle/2Pictures/Flashcard/rescue.jpg
9719,9766ee03-fe2f-4ec1-9358-4a6778ed5dc1,22,The polar bear and the penguin live in cold areas.,/Volumes/Spanish2Bundle/2Pictures/Flashcard/penguin.jpg
9776,751198bc-eaa8-4ff0-aac9-a3b2cef2b6da,22,Wales is part of the United Kingdom.,/Volumes/Spanish2Bundle/2Pictures/Flashcard/United Kingdom.jpg
9845,bf1f1549-a90a-4003-905f-92497b88fd50,22,The roof is on top of the ceiling.,/Volumes/Spanish2Bundle/2Pictures/Flashcard/roof.jpg
9836,338f60ad-c06f-42c2-b422-c18bc0ab61fb,22,(We) will start in the northwest and will finish in the south.,/Volumes/Spanish2Bundle/2Pictures/Flashcard/south.jpg
9449,b36be04a-f67d-4647-bcf2-fbcfb28b1bde,22,The journalist makes a very good analysis of the facts.,/Volumes/Spanish2Bundle/2Pictures/Flashcard/fact.jpg
9462,a4c88602-6e45-4c49-b3c8-15ecf13fcf7a,22,The ache goes up from the elbow to the shoulder.,/Volumes/Spanish2Bundle/2Pictures/Flashcard/shoulder.jpg
9616,537b3e8f-72f3-4b02-bc3b-81429f0b5172,22,In the mountains (one) mustn't pick wild flowers.,/Volumes/Spanish2Bundle/2Pictures/Flashcard/mountain.jpg
9847,f3115562-5cc2-48b2-a9cc-0e1b69f2b548,22,"In this shop, the shop assistant doesn't get on with the shopkeeper.",/Volumes/Spanish2Bundle/2Pictures/Flashcard/shopkeeper.jpg
9553,c20f5c9f-3d39-4ba9-a834-5294242c03f4,22,(I) have to fill in this form.,/Volumes/Spanish2Bundle/2Pictures/Flashcard/fill.jpg
9570,d259e92a-db8a-46d9-93e0-5083baee73e3,22,Today (he) is a manager and (he) is learning to be a teacher.,/Volumes/Spanish2Bundle/2Pictures/Flashcard/teacher (m) (primary school).jpg
9852,237ee310-ea18-4222-8cdf-a5320a9f5ee0,22,Do you know the tale of the tiger and the rat? (inf.sing),/Volumes/Spanish2Bundle/2Pictures/Flashcard/tiger.jpg
9605,438dc323-9ece-4d37-9327-0c84f1f222f8,22,(They) put these skirts at half price and they are already sold out.,/Volumes/Spanish2Bundle/2Pictures/Flashcard/half price.jpg
9853,6fea0c0b-c585-470c-a861-45da4f15711b,22,When the bell rings the pupils go running out of the classroom.,/Volumes/Spanish2Bundle/2Pictures/Flashcard/bell.jpg
9668,b997ed9f-9290-44ff-a641-cc669a20d19a,22,(He) raised his hat and offered her a cup of tea.,"/Volumes/Spanish2Bundle/2Pictures/Flashcard/offer ,v.jpg"
9691,25339a96-d6e7-475f-90a0-37896f64bb91,22,Your handkerchief is in the pocket of your raincoat. (inf.sing),/Volumes/Spanish2Bundle/2Pictures/Flashcard/handkerchief.jpg
9542,294c2d69-9037-48fa-a737-1becb3ce968e,22,The elephant and the lion live in the African savannah.,/Volumes/Spanish2Bundle/2Pictures/Flashcard/lion.jpg
9546,63a4959a-40e7-498b-8cdf-7548879b1e7e,22,"(I)´ll have a vanilla milkshake, please. (LAm)",/Volumes/Spanish2Bundle/2Pictures/Flashcard/milkshake.jpg
9572,9d2b29af-e61b-4d9c-8a9f-074c7bcec83f,22,I didn't find it fair that my father quarrelled with me only because (he) was bad-humoured.,/Volumes/Spanish2Bundle/2Pictures/Flashcard/bad-humoured.jpg
9610,dfc22138-32fe-4ef1-91d4-16adf1eab734,22,(I) don't like the way you speak. (inf.sing),"/Volumes/Spanish2Bundle/2Pictures/Flashcard/way ,manner.jpg"
9612,d5f6e9b3-41ba-4881-99e8-3ae63e97f9a0,22,The weather is bad: (we) are getting soaked.,/Volumes/Spanish2Bundle/2Pictures/Flashcard/get soaked.jpg
9613,836eb03b-a36d-4bf5-acee-2f4e3998710b,22,It bothers me that you are throwing (l...) this ball. (inf.sing),/Volumes/Spanish2Bundle/2Pictures/Flashcard/bother.jpg
9701,7739d134-0308-42a1-bb36-dfed6df8a0cc,22,In the past people used to get up at daybreak.,/Volumes/Spanish2Bundle/2Pictures/Flashcard/past.jpg
9608,1fa15311-8efb-4099-a98f-c58d4a8067be,22,(I) want a piece of information about how to use the modem.,/Volumes/Spanish2Bundle/2Pictures/Flashcard/modem.jpg
9611,dfb54e80-25ab-4fbd-b78e-f3afb8f4171d,22,He didn't take his umbrella and came back soaked.,"/Volumes/Spanish2Bundle/2Pictures/Flashcard/soaked ,wet.jpg"
9660,501b50a0-865d-4dea-955e-f2b71d6d79f8,22,Nowadays studying is compulsory.,/Volumes/Spanish2Bundle/2Pictures/Flashcard/compulsory.jpg
9692,0ef3eada-3cfb-4ba1-ad16-af032ecdfc8d,22,The pupils copy (take down) on a sheet of paper.,/Volumes/Spanish2Bundle/2Pictures/Flashcard/paper.jpg
9718,eb4b6e98-2741-4477-ab8a-c3735d1b9142,22,(I) like green peppers.,/Volumes/Spanish2Bundle/2Pictures/Flashcard/pepper (peperoni).jpg
9720,a116e2b1-8463-4316-a237-81e988ec9539,22,Thanks to the alarm thieves can't come in the flat.,"/Volumes/Spanish2Bundle/2Pictures/Flashcard/flat (Br) ,floor-storey.jpg"
9750,0a694140-ef5d-4051-a534-b2c83ae57696,22,(I) promise you (I) won't stain my shirt! (inf.sing),/Volumes/Spanish2Bundle/2Pictures/Flashcard/promise.jpg
9678,cb8c0753-decd-4e52-9ca9-5dbc0d171296,22,There's no hope without pride.,/Volumes/Spanish2Bundle/2Pictures/Flashcard/pride.jpg
9765,2fe1b522-9126-4489-802a-e9c1033a7d4a,22,There are final reductions in the store tomorrow.,/Volumes/Spanish2Bundle/2Pictures/Flashcard/reductions.jpg
9689,777d7f20-c12a-4e5c-89ba-38fa350f45f4,22,The doves are nesting in the treetops.,/Volumes/Spanish2Bundle/2Pictures/Flashcard/dove.jpg
9731,d13f82af-6e7c-49d1-9b09-52a28c6e8df3,22,Flour looks like white powder.,/Volumes/Spanish2Bundle/2Pictures/Flashcard/powder.jpg
9747,5c49f6ff-f2d0-46aa-a27d-e44e10ad6170,22,They want to try out the new car. (m),"/Volumes/Spanish2Bundle/2Pictures/Flashcard/try out ,v.jpg"
9756,0ffa7ebb-9f23-4616-b950-3dbe3c4d5bd3,22,"Finally (you) are here! -  But, what time is it? (inf.sing)",/Volumes/Spanish2Bundle/2Pictures/Flashcard/What is the time.jpg
9788,c758259e-0da6-4bec-8351-6a0bde1848a8,22,(I) like lacy underclothes.,/Volumes/Spanish2Bundle/2Pictures/Flashcard/underclothes.jpg
9808,8c2e315a-ba7c-4920-980f-495bbc5da91f,22,Pity is a feeling one feels at least once in their life.,/Volumes/Spanish1Bundle/1Pictures/Flashcard/feeling.jpg
9656,2e612905-f980-4990-b813-4aa3a4c8dd2f,22,Cloudiness affects aircraft flights.,/Volumes/Spanish2Bundle/2Pictures/Flashcard/cloudiness.jpg
9650,31521037-77ef-4f25-82ef-21d3c0a24cd4,22,We usually celebrate Christmas Eve with our parents.,/Volumes/Spanish2Bundle/2Pictures/Flashcard/Christmas Eve.jpg
9670,e4aa9318-f60c-4159-8685-d8f6790362ca,22,If only (I) had shut the door!,/Volumes/Spanish2Bundle/2Pictures/Flashcard/if only.jpg
9683,264aeb97-32a7-4609-aadd-d21663c06907,22,(I) am fed up with having patience! (f),/Volumes/Spanish2Bundle/2Pictures/Flashcard/patience.jpg
9713,90edac4e-e220-4c0c-bef1-8756ab0ad1f9,22,In Europe,/Volumes/Spanish2Bundle/2Pictures/Flashcard/paraqueet.jpg
9722,7c0b170c-cf1f-4cb3-88a3-6c585d903442,22,The household chore (I) prefer is ironing.,"/Volumes/Spanish2Bundle/2Pictures/Flashcard/iron ,v.jpg"
9681,150356e1-9391-44d1-a130-30aef58d16cb,22,Darkness will fall soon.,/Volumes/Spanish2Bundle/2Pictures/Flashcard/darkness.jpg
9743,c9f2ce80-2174-4503-af5f-92d02d7186eb,22,The fixed price menu appears in the price list.,/Volumes/Spanish2Bundle/2Pictures/Flashcard/fixed price.jpg
9868,d85af979-a9b6-483b-94cb-551dfdd9fde9,22,(You) have to wear a tie if (you) put on this suit. (inf.sing),/Volumes/Spanish2Bundle/2Pictures/Flashcard/suit.jpg
9796,8ad3fc98-e569-477e-be95-07c477e9d7fa,22,You don't need lenses because your eyes enjoy good health. (inf.sing),/Volumes/Spanish2Bundle/2Pictures/Flashcard/health.jpg
9813,cf91740e-40bc-4096-8bdf-ac0bedab9745,22,When (he) is good-humoured,/Volumes/Spanish2Bundle/2Pictures/Flashcard/severe.jpg
9745,ea8b55f0-0eab-4f3c-a3d2-96be5efc6369,22,My brother doesn't worry (p...) about anything and forgets everything.,"/Volumes/Spanish2Bundle/2Pictures/Flashcard/worry ,v (2).jpg"
9770,78b4ec93-a953-472c-9d3e-9da4268d6cc6,22,The hotel porter must sell souvenirs.,/Volumes/Spanish2Bundle/2Pictures/Flashcard/souvenir.jpg
9772,b5bd4e73-7a5a-4465-bcef-e8ee127d3cf8,22,(I) already have your birthday present. (inf.sing),/Volumes/Spanish2Bundle/2Pictures/Flashcard/present.jpg
9775,cc671751-8c38-4716-b7cd-2ffb06664787,22,How are (you)? - So-so. (inf.sing),"/Volumes/Spanish2Bundle/2Pictures/Flashcard/regular ,OK ,so-so ,alright.jpg"
9811,a3731e23-5d83-4a0e-8700-34837b0786bc,22,Where are the toilets (services)? - At the end of the corridor.,/Volumes/Spanish2Bundle/2Pictures/Flashcard/toilets (2).jpg
9834,37be0ebd-c362-4fdd-8882-fbdd291b6356,22,(I) sweat every time (I) have this dream.,/Volumes/Spanish2Bundle/2Pictures/Flashcard/dream.jpg
9840,40e51a0f-149a-4551-bf10-7e5460c95912,22,(I) need many documents to obtain a credit card.,/Volumes/Spanish2Bundle/2Pictures/Flashcard/credit card.jpg
9854,0ecafafa-2d86-40c1-8be8-5c0ba4f0a248,22,This girl is not talkative because (she)'s very shy.,/Volumes/Spanish2Bundle/2Pictures/Flashcard/shy.jpg
9734,e4a3388f-617b-4f66-9598-28013f7907f8,22,If (you) go this way the shop will be few distance from here. (inf.sing),/Volumes/Spanish2Bundle/2Pictures/Flashcard/this way.jpg
9740,9215776b-7236-44a4-84b0-af4d5be19d70,22,In my office (I)'ve put a poster of a beach to forget the noise of the city.,/Volumes/Spanish2Bundle/2Pictures/Flashcard/poster.jpg
9778,2ba68a85-2df8-46f2-83ca-6fa5affc5d1a,22,We will give you a 20% discount on the delivery of this product. (form.sing),/Volumes/Spanish1Bundle/1Pictures/Flashcard/delivery.jpg
9798,0f218c1a-e4c5-4187-94b7-e6efe2178ff9,22,(I) greet him even though (I) hate him.,/Volumes/Spanish2Bundle/2Pictures/Flashcard/greet.jpg
9877,ca21d3f7-6110-450a-a9fd-a45a17190d8d,22,This vegetarian woman has given me a good tip.,/Volumes/Spanish2Bundle/2Pictures/Flashcard/vegetarian.jpg
9867,52f313df-e1f7-45e3-b4e6-223328c7a9c8,22,There are very ancient traditions all over the world.,/Volumes/Spanish2Bundle/2Pictures/Flashcard/tradition.jpg
9712,e102c25d-40b7-4656-98b6-811954f3ab10,22,It seems you don't like to lose! (inf.sing),/Volumes/Spanish2Bundle/2Pictures/Flashcard/lose.jpg
9716,b9453305-7d40-4ac4-93de-45615c6daa2a,22,(I) prefer jackets made of leather.,/Volumes/Spanish2Bundle/2Pictures/Flashcard/leather.jpg
9733,6d0ce964-2812-47e8-b4ae-5518479dd880,22,Lay the table while (I) prepare the meal. (inf.sing),/Volumes/Spanish2Bundle/2Pictures/Flashcard/lay the table.jpg
9785,f8daee8f-abe1-4dce-8de0-ff6105f3e42e,22,(I) hit his buttocks and (he) fell down on his knees.,/Volumes/Spanish2Bundle/2Pictures/Flashcard/knee.jpg
9857,d2979866-e8b4-4222-83da-71c943dc6712,22,The teacher (m) uses a chalk to write on the blackboard.,/Volumes/Spanish2Bundle/2Pictures/Flashcard/chalk.jpg
9882,3217b83b-70b2-47c5-9fa6-3a2277b56ed9,22,All the members of the club congratulated the football players in the dressing room.,/Volumes/Spanish2Bundle/2Pictures/Flashcard/dressing room.jpg
9888,1a106f5c-08b7-46a2-9fa6-d82b8d20c762,22,(She) speaks quietly (in a low voice) to her baby when (she) breast-feeds him.,/Volumes/Spanish2Bundle/2Pictures/Flashcard/voice.jpg
9744,0fa5a88a-3021-494c-b409-bba84081e4f5,22,The neighbour is worried (p…) because her son has had an accident and it's serious.,/Volumes/Spanish2Bundle/2Pictures/Flashcard/worried.jpg
9748,ed12dac5-ebbb-4f4d-8c61-6b6ef4b4119d,22,A third world war would set up many problems.,/Volumes/Spanish2Bundle/2Pictures/Flashcard/problem.jpg
9766,38a68203-be4a-4338-860d-387b10baad4d,22,You can do up (close) the cardigan with a button or with a belt. (inf.sing),/Volumes/Spanish2Bundle/2Pictures/Flashcard/cardigan.jpg
9838,183fbf9b-b1ad-4b86-879c-2027c97e8c65,22,"The ticket office is at the end of the corridor, it's very simple!",/Volumes/Spanish2Bundle/2Pictures/Flashcard/ticket office - booking office.jpg
9801,028fd5a9-55bf-42f5-b161-1dd9546a96c8,22,(I) cut my thumb and (I) sucked the blood with my tongue.,/Volumes/Spanish2Bundle/2Pictures/Flashcard/blood.jpg
9875,b589221d-a4a7-44e7-a3d8-225b23b57fd3,22,Basques and people native of Galicia have their own idiom.,/Volumes/Spanish2Bundle/2Pictures/Flashcard/Basque.jpg
9786,98c40ab9-d05e-4c74-85fc-60a1adac32ac,22,The thief hit him and broke everything (he) couldn't take.,"/Volumes/Spanish2Bundle/2Pictures/Flashcard/break ,to smash.jpg"
9810,dee51ac5-f1e9-4cf7-a638-54ed73789ae8,22,Thank you very much!  (Many thanks!) -  (I) am at your service! (form.sing),/Volumes/Spanish2Bundle/2Pictures/Flashcard/service.jpg
9815,ef22d784-aa6c-4056-96db-8bb4d440f2c9,22,Madrid drew and Barcelona's supporters whistled.,/Volumes/Spanish2Bundle/2Pictures/Flashcard/whistle.jpg
9844,eebe752e-7482-458b-b902-7bedb8747625,22,(One) needs a keyboard to play the piano.,/Volumes/Spanish2Bundle/2Pictures/Flashcard/keyboard.jpg
9859,38d6e9c2-9404-454d-a712-018cb5000993,22,Your ankles are too large for these shoes. (inf.sing),/Volumes/Spanish2Bundle/2Pictures/Flashcard/ankle.jpg
9878,de19b147-4a7e-4f99-8062-9a388c215dd1,22,"(I) can't believe the result, Spain beat (v...) Italy!","/Volumes/Spanish2Bundle/2Pictures/Flashcard/beat ,v (2).jpg"
9891,50b9e405-3219-4404-8825-d3c0bbeb721d,22,(I) prefer fruit juice (Sp) to beer.,/Volumes/Spanish2Bundle/2Pictures/Flashcard/fruit juice.jpg
9497,f392d97a-3b31-4dc5-8d8e-81db081b4812,22,Come here this instant! (inf.sing),/Volumes/Spanish2Bundle/2Pictures/Flashcard/instant.jpg
9334,1cde3f18-089d-4747-b8d7-d3ebfc9f1f8d,22,Great Britain is part of the European Economic Community.,/Volumes/Spanish2Bundle/2Pictures/Flashcard/European.jpg
312,d5fe5365-4409-43c4-9559-12c1a979b6c8,1,leg,/Volumes/Spanish1Bundle/1Pictures/Flashcard/leg.jpg
152,7fc776e3-9b61-453d-b5ba-5ea278f67936,1,invitation,/Volumes/Spanish1Bundle/1Pictures/Flashcard/invitation.jpg
172,e906e2ad-8621-4390-b79f-314ce84659bd,1,angry,/Volumes/Spanish1Bundle/1Pictures/Flashcard/angry.jpg
192,6730d0fa-4231-42d6-9ff0-3baefcdf6d50,1,open,/Volumes/Spanish1Bundle/1Pictures/Flashcard/open.jpg
151,37fbc3ee-14bf-4daf-91cc-a85562285aa4,1,humor,/Volumes/Spanish1Bundle/1Pictures/Flashcard/humour.jpg
4,cb56456a-2d6e-4e56-8200-c68577f8eac2,1,classroom,/Volumes/Spanish1Bundle/1Pictures/Flashcard/classroom.jpg
53,ed897957-89c9-4970-a6d2-d3e69ec3c1dc,1,play ground,/Volumes/Spanish1Bundle/1Pictures/Flashcard/play ground.jpg
148,f301e836-975e-4bf6-b135-8569cfbb7c38,1,to fall in love,/Volumes/Spanish1Bundle/1Pictures/Flashcard/fall in love.jpg
250,450a28fe-7f13-435c-a0cc-27de20ad34cf,1,champagne,/Volumes/Spanish1Bundle/1Pictures/Flashcard/champagne.jpg
270,3a578a35-dd0c-47a3-a720-ed9aacacf283,1,"kitchen, stove, cookery","/Volumes/Spanish1Bundle/1Pictures/Flashcard/kitchen, stove, cookery.jpg"
29,47949b82-613e-4f09-b4aa-3affb927ab50,1,accommodation,/Volumes/Spanish1Bundle/1Pictures/Flashcard/accommodation.jpg
521,ca12544d-02fa-42c5-b740-693c0354669e,1,countryside,/Volumes/Spanish1Bundle/1Pictures/Flashcard/countryside.jpg
279,7a07e76a-7dd2-4e1b-99c7-1f8e2c069df6,1,mug,/Volumes/Spanish1Bundle/1Pictures/Flashcard/mug.jpg
258,d32ffd5b-395a-4064-9407-b4f75a486664,1,slice (of meat),/Volumes/Spanish1Bundle/1Pictures/Flashcard/slice (of meat).jpg
289,89829489-1082-43e4-916c-389c605e76d0,1,cloth,/Volumes/Spanish1Bundle/1Pictures/Flashcard/cloth.jpg
300,0d1ce848-316a-469d-818d-7ee5b0fe75c5,1,bone,/Volumes/Spanish1Bundle/1Pictures/Flashcard/bone.jpg
358,e4f0ddc9-f331-4119-84b9-2a26e809e238,1,turkey,/Volumes/Spanish1Bundle/1Pictures/Flashcard/turkey.jpg
28,f164640a-b0fe-46e9-9d7c-84382c5e6588,1,village,/Volumes/Spanish1Bundle/1Pictures/Flashcard/village.jpg
48,a0968744-d7a1-4c8a-96d7-accb0ebb93b1,1,church,/Volumes/Spanish1Bundle/1Pictures/Flashcard/church.jpg
313,a662c76e-9ea2-440f-9dbf-1186444b2da3,1,right now,/Volumes/Spanish1Bundle/1Pictures/Flashcard/right now.jpg
323,8bae5282-1a00-4834-85b2-902c7f3e76fd,1,end,/Volumes/Spanish1Bundle/1Pictures/Flashcard/end.jpg
20,82a88eba-ee19-46c7-9d27-957cd0e90a47,1,pencil,/Volumes/Spanish1Bundle/1Pictures/Flashcard/pencil.jpg
165,2f1cc6a5-3621-4241-9ea2-2a89b5b711c9,1,tired,/Volumes/Spanish1Bundle/1Pictures/Flashcard/tired.jpg
640,a76ac114-76a2-418c-9758-2c8f7673f10f,1,parents,/Volumes/Spanish1Bundle/1Pictures/Flashcard/parents.jpg
242,aaaa0303-383a-4ee9-aef9-6e165c415762,1,tuna (tunny fish),"/Volumes/Spanish1Bundle/1Pictures/Flashcard/tuna, tunny fish.jpg"
262,d796e638-0075-441c-800b-1f3efab04fb0,1,sangria,/Volumes/Spanish1Bundle/1Pictures/Flashcard/sangria.jpg
5,c915e1d2-63c3-4b13-99d9-de408e0d93e5,1,pen,"/Volumes/Spanish1Bundle/1Pictures/Flashcard/pen, fountain pen.jpg"
15,abada132-b999-4604-bef1-a2ac017dc9b4,1,effort,/Volumes/Spanish1Bundle/1Pictures/Flashcard/effort.jpg
25,27f088da-b2ad-4935-bcc0-bd57e4ead319,1,test,/Volumes/Spanish1Bundle/1Pictures/Flashcard/test.jpg
75,6376078f-84fc-4f2b-b704-876f7cebe968,1,spring,/Volumes/Spanish1Bundle/1Pictures/Flashcard/spring.jpg
150,d7fd4ecf-183c-4b24-8a25-650b3a18e989,1,pleasure,/Volumes/Spanish1Bundle/1Pictures/Flashcard/pleasure.jpg
214,382fae44-945d-4b1c-8a27-723799286e83,1,bar snacks,/Volumes/Spanish1Bundle/1Pictures/Flashcard/bar snacks.jpg
255,fa4a95d3-fba5-4ae2-af5c-9b5bca9d5840,1,juice,/Volumes/Spanish1Bundle/1Pictures/Flashcard/juice.jpg
126,01f86f2a-59cb-47bb-9362-72a975a9fba6,1,wall (interior),/Volumes/Spanish1Bundle/1Pictures/Flashcard/wall (interior).jpg
215,c8f72152-2e63-46bc-8663-2fceb30333d7,1,fork,/Volumes/Spanish1Bundle/1Pictures/Flashcard/fork.jpg
257,453e0113-a7fe-4190-94ac-3e1495c214aa,1,lemonade,/Volumes/Spanish1Bundle/1Pictures/Flashcard/lemonade.jpg
288,9baa342a-43b7-49a6-9703-45057b873c72,1,cup,/Volumes/Spanish1Bundle/1Pictures/Flashcard/cup.jpg
319,764944a6-74d0-45d2-b216-7187125ddfab,1,suddenly,/Volumes/Spanish1Bundle/1Pictures/Flashcard/suddenly.jpg
347,6041a368-0f17-4361-be43-5a6232d0a5ad,1,pig,/Volumes/Spanish1Bundle/1Pictures/Flashcard/pig.jpg
357,74767965-7e6e-4819-997b-b12c93ddc3e4,1,duck,/Volumes/Spanish1Bundle/1Pictures/Flashcard/duck.jpg
119,7b9d5de9-ca35-4cd8-b3e1-bc665fa6ac05,1,room (habitat),/Volumes/Spanish1Bundle/1Pictures/Flashcard/room (habitat).jpg
129,483dff35-c3d5-4183-b8d5-a773646b6cb1,1,to burn,/Volumes/Spanish1Bundle/1Pictures/Flashcard/burn.jpg
460,ca8e8bb5-a5b1-4c72-b38e-c4777607dada,1,bus stop,/Volumes/Spanish1Bundle/1Pictures/Flashcard/bus stop.jpg
253,fdf5664f-a974-45a2-aafa-8d6c529c0b84,1,hamburger,/Volumes/Spanish1Bundle/1Pictures/Flashcard/hamburger.jpg
263,9b18e1bf-8e5e-47fa-b214-e42ab4974756,1,tea,/Volumes/Spanish1Bundle/1Pictures/Flashcard/tea.jpg
273,e901108e-d3b9-471f-963c-f001e7487e4a,1,sink,/Volumes/Spanish1Bundle/1Pictures/Flashcard/sink.jpg
363,e55a73b4-b224-4764-94d2-6d27b0ed9163,1,cow,/Volumes/Spanish1Bundle/1Pictures/Flashcard/cow.jpg
426,03beb150-59b0-49a5-ab98-eb8d0def4013,1,umbrella,/Volumes/Spanish1Bundle/1Pictures/Flashcard/umbrella.jpg
1626,5153d8aa-af29-4f93-8b1c-e07c5da92c2a,2,nylon,/Volumes/Spanish2Bundle/2Pictures/Flashcard/nylon.jpg
274,c297941a-25e2-4449-9d6d-3721d304ad8a,1,gas,/Volumes/Spanish1Bundle/1Pictures/Flashcard/gas.jpg
344,642a32a8-2138-4db2-be56-c0f0c9b9b1b4,1,donkey,/Volumes/Spanish1Bundle/1Pictures/Flashcard/donkey.jpg
385,876dc35f-d275-4a23-bd54-98ebd6b217f9,1,"carpet, rug","/Volumes/Spanish1Bundle/1Pictures/Flashcard/carpet, rug.jpg"
577,4b220a5f-a652-4e55-b9d2-8cd42527f4ca,1,to draw,/Volumes/Spanish1Bundle/1Pictures/Flashcard/draw.jpg
607,f98b722d-2472-4837-a050-caab72fc02e7,1,beautiful (fine),/Volumes/Spanish1Bundle/1Pictures/Flashcard/beautiful (fine).jpg
225,aa77764e-eac1-4c47-bcf8-baa4cca77a44,1,money,/Volumes/Spanish1Bundle/1Pictures/Flashcard/money.jpg
266,84dd5e40-b41f-478b-a067-df111c86a297,1,to shake,/Volumes/Spanish1Bundle/1Pictures/Flashcard/shake.jpg
387,ae90ca2a-cd45-4c8e-ab00-8b3c98c1bbe4,1,cushion,/Volumes/Spanish1Bundle/1Pictures/Flashcard/cushion.jpg
419,546cf02e-a383-4448-a269-deddd586246d,1,skirt,/Volumes/Spanish1Bundle/1Pictures/Flashcard/skirt.jpg
579,27f51d55-be13-4073-9964-a2e7c8703e68,1,amusing,/Volumes/Spanish1Bundle/1Pictures/Flashcard/amusing.jpg
283,32500bc1-fcaa-425d-855f-c115743cb6be,1,microwave,/Volumes/Spanish1Bundle/1Pictures/Flashcard/microwave.jpg
304,4dd8a94f-4a1e-41ee-a818-8515565aad45,1,to bite,/Volumes/Spanish1Bundle/1Pictures/Flashcard/bite.jpg
352,9125071d-5346-4f34-926f-101ce3872177,1,monkey,/Volumes/Spanish1Bundle/1Pictures/Flashcard/monkey.jpg
362,a1c5fe91-65e1-47e3-9c9d-4d5bfcfb6c4e,1,bull,/Volumes/Spanish1Bundle/1Pictures/Flashcard/bull.jpg
383,0ddf9788-3a64-4ed3-9493-b5e541931d06,1,broken,/Volumes/Spanish1Bundle/1Pictures/Flashcard/broken.jpg
394,5b14f038-20b0-4a66-897f-4b0ca31777be,1,alarm clock,/Volumes/Spanish1Bundle/1Pictures/Flashcard/alarm clock.jpg
415,f65fba99-16db-480f-8e1c-c82e7b20fba8,1,socks,/Volumes/Spanish1Bundle/1Pictures/Flashcard/socks.jpg
290,083311bb-9b13-407b-a1c1-e6190eb5459c,1,beard,/Volumes/Spanish1Bundle/1Pictures/Flashcard/beard.jpg
311,592a3560-0c1e-4f4f-86c0-89b0b6efaa5f,1,foot,/Volumes/Spanish1Bundle/1Pictures/Flashcard/foot.jpg
339,7133168d-ed29-43b0-b97c-5040b1d5af11,1,bee,/Volumes/Spanish1Bundle/1Pictures/Flashcard/bee.jpg
359,fc4c9110-3748-484b-a37e-5ba9ccaeaa46,1,dog,/Volumes/Spanish1Bundle/1Pictures/Flashcard/dog.jpg
370,982c1627-e2ad-4a46-97af-cfc1188983b7,1,to hurt,/Volumes/Spanish1Bundle/1Pictures/Flashcard/hurt.jpg
422,bc68125f-1e44-4764-bd25-1cf3c4a2fd04,1,jersey,/Volumes/Spanish1Bundle/1Pictures/Flashcard/jersey.jpg
502,cea5cad3-8c30-42de-bfa5-e7221968a4f3,1,to go,/Volumes/Spanish1Bundle/1Pictures/Flashcard/go.jpg
582,6a7c364e-63cf-4bb4-89e3-1e59fdfba802,1,"holiday ,party",/Volumes/Spanish1Bundle/1Pictures/Flashcard/holiday.jpg
345,f54cbae5-098a-4495-8368-272d76d229b7,1,horse,/Volumes/Spanish1Bundle/1Pictures/Flashcard/horse.jpg
408,36734be4-7254-47b1-a689-b7194c5270a6,1,to be sleepy,/Volumes/Spanish1Bundle/1Pictures/Flashcard/be sleepy.jpg
467,a4b636bd-b783-412b-bf85-f09c7855a5aa,1,before,/Volumes/Spanish1Bundle/1Pictures/Flashcard/before.jpg
547,601016d4-7e86-41db-9dc8-01e2b3efe9ab,1,cabbage,/Volumes/Spanish1Bundle/1Pictures/Flashcard/cabbage.jpg
769,a439e028-e190-4e3e-b717-11839ff69e1d,1,dark (obscure),/Volumes/Spanish1Bundle/1Pictures/Flashcard/dark (obscure).jpg
340,27ff3005-7fff-48e0-8dd5-f3640b916433,1,animal,/Volumes/Spanish1Bundle/1Pictures/Flashcard/animal.jpg
371,69643127-4e2b-4ea9-8ff5-6966bdc3d536,1,"ache, pain","/Volumes/Spanish1Bundle/1Pictures/Flashcard/ache, pain.jpg"
402,8d661431-58e7-4ea0-8263-8248007a7ffd,1,to get up,/Volumes/Spanish1Bundle/1Pictures/Flashcard/get up.jpg
433,fb27c40d-36a3-4fe1-b181-47dc64254409,1,shoe,/Volumes/Spanish1Bundle/1Pictures/Flashcard/shoe.jpg
483,b53daeb8-5cae-41f4-ae2d-8a2ce9ac81a1,1,always,/Volumes/Spanish1Bundle/1Pictures/Flashcard/always.jpg
382,25430b8b-0410-4bf0-b04b-6d4e3331903b,1,"to bite, prick, sting, chop","/Volumes/Spanish1Bundle/1Pictures/Flashcard/bite,prick, sting,chop.jpg"
393,6bf0bff2-8af4-46a4-95ee-112a6e46d465,1,picture,/Volumes/Spanish1Bundle/1Pictures/Flashcard/picture.jpg
553,69bb5f55-4b0c-4c48-9cfd-928a12fd3e30,1,lemon,/Volumes/Spanish1Bundle/1Pictures/Flashcard/lemon.jpg
594,00fed935-182c-4d7a-bee7-9feb27521f2a,1,adult (m/f),/Volumes/Spanish1Bundle/1Pictures/Flashcard/adult.jpg
604,7d7f7c18-2ea6-4bcc-accd-0a7db575405a,1,"faithful person, follower","/Volumes/Spanish1Bundle/1Pictures/Flashcard/faithful person, follower.jpg"
827,2a7a4992-f615-4e74-bafb-e8170f610698,1,expenses,/Volumes/Spanish1Bundle/1Pictures/Flashcard/expenses.jpg
887,790125ff-9103-4b0e-b244-0c8fafcfc775,1,behind (at the back),/Volumes/Spanish1Bundle/1Pictures/Flashcard/behind (at the back).jpg
430,ab288463-cbed-4659-b451-ecf5f6e91913,1,"sweater, jumper","/Volumes/Spanish1Bundle/1Pictures/Flashcard/sweater, jumper.jpg"
549,69db0bb4-9e4b-43b0-b2ce-38fed48d7647,1,peach,/Volumes/Spanish1Bundle/1Pictures/Flashcard/peach.jpg
580,6d97ec85-3b00-4e9d-b19c-7ee62437b298,1,to enjoy oneself,/Volumes/Spanish1Bundle/1Pictures/Flashcard/enjoy oneself.jpg
590,9307602e-e6a8-4c1f-8d3e-a0244777990d,1,"walk, stroll","/Volumes/Spanish1Bundle/1Pictures/Flashcard/walk, stroll, avenue.jpg"
680,b9be46b4-4e37-41d1-9106-aa06a37a65b1,1,drug store,/Volumes/Spanish1Bundle/1Pictures/Flashcard/drug store.jpg
1323,950e66a7-f3a0-445c-a2b0-37f1b2bc94c9,2,aqueduct,/Volumes/Spanish2Bundle/2Pictures/Flashcard/aqueduct.jpg
411,9e2c7131-33e3-49a3-b913-911399e30f32,1,blouse,/Volumes/Spanish1Bundle/1Pictures/Flashcard/blouse.jpg
421,80e001b0-b128-4dc1-94ad-de934fae5d3e,1,cap,/Volumes/Spanish1Bundle/1Pictures/Flashcard/cap.jpg
431,fa82b0ab-ba72-442a-9482-a32bbdf9111f,1,jeans,/Volumes/Spanish1Bundle/1Pictures/Flashcard/jeans.jpg
491,95cf56eb-9255-433f-8278-38b7d4cd9723,1,"up, above, upstairs","/Volumes/Spanish1Bundle/1Pictures/Flashcard/up, above, upstairs.jpg"
550,7ab1ad9b-17f2-40c3-80f2-8aab15ba769d,1,strawberry,/Volumes/Spanish1Bundle/1Pictures/Flashcard/strawberry.jpg
581,960d34ef-5761-4480-854b-511e41a042fd,1,"fair, festival","/Volumes/Spanish1Bundle/1Pictures/Flashcard/fair, holiday, rest day.jpg"
716,d68930fc-a44c-43fc-a1ef-3f14faa91afa,1,"through, for","/Volumes/Spanish1Bundle/1Pictures/Flashcard/through, for.jpg"
737,8c6bcf42-3314-499b-9e02-f9b24a8cf1ab,1,egg,/Volumes/Spanish1Bundle/1Pictures/Flashcard/egg.jpg
819,d6f5302f-c015-4e11-b3f4-f7d8d83427cf,1,to land,/Volumes/Spanish1Bundle/1Pictures/Flashcard/land.jpg
1287,a5dd7c52-d7bd-4f07-bf91-b4c32ce1e678,2,businessman (em…),/Volumes/Spanish2Bundle/2Pictures/Flashcard/businessman.jpg
1299,895dc3b9-3c80-4341-ad1b-24c3410666d6,2,plumber (m),/Volumes/Spanish2Bundle/2Pictures/Flashcard/plumber.jpg
762,f25a1356-9078-4c7f-bc2c-e032207346a7,1,to rain,"/Volumes/Spanish1Bundle/1Pictures/Flashcard/rain,v.jpg"
844,29c07697-e3c8-4543-9135-6152a374caaf,1,traveller (m/f),/Volumes/Spanish1Bundle/1Pictures/Flashcard/traveller.jpg
894,b759b705-cf57-413e-9bbd-ff44bb1cb8d4,1,next to,/Volumes/Spanish1Bundle/1Pictures/Flashcard/next to.jpg
1187,8d351d7f-45f4-4895-9bb2-b63cf5f929c8,2,active,/Volumes/Spanish2Bundle/2Pictures/Flashcard/active.jpg
1279,bdb20411-3554-4691-b41c-44d3ed3aee75,2,apprentice (m/f),/Volumes/Spanish2Bundle/2Pictures/Flashcard/apprentice (m).jpg
1303,28bae95b-ce16-401e-bb55-6440e69f09a9,2,to delight,/Volumes/Spanish2Bundle/2Pictures/Flashcard/delight.jpg
654,0b7564ee-794a-4179-8787-bc7969cf95f1,1,"thin, slim","/Volumes/Spanish1Bundle/1Pictures/Flashcard/thin, slim.jpg"
695,9fd3cbbc-2b7b-4a89-9482-cce598b455d7,1,that (more remote),/Volumes/Spanish1Bundle/1Pictures/Flashcard/that (more remote).jpg
817,4166fbb9-ffea-4aeb-9111-1831f90a0da2,1,"to postpone, delay, defer","/Volumes/Spanish1Bundle/1Pictures/Flashcard/postpone, delay, defer.jpg"
1181,c36a0030-62cd-41c4-b6d3-fa3280c1087b,2,similar,/Volumes/Spanish2Bundle/2Pictures/Flashcard/similar.jpg
682,d05b767b-7c07-454d-8350-34d13686ae23,1,"exact, exactly","/Volumes/Spanish1Bundle/1Pictures/Flashcard/exact, exactly.jpg"
978,60ebbbf6-72a4-46f1-a46c-e636a6ca130e,1,to fall,/Volumes/Spanish1Bundle/1Pictures/Flashcard/fall.jpg
752,7ef2bea0-bed0-46b7-909c-4bbf615cc85b,2,unpleasant,/Volumes/Spanish2Bundle/2Pictures/Flashcard/unpleasant-f.jpg
1188,b149a706-cb7b-4706-8aa0-c729a2f04f76,2,severe,/Volumes/Spanish2Bundle/2Pictures/Flashcard/severe.jpg
1294,030c20d8-e523-4af0-95d6-165d7395baa3,2,"worker ,labourer (m)","/Volumes/Spanish2Bundle/2Pictures/Flashcard/worker(m) ,labourer.jpg"
1304,63da9a24-f792-4aaa-9242-3a2382549d94,2,mass,/Volumes/Spanish2Bundle/2Pictures/Flashcard/mass.jpg
750,a2bbb4cc-14fe-4a2d-abb8-d258ba9a87e3,1,hot,/Volumes/Spanish1Bundle/1Pictures/Flashcard/hot.jpg
771,2ff46cf0-603c-4543-9998-e1cd96991189,1,sun,/Volumes/Spanish1Bundle/1Pictures/Flashcard/sun.jpg
873,a6be34fe-0d45-4330-bd45-bf902dd25ca4,1,below,/Volumes/Spanish1Bundle/1Pictures/Flashcard/below.jpg
976,43fc3f16-463d-4e76-b6e9-60c66b1b74a1,1,basketball,/Volumes/Spanish1Bundle/1Pictures/Flashcard/basketball.jpg
986,f7ac98f7-224b-4642-b83d-fda373ed7f84,1,football,/Volumes/Spanish1Bundle/1Pictures/Flashcard/football.jpg
832,adc539cc-1641-4d2c-a92e-82fec69a2349,1,to go on holiday,/Volumes/Spanish1Bundle/1Pictures/Flashcard/go on holiday.jpg
872,e2cfdef3-e9ea-4cb2-a093-6f17e64fb42f,1,old,/Volumes/Spanish1Bundle/1Pictures/Flashcard/old.jpg
1266,ccb5125b-1d55-4abd-889c-3cabaa00cc1b,2,photocopier,/Volumes/Spanish2Bundle/2Pictures/Flashcard/photocopier.jpg
1277,9262a595-e92f-4528-842e-9b1190822cfb,2,Yours faithfully,/Volumes/Spanish2Bundle/2Pictures/Flashcard/Yours faithfully.jpg
916,d6c5b0ed-e5ee-4412-b332-66f4e18ce26e,1,little (amount),/Volumes/Spanish1Bundle/1Pictures/Flashcard/little (amount).jpg
1019,c0fb1c37-5446-4ba8-aad4-befa5ca27593,1,to stay (remain),/Volumes/Spanish1Bundle/1Pictures/Flashcard/stay (remain).jpg
1271,0df8547a-fea3-42d8-8217-02e2228f263f,2,to fill,/Volumes/Spanish2Bundle/2Pictures/Flashcard/fill.jpg
1327,0ca1b63e-05b6-4d56-a9b4-1f166955229e,2,hill,/Volumes/Spanish2Bundle/2Pictures/Flashcard/hill.jpg
889,a9c66473-1e11-4cb9-be83-ef9aa110664b,1,everywhere,/Volumes/Spanish1Bundle/1Pictures/Flashcard/everywhere.jpg
1002,7558fe30-653a-45d5-a0a8-c74c58905cff,1,to answer,/Volumes/Spanish1Bundle/1Pictures/Flashcard/answer.jpg
1012,acf43580-9bd1-44a4-a4a4-7d7b3d7c8176,1,to become,/Volumes/Spanish1Bundle/1Pictures/Flashcard/become.jpg
1182,0d47eaef-9a30-4adb-b55b-56366f0898e0,2,surprising,/Volumes/Spanish2Bundle/2Pictures/Flashcard/surprising.jpg
1274,12e54d91-d1d3-4b57-b7ef-cd6087d8d047,2,to make a mistake,"/Volumes/Spanish2Bundle/2Pictures/Flashcard/make a mistake ,v.jpg"
2097,8edb44eb-a30b-4d3b-b028-5cd9463cec5a,2,to demand,/Volumes/Spanish2Bundle/2Pictures/Flashcard/demand.jpg
1308,e7a7ca2c-15f0-47e1-8063-bdd670cfd819,2,to toast,/Volumes/Spanish2Bundle/2Pictures/Flashcard/toast.jpg
1460,8ca768e8-eac0-4b46-bf28-e46e5332224b,2,"cake ,tart ,flan ,gateau","/Volumes/Spanish2Bundle/2Pictures/Flashcard/cake ,tart ,flan ,gateau.jpg"
2173,0a7f3007-4ab5-4176-84bc-d68fc575070c,2,back to front,/Volumes/Spanish2Bundle/2Pictures/Flashcard/back to front.jpg
1261,a5375cca-0064-42fe-8367-be8040b68361,2,"to pay ,to credit","/Volumes/Spanish2Bundle/2Pictures/Flashcard/pay ,to credit ,v.jpg"
1306,06af1395-415a-444b-9fca-dbeadbcf590a,2,Christmas Eve,/Volumes/Spanish2Bundle/2Pictures/Flashcard/Christmas Eve.jpg
1564,e593e957-869c-4efd-8a4b-fac69acf8df7,2,dust,/Volumes/Spanish2Bundle/2Pictures/Flashcard/dust.jpg
974,518cc602-f8ef-4d21-a111-29adc0157b5a,1,to throw,/Volumes/Spanish1Bundle/1Pictures/Flashcard/throw.jpg
994,9e5308ff-56f7-415c-bcb3-2a11fdbf94d8,1,ball,/Volumes/Spanish1Bundle/1Pictures/Flashcard/ball.jpg
1225,3fbaafd1-dbaa-4da9-a5d1-f4888eadef9d,2,slowly,/Volumes/Spanish2Bundle/2Pictures/Flashcard/slowly.jpg
1265,7719db19-c335-4955-9346-9cb8def37f84,2,to post,"/Volumes/Spanish2Bundle/2Pictures/Flashcard/post ,v.jpg"
1288,90679844-43b9-458a-9e5c-68e57d6dc5f1,2,farmer (m),/Volumes/Spanish2Bundle/2Pictures/Flashcard/farmer.jpg
1492,e397ef6f-7cea-473a-89e0-9b56ee56be5f,2,to have a cold,"/Volumes/Spanish2Bundle/2Pictures/Flashcard/have a cold ,v.jpg"
1267,3e729d16-fd4a-4fd2-a6d9-0167a1d0e9fa,2,briefcase,/Volumes/Spanish2Bundle/2Pictures/Flashcard/briefcase.jpg
1313,ddcd7411-19fd-4db0-9906-b2e54c7c05c1,2,New Year,/Volumes/Spanish2Bundle/2Pictures/Flashcard/New Year.jpg
1432,d0fa6f54-848f-48c7-afbf-a3d6fc0e0754,2,anchovy,/Volumes/Spanish2Bundle/2Pictures/Flashcard/anchovy.jpg
1620,935b1d15-4859-412a-991f-c9dd3ae1eb14,2,leisure,/Volumes/Spanish2Bundle/2Pictures/Flashcard/leisure.jpg
1640,d23d90bb-040a-4685-8579-15295e36da33,2,instrument,/Volumes/Spanish2Bundle/2Pictures/Flashcard/instrument.jpg
1656,169229c1-6917-41e7-a5d7-e3e7ed9b4e67,2,piano,/Volumes/Spanish2Bundle/2Pictures/Flashcard/piano.jpg
1441,4c6f37ac-b121-4df4-8e42-10dfc26c56ae,2,to boil,"/Volumes/Spanish2Bundle/2Pictures/Flashcard/boil ,v.jpg"
1557,65c0bba3-e554-4032-8956-afad3f5e307a,2,sideboard,/Volumes/Spanish2Bundle/2Pictures/Flashcard/sideboard.jpg
1627,a6e5b67e-1c5a-4baa-9130-c91fc49219f2,2,gold,/Volumes/Spanish2Bundle/2Pictures/Flashcard/gold.jpg
1663,5b2e5ff4-d9cf-4a22-abbe-7cbe8a72bff3,2,Argentinian (man / woman),/Volumes/Spanish2Bundle/2Pictures/Flashcard/Argentinian.jpg
1465,38f95cf6-ba6f-46bf-9385-cc6e1926ed8d,2,weed,/Volumes/Spanish2Bundle/2Pictures/Flashcard/weed.jpg
2165,d132074d-d595-4bf8-aad7-66b23fa25c9f,2,distance,/Volumes/Spanish2Bundle/2Pictures/Flashcard/distance.jpg
1610,e35d686d-364c-40c6-a500-6648354a7152,2,lottery,/Volumes/Spanish2Bundle/2Pictures/Flashcard/lottery.jpg
1621,cbfff051-b850-4b8e-9670-82d2cade7783,2,chess,/Volumes/Spanish2Bundle/2Pictures/Flashcard/chess.jpg
1641,fed24d0b-7adc-47ea-aa29-79553ed7d80f,2,"group ,rock band","/Volumes/Spanish2Bundle/2Pictures/Flashcard/group ,rock band.jpg"
1760,7dc06b08-f50e-4065-a6ce-a10e6a04de07,2,"clothes ,outfit","/Volumes/Spanish2Bundle/2Pictures/Flashcard/clothes ,outfit.jpg"
1443,e05750fd-2f3b-4bad-8e43-4e7f7295c8fa,2,biscuit,/Volumes/Spanish2Bundle/2Pictures/Flashcard/biscuit.jpg
2163,049fb1b8-29ec-46f5-b8f1-f086e5d29ead,2,nearby,/Volumes/Spanish2Bundle/2Pictures/Flashcard/nearby.jpg
2176,c1858a7e-a327-4ea1-b749-04e9ca79154c,2,employee (m/f),/Volumes/Spanish2Bundle/2Pictures/Flashcard/employee (m).jpg
1639,75037441-4257-40ed-869a-f817e6c23fc8,2,stereo,/Volumes/Spanish2Bundle/2Pictures/Flashcard/stereo.jpg
1737,b995087d-325b-4259-8382-e44d3376696c,2,neck,/Volumes/Spanish2Bundle/2Pictures/Flashcard/neck.jpg
1784,9f7288ac-84d7-47af-b81a-50fcedb10971,2,daughter-in-law,/Volumes/Spanish2Bundle/2Pictures/Flashcard/daughter-in-law.jpg
1825,de44709f-ab83-45bf-b80e-1446f9092055,2,blackboard,/Volumes/Spanish2Bundle/2Pictures/Flashcard/blackboard.jpg
1861,ee9f823f-f0c7-4381-adb7-2daf2cc81f56,2,crowded,/Volumes/Spanish2Bundle/2Pictures/Flashcard/crowded.jpg
2184,ca39f963-b597-4ca1-8336-2c546b347a65,2,computer,/Volumes/Spanish2Bundle/2Pictures/Flashcard/computer.jpg
1920,c8cbb93d-42e8-439b-9197-32d3a3af98b7,2,to beat (2),"/Volumes/Spanish2Bundle/2Pictures/Flashcard/beat ,v (2).jpg"
1922,e5dec453-0c67-460d-bcc5-79334bc0d145,2,race,/Volumes/Spanish2Bundle/2Pictures/Flashcard/race.jpg
1926,79e6aefa-a0d2-4fa3-8605-40e7a0287052,2,sports centre,/Volumes/Spanish2Bundle/2Pictures/Flashcard/sports centre.jpg
1927,a2d0f7d4-d371-458b-9bb5-b0da841eca9a,2,sportsperson (m/f),/Volumes/Spanish2Bundle/2Pictures/Flashcard/sportsperson.jpg
1928,f2138d3a-ebe3-45b8-9e39-19c9e7a7a252,2,stadium,/Volumes/Spanish2Bundle/2Pictures/Flashcard/stadium.jpg
1938,c11b512d-8421-4358-8fd5-6aaba98f3b9e,2,to get divorced,"/Volumes/Spanish2Bundle/2Pictures/Flashcard/get divorced ,v.jpg"
1958,42aa175e-b630-46be-b9ae-57216b860845,2,about,/Volumes/Spanish2Bundle/2Pictures/Flashcard/about.jpg
1954,ad18b721-2a03-4d48-8a22-1fb0b9b4f73c,2,to be bored,/Volumes/Spanish2Bundle/2Pictures/Flashcard/be bored.jpg
1992,8efe8c43-2c6e-4bcf-a8ee-6241161dbcb6,2,office,/Volumes/Spanish2Bundle/2Pictures/Flashcard/office.jpg
1998,7521177e-e389-4c75-92d2-ca74d9d62ada,2,agency,/Volumes/Spanish2Bundle/2Pictures/Flashcard/agency.jpg
2099,abe5552c-1439-4b16-a022-947c1ca16648,2,to indicate,/Volumes/Spanish2Bundle/2Pictures/Flashcard/indicate.jpg
1955,cc465118-28af-44e0-96b4-ec48257e4767,2,affection,/Volumes/Spanish2Bundle/2Pictures/Flashcard/affection.jpg
1959,5f10fabf-0908-4116-9758-d2c58f62748e,2,instant,/Volumes/Spanish2Bundle/2Pictures/Flashcard/instant.jpg
2118,70f70e73-6f14-4a71-9d4e-11090d932bd6,2,to stain,"/Volumes/Spanish2Bundle/2Pictures/Flashcard/stain ,v.jpg"
2124,fb0640b8-1d35-438e-9d50-a4a13fcc6291,2,to succeed,/Volumes/Spanish2Bundle/2Pictures/Flashcard/succeed.jpg
2135,7e313dde-ea65-4755-9b10-1e9238eb2932,2,the weather is windy,/Volumes/Spanish2Bundle/2Pictures/Flashcard/the weather is windy.jpg
2181,492bd482-b69c-4868-a0c9-cdac00baa2dc,2,employee in charge (m/f),/Volumes/Spanish2Bundle/2Pictures/Flashcard/employee in charge.jpg
1982,3b27a293-6794-423c-a607-2e8a103b3048,2,fountain,/Volumes/Spanish2Bundle/2Pictures/Flashcard/fountain.jpg
1994,0f65ec32-0951-40d5-a936-4f09a6ebffa1,2,statue,/Volumes/Spanish2Bundle/2Pictures/Flashcard/statue.jpg
2068,285dda15-21cf-4d50-a2fc-a9db9e6fbc97,2,to communicate,"/Volumes/Spanish2Bundle/2Pictures/Flashcard/communicate ,v.jpg"
2120,44b68d73-3987-47a6-b5f3-f864eba6a8f3,2,to discover,/Volumes/Spanish2Bundle/2Pictures/Flashcard/discover.jpg
2187,400fbba6-93a0-44da-81a9-63472e1c0390,2,to do military service,"/Volumes/Spanish2Bundle/2Pictures/Flashcard/do military service ,v.jpg"
1987,de7a8c01-71b6-48cd-9642-57d708728dcf,2,cathedral,/Volumes/Spanish2Bundle/2Pictures/Flashcard/cathedral.jpg
2052,4da0cc9c-9127-462c-9786-11c13922040c,2,to disappear,"/Volumes/Spanish2Bundle/2Pictures/Flashcard/disappear ,v.jpg"
2126,5e20819e-7108-4a87-a744-5fea7eea8d9d,2,to return,/Volumes/Spanish1Bundle/1Pictures/Flashcard/return.jpg
2049,3dc8ed19-9729-4dba-8e59-f53246033c1a,2,to show,/Volumes/Spanish2Bundle/2Pictures/Flashcard/show.jpg
2122,55124d76-e3fe-4502-b685-80f8aee8cb36,2,to fail,/Volumes/Spanish2Bundle/2Pictures/Flashcard/fail.jpg
2023,e419eef2-a113-48e7-9e6f-6349c2cb6ad8,2,to embark,/Volumes/Spanish2Bundle/2Pictures/Flashcard/embark.jpg
2119,95e836bb-45aa-44d3-8ed8-e0b804879c83,2,to reach,"/Volumes/Spanish2Bundle/2Pictures/Flashcard/reach ,v.jpg"
2121,513d43aa-770c-4af7-ab52-29f53c63da5b,2,to record (sound),/Volumes/Spanish2Bundle/2Pictures/Flashcard/record.jpg
2123,92b36c03-45a6-428c-abf0-ca3d3d5b0d14,2,to lean out of (e.g. a window),/Volumes/Spanish2Bundle/2Pictures/Flashcard/lean out of (eg a window).jpg
2156,a013366f-340a-493f-9c5d-30099eca9cfa,2,to point,/Volumes/Spanish2Bundle/2Pictures/Flashcard/point.jpg
2180,0c6a0709-b078-45a1-803f-f8447283938c,2,training,/Volumes/Spanish2Bundle/2Pictures/Flashcard/training.jpg
364,792ccfa0-58be-44a4-830f-fe8c4a6deae0,1,accident,/Volumes/Spanish1Bundle/1Pictures/Flashcard/accident.jpg
917,e96d0529-7ed6-4067-b1a7-18e6de8f315c,1,yes,/Volumes/Spanish1Bundle/1Pictures/Flashcard/yes.jpg
1657,55800546-34b8-4562-be89-40258ea950fc,2,song,/Volumes/Spanish2Bundle/2Pictures/Flashcard/song.jpg
