asset_url,kind,pagespeed,ref_count,referencing_pages
http://www.networkadvertising.org/pdfs/NAI_principles.pdf,file,0,1,/privacy-statement.html
https://www.200words-a-day.com/abeille.swf,image,0,1,/samples.html
https://www.200words-a-day.com/cgi-bin/CAPTCHA/Image.pl?domain=200words-a-day.com&name=1930854852106004,image,0,4,/learn-french-blog.html /learn-german-blog.html /learn-italian-blog.html /learn-spanish-blog.html
https://www.200words-a-day.com/cgi-bin/CAPTCHA/Image.pl?domain=200words-a-day.com&name=2950083936117346,image,0,1,/samples.html
https://www.200words-a-day.com/cgi-bin/CAPTCHA/Image.pl?domain=200words-a-day.com&name=3123713079036731,image,0,1,/200words-a-day-technical-help.html
https://www.200words-a-day.com/cgi-bin/CAPTCHA/Image.pl?domain=200words-a-day.com&name=4601369601859880,image,0,1,/free-german-lessons.html
https://www.200words-a-day.com/cgi-bin/CAPTCHA/Image.pl?domain=200words-a-day.com&name=5532318789865905,image,0,1,/free-german-lessons.html
https://www.200words-a-day.com/cgi-bin/CAPTCHA/Image.pl?domain=200words-a-day.com&name=8496560253467453,image,0,4,/contact-us.html /french-football.html /language-learning-questions.html /reconsideration.html
https://www.200words-a-day.com/cgi-bin/CAPTCHA/Image.pl?domain=200words-a-day.com&name=8502007820751397,image,0,1,/free-french-lessons.html
https://www.200words-a-day.com/image-files/15x15xclue.gif.pagespeed.ic.egfsbVdzTU.png,image,1,1,/200words-a-daytest2.html
https://www.200words-a-day.com/image-files/46x18xnext.gif.pagespeed.ic.XPwCzwvkOf.jpg,image,1,6,/200words-a-dayEx01.html /200words-a-dayEx02.html /200words-a-dayEx03.html /200words-a-dayEx04.html /200words-a-dayEx05.html /200words-a-dayEx06.html
https://www.200words-a-day.com/image-files/66x18xnext.gif.pagespeed.ic.QWH3_E7I--.jpg,image,1,8,/200words-a-daytest.html /200words-a-daytest2.html /Spanish-sentence-0.html /Spanish-sentence-1.html /Spanish-sentence-2.html /Spanish-sentence-3.html /Spanish-sentence-4.html /Spanish-sentence-5.html
https://www.200words-a-day.com/image-files/clue.gif,image,0,1,/200words-a-daytest.html
https://www.200words-a-day.com/image-files/xclue.gif.pagespeed.ic.Zv6ozqT1kB.png,image,1,5,/Spanish-sentence-1.html /Spanish-sentence-2.html /Spanish-sentence-3.html /Spanish-sentence-4.html /Spanish-sentence-5.html
https://www.200words-a-day.com/image-thumbnails/battere.jpg/default.webp,image,0,2,/language-learning-blog-1.html /language-learning-blog.html
https://www.200words-a-day.com/image-thumbnails/continuar.jpg/default.webp,image,0,2,/language-learning-blog-1.html /language-learning-blog.html
https://www.200words-a-day.com/image-thumbnails/despedir.jpg/default.webp,image,0,2,/language-learning-blog-1.html /language-learning-blog.html
https://www.200words-a-day.com/image-thumbnails/estar-in-spanish.jpg/default.webp,image,0,2,/language-learning-blog-1.html /language-learning-blog.html
https://www.200words-a-day.com/image-thumbnails/ir.gif/default.webp,image,0,2,/language-learning-blog-1.html /language-learning-blog.html
https://www.200words-a-day.com/image-thumbnails/lavar.jpg/default.webp,image,0,2,/language-learning-blog-1.html /language-learning-blog.html
https://www.200words-a-day.com/image-thumbnails/mettre.gif/default.webp,image,0,2,/language-learning-blog-1.html /language-learning-blog.html
https://www.200words-a-day.com/image-thumbnails/ricevere.jpg/default.webp,image,0,2,/language-learning-blog-1.html /language-learning-blog.html
https://www.200words-a-day.com/image-thumbnails/suer-small.jpg/default.webp,image,0,2,/language-learning-blog-1.html /language-learning-blog.html
https://www.200words-a-day.com/image-thumbnails/synchroniser-small.jpg/default.webp,image,0,2,/language-learning-blog-1.html /language-learning-blog.html
https://www.200words-a-day.com/image-thumbnails/trebucher-small.jpg/default.webp,image,0,2,/language-learning-blog-1.html /language-learning-blog.html
https://www.200words-a-day.com/image-thumbnails/venir.jpg/default.webp,image,0,2,/language-learning-blog-1.html /language-learning-blog.html
https://www.200words-a-day.com/images/10-most-important-french-verbs.jpg,image,0,1,/french-course.html
https://www.200words-a-day.com/images/10.gif,image,0,1,/10.html
https://www.200words-a-day.com/images/100x86xabrazar.jpg.pagespeed.ic.P0Ubrq3hSh.jpg,image,1,1,/spanish-verb-abrazar.html
https://www.200words-a-day.com/images/100x86xactuar.jpg.pagespeed.ic.T8eeWlo5WG.jpg,image,1,1,/spanish-verb-actuar.html
https://www.200words-a-day.com/images/100x86xadjudicar.jpg.pagespeed.ic.fZQ_FcFVGA.jpg,image,1,1,/spanish-verb-adjudicar.html
https://www.200words-a-day.com/images/100x86xaliar.jpg.pagespeed.ic.icuL-ExeCD.jpg,image,1,1,/spanish-verb-aliar.html
https://www.200words-a-day.com/images/100x86xalzar.jpg.pagespeed.ic.ZrVKMSQW8U.jpg,image,1,1,/spanish-verb-alzar.html
https://www.200words-a-day.com/images/100x86xanadir.jpg.pagespeed.ic.sb-aIOEiyw.jpg,image,1,1,/spanish-verb-anadir.html
https://www.200words-a-day.com/images/100x86xaplaudir.jpg.pagespeed.ic.dSNwY4lmRd.jpg,image,1,1,/spanish-verb-aplaudir.html
https://www.200words-a-day.com/images/100x86xasistir.gif.pagespeed.ic.7W1azN-Kug.png,image,1,1,/spanish-verb-asistir.html
https://www.200words-a-day.com/images/100x86xatender.jpg.pagespeed.ic.jtQdIe4lA7.jpg,image,1,1,/spanish-verb-atender.html
https://www.200words-a-day.com/images/100x86xaterrorizar.jpg.pagespeed.ic.XZXYjxkkbZ.jpg,image,1,1,/spanish-verb-aterrorizar.html
https://www.200words-a-day.com/images/100x86xatribuir.jpg.pagespeed.ic.D1rKgWnF1Q.jpg,image,1,1,/spanish-verb-atribuir.html
https://www.200words-a-day.com/images/100x86xautorizar.jpg.pagespeed.ic.HDNUIMoq4N.jpg,image,1,1,/spanish-verb-autorizar.html
https://www.200words-a-day.com/images/100x86xavanzar.jpg.pagespeed.ic.BG3MSly_pY.jpg,image,1,1,/spanish-verb-avanzar.html
https://www.200words-a-day.com/images/100x86xbarrer.jpg.pagespeed.ic.Q5uOdO0mpp.jpg,image,1,1,/spanish-verb-barrer.html
https://www.200words-a-day.com/images/100x86xcalentar.jpg.pagespeed.ic.299HYotbHg.jpg,image,1,1,/spanish-verb-calentar.html
https://www.200words-a-day.com/images/100x86xcerrar.jpg.pagespeed.ic.c7RAu7st6P.jpg,image,1,1,/spanish-verb-cerrar.html
https://www.200words-a-day.com/images/100x86xchocar.jpg.pagespeed.ic.mqTRgEqUqf.jpg,image,1,1,/spanish-verb-chocar.html
https://www.200words-a-day.com/images/100x86xcoger.gif.pagespeed.ic.qr1XFGJ99m.png,image,1,1,/spanish-verb-coger.html
https://www.200words-a-day.com/images/100x86xcolar.jpg.pagespeed.ic.rb5Rx7XkEo.jpg,image,1,1,/spanish-verb-colar.html
https://www.200words-a-day.com/images/100x86xcolocar.jpg.pagespeed.ic.7Gl019sJ4-.jpg,image,1,1,/spanish-verb-colocar.html
https://www.200words-a-day.com/images/100x86xcomer.jpg.pagespeed.ic.328kBlq3c0.jpg,image,1,1,/spanish-verb-comer.html
https://www.200words-a-day.com/images/100x86xcomplicar.jpg.pagespeed.ic.H1ncI9tWGD.jpg,image,1,1,/spanish-verb-complicar.html
https://www.200words-a-day.com/images/100x86xcomponer.jpg.pagespeed.ic.dDebFBpCA-.jpg,image,1,1,/spanish-verb-componer.html
https://www.200words-a-day.com/images/100x86xcomprender.jpg.pagespeed.ic.CsTIu6h3u7.jpg,image,1,1,/spanish-verb-comprender.html
https://www.200words-a-day.com/images/100x86xconceder.jpg.pagespeed.ic.vp2Oi8ssnF.jpg,image,1,1,/spanish-verb-conceder.html
https://www.200words-a-day.com/images/100x86xconfiar.jpg.pagespeed.ic.rshbJSsjh4.jpg,image,1,1,/spanish-verb-confiar.html
https://www.200words-a-day.com/images/100x86xconsistir.jpg.pagespeed.ic.R98SW5adGv.jpg,image,1,1,/spanish-verb-consistir.html
https://www.200words-a-day.com/images/100x86xconstruir.jpg.pagespeed.ic.juXYzKXuA_.jpg,image,1,1,/spanish-verb-construir.html
https://www.200words-a-day.com/images/100x86xcontravenir.jpg.pagespeed.ic.ujvIU99z5U.jpg,image,1,1,/spanish-verb-contravenir.html
https://www.200words-a-day.com/images/100x86xcostar.jpg.pagespeed.ic.C-viNblbP3.jpg,image,1,1,/spanish-verb-costar.html
https://www.200words-a-day.com/images/100x86xcriar.jpg.pagespeed.ic.3dH9YF8ReD.jpg,image,1,1,/spanish-verb-criar.html
https://www.200words-a-day.com/images/100x86xcruzar.gif.pagespeed.ic.0WyxELtBVr.png,image,1,1,/spanish-verb-cruzar.html
https://www.200words-a-day.com/images/100x86xculpar.jpg.pagespeed.ic.HHgTxvfe2i.jpg,image,1,1,/spanish-verb-culpar.html
https://www.200words-a-day.com/images/100x86xdemoler.jpg.pagespeed.ic.e6avElqJKq.jpg,image,1,1,/spanish-verb-demoler.html
https://www.200words-a-day.com/images/100x86xdesaparecer.jpg.pagespeed.ic.7IT6TiirxX.jpg,image,1,1,/spanish-verb-desaparecer.html
https://www.200words-a-day.com/images/100x86xdesobedecer.jpg.pagespeed.ic.UtTujIcEtf.jpg,image,1,1,/spanish-verb-desobedecer.html
https://www.200words-a-day.com/images/100x86xdigerir.jpg.pagespeed.ic.mqht-dVRqD.jpg,image,1,1,/spanish-verb-digerir.html
https://www.200words-a-day.com/images/100x86xdisponer.jpg.pagespeed.ic.RqW89ytslb.jpg,image,1,1,/spanish-verb-disponer.html
https://www.200words-a-day.com/images/100x86xdividir.jpg.pagespeed.ic.pvrwT4ppg8.jpg,image,1,1,/spanish-verb-dividir.html
https://www.200words-a-day.com/images/100x86xeducar.gif.pagespeed.ic.lxNWm9-rsS.png,image,1,1,/spanish-verb-educar.html
https://www.200words-a-day.com/images/100x86xembestir.jpg.pagespeed.ic.FPlifXo10h.jpg,image,1,1,/spanish-verb-embestir.html
https://www.200words-a-day.com/images/100x86xencontrarse.gif.pagespeed.ic.13deoyO3uo.png,image,1,1,/spanish-verb-encontrar.html
https://www.200words-a-day.com/images/100x86xenfatizar.jpg.pagespeed.ic.NrJzdAddLE.jpg,image,1,1,/spanish-verb-enfatizar.html
https://www.200words-a-day.com/images/100x86xenternecer.jpg.pagespeed.ic.12ar1nY1Hh.jpg,image,1,1,/spanish-verb-enternecer.html
https://www.200words-a-day.com/images/100x86xenviar.jpg.pagespeed.ic.t5ByPHfxgV.jpg,image,1,1,/spanish-verb-enviar.html
https://www.200words-a-day.com/images/100x86xescoger.gif.pagespeed.ic.KEiZVx3xFE.png,image,1,1,/spanish-verb-escoger.html
https://www.200words-a-day.com/images/100x86xesconder.jpg.pagespeed.ic.f0ESWJxMQI.jpg,image,1,1,/spanish-verb-esconder.html
https://www.200words-a-day.com/images/100x86xestrellar.jpg.pagespeed.ic.ApJIwn_ORD.jpg,image,1,1,/spanish-verb-estrellar.html
https://www.200words-a-day.com/images/100x86xestremecer.jpg.pagespeed.ic.w6cSycFirn.jpg,image,1,1,/spanish-verb-estremecer.html
https://www.200words-a-day.com/images/100x86xexigir.gif.pagespeed.ic.pHtINEuEza.png,image,1,1,/spanish-verb-exigir.html
https://www.200words-a-day.com/images/100x86xexpedir.jpg.pagespeed.ic.UA_ZvWJJMY.jpg,image,1,1,/spanish-verb-expedir.html
https://www.200words-a-day.com/images/100x86xexplosionar.jpg.pagespeed.ic.n0YW5dWgXd.jpg,image,1,1,/spanish-verb-explosionar.html
https://www.200words-a-day.com/images/100x86xextender.jpg.pagespeed.ic.uqXEaxa0bS.jpg,image,1,1,/spanish-verb-extender.html
https://www.200words-a-day.com/images/100x86xflipar.jpg.pagespeed.ic._o2RQnpkMq.jpg,image,1,1,/spanish-verb-flipar.html
https://www.200words-a-day.com/images/100x86xfluctuar.jpg.pagespeed.ic.OT0S-L9UEo.jpg,image,1,1,/spanish-verb-fluctuar.html
https://www.200words-a-day.com/images/100x86xfregar.jpg.pagespeed.ic.yXAeqAgUBn.jpg,image,1,1,/spanish-verb-fregar.html
https://www.200words-a-day.com/images/100x86xgemir.jpg.pagespeed.ic.reOaqvE8Qj.jpg,image,1,1,/spanish-verb-gemir.html
https://www.200words-a-day.com/images/100x86xgirar.jpg.pagespeed.ic.SKco6lhKpW.jpg,image,1,1,/spanish-verb-girar.html
https://www.200words-a-day.com/images/100x86xhabituar.jpg.pagespeed.ic.j46fIV8FyJ.jpg,image,1,1,/spanish-verb-habituar.html
https://www.200words-a-day.com/images/100x86xhacer.jpg.pagespeed.ic.CWPhG34h6D.jpg,image,1,1,/spanish-verb-hacer.html
https://www.200words-a-day.com/images/100x86xherir.jpg.pagespeed.ic.VR2fstyE9O.jpg,image,1,1,/spanish-verb-herir.html
https://www.200words-a-day.com/images/100x86ximpedir.jpg.pagespeed.ic.-AKrMXY2tE.jpg,image,1,1,/spanish-verb-impedir.html
https://www.200words-a-day.com/images/100x86xincluir.jpg.pagespeed.ic.cD88YL4s32.jpg,image,1,1,/spanish-verb-incluir.html
https://www.200words-a-day.com/images/100x86xingresar.jpg.pagespeed.ic.jZWwiSUMUk.jpg,image,1,1,/spanish-verb-ingresar.html
https://www.200words-a-day.com/images/100x86xinvertir.jpg.pagespeed.ic.C0lUm4ee_C.jpg,image,1,1,/spanish-verb-invertir.html
https://www.200words-a-day.com/images/100x86xlanzar.gif.pagespeed.ic.jexZ0wVIC4.png,image,1,1,/spanish-verb-lanzar.html
https://www.200words-a-day.com/images/100x86xlastimar.jpg.pagespeed.ic.NU7wJIgW4_.jpg,image,1,1,/spanish-verb-lastimar.html
https://www.200words-a-day.com/images/100x86xliar.jpg.pagespeed.ic.q-MD619VHc.jpg,image,1,1,/spanish-verb-liar.html
https://www.200words-a-day.com/images/100x86xllegar.gif.pagespeed.ic.tY2q5h4ebg.png,image,1,1,/spanish-verb-llegar.html
https://www.200words-a-day.com/images/100x86xllover.gif.pagespeed.ic.-6j0nF-0K-.png,image,1,1,/spanish-verb-llover.html
https://www.200words-a-day.com/images/100x86xmolar.jpg.pagespeed.ic.TAUd0W0ZVD.jpg,image,1,1,/spanish-verb-molar.html
https://www.200words-a-day.com/images/100x86xmorder.gif.pagespeed.ic.dsdI7Sk9L6.png,image,1,1,/spanish-verb-morder.html
https://www.200words-a-day.com/images/100x86xocultar.jpg.pagespeed.ic.pozWPPYhud.jpg,image,1,1,/spanish-verb-ocultar.html
https://www.200words-a-day.com/images/100x86xofender.jpg.pagespeed.ic.8I9P1z744f.jpg,image,1,1,/spanish-verb-ofender.html
https://www.200words-a-day.com/images/100x86xolvidar.jpg.pagespeed.ic.W35NnOayNk.jpg,image,1,1,/spanish-verb-olvidar.html
https://www.200words-a-day.com/images/100x86xorar.jpg.pagespeed.ic.JxCMw_KNuq.jpg,image,1,1,/spanish-verb-orar.html
https://www.200words-a-day.com/images/100x86xpagar.gif.pagespeed.ic.XQW4QXdUiR.png,image,1,1,/spanish-verb-pagar.html
https://www.200words-a-day.com/images/100x86xpaint.jpg.pagespeed.ic.GSAj4k2bRh.jpg,image,1,1,/spanish-verb-aplicar.html
https://www.200words-a-day.com/images/100x86xpasar.gif.pagespeed.ic.qu3bgrqqTQ.png,image,1,1,/spanish-verb-pasar.html
https://www.200words-a-day.com/images/100x86xpedir.jpg.pagespeed.ic.Ub3Mev_mW-.jpg,image,1,1,/spanish-verb-pedir.html
https://www.200words-a-day.com/images/100x86xpegar.jpg.pagespeed.ic.kbIYXGWo3W.jpg,image,1,1,/spanish-verb-pegar.html
https://www.200words-a-day.com/images/100x86xpelar.jpg.pagespeed.ic.c9JooeJtm-.jpg,image,1,1,/spanish-verb-pelar.html
https://www.200words-a-day.com/images/100x86xpervertir.jpg.pagespeed.ic.usoK64al7_.jpg,image,1,1,/spanish-verb-pervertir.html
https://www.200words-a-day.com/images/100x86xpiar.jpg.pagespeed.ic.VXW1i4QDPd.jpg,image,1,1,/spanish-verb-piar.html
https://www.200words-a-day.com/images/100x86xplantar.jpg.pagespeed.ic.o2ECw0rBmi.jpg,image,1,1,/spanish-verb-plantar.html
https://www.200words-a-day.com/images/100x86xposponer.jpg.pagespeed.ic.n0IsbO3YD9.jpg,image,1,1,/spanish-verb-posponer.html
https://www.200words-a-day.com/images/100x86xpreferir.jpg.pagespeed.ic.3E1KyenS-V.jpg,image,1,1,/spanish-verb-preferir.html
https://www.200words-a-day.com/images/100x86xpreguntar.gif.pagespeed.ic.HHRHtQGLyx.png,image,1,1,/spanish-verb-preguntar.html
https://www.200words-a-day.com/images/100x86xprevenir.jpg.pagespeed.ic.8dKlKF53-a.jpg,image,1,1,/spanish-verb-prevenir.html
https://www.200words-a-day.com/images/100x86xpromover.jpg.pagespeed.ic._fh1mQ3yah.jpg,image,1,1,/spanish-verb-promover.html
https://www.200words-a-day.com/images/100x86xpuntuar.jpg.pagespeed.ic.5Uw1d7fPt2.jpg,image,1,1,/spanish-verb-puntuar.html
https://www.200words-a-day.com/images/100x86xraparse.jpg.pagespeed.ic.tF2xoBBpqS.jpg,image,1,1,/spanish-verb-rapar.html
https://www.200words-a-day.com/images/100x86xrecomendar.jpg.pagespeed.ic.S_tBVxHBDR.jpg,image,1,1,/spanish-verb-recomendar.html
https://www.200words-a-day.com/images/100x86xrecostar.jpg.pagespeed.ic.HyxIotY4gM.jpg,image,1,1,/spanish-verb-recostar.html
https://www.200words-a-day.com/images/100x86xremover.jpg.pagespeed.ic.3Pr4C6EL_d.jpg,image,1,1,/spanish-verb-remover.html
https://www.200words-a-day.com/images/100x86xrenegar.jpg.pagespeed.ic.avD_BSum38.jpg,image,1,1,/spanish-verb-renegar.html
https://www.200words-a-day.com/images/100x86xresistir.jpg.pagespeed.ic.pJDhBMJMqc.jpg,image,1,1,/spanish-verb-resistir.html
https://www.200words-a-day.com/images/100x86xresponder.jpg.pagespeed.ic.L2Pukpf6Vs.jpg,image,1,1,/spanish-verb-responder.html
https://www.200words-a-day.com/images/100x86xrevestir.jpg.pagespeed.ic.bU5v2Q3inW.jpg,image,1,1,/spanish-verb-revestir.html
https://www.200words-a-day.com/images/100x86xrociar.jpg.pagespeed.ic.3KBc0GZOPL.jpg,image,1,1,/spanish-verb-rociar.html
https://www.200words-a-day.com/images/100x86xromper.jpg.pagespeed.ic.LOkWhr9RXb.jpg,image,1,1,/spanish-verb-romper.html
https://www.200words-a-day.com/images/100x86xroncar.jpg.pagespeed.ic.3gqDxLrHK5.jpg,image,1,1,/spanish-verb-roncar.html
https://www.200words-a-day.com/images/100x86xsenalar.jpg.pagespeed.ic.43xRIh_3Dz.jpg,image,1,1,/spanish-verb-senalar.html
https://www.200words-a-day.com/images/100x86xservir.gif.pagespeed.ic.-jDW09Lrd2.jpg,image,1,1,/spanish-verb-servir.html
https://www.200words-a-day.com/images/100x86xsituar.jpg.pagespeed.ic.zQK76XSicG.jpg,image,1,1,/spanish-verb-situar.html
https://www.200words-a-day.com/images/100x86xsonar.jpg.pagespeed.ic.kt6a88XRSi.jpg,image,1,1,/spanish-verb-sonar.html
https://www.200words-a-day.com/images/100x86xsoplar.jpg.pagespeed.ic.qt1UYs2FNd.jpg,image,1,1,/spanish-verb-soplar.html
https://www.200words-a-day.com/images/100x86xtender.jpg.pagespeed.ic.q5Jh6NIxYm.jpg,image,1,1,/spanish-verb-tender.html
https://www.200words-a-day.com/images/100x86xtoser.jpg.pagespeed.ic.1nXU8eTuTi.jpg,image,1,1,/spanish-verb-toser.html
https://www.200words-a-day.com/images/100x86xtrinchar.jpg.pagespeed.ic.CqHm9Hzo9y.jpg,image,1,1,/spanish-verb-trinchar.html
https://www.200words-a-day.com/images/100x86xtronar.jpg.pagespeed.ic.8ZQStpV5ZL.jpg,image,1,1,/spanish-verb-tronar.html
https://www.200words-a-day.com/images/100x86xvariar.jpg.pagespeed.ic.2AuTB64G1f.jpg,image,1,1,/spanish-verb-variar.html
https://www.200words-a-day.com/images/100x86xvender.jpg.pagespeed.ic.gt2lgy0V3k.jpg,image,1,1,/spanish-verb-vender.html
https://www.200words-a-day.com/images/100x86xvestir.jpg.pagespeed.ic.9wZwDw-Epj.jpg,image,1,1,/spanish-verb-vestir.html
https://www.200words-a-day.com/images/100x86xyou-inf-sing.jpg.pagespeed.ic.rUs_hfj4nR.jpg,image,1,357,/spanish-verb-abarcar.html /spanish-verb-abigarrar.html /spanish-verb-ablandar.html /spanish-verb-abnegar.html /spanish-verb-abogar.html /spanish-verb-aborrecer.html /spanish-verb-abrazar.html /spanish-verb-acantonar.html /spanish-verb-acercar.html /spanish-verb-acontecer.html /spanish-verb-acostar.html /spanish-verb-actualizar.html /spanish-verb-actuar.html /spanish-verb-acudir.html /spanish-verb-adelgazar.html /spanish-verb-adherir.html /spanish-verb-adjudicar.html /spanish-verb-admitir.html /spanish-verb-adolecer.html /spanish-verb-aducir.html /spanish-verb-advertir.html /spanish-verb-afligir.html /spanish-verb-agradecer.html /spanish-verb-ahogar.html /spanish-verb-ahorcar.html /spanish-verb-alcanzar.html /spanish-verb-alentar.html /spanish-verb-aliar.html /spanish-verb-alzar.html /spanish-verb-amanecer.html /spanish-verb-amenazar.html /spanish-verb-amplificar.html /spanish-verb-anadir.html /spanish-verb-analizar.html /spanish-verb-anclar.html /spanish-verb-anochecer.html /spanish-verb-aparcar.html /spanish-verb-aparecer.html /spanish-verb-apetecer.html /spanish-verb-aplaudir.html /spanish-verb-aplicar.html /spanish-verb-aprender.html /spanish-verb-apretar.html /spanish-verb-arrancar.html /spanish-verb-ascender.html /spanish-verb-asistir.html /spanish-verb-asumir.html /spanish-verb-atacar.html /spanish-verb-atender.html /spanish-verb-aterrorizar.html
https://www.200words-a-day.com/images/120x100xFrench-logo.jpg.pagespeed.ic.vyMYHaeNVK.jpg,image,1,323,/ /1-jun-blog-sample.html /200words-a-day-technical-help.html /22Apr-french-word.html /25-tip-of-the-day.html /accelerated-learning.html /alpha.html /argentine-food.html /become-fluent.html /bird-flu.html /cart1.html /champs-elysees.html /chinese-memory-triggers.html /colours-in-french.html /confirm.html /contact-us.html /csp2DlcbO.html /cucumber-in-german.html /daily-french-lesson-code.html /daily-spanish-verb.html /daily-verb-lessons.html /e-flashcardz.html /earworms.html /easter-in-france.html /ebook-payment-completion.html /encyclopedia-britannica.html /enjoy-in-Spanish.html /eurostar.html /excelerated-learning.html /fiesta-de-san-fermin.html /fifteenth-birthday.html /flashcard.html /foreign-service-institute-fsi-french.html /foreign-service-institute-fsi-german.html /foreign-service-institute-language-course.html /free-french-lessons.html /free-german-lessons.html /free-spanish-lesson.html /french-colours.html /french-expression-en-avoir-marre-de.html /french-flashcard.html /french-football.html /french-for-also.html /french-for-beef.html /french-for-boat.html /french-for-fill.html /french-for-lay.html /french-for-sausage.html /french-for-station.html /french-for-suitcase-is-valise.html
https://www.200words-a-day.com/images/120x100xGerman-logo.jpg.pagespeed.ic.6lFMGuyFee.jpg,image,1,324,/ /1-jun-blog-sample.html /200words-a-day-technical-help.html /22Apr-french-word.html /25-tip-of-the-day.html /accelerated-learning.html /alpha.html /argentine-food.html /become-fluent.html /bird-flu.html /cart1.html /champs-elysees.html /chinese-memory-triggers.html /colours-in-french.html /confirm.html /contact-us.html /csp2DlcbO.html /cucumber-in-german.html /daily-french-lesson-code.html /daily-spanish-verb.html /daily-verb-lessons.html /e-flashcardz.html /earworms.html /easter-in-france.html /ebook-payment-completion.html /encyclopedia-britannica.html /enjoy-in-Spanish.html /eurostar.html /excelerated-learning.html /fiesta-de-san-fermin.html /fifteenth-birthday.html /flashcard.html /foreign-service-institute-fsi-french.html /foreign-service-institute-fsi-german.html /foreign-service-institute-language-course.html /free-french-lessons.html /free-german-lessons.html /free-spanish-lesson.html /french-colours.html /french-expression-en-avoir-marre-de.html /french-flashcard.html /french-football.html /french-for-also.html /french-for-beef.html /french-for-boat.html /french-for-fill.html /french-for-lay.html /french-for-sausage.html /french-for-station.html /french-for-suitcase-is-valise.html
https://www.200words-a-day.com/images/120x100xSpanish-logo.jpg.pagespeed.ic.SBTxiFP8NM.jpg,image,1,323,/ /1-jun-blog-sample.html /200words-a-day-technical-help.html /22Apr-french-word.html /25-tip-of-the-day.html /accelerated-learning.html /alpha.html /argentine-food.html /become-fluent.html /bird-flu.html /cart1.html /champs-elysees.html /chinese-memory-triggers.html /colours-in-french.html /confirm.html /contact-us.html /csp2DlcbO.html /cucumber-in-german.html /daily-french-lesson-code.html /daily-spanish-verb.html /daily-verb-lessons.html /e-flashcardz.html /earworms.html /easter-in-france.html /ebook-payment-completion.html /encyclopedia-britannica.html /enjoy-in-Spanish.html /eurostar.html /excelerated-learning.html /fiesta-de-san-fermin.html /fifteenth-birthday.html /flashcard.html /foreign-service-institute-fsi-french.html /foreign-service-institute-fsi-german.html /foreign-service-institute-language-course.html /free-french-lessons.html /free-german-lessons.html /free-spanish-lesson.html /french-colours.html /french-expression-en-avoir-marre-de.html /french-flashcard.html /french-football.html /french-for-also.html /french-for-beef.html /french-for-boat.html /french-for-fill.html /french-for-lay.html /french-for-sausage.html /french-for-station.html /french-for-suitcase-is-valise.html
https://www.200words-a-day.com/images/120x100xWelcomeItalian.jpg.pagespeed.ic.uSNk_92sOn.jpg,image,1,323,/ /1-jun-blog-sample.html /200words-a-day-technical-help.html /22Apr-french-word.html /25-tip-of-the-day.html /accelerated-learning.html /alpha.html /argentine-food.html /become-fluent.html /bird-flu.html /cart1.html /champs-elysees.html /chinese-memory-triggers.html /colours-in-french.html /confirm.html /contact-us.html /csp2DlcbO.html /cucumber-in-german.html /daily-french-lesson-code.html /daily-spanish-verb.html /daily-verb-lessons.html /e-flashcardz.html /earworms.html /easter-in-france.html /ebook-payment-completion.html /encyclopedia-britannica.html /enjoy-in-Spanish.html /eurostar.html /excelerated-learning.html /fiesta-de-san-fermin.html /fifteenth-birthday.html /flashcard.html /foreign-service-institute-fsi-french.html /foreign-service-institute-fsi-german.html /foreign-service-institute-language-course.html /free-french-lessons.html /free-german-lessons.html /free-spanish-lesson.html /french-colours.html /french-expression-en-avoir-marre-de.html /french-flashcard.html /french-football.html /french-for-also.html /french-for-beef.html /french-for-boat.html /french-for-fill.html /french-for-lay.html /french-for-sausage.html /french-for-station.html /french-for-suitcase-is-valise.html
https://www.200words-a-day.com/images/120x100xwelshlogopic326x278.jpg.pagespeed.ic.fGuFINliZg.jpg,image,1,323,/ /1-jun-blog-sample.html /200words-a-day-technical-help.html /22Apr-french-word.html /25-tip-of-the-day.html /accelerated-learning.html /alpha.html /argentine-food.html /become-fluent.html /bird-flu.html /cart1.html /champs-elysees.html /chinese-memory-triggers.html /colours-in-french.html /confirm.html /contact-us.html /csp2DlcbO.html /cucumber-in-german.html /daily-french-lesson-code.html /daily-spanish-verb.html /daily-verb-lessons.html /e-flashcardz.html /earworms.html /easter-in-france.html /ebook-payment-completion.html /encyclopedia-britannica.html /enjoy-in-Spanish.html /eurostar.html /excelerated-learning.html /fiesta-de-san-fermin.html /fifteenth-birthday.html /flashcard.html /foreign-service-institute-fsi-french.html /foreign-service-institute-fsi-german.html /foreign-service-institute-language-course.html /free-french-lessons.html /free-german-lessons.html /free-spanish-lesson.html /french-colours.html /french-expression-en-avoir-marre-de.html /french-flashcard.html /french-football.html /french-for-also.html /french-for-beef.html /french-for-boat.html /french-for-fill.html /french-for-lay.html /french-for-sausage.html /french-for-station.html /french-for-suitcase-is-valise.html
https://www.200words-a-day.com/images/122x104xbuonpomeriggio.jpg.pagespeed.ic.8SjoNgmuzb.jpg,image,1,1,/learn-italian-fast.html
https://www.200words-a-day.com/images/122x104xdove-1.jpg.pagespeed.ic.i224CpH9A-.jpg,image,1,1,/learn-italian-fast.html
https://www.200words-a-day.com/images/122x104xitalian-order.jpg.pagespeed.ic.qGzVS4eMlc.jpg,image,1,1,/learn-italian-fast.html
https://www.200words-a-day.com/images/122x104xposso.jpg.pagespeed.ic.WVMDpMR73K.jpg,image,1,1,/learn-italian-fast.html
https://www.200words-a-day.com/images/160x120xchurros-and-coffee.jpg.pagespeed.ic.RLFMXg3eJd.jpg,image,1,1,/spanish-churros.html
https://www.200words-a-day.com/images/160x120xmuros-pigs-cheeks-in-caceres.jpg.pagespeed.ic.YUThOk4jLw.jpg,image,1,1,/spanish-churros.html
https://www.200words-a-day.com/images/160x120xrubbish-in-the-churreria.jpg.pagespeed.ic.dv6igWhIIq.jpg,image,1,1,/spanish-churros.html
https://www.200words-a-day.com/images/160x120xspeaking-italian.jpg.pagespeed.ic.1VUSk11VpO.jpg,image,1,1,/spanish-churros.html
https://www.200words-a-day.com/images/160x120xwine-and-iberico-ham-in-caceres.jpg.pagespeed.ic.FxQel0Yys2.jpg,image,1,1,/spanish-churros.html
https://www.200words-a-day.com/images/162x138xpassaporto.jpg.pagespeed.ic.bWxHHtvE6E.jpg,image,1,1,/learn-italian-fast.html
https://www.200words-a-day.com/images/162x138xsupersonic.jpg.pagespeed.ic.krhRitIZ2m.jpg,image,1,1,/learn-italian-fast.html
https://www.200words-a-day.com/images/19.gif,image,0,1,/19.html
https://www.200words-a-day.com/images/192x144xitalian-plane.jpg.pagespeed.ic.DXkJVzAwSF.jpg,image,1,1,/spanish-verb-ir.html
https://www.200words-a-day.com/images/196x167xcall.jpg.pagespeed.ic.DDa3_gYNye.jpg,image,1,1,/learn-italian-fast.html
https://www.200words-a-day.com/images/200x150xel-churrero.jpg.pagespeed.ic.wt2Cm68RqZ.jpg,image,1,375,/poder.html /spanish-verb-abarcar.html /spanish-verb-abigarrar.html /spanish-verb-ablandar.html /spanish-verb-abnegar.html /spanish-verb-abogar.html /spanish-verb-aborrecer.html /spanish-verb-abrazar.html /spanish-verb-absorber.html /spanish-verb-acantonar.html /spanish-verb-acercar.html /spanish-verb-acontecer.html /spanish-verb-acostar.html /spanish-verb-actualizar.html /spanish-verb-actuar.html /spanish-verb-acudir.html /spanish-verb-adelgazar.html /spanish-verb-adherir.html /spanish-verb-adjudicar.html /spanish-verb-admitir.html /spanish-verb-adolecer.html /spanish-verb-aducir.html /spanish-verb-advertir.html /spanish-verb-afligir.html /spanish-verb-agradecer.html /spanish-verb-ahogar.html /spanish-verb-ahorcar.html /spanish-verb-alcanzar.html /spanish-verb-alentar.html /spanish-verb-aliar.html /spanish-verb-alzar.html /spanish-verb-amanecer.html /spanish-verb-amenazar.html /spanish-verb-amplificar.html /spanish-verb-anadir.html /spanish-verb-analizar.html /spanish-verb-anclar.html /spanish-verb-anochecer.html /spanish-verb-aparcar.html /spanish-verb-aparecer.html /spanish-verb-apetecer.html /spanish-verb-aplaudir.html /spanish-verb-aplicar.html /spanish-verb-aprender.html /spanish-verb-apretar.html /spanish-verb-arrancar.html /spanish-verb-ascender.html /spanish-verb-asistir.html /spanish-verb-asumir.html /spanish-verb-atacar.html
https://www.200words-a-day.com/images/200x150xspeaking-italian.jpg.pagespeed.ic.Cy7CJEriS9.jpg,image,1,375,/poder.html /spanish-verb-abarcar.html /spanish-verb-abigarrar.html /spanish-verb-ablandar.html /spanish-verb-abnegar.html /spanish-verb-abogar.html /spanish-verb-aborrecer.html /spanish-verb-abrazar.html /spanish-verb-absorber.html /spanish-verb-acantonar.html /spanish-verb-acercar.html /spanish-verb-acontecer.html /spanish-verb-acostar.html /spanish-verb-actualizar.html /spanish-verb-actuar.html /spanish-verb-acudir.html /spanish-verb-adelgazar.html /spanish-verb-adherir.html /spanish-verb-adjudicar.html /spanish-verb-admitir.html /spanish-verb-adolecer.html /spanish-verb-aducir.html /spanish-verb-advertir.html /spanish-verb-afligir.html /spanish-verb-agradecer.html /spanish-verb-ahogar.html /spanish-verb-ahorcar.html /spanish-verb-alcanzar.html /spanish-verb-alentar.html /spanish-verb-aliar.html /spanish-verb-alzar.html /spanish-verb-amanecer.html /spanish-verb-amenazar.html /spanish-verb-amplificar.html /spanish-verb-anadir.html /spanish-verb-analizar.html /spanish-verb-anclar.html /spanish-verb-anochecer.html /spanish-verb-aparcar.html /spanish-verb-aparecer.html /spanish-verb-apetecer.html /spanish-verb-aplaudir.html /spanish-verb-aplicar.html /spanish-verb-aprender.html /spanish-verb-apretar.html /spanish-verb-arrancar.html /spanish-verb-ascender.html /spanish-verb-asistir.html /spanish-verb-asumir.html /spanish-verb-atacar.html
https://www.200words-a-day.com/images/200x150xwine-and-iberico-ham-in-caceres.jpg.pagespeed.ic.C_8IoOqzkx.jpg,image,1,373,/poder.html /spanish-verb-abarcar.html /spanish-verb-abigarrar.html /spanish-verb-ablandar.html /spanish-verb-abnegar.html /spanish-verb-abogar.html /spanish-verb-aborrecer.html /spanish-verb-abrazar.html /spanish-verb-absorber.html /spanish-verb-acantonar.html /spanish-verb-acercar.html /spanish-verb-acontecer.html /spanish-verb-acostar.html /spanish-verb-actualizar.html /spanish-verb-actuar.html /spanish-verb-acudir.html /spanish-verb-adelgazar.html /spanish-verb-adherir.html /spanish-verb-adjudicar.html /spanish-verb-admitir.html /spanish-verb-adolecer.html /spanish-verb-aducir.html /spanish-verb-advertir.html /spanish-verb-afligir.html /spanish-verb-agradecer.html /spanish-verb-ahogar.html /spanish-verb-alcanzar.html /spanish-verb-alentar.html /spanish-verb-aliar.html /spanish-verb-alzar.html /spanish-verb-amanecer.html /spanish-verb-amenazar.html /spanish-verb-amplificar.html /spanish-verb-anadir.html /spanish-verb-analizar.html /spanish-verb-anclar.html /spanish-verb-anochecer.html /spanish-verb-aparcar.html /spanish-verb-aparecer.html /spanish-verb-apetecer.html /spanish-verb-aplaudir.html /spanish-verb-aplicar.html /spanish-verb-aprender.html /spanish-verb-apretar.html /spanish-verb-arrancar.html /spanish-verb-ascender.html /spanish-verb-asistir.html /spanish-verb-asumir.html /spanish-verb-atacar.html /spanish-verb-atender.html
https://www.200words-a-day.com/images/210x158xchurros-cooking-in-oil.jpg.pagespeed.ic.5s9seBHr7s.jpg,image,1,1,/spanish-churros.html
https://www.200words-a-day.com/images/210x158xcooked-churros-fresh-from-the-deep-frier.jpg.pagespeed.ic.yRmKC5gX_2.jpg,image,1,1,/spanish-churros.html
https://www.200words-a-day.com/images/210x158xdunking-churro.jpg.pagespeed.ic.d9O4jVzIxA.jpg,image,1,1,/spanish-churros.html
https://www.200words-a-day.com/images/212x160xmuros-pigs-cheeks-in-caceres.jpg.pagespeed.ic.RTKempjHdr.jpg,image,1,2,/spanish-churros.html /ten-most-important-spanish-verbs.html
https://www.200words-a-day.com/images/212x160xspeaking-italian.jpg.pagespeed.ic.gEhmd_CY5c.jpg,image,1,2,/spanish-churros.html /ten-most-important-spanish-verbs.html
https://www.200words-a-day.com/images/212x160xwine-and-iberico-ham-in-caceres.jpg.pagespeed.ic.M6iN0g7FlQ.jpg,image,1,2,/spanish-churros.html /ten-most-important-spanish-verbs.html
https://www.200words-a-day.com/images/224x168xlooking-onto-the-shaded-courtyard-moors-house-caceres.jpg.pagespeed.ic.Af7rxY6jLV.jpg,image,1,1,/learn-spanish-in-caceres.html
https://www.200words-a-day.com/images/224x168xmoors-shaded-courtyard-in-caceres.jpg.pagespeed.ic.InR-blRtif.jpg,image,1,1,/learn-spanish-in-caceres.html
https://www.200words-a-day.com/images/294x250xabbandonare.jpg.pagespeed.ic.ZA0bb3gven.jpg,image,1,1,/6May-daily-italian-lesson.html
https://www.200words-a-day.com/images/294x250xaboyer.jpg.pagespeed.ic.OH5kAikrL3.jpg,image,1,1,/french-verb-aboyer.html
https://www.200words-a-day.com/images/294x250xabrazar.jpg.pagespeed.ic.GVlV9q8Kdz.jpg,image,1,1,/spanish-verb-abrazar.html
https://www.200words-a-day.com/images/294x250xabrutir.jpg.pagespeed.ic.WBR79jpEkK.jpg,image,1,1,/french-verb-abrutir.html
https://www.200words-a-day.com/images/294x250xaccarezzare.jpg.pagespeed.ic.YSUPLyEl8g.jpg,image,1,1,/22Apr-daily-italian-lesson.html
https://www.200words-a-day.com/images/294x250xaccasare.jpg.pagespeed.ic.zz9FikV70m.jpg,image,1,1,/3Apr-daily-italian-lesson.html
https://www.200words-a-day.com/images/294x250xaccludere.jpg.pagespeed.ic.4zrkY7bTpc.jpg,image,1,1,/6Nov-daily-italian-lesson.html
https://www.200words-a-day.com/images/294x250xacheter.jpg.pagespeed.ic.cQYs1tZ3_3.jpg,image,1,1,/french-verb-acheter.html
https://www.200words-a-day.com/images/294x250xactuar.jpg.pagespeed.ic.FwLdhtSa0V.jpg,image,1,1,/spanish-verb-actuar.html
https://www.200words-a-day.com/images/294x250xadditare.jpg.pagespeed.ic.ipi1LduTX-.jpg,image,1,1,/9Apr-daily-italian-lesson.html
https://www.200words-a-day.com/images/294x250xaddolorare.jpg.pagespeed.ic.6bs0owcnZ3.jpg,image,1,1,/10Apr-daily-italian-lesson.html
https://www.200words-a-day.com/images/294x250xaddormentare.jpg.pagespeed.ic.oSJ-c79dr_.jpg,image,1,1,/11Apr-daily-italian-lesson.html
https://www.200words-a-day.com/images/294x250xadeguare.jpg.pagespeed.ic.9-px7dQm8q.jpg,image,1,1,/30Aug-daily-italian-lesson.html
https://www.200words-a-day.com/images/294x250xadirare.jpg.pagespeed.ic.yAbz5sCHN0.jpg,image,1,1,/12Apr-daily-italian-lesson.html
https://www.200words-a-day.com/images/294x250xadjudicar.jpg.pagespeed.ic.maQeQhZ6Hi.jpg,image,1,1,/spanish-verb-adjudicar.html
https://www.200words-a-day.com/images/294x250xadornare.jpg.pagespeed.ic.vO6s4t6oWv.jpg,image,1,1,/14Apr-daily-italian-lesson.html
https://www.200words-a-day.com/images/294x250xadosser-small.jpg.pagespeed.ic.L9Z05901ad.jpg,image,1,1,/french-for-lean-adosser.html
https://www.200words-a-day.com/images/294x250xaggravarsi.jpg.pagespeed.ic.XMtOG1bukn.jpg,image,1,1,/5Sep-daily-italian-lesson.html
https://www.200words-a-day.com/images/294x250xaizzare.jpg.pagespeed.ic.vab7C13KQA.jpg,image,1,1,/21Apr-daily-italian-lesson.html
https://www.200words-a-day.com/images/294x250xalentar.jpg.pagespeed.ic.rLphYaIyU5.jpg,image,1,1,/spanish-verb-alentar.html
https://www.200words-a-day.com/images/294x250xaliar.jpg.pagespeed.ic.9KSowZsKT5.jpg,image,1,1,/spanish-verb-aliar.html
https://www.200words-a-day.com/images/294x250xallertare.jpg.pagespeed.ic.PTgFZZkDO1.jpg,image,1,1,/7May-daily-italian-lesson.html
https://www.200words-a-day.com/images/294x250xallettare.jpg.pagespeed.ic.2OndI2zFfP.jpg,image,1,1,/26Apr-daily-italian-lesson.html
https://www.200words-a-day.com/images/294x250xalzar.jpg.pagespeed.ic.znXKs6vg8p.jpg,image,1,1,/spanish-verb-alzar.html
https://www.200words-a-day.com/images/294x250xammaestrare.jpg.pagespeed.ic.VIrILvJ42a.jpg,image,1,1,/27Mar-daily-italian-lesson.html
https://www.200words-a-day.com/images/294x250xammanettare.jpg.pagespeed.ic.FmuND3A7_6.jpg,image,1,1,/10May-daily-italian-lesson.html
https://www.200words-a-day.com/images/294x250xammettere.jpg.pagespeed.ic.eosuAnGXli.jpg,image,1,1,/17Nov-daily-italian-lesson.html
https://www.200words-a-day.com/images/294x250xamministrare.jpg.pagespeed.ic.4Nsvde6nqJ.jpg,image,1,1,/28Mar-daily-italian-lesson.html
https://www.200words-a-day.com/images/294x250xanadir.jpg.pagespeed.ic.QBbwO5E_S-.jpg,image,1,1,/spanish-verb-anadir.html
https://www.200words-a-day.com/images/294x250xannaffiare.jpg.pagespeed.ic.2uxTDDaOWm.jpg,image,1,1,/5Jul-daily-italian-lesson.html
https://www.200words-a-day.com/images/294x250xannichilire.jpg.pagespeed.ic.OQIg6m7r1d.jpg,image,1,1,/20Dec-daily-italian-lesson.html
https://www.200words-a-day.com/images/294x250xannoverare.jpg.pagespeed.ic.Q2LVA_JrDE.jpg,image,1,1,/17May-daily-italian-lesson.html
https://www.200words-a-day.com/images/294x250xaplatir.jpg.pagespeed.ic.AskU0DUvay.jpg,image,1,1,/french-for-flatten.html
https://www.200words-a-day.com/images/294x250xaplaudir.jpg.pagespeed.ic.rTMevXPrjb.jpg,image,1,1,/spanish-verb-aplaudir.html
https://www.200words-a-day.com/images/294x250xapprendre.jpg.pagespeed.ic.ihhXv2KnWq.jpg,image,1,2,/french-verb-apprendre.html /french-verb-reapprendre.html
https://www.200words-a-day.com/images/294x250xapproprier.jpg.pagespeed.ic.dmzFGfSkC1.jpg,image,1,1,/french-verb-se-approprier.html
https://www.200words-a-day.com/images/294x250xarrangiare.jpg.pagespeed.ic.Ylh7P9pY9b.jpg,image,1,1,/4Aug-daily-italian-lesson.html
https://www.200words-a-day.com/images/294x250xarrestare.jpg.pagespeed.ic.N_BXscdrKe.jpg,image,1,2,/29Aug-daily-italian-lesson.html /31May-daily-italian-lesson.html
https://www.200words-a-day.com/images/294x250xascendere.jpg.pagespeed.ic.MFx9stb_cE.jpg,image,1,1,/16Oct-daily-italian-lesson.html
https://www.200words-a-day.com/images/294x250xatender.jpg.pagespeed.ic.cyvDHa0o7f.jpg,image,1,1,/spanish-verb-atender.html
https://www.200words-a-day.com/images/294x250xatribuir.jpg.pagespeed.ic.F3qwrsgVFO.jpg,image,1,1,/spanish-verb-atribuir.html
https://www.200words-a-day.com/images/294x250xautorizar.jpg.pagespeed.ic.qcf_Lhdd4g.jpg,image,1,1,/spanish-verb-autorizar.html
https://www.200words-a-day.com/images/294x250xaviser.jpg.pagespeed.ic.csUrl9qC0p.jpg,image,1,1,/french-for-advise.html
https://www.200words-a-day.com/images/294x250xavvertire.jpg.pagespeed.ic.v55Kha2_Iq.jpg,image,1,1,/3Dec-daily-italian-lesson.html
https://www.200words-a-day.com/images/294x250xbaciare.jpg.pagespeed.ic.e0j5TpEb_z.jpg,image,1,1,/28Aug-daily-italian-lesson.html
https://www.200words-a-day.com/images/294x250xbalayer.jpg.pagespeed.ic.r0QPhNft6E.jpg,image,1,1,/french-verb-balayer.html
https://www.200words-a-day.com/images/294x250xbarrer.jpg.pagespeed.ic.t9ooet4QNI.jpg,image,1,1,/spanish-verb-barrer.html
https://www.200words-a-day.com/images/294x250xbrancher.jpg.pagespeed.ic.m6W5BC92B-.jpg,image,1,1,/french-verb-se-brancher.html
https://www.200words-a-day.com/images/294x250xbrontolare.jpg.pagespeed.ic.qgNhYE05_T.jpg,image,1,1,/3May-daily-italian-lesson.html
https://www.200words-a-day.com/images/294x250xcalare.jpg.pagespeed.ic.uhxXZYXuyn.jpg,image,1,1,/6Jun-daily-italian-lesson.html
https://www.200words-a-day.com/images/294x250xcalentar.jpg.pagespeed.ic.P90cxfD01d.jpg,image,1,1,/spanish-verb-calentar.html
https://www.200words-a-day.com/images/294x250xcalmarsi.jpg.pagespeed.ic.l7se2ZZwXm.jpg,image,1,1,/13Sep-daily-italian-lesson.html
https://www.200words-a-day.com/images/294x250xcalmer.jpg.pagespeed.ic.8S3OHDU3ee.jpg,image,1,1,/french-verb-se-calmer.html
https://www.200words-a-day.com/images/294x250xcandeggiare.jpg.pagespeed.ic.pABlia1yqW.jpg,image,1,1,/6Aug-daily-italian-lesson.html
https://www.200words-a-day.com/images/294x250xcargar.jpg.pagespeed.ic.MIPtr_32v9.jpg,image,1,1,/spanish-verb-cargar.html
https://www.200words-a-day.com/images/294x250xcerrar.jpg.pagespeed.ic.yOyqivNnkP.jpg,image,1,1,/spanish-verb-cerrar.html
https://www.200words-a-day.com/images/294x250xchiamarsi.jpg.pagespeed.ic.kD7N6cXLye.jpg,image,1,1,/4Sep-daily-italian-lesson.html
https://www.200words-a-day.com/images/294x250xchocar.jpg.pagespeed.ic.ThhXzbt6KU.jpg,image,1,1,/spanish-verb-chocar.html
https://www.200words-a-day.com/images/294x250xcolar.jpg.pagespeed.ic.sjlC9cTmlv.jpg,image,1,1,/spanish-verb-colar.html
https://www.200words-a-day.com/images/294x250xcolocar.jpg.pagespeed.ic.ey_J7LkZH_.jpg,image,1,1,/spanish-verb-colocar.html
https://www.200words-a-day.com/images/294x250xcombattersi.jpg.pagespeed.ic.npTWjIQQNW.jpg,image,1,1,/22Sep-daily-italian-lesson.html
https://www.200words-a-day.com/images/294x250xcomer.jpg.pagespeed.ic.khHgyJiyoj.jpg,image,1,1,/spanish-verb-comer.html
https://www.200words-a-day.com/images/294x250xcomplicar.jpg.pagespeed.ic.58_yqjI0TI.jpg,image,1,1,/spanish-verb-complicar.html
https://www.200words-a-day.com/images/294x250xcomponer.jpg.pagespeed.ic.kgCVnW23zo.jpg,image,1,1,/spanish-verb-componer.html
https://www.200words-a-day.com/images/294x250xcomporre.jpg.pagespeed.ic.cy1D82el5Z.jpg,image,1,1,/11Dec-daily-italian-lesson.html
https://www.200words-a-day.com/images/294x250xcomprender.jpg.pagespeed.ic.v6t3RcTtJ0.jpg,image,1,1,/spanish-verb-comprender.html
https://www.200words-a-day.com/images/294x250xcomprendre.jpg.pagespeed.ic.OZZsXu1fXU.jpg,image,1,1,/french-verb-comprendre.html
https://www.200words-a-day.com/images/294x250xconceder.jpg.pagespeed.ic.inx_ysM3zr.jpg,image,1,1,/spanish-verb-conceder.html
https://www.200words-a-day.com/images/294x250xconcentrare.jpg.pagespeed.ic.Vf2IWWYg76.jpg,image,1,1,/17Jun-daily-italian-lesson.html
https://www.200words-a-day.com/images/294x250xconfermarsi.jpg.pagespeed.ic.Xjm6J5tC_i.jpg,image,1,2,/14Sep-daily-italian-lesson.html /9Sep-daily-italian-lesson.html
https://www.200words-a-day.com/images/294x250xconfiar.jpg.pagespeed.ic.Mx2jxOClZt.jpg,image,1,1,/spanish-verb-confiar.html
https://www.200words-a-day.com/images/294x250xconfirmer.jpg.pagespeed.ic.eZ_LOF-TKY.jpg,image,1,1,/french-verb-confirmer.html
https://www.200words-a-day.com/images/294x250xconsentir.jpg.pagespeed.ic.aHjxIUgsK3.jpg,image,1,1,/spanish-verb-consentir.html
https://www.200words-a-day.com/images/294x250xconsistir.jpg.pagespeed.ic.cg7_QggVMU.jpg,image,1,1,/spanish-verb-consistir.html
https://www.200words-a-day.com/images/294x250xconstruir.jpg.pagespeed.ic.HnYAJtDHC3.jpg,image,1,1,/spanish-verb-construir.html
https://www.200words-a-day.com/images/294x250xcontenir.jpg.pagespeed.ic.OV7Z9MZnZq.jpg,image,1,1,/french-verb-contenir.html
https://www.200words-a-day.com/images/294x250xcontrobattere.jpg.pagespeed.ic.ODp858pQwb.jpg,image,1,1,/3Oct-daily-italian-lesson.html
https://www.200words-a-day.com/images/294x250xcopiare.jpg.pagespeed.ic.EdyL0gcFuh.jpg,image,1,1,/4Jul-daily-italian-lesson.html
https://www.200words-a-day.com/images/294x250xcostar.jpg.pagespeed.ic.BDUZdFoGzw.jpg,image,1,1,/spanish-verb-costar.html
https://www.200words-a-day.com/images/294x250xcostruire.jpg.pagespeed.ic.NSjrjIDrSG.jpg,image,1,1,/23Dec-daily-italian-lesson.html
https://www.200words-a-day.com/images/294x250xcredersi.jpg.pagespeed.ic.jfeARIP-B2.jpg,image,1,2,/23Sep-daily-italian-lesson.html /4Oct-daily-italian-lesson.html
https://www.200words-a-day.com/images/294x250xcriar.jpg.pagespeed.ic.wL8Z5c_5iw.jpg,image,1,1,/spanish-verb-criar.html
https://www.200words-a-day.com/images/294x250xculpar.jpg.pagespeed.ic.gDCLL8aUN6.jpg,image,1,1,/spanish-verb-culpar.html
https://www.200words-a-day.com/images/294x250xdeboucher.jpg.pagespeed.ic.88oxcAeQn7.jpg,image,1,1,/french-for-emerge.html
https://www.200words-a-day.com/images/294x250xdecouvrir.jpg.pagespeed.ic.B54UeXqotD.jpg,image,1,1,/french-verb-decouvrir.html
https://www.200words-a-day.com/images/294x250xdefendre.jpg.pagespeed.ic.XkpkC8BgLf.jpg,image,1,1,/french-for-champion.html
https://www.200words-a-day.com/images/294x250xdelier.jpg.pagespeed.ic.CoGuofGYl_.jpg,image,1,1,/french-verb-se-delier.html
https://www.200words-a-day.com/images/294x250xdemanteler.jpg.pagespeed.ic.1dzEcGHcnN.jpg,image,1,1,/french-verb-demanteler.html
https://www.200words-a-day.com/images/294x250xdemoler.jpg.pagespeed.ic.0Ilc_cwM4i.jpg,image,1,1,/spanish-verb-demoler.html
https://www.200words-a-day.com/images/294x250xdenoyer.jpg.pagespeed.ic.ifr857fCJ0.jpg,image,1,1,/french-verb-denoyer.html
https://www.200words-a-day.com/images/294x250xdepositare.jpg.pagespeed.ic.Mu_vxGgwWM.jpg,image,1,1,/23Feb-daily-italian-lesson.html
https://www.200words-a-day.com/images/294x250xderanger.jpg.pagespeed.ic.vG77YBBNrn.jpg,image,1,1,/french-verb-deranger.html
https://www.200words-a-day.com/images/294x250xdesiderare.jpg.pagespeed.ic.ZCgYZM8fgf.jpg,image,1,1,/24Feb-daily-italian-lesson.html
https://www.200words-a-day.com/images/294x250xdesobedecer.jpg.pagespeed.ic.ovIshRWDMI.jpg,image,1,1,/spanish-verb-desobedecer.html
https://www.200words-a-day.com/images/294x250xdetendre.jpg.pagespeed.ic.zYfKSTu0a1.jpg,image,1,1,/french-verb-detendre.html
https://www.200words-a-day.com/images/294x250xdeviner.jpg.pagespeed.ic.C49pbvAaNy.jpg,image,1,1,/french-verb-deviner.html
https://www.200words-a-day.com/images/294x250xdigerir.jpg.pagespeed.ic.UFjTJkkU6R.jpg,image,1,1,/spanish-verb-digerir.html
https://www.200words-a-day.com/images/294x250xdiriger.jpg.pagespeed.ic.yVZv5Pk6h6.jpg,image,1,1,/french-verb-diriger.html
https://www.200words-a-day.com/images/294x250xdirigir.jpg.pagespeed.ic.IyAOP6D_hn.jpg,image,1,1,/spanish-verb-dirigir.html
https://www.200words-a-day.com/images/294x250xdisponer.jpg.pagespeed.ic.hAv3oMtMA3.jpg,image,1,1,/spanish-verb-disponer.html
https://www.200words-a-day.com/images/294x250xdistendere.jpg.pagespeed.ic.a1tjxZU9Rs.jpg,image,1,1,/22Oct-daily-italian-lesson.html
https://www.200words-a-day.com/images/294x250xdivertirsi.jpg.pagespeed.ic.ehhu2HwUof.jpg,image,1,1,/29Sep-daily-italian-lesson.html
https://www.200words-a-day.com/images/294x250xechanger.jpg.pagespeed.ic.rdutBpZ-1w.jpg,image,1,1,/french-verb-echanger.html
https://www.200words-a-day.com/images/294x250xeclater.jpg.pagespeed.ic.NAO2k52ZcX.jpg,image,1,1,/french-for-explode.html
https://www.200words-a-day.com/images/294x250xemanciparsi.jpg.pagespeed.ic.ImTLtImfIu.jpg,image,1,1,/18Sep-daily-italian-lesson.html
https://www.200words-a-day.com/images/294x250xembestir.jpg.pagespeed.ic.E93uzfEzWS.jpg,image,1,1,/spanish-verb-embestir.html
https://www.200words-a-day.com/images/294x250xemmeler.jpg.pagespeed.ic.l1O29aSMta.jpg,image,1,1,/french-verb-se-emmeler.html
https://www.200words-a-day.com/images/294x250xempresser.jpg.pagespeed.ic.zeYHuWG0Vm.jpg,image,1,1,/french-verb-se-empresser.html
https://www.200words-a-day.com/images/294x250xemulare.jpg.pagespeed.ic.J65XqHj8Rk.jpg,image,1,1,/17Feb-daily-italian-lesson.html
https://www.200words-a-day.com/images/294x250xenfatizar.jpg.pagespeed.ic.UIhJllNdsO.jpg,image,1,1,/spanish-verb-enfatizar.html
https://www.200words-a-day.com/images/294x250xenrayer.jpg.pagespeed.ic.xtYba_B6kJ.jpg,image,1,1,/french-verb-enrayer.html
https://www.200words-a-day.com/images/294x250xentendre.jpg.pagespeed.ic.pcKh9E6ULZ.jpg,image,1,1,/french-verb-entendre.html
https://www.200words-a-day.com/images/294x250xenternecer.jpg.pagespeed.ic.y5ijQ8h1AN.jpg,image,1,1,/spanish-verb-enternecer.html
https://www.200words-a-day.com/images/294x250xentrouvrir.jpg.pagespeed.ic.NwCkk9vx3h.jpg,image,1,1,/french-verb-entrouvrir.html
https://www.200words-a-day.com/images/294x250xenviar.jpg.pagespeed.ic.8tPVn_hu-Q.jpg,image,1,1,/spanish-verb-enviar.html
https://www.200words-a-day.com/images/294x250xescludere.jpg.pagespeed.ic.vSNSYy_NIz.jpg,image,1,1,/10Nov-daily-italian-lesson.html
https://www.200words-a-day.com/images/294x250xesconder.jpg.pagespeed.ic.2TSuHP_CZo.jpg,image,1,1,/spanish-verb-esconder.html
https://www.200words-a-day.com/images/294x250xesilararsi.jpg.pagespeed.ic.D1Rdeg2BZQ.jpg,image,1,1,/19Sep-daily-italian-lesson.html
https://www.200words-a-day.com/images/294x250xestrellar.jpg.pagespeed.ic.LdQAm4-Y5u.jpg,image,1,1,/spanish-verb-estrellar.html
https://www.200words-a-day.com/images/294x250xestremecer.jpg.pagespeed.ic.UjBF5KNI37.jpg,image,1,1,/spanish-verb-estremecer.html
https://www.200words-a-day.com/images/294x250xetablir.jpg.pagespeed.ic.Co6Wj2Wja5.jpg,image,1,1,/french-verb-etablir.html
https://www.200words-a-day.com/images/294x250xetendre.jpg.pagespeed.ic.qNuldEgx6w.jpg,image,1,1,/french-verb-etendre.html
https://www.200words-a-day.com/images/294x250xetouffer.jpg.pagespeed.ic.xFZR0uGErv.jpg,image,1,1,/french-for-suffocate.html
https://www.200words-a-day.com/images/294x250xetre.jpg.pagespeed.ic.MniZs32QXa.jpg,image,1,1,/french-verb-etre.html
https://www.200words-a-day.com/images/294x250xevanouir.jpg.pagespeed.ic.yzyP3Jt4tR.jpg,image,1,1,/french-verb-evanouir.html
https://www.200words-a-day.com/images/294x250xeviter.jpg.pagespeed.ic.M6-QioEHeF.jpg,image,1,1,/french-for-avoid.html
https://www.200words-a-day.com/images/294x250xexiger.jpg.pagespeed.ic.yIq5kIIsa_.jpg,image,1,1,/french-verb-exiger.html
https://www.200words-a-day.com/images/294x250xexpedir.jpg.pagespeed.ic.dO2xQUo0dN.jpg,image,1,1,/spanish-verb-expedir.html
https://www.200words-a-day.com/images/294x250xexpliquer.jpg.pagespeed.ic.etrtANNiBg.jpg,image,1,1,/french-verb-expliquer.html
https://www.200words-a-day.com/images/294x250xexplosionar.jpg.pagespeed.ic.Tgc8PSx1pA.jpg,image,1,1,/spanish-verb-explosionar.html
https://www.200words-a-day.com/images/294x250xextender.jpg.pagespeed.ic.BHGru6jy09.jpg,image,1,1,/spanish-verb-extender.html
https://www.200words-a-day.com/images/294x250xfacilitare.jpg.pagespeed.ic.B0iYkJBDh7.jpg,image,1,1,/26Feb-daily-italian-lesson.html
https://www.200words-a-day.com/images/294x250xfiatare.jpg.pagespeed.ic.Z4rD1tnFk8.jpg,image,1,1,/29Jun-daily-italian-lesson.html
https://www.200words-a-day.com/images/294x250xfinanziare.jpg.pagespeed.ic.jCrTBwCz9H.jpg,image,1,1,/10Jul-daily-italian-lesson.html
https://www.200words-a-day.com/images/294x250xflipar.jpg.pagespeed.ic.311vKUR4jt.jpg,image,1,1,/spanish-verb-flipar.html
https://www.200words-a-day.com/images/294x250xfluctuar.jpg.pagespeed.ic.n7uScx5JuJ.jpg,image,1,1,/spanish-verb-fluctuar.html
https://www.200words-a-day.com/images/294x250xfonder.jpg.pagespeed.ic.-RV-U-RW6h.jpg,image,1,2,/french-for-melt.html /french-for-set-up.html
https://www.200words-a-day.com/images/294x250xfouiller.jpg.pagespeed.ic.RoUzuMaPfP.jpg,image,1,1,/french-for-search.html
https://www.200words-a-day.com/images/294x250xfregar.jpg.pagespeed.ic.kjS_bFhEKL.jpg,image,1,1,/spanish-verb-fregar.html
https://www.200words-a-day.com/images/294x250xfrissonner.jpg.pagespeed.ic.N-XkZpsy4f.jpg,image,1,1,/french-for-shiver.html
https://www.200words-a-day.com/images/294x250xgarantire.jpg.pagespeed.ic.Q3DcnMPvW_.jpg,image,1,1,/24Dec-daily-italian-lesson.html
https://www.200words-a-day.com/images/294x250xgeler.jpg.pagespeed.ic.rRyR3XlbZD.jpg,image,1,1,/french-verb-geler.html
https://www.200words-a-day.com/images/294x250xgemir.jpg.pagespeed.ic.34PkyHh42r.jpg,image,1,2,/french-for-moan.html /spanish-verb-gemir.html
https://www.200words-a-day.com/images/294x250xgirar.jpg.pagespeed.ic.5h709gd588.jpg,image,1,1,/spanish-verb-girar.html
https://www.200words-a-day.com/images/294x250xgrandir.jpg.pagespeed.ic.T-MEeacpVh.jpg,image,1,1,/french-verb-grandir.html
https://www.200words-a-day.com/images/294x250xgrever.jpg.pagespeed.ic.ipZ8Fieczk.jpg,image,1,1,/french-verb-grever.html
https://www.200words-a-day.com/images/294x250xgrommeler.jpg.pagespeed.ic.p0jSTIHf8o.jpg,image,1,1,/french-verb-grommeler.html
https://www.200words-a-day.com/images/294x250xhabituar.jpg.pagespeed.ic.CFmeMxuNfp.jpg,image,1,1,/spanish-verb-habituar.html
https://www.200words-a-day.com/images/294x250xhacer.jpg.pagespeed.ic.m9GaRuCiUi.jpg,image,1,1,/spanish-verb-hacer.html
https://www.200words-a-day.com/images/294x250xhoqueter.jpg.pagespeed.ic.JaogYV1GQT.jpg,image,1,1,/french-verb-hoqueter.html
https://www.200words-a-day.com/images/294x250xilluminer.jpg.pagespeed.ic.ZvkR2i6xDs.jpg,image,1,1,/french-verb-se-illuminer.html
https://www.200words-a-day.com/images/294x250ximbruttire.jpg.pagespeed.ic.5ig08KK8i2.jpg,image,1,1,/18Jan-daily-italian-lesson.html
https://www.200words-a-day.com/images/294x250ximpedir.jpg.pagespeed.ic.7kcpFHg0se.jpg,image,1,1,/spanish-verb-impedir.html
https://www.200words-a-day.com/images/294x250ximpietrire.jpg.pagespeed.ic.TUQNBxq78T.jpg,image,1,1,/19Jan-daily-italian-lesson.html
https://www.200words-a-day.com/images/294x250ximporre.jpg.pagespeed.ic.sboZ747G4A.jpg,image,1,1,/14Dec-daily-italian-lesson.html
https://www.200words-a-day.com/images/294x250xincluir.jpg.pagespeed.ic.YZnIQ5kVNM.jpg,image,1,1,/spanish-verb-incluir.html
https://www.200words-a-day.com/images/294x250xincoraggiare.jpg.pagespeed.ic.IiKvmI8PGf.jpg,image,1,1,/5Aug-daily-italian-lesson.html
https://www.200words-a-day.com/images/294x250xinferocire.jpg.pagespeed.ic.cWxL-GuD3m.jpg,image,1,1,/22Jan-daily-italian-lesson.html
https://www.200words-a-day.com/images/294x250xingresar.jpg.pagespeed.ic.L5xkVm-cau.jpg,image,1,1,/spanish-verb-ingresar.html
https://www.200words-a-day.com/images/294x250xinquieter.jpg.pagespeed.ic.mfqaKJeyD4.jpg,image,1,1,/french-verb-inquieter.html
https://www.200words-a-day.com/images/294x250xinserire.jpg.pagespeed.ic.sWk_Zzhi9n.jpg,image,1,1,/24Jan-daily-italian-lesson.html
https://www.200words-a-day.com/images/294x250xinstruire.jpg.pagespeed.ic.IFqTt3hfg2.jpg,image,1,1,/french-verb-instruire.html
https://www.200words-a-day.com/images/294x250xintuire.jpg.pagespeed.ic.2jpP4GDJ18.jpg,image,1,1,/25Jan-daily-italian-lesson.html
https://www.200words-a-day.com/images/294x250xinvertir.jpg.pagespeed.ic.dljY357l1Z.jpg,image,1,1,/spanish-verb-invertir.html
https://www.200words-a-day.com/images/294x250xinvestire.jpg.pagespeed.ic.h2fQbcXxs5.jpg,image,1,1,/5Dec-daily-italian-lesson.html
https://www.200words-a-day.com/images/294x250xinzuppare.jpg.pagespeed.ic.c0_TLivMcL.jpg,image,1,1,/30Jun-daily-italian-lesson.html
https://www.200words-a-day.com/images/294x250xlambire.jpg.pagespeed.ic.sDJmdzHU0c.jpg,image,1,1,/28Jan-daily-italian-lesson.html
https://www.200words-a-day.com/images/294x250xlastimar.jpg.pagespeed.ic.H22QSZ_lCg.jpg,image,1,1,/spanish-verb-lastimar.html
https://www.200words-a-day.com/images/294x250xliar.jpg.pagespeed.ic.DapC7v7X9i.jpg,image,1,1,/spanish-verb-liar.html
https://www.200words-a-day.com/images/294x250xlutter.jpg.pagespeed.ic.r3EL8ir99Z.jpg,image,1,1,/french-for-wrestle.html
https://www.200words-a-day.com/images/294x250xmanifester.jpg.pagespeed.ic.65xDySwPiW.jpg,image,1,1,/french-for-show.html
https://www.200words-a-day.com/images/294x250xmenacer.jpg.pagespeed.ic.cB4TiYipf9.jpg,image,1,1,/french-verb-menacer.html
https://www.200words-a-day.com/images/294x250xmentir.jpg.pagespeed.ic.-cRSMSMY30.jpg,image,1,1,/french-verb-mentir.html
https://www.200words-a-day.com/images/294x250xmettere.jpg.pagespeed.ic.yM8KAD0_Lk.jpg,image,1,1,/16Nov-daily-italian-lesson.html
https://www.200words-a-day.com/images/294x250xmolar.jpg.pagespeed.ic.F4el1KUbij.jpg,image,1,1,/spanish-verb-molar.html
https://www.200words-a-day.com/images/294x250xofender.jpg.pagespeed.ic.b8WdcDGKNK.jpg,image,1,1,/spanish-verb-ofender.html
https://www.200words-a-day.com/images/294x250xolvidar.jpg.pagespeed.ic.Uj4K7i4WoE.jpg,image,1,1,/spanish-verb-olvidar.html
https://www.200words-a-day.com/images/294x250xomettre.jpg.pagespeed.ic.3C9Ch3Jf-4.jpg,image,1,1,/french-verb-omettre.html
https://www.200words-a-day.com/images/294x250xondoyer.jpg.pagespeed.ic.twIUYizbbE.jpg,image,1,1,/french-verb-ondoyer.html
https://www.200words-a-day.com/images/294x250xoperare.jpg.pagespeed.ic.L4J17hVQDP.jpg,image,1,1,/6Feb-daily-italian-lesson.html
https://www.200words-a-day.com/images/294x250xorar.jpg.pagespeed.ic.685EvdXNXF.jpg,image,1,1,/spanish-verb-orar.html
https://www.200words-a-day.com/images/294x250xordire.jpg.pagespeed.ic.CgEPRf_jFw.jpg,image,1,1,/30Jan-daily-italian-lesson.html
https://www.200words-a-day.com/images/294x250xoter.jpg.pagespeed.ic.xAWfA5UEZA.jpg,image,1,1,/french-for-take-away.html
https://www.200words-a-day.com/images/294x250xoublier.jpg.pagespeed.ic.Sb9WyC-SRY.jpg,image,1,1,/french-verb-se-oublier.html
https://www.200words-a-day.com/images/294x250xpaint.jpg.pagespeed.ic._KL_AFuemw.jpg,image,1,1,/spanish-verb-aplicar.html
https://www.200words-a-day.com/images/294x250xparsemer.jpg.pagespeed.ic.hnBhseTX78.jpg,image,1,1,/french-verb-parsemer.html
https://www.200words-a-day.com/images/294x250xpartir2.jpg.pagespeed.ic.UWZrg7eUyo.jpg,image,1,2,/french-verb-partir.html /french-verb-repartir.html
https://www.200words-a-day.com/images/294x250xpassare-small.jpg.pagespeed.ic.KMipJodkgr.jpg,image,1,1,/21Mar-daily-italian-lesson.html
https://www.200words-a-day.com/images/294x250xpatire.jpg.pagespeed.ic.UtJEaP8z9K.jpg,image,1,1,/31Jan-daily-italian-lesson.html
https://www.200words-a-day.com/images/294x250xpayer.jpg.pagespeed.ic.wTfUWuhYJF.jpg,image,1,1,/french-verb-payer.html
https://www.200words-a-day.com/images/294x250xpedir.jpg.pagespeed.ic.WSgMto5Qex.jpg,image,1,1,/spanish-verb-pedir.html
https://www.200words-a-day.com/images/294x250xpegar.jpg.pagespeed.ic.IqTohcGRxC.jpg,image,1,1,/spanish-verb-pegar.html
https://www.200words-a-day.com/images/294x250xpeindre.jpg.pagespeed.ic.xkoL_lYDG1.jpg,image,1,1,/french-verb-peindre.html
https://www.200words-a-day.com/images/294x250xpelar.jpg.pagespeed.ic.RskFpPrDcZ.jpg,image,1,1,/spanish-verb-pelar.html
https://www.200words-a-day.com/images/294x250xpeler.jpg.pagespeed.ic.EyEOZuo9f0.jpg,image,1,1,/french-verb-peler.html
https://www.200words-a-day.com/images/294x250xpendre.jpg.pagespeed.ic.MaeHtwCT88.jpg,image,1,1,/french-verb-pendre.html
https://www.200words-a-day.com/images/294x250xpervertir.jpg.pagespeed.ic.LYpG0-Z4av.jpg,image,1,1,/spanish-verb-pervertir.html
https://www.200words-a-day.com/images/294x250xpiar.jpg.pagespeed.ic.6kqd0MUfOd.jpg,image,1,1,/spanish-verb-piar.html
https://www.200words-a-day.com/images/294x250xplantar.jpg.pagespeed.ic.QwcD6Yx6KT.jpg,image,1,1,/spanish-verb-plantar.html
https://www.200words-a-day.com/images/294x250xposponer.jpg.pagespeed.ic.BiymmsRThj.jpg,image,1,1,/spanish-verb-posponer.html
https://www.200words-a-day.com/images/294x250xpourrir.jpg.pagespeed.ic.t2sjpoXr_h.jpg,image,1,1,/french-for-rot.html
https://www.200words-a-day.com/images/294x250xprecludere.jpg.pagespeed.ic.dYr5VBTkEV.jpg,image,1,1,/13Nov-daily-italian-lesson.html
https://www.200words-a-day.com/images/294x250xprendere.jpg.pagespeed.ic.uk92Hn-YCm.jpg,image,1,1,/29Oct-daily-italian-lesson.html
https://www.200words-a-day.com/images/294x250xpretendre.jpg.pagespeed.ic.JRl1MSpttM.jpg,image,1,1,/french-verb-pretendre.html
https://www.200words-a-day.com/images/294x250xprevenir.jpg.pagespeed.ic.iixE_JJt4o.jpg,image,1,1,/spanish-verb-prevenir.html
https://www.200words-a-day.com/images/294x250xprobar.jpg.pagespeed.ic.DNQxQIsbMU.jpg,image,1,1,/spanish-verb-probar.html
https://www.200words-a-day.com/images/294x250xproduire.jpg.pagespeed.ic.xny5AIlRY_.jpg,image,1,1,/french-verb-produire.html
https://www.200words-a-day.com/images/294x250xproferire.jpg.pagespeed.ic.tUIjDzD-zV.jpg,image,1,1,/1Feb-daily-italian-lesson.html
https://www.200words-a-day.com/images/294x250xpromettre.jpg.pagespeed.ic.BocNOe_iMC.jpg,image,1,1,/french-verb-promettre.html
https://www.200words-a-day.com/images/294x250xpromover.jpg.pagespeed.ic.qXuj7NJF4a.jpg,image,1,1,/spanish-verb-promover.html
https://www.200words-a-day.com/images/294x250xpunir.jpg.pagespeed.ic.OA4XMakcdp.jpg,image,1,1,/french-verb-punir.html
https://www.200words-a-day.com/images/294x250xpuntuar.jpg.pagespeed.ic.eermcKNAwA.jpg,image,1,1,/spanish-verb-puntuar.html
https://www.200words-a-day.com/images/294x250xramener.jpg.pagespeed.ic.rSUklPDAhZ.jpg,image,1,1,/french-verb-ramener.html
https://www.200words-a-day.com/images/294x250xraparse.jpg.pagespeed.ic.yPISltMhK0.jpg,image,1,1,/spanish-verb-rapar.html
https://www.200words-a-day.com/images/294x250xrapprocher.jpg.pagespeed.ic.iuPDqfvWrT.jpg,image,1,1,/french-for-bring-near.html
https://www.200words-a-day.com/images/294x250xrecomendar.jpg.pagespeed.ic.7typDpPKyC.jpg,image,1,1,/spanish-verb-recomendar.html
https://www.200words-a-day.com/images/294x250xreconduire.jpg.pagespeed.ic.YG9WJ0nlKQ.jpg,image,1,1,/french-verb-reconduire.html
https://www.200words-a-day.com/images/294x250xrecostar.jpg.pagespeed.ic.2eBkVR5eiG.jpg,image,1,1,/spanish-verb-recostar.html
https://www.200words-a-day.com/images/294x250xremover.jpg.pagespeed.ic.0GVuw1rFeB.jpg,image,1,1,/spanish-verb-remover.html
https://www.200words-a-day.com/images/294x250xremplacer.jpg.pagespeed.ic.Tu30NdPTHS.jpg,image,1,1,/french-verb-remplacer.html
https://www.200words-a-day.com/images/294x250xrendere.jpg.pagespeed.ic.bc-VCojcm-.jpg,image,1,1,/31Oct-daily-italian-lesson.html
https://www.200words-a-day.com/images/294x250xrenegar.jpg.pagespeed.ic.o7WQLcaDZ-.jpg,image,1,1,/spanish-verb-renegar.html
https://www.200words-a-day.com/images/294x250xresistir.jpg.pagespeed.ic.2DTQ4TCYdB.jpg,image,1,1,/spanish-verb-resistir.html
https://www.200words-a-day.com/images/294x250xresponder.jpg.pagespeed.ic.VpsoEIgX16.jpg,image,1,1,/spanish-verb-responder.html
https://www.200words-a-day.com/images/294x250xrevestir.jpg.pagespeed.ic.nC-qjxXbFj.jpg,image,1,1,/spanish-verb-revestir.html
https://www.200words-a-day.com/images/294x250xricevere.jpg.pagespeed.ic.sRTqEoRFbZ.jpg,image,1,1,/12Oct-daily-italian-lesson.html
https://www.200words-a-day.com/images/294x250xrinunciare.jpg.pagespeed.ic.yEwFCa-yNh.jpg,image,1,1,/24Aug-daily-italian-lesson.html
https://www.200words-a-day.com/images/294x250xripetersi.jpg.pagespeed.ic.ne8VIA1J7Y.jpg,image,1,1,/27Sep-daily-italian-lesson.html
https://www.200words-a-day.com/images/294x250xrociar.jpg.pagespeed.ic.E-58aZmXLD.jpg,image,1,1,/spanish-verb-rociar.html
https://www.200words-a-day.com/images/294x250xromper.jpg.pagespeed.ic.Qh-TsCV00i.jpg,image,1,1,/spanish-verb-romper.html
https://www.200words-a-day.com/images/294x250xroncar.jpg.pagespeed.ic.TEBNBfAqK5.jpg,image,1,1,/spanish-verb-roncar.html
https://www.200words-a-day.com/images/294x250xronger.jpg.pagespeed.ic.6QYB2Tl3Rv.jpg,image,1,1,/french-verb-ronger.html
https://www.200words-a-day.com/images/294x250xrugby.jpg.pagespeed.ic.8D33VuPGrP.jpg,image,1,1,/french-rugby.html
https://www.200words-a-day.com/images/294x250xsauver.jpg.pagespeed.ic.YxgNshJPUg.jpg,image,1,1,/french-verb-sauver.html
https://www.200words-a-day.com/images/294x250xschermire.jpg.pagespeed.ic.mFzIiQ_oay.jpg,image,1,1,/4Jan-daily-italian-lesson.html
https://www.200words-a-day.com/images/294x250xschiudere.jpg.pagespeed.ic.dzTNJmzmIV.jpg,image,1,1,/14Nov-daily-italian-lesson.html
https://www.200words-a-day.com/images/294x250xsedisputer.jpg.pagespeed.ic.R9Gg1E9aL_.jpg,image,1,1,/french-verb-se-disputer.html
https://www.200words-a-day.com/images/294x250xsejour.jpg.pagespeed.ic.2ojD_hbTNR.jpg,image,1,1,/french-verb-sejourner.html
https://www.200words-a-day.com/images/294x250xsenalar.jpg.pagespeed.ic.4lhWM_wBxw.jpg,image,1,1,/spanish-verb-senalar.html
https://www.200words-a-day.com/images/294x250xsentir.jpg.pagespeed.ic.H3IBF5mUsW.jpg,image,1,1,/spanish-verb-sentir.html
https://www.200words-a-day.com/images/294x250xsentire.jpg.pagespeed.ic.zr4ZQTNENh.jpg,image,1,1,/6Dec-daily-italian-lesson.html
https://www.200words-a-day.com/images/294x250xsimplifier.jpg.pagespeed.ic.z1qzlNj0-x.jpg,image,1,1,/french-verb-se-simplifier.html
https://www.200words-a-day.com/images/294x250xsituar.jpg.pagespeed.ic.BgF2fjMqdu.jpg,image,1,1,/spanish-verb-situar.html
https://www.200words-a-day.com/images/294x250xsonar.jpg.pagespeed.ic.1NTll8fpgD.jpg,image,1,1,/spanish-verb-sonar.html
https://www.200words-a-day.com/images/294x250xsoplar.jpg.pagespeed.ic.CHaDH6WcwW.jpg,image,1,1,/spanish-verb-soplar.html
https://www.200words-a-day.com/images/294x250xsostituire.jpg.pagespeed.ic.6uSQvBtqA_.jpg,image,1,1,/7Jan-daily-italian-lesson.html
https://www.200words-a-day.com/images/294x250xsoulager.jpg.pagespeed.ic.-ffG0m1yRp.jpg,image,1,1,/french-verb-soulager.html
https://www.200words-a-day.com/images/294x250xsouligner.jpg.pagespeed.ic.wgzGReJAL8.jpg,image,1,1,/french-verb-souligner.html
https://www.200words-a-day.com/images/294x250xspacare.jpg.pagespeed.ic.Psuno_1EVn.jpg,image,1,1,/29Jul-daily-italian-lesson.html
https://www.200words-a-day.com/images/294x250xspendere.jpg.pagespeed.ic.p-KdRTEd76.jpg,image,1,1,/24Oct-daily-italian-lesson.html
https://www.200words-a-day.com/images/294x250xstendere.jpg.pagespeed.ic.jSZtSgEJw-.jpg,image,1,1,/26Oct-daily-italian-lesson.html
https://www.200words-a-day.com/images/294x250xstudiare.jpg.pagespeed.ic.WIBOqdQTkO.jpg,image,1,1,/15Jul-daily-italian-lesson.html
https://www.200words-a-day.com/images/294x250xsubir.jpg.pagespeed.ic.g3aSGhAjfp.jpg,image,1,1,/spanish-verb-subir.html
https://www.200words-a-day.com/images/294x250xtemersi.jpg.pagespeed.ic.IlJNEdjelW.jpg,image,1,1,/7Oct-daily-italian-lesson.html
https://www.200words-a-day.com/images/294x250xtender.jpg.pagespeed.ic.DGlVNArhG8.jpg,image,1,1,/spanish-verb-tender.html
https://www.200words-a-day.com/images/294x250xtendre.jpg.pagespeed.ic.8Y-OFcGHER.jpg,image,1,1,/french-verb-tendre.html
https://www.200words-a-day.com/images/294x250xtenir.jpg.pagespeed.ic.93XYOazYIb.jpg,image,1,1,/french-verb-tenir.html
https://www.200words-a-day.com/images/294x250xtoccare.jpg.pagespeed.ic.yLbEp4j7LV.jpg,image,1,1,/16Jul-daily-italian-lesson.html
https://www.200words-a-day.com/images/294x250xtondre.jpg.pagespeed.ic.3cziud3xQS.jpg,image,1,1,/french-verb-tondre.html
https://www.200words-a-day.com/images/294x250xtoser.jpg.pagespeed.ic.ZTXDWrqG9o.jpg,image,1,1,/spanish-verb-toser.html
https://www.200words-a-day.com/images/294x250xtradire.jpg.pagespeed.ic.1mfhel-SfL.jpg,image,1,1,/11Jan-daily-italian-lesson.html
https://www.200words-a-day.com/images/294x250xtrahir.jpg.pagespeed.ic.4AKqWY1ey4.jpg,image,1,1,/french-for-betray.html
https://www.200words-a-day.com/images/294x250xtraiter.jpg.pagespeed.ic.pa1ssKCQMF.jpg,image,1,1,/french-for-treat.html
https://www.200words-a-day.com/images/294x250xtrangugiare.jpg.pagespeed.ic.0aSI0uwzEb.jpg,image,1,1,/13Aug-daily-italian-lesson.html
https://www.200words-a-day.com/images/294x250xtrinchar.jpg.pagespeed.ic.UI8ta4dQsC.jpg,image,1,1,/spanish-verb-trinchar.html
https://www.200words-a-day.com/images/294x250xtronar.jpg.pagespeed.ic.n7OyJ_a3dR.jpg,image,1,1,/spanish-verb-tronar.html
https://www.200words-a-day.com/images/294x250xtuer.jpg.pagespeed.ic.XEasZIk8j8.jpg,image,1,1,/french-verb-tuer.html
https://www.200words-a-day.com/images/294x250xtutoyer.jpg.pagespeed.ic.rHq1614J6G.jpg,image,1,1,/french-verb-tutoyer.html
https://www.200words-a-day.com/images/294x250xunire.jpg.pagespeed.ic.YZ7daVd6zu.jpg,image,1,1,/10Jan-daily-italian-lesson.html
https://www.200words-a-day.com/images/294x250xvariar.jpg.pagespeed.ic.N8BzlsK7rP.jpg,image,1,1,/spanish-verb-variar.html
https://www.200words-a-day.com/images/294x250xvender.jpg.pagespeed.ic.VjhosrcNOx.jpg,image,1,1,/spanish-verb-vender.html
https://www.200words-a-day.com/images/294x250xvendersi.jpg.pagespeed.ic.Hc9GipVKAP.jpg,image,1,2,/14Oct-daily-italian-lesson.html /25Sep-daily-italian-lesson.html
https://www.200words-a-day.com/images/294x250xvenger.jpg.pagespeed.ic.rKvkyojBaW.jpg,image,1,1,/french-verb-venger.html
https://www.200words-a-day.com/images/294x250xvenir.jpg.pagespeed.ic.rmtVD7tJjW.jpg,image,1,2,/french-verb-venir.html /spanish-verb-venir.html
https://www.200words-a-day.com/images/294x250xvestir.jpg.pagespeed.ic.SY9YbKLTNS.jpg,image,1,1,/spanish-verb-vestir.html
https://www.200words-a-day.com/images/294x250xzittire.jpg.pagespeed.ic.U7Z97jqzEW.jpg,image,1,1,/12Jan-daily-italian-lesson.html
https://www.200words-a-day.com/images/320x240xchopping-churros.jpg.pagespeed.ic.NKtt26SSK9.jpg,image,1,1,/spanish-churros.html
https://www.200words-a-day.com/images/320x240xchurreria.jpg.pagespeed.ic.aVWS1cMTGZ.jpg,image,1,1,/spanish-churros.html
https://www.200words-a-day.com/images/320x240xjamon-iberico-in-caceres.jpg.pagespeed.ic.eF-23O-UM3.jpg,image,1,1,/learn-spanish-in-caceres.html
https://www.200words-a-day.com/images/320x240xmuros-pigs-cheeks-in-caceres.jpg.pagespeed.ic.q9b97KsJO_.jpg,image,1,1,/learn-spanish-in-caceres.html
https://www.200words-a-day.com/images/320x240xwine-and-iberico-ham-in-caceres.jpg.pagespeed.ic.coqC3yzezl.jpg,image,1,1,/learn-spanish-in-caceres.html
https://www.200words-a-day.com/images/50x50xaller.gif.pagespeed.ic.ImfR_BmdCS.png,image,1,1,/french-verb-aller.html
https://www.200words-a-day.com/images/50x50xaplatir.jpg.pagespeed.ic.qgcRLV0n27.jpg,image,1,1,/french-for-flatten.html
https://www.200words-a-day.com/images/50x50xavoir.gif.pagespeed.ic.aoxGy0D-VI.png,image,1,1,/french-verb-avoir.html
https://www.200words-a-day.com/images/50x50xchat-girls.jpg.pagespeed.ic.exPCP-Aerp.jpg,image,1,1,/spanish-verb-hablar.html
https://www.200words-a-day.com/images/50x50xcondamner-small.jpg.pagespeed.ic.HPvXWtYXMU.jpg,image,1,1,/french-for-condemn.html
https://www.200words-a-day.com/images/50x50xdeboucher.jpg.pagespeed.ic.I6zKRXBekk.jpg,image,1,1,/french-for-emerge.html
https://www.200words-a-day.com/images/50x50xdefendre.jpg.pagespeed.ic.2Kfh9T9xiF.jpg,image,1,1,/french-for-champion.html
https://www.200words-a-day.com/images/50x50xeclater.jpg.pagespeed.ic.EHVkT707rB.jpg,image,1,1,/french-for-explode.html
https://www.200words-a-day.com/images/50x50xetouffer.jpg.pagespeed.ic.BqO1gn1y9p.jpg,image,1,1,/french-for-suffocate.html
https://www.200words-a-day.com/images/50x50xetre.jpg.pagespeed.ic.qJooGIiGsP.jpg,image,1,1,/french-verb-etre.html
https://www.200words-a-day.com/images/50x50xeviter.jpg.pagespeed.ic.cK0-e3Sfp5.jpg,image,1,1,/french-for-avoid.html
https://www.200words-a-day.com/images/50x50xfonder.jpg.pagespeed.ic.ploW11FfLs.jpg,image,1,2,/french-for-melt.html /french-for-set-up.html
https://www.200words-a-day.com/images/50x50xfrissonner.jpg.pagespeed.ic.jmd1-56nCb.jpg,image,1,1,/french-for-shiver.html
https://www.200words-a-day.com/images/50x50xjoke.jpg.pagespeed.ic.fpSz_5VDVO.jpg,image,1,1,/spanish-verb-hablar.html
https://www.200words-a-day.com/images/50x50xlutter.jpg.pagespeed.ic.0fe3msDy1Q.jpg,image,1,1,/french-for-wrestle.html
https://www.200words-a-day.com/images/50x50xmorder.gif.pagespeed.ic.Fzo_RICi8P.png,image,1,1,/french-for-bite.html
https://www.200words-a-day.com/images/50x50xoter.jpg.pagespeed.ic.7QLk1YKbiq.jpg,image,1,1,/french-for-take-away.html
https://www.200words-a-day.com/images/50x50xpourrir.jpg.pagespeed.ic.XJGYZBxt7l.jpg,image,1,1,/french-for-rot.html
https://www.200words-a-day.com/images/50x50xrapprocher.jpg.pagespeed.ic.17Ws7kEv0E.jpg,image,1,1,/french-for-bring-near.html
https://www.200words-a-day.com/images/50x50xtrahir.jpg.pagespeed.ic.dkYeXzJ_-X.jpg,image,1,1,/french-for-betray.html
https://www.200words-a-day.com/images/50x50xtraiter.jpg.pagespeed.ic.pPgfXG2wDr.jpg,image,1,1,/french-for-treat.html
https://www.200words-a-day.com/images/98x83xdevoir.gif.pagespeed.ic.Gp5VsFBzO2.png,image,1,1,/french-verb-devoir.html
https://www.200words-a-day.com/images/98x83xfaire.gif.pagespeed.ic.unCz8wSkxv.png,image,1,1,/french-verb-faire.html
https://www.200words-a-day.com/images/98x83xvenir.jpg.pagespeed.ic.MFRS04CoZs.jpg,image,1,1,/french-verb-venir.html
https://www.200words-a-day.com/images/Alter.jpg,image,0,2,/200_Words_a_Day-learn-languages-newzine9.html /second-language-benefits.html
https://www.200words-a-day.com/images/Appetit.gif,image,0,1,/learn-german-blog.html
https://www.200words-a-day.com/images/Augenblick.jpg,image,0,1,/german-for-moment.html
https://www.200words-a-day.com/images/Contagiare.jpg,image,0,1,/7Aug-daily-italian-lesson.html
https://www.200words-a-day.com/images/Decke (blanket).gif,image,0,1,/200_Words_a_Day-learn-languages-newzine15.html
https://www.200words-a-day.com/images/Difendere.jpg,image,0,1,/18Oct-daily-italian-lesson.html
https://www.200words-a-day.com/images/Doctor.gif,image,0,1,/language-learning.html
https://www.200words-a-day.com/images/Enkel-an.gif,image,0,1,/german-for-grandson.html
https://www.200words-a-day.com/images/Ente.gif,image,0,1,/german-for-duck.html
https://www.200words-a-day.com/images/Flug.gif,image,0,1,/german-for-flight.html
https://www.200words-a-day.com/images/FrenchBttn.jpg,image,0,1,/reconsideration.html
https://www.200words-a-day.com/images/Gepack.gif,image,0,1,/german-for-baggage-gepack.html
https://www.200words-a-day.com/images/German-Lesson-22-Food-Summary-Page1.jpg,image,0,1,/german-flashcard.html
https://www.200words-a-day.com/images/German-Prov-Box.gif,image,0,1,/german-order-page.html
https://www.200words-a-day.com/images/GermanBttn.jpg,image,0,1,/reconsideration.html
https://www.200words-a-day.com/images/Germaneflashcardz1-box.gif,image,0,1,/german-order-page.html
https://www.200words-a-day.com/images/Germaneflashcardz2-box.gif,image,0,1,/german-order-page.html
https://www.200words-a-day.com/images/Germansentences1-box.gif,image,0,1,/german-order-page.html
https://www.200words-a-day.com/images/Germansentences2-box.gif,image,0,1,/german-order-page.html
https://www.200words-a-day.com/images/Germanvocab1-box.gif,image,0,1,/german-order-page.html
https://www.200words-a-day.com/images/Germanvocab2-box.gif,image,0,1,/german-order-page.html
https://www.200words-a-day.com/images/Herbst.jpg,image,0,1,/learn-german-blog.html
https://www.200words-a-day.com/images/Italian1flashcards.jpg,image,0,1,/italian-order-page.html
https://www.200words-a-day.com/images/Italian1grammarslammer.jpg,image,0,1,/italian-order-page.html
https://www.200words-a-day.com/images/Italian1sentences.jpg,image,0,1,/italian-order-page.html
https://www.200words-a-day.com/images/Italian1turbobooster.jpg,image,0,1,/italian-order-page.html
https://www.200words-a-day.com/images/Italian1vocab.jpg,image,0,1,/italian-order-page.html
https://www.200words-a-day.com/images/Karte.gif,image,0,1,/french-menu.html
https://www.200words-a-day.com/images/Kissen.gif,image,0,1,/german-for-pillow.html
https://www.200words-a-day.com/images/Knoblauch.gif,image,0,1,/german-for-garlic.html
"https://www.200words-a-day.com/images/Mauer die,anim.gif",image,0,1,/german-pics.html
https://www.200words-a-day.com/images/Mehl.gif,image,0,1,/main-page.html
https://www.200words-a-day.com/images/Messer.gif,image,0,1,/german-pics.html
https://www.200words-a-day.com/images/Navidad.gif,image,0,1,/200_Words_a_Day-learn-languages-newzine4.html
https://www.200words-a-day.com/images/Reise.gif,image,0,1,/german-for-journey.html
https://www.200words-a-day.com/images/Sommer-an.gif,image,0,1,/learn-german-blog.html
https://www.200words-a-day.com/images/Spanish-carrot-flashcard-page.jpg,image,0,1,/e-flashcardz.html
https://www.200words-a-day.com/images/Spanish-flashcard-summary-page-16-Food.jpg,image,0,1,/e-flashcardz.html
https://www.200words-a-day.com/images/SpanishBttn2.jpg,image,0,1,/reconsideration.html
https://www.200words-a-day.com/images/Speise.gif,image,0,1,/german-for-food.html
https://www.200words-a-day.com/images/Uhr.gif,image,0,1,/german-for-time.html
https://www.200words-a-day.com/images/VT-avere.jpg,image,0,1,/learn-italian-fast.html
https://www.200words-a-day.com/images/Wasser.gif,image,0,1,/german-flashcard.html
https://www.200words-a-day.com/images/Welsh-Box1.gif,image,0,1,/welsh-order-page.html
https://www.200words-a-day.com/images/WelshBttn.jpg,image,0,1,/reconsideration.html
https://www.200words-a-day.com/images/Welsheflashcardz1-box.jpg,image,0,1,/welsh-order-page.html
https://www.200words-a-day.com/images/Wetter-cropped.jpg,image,0,1,/german-for-weather.html
https://www.200words-a-day.com/images/abarcar.jpg,image,0,1,/spanish-verb-abarcar.html
https://www.200words-a-day.com/images/abbattersi.jpg,image,0,1,/21Sep-daily-italian-lesson.html
https://www.200words-a-day.com/images/abbinare.jpg,image,0,1,/23Mar-daily-italian-lesson.html
https://www.200words-a-day.com/images/abbordare.jpg,image,0,1,/29Mar-daily-italian-lesson.html
https://www.200words-a-day.com/images/abbraccio.jpg,image,0,1,/26Aug-daily-italian-lesson.html
https://www.200words-a-day.com/images/abbronzare.jpg,image,0,1,/1Apr-daily-italian-lesson.html
https://www.200words-a-day.com/images/abbronzarsi.jpg,image,0,1,/1Sep-daily-italian-lesson.html
https://www.200words-a-day.com/images/abbrustolire.jpg,image,0,1,/17Dec-daily-italian-lesson.html
https://www.200words-a-day.com/images/abbuffarsi.jpg,image,0,1,/2Sep-daily-italian-lesson.html
https://www.200words-a-day.com/images/abigarrar.jpg,image,0,1,/spanish-verb-abigarrar.html
https://www.200words-a-day.com/images/abimer.jpg,image,0,1,/french-verb-se-abimer.html
https://www.200words-a-day.com/images/abitare.jpg,image,0,1,/3Feb-daily-italian-lesson.html
https://www.200words-a-day.com/images/abituare.jpg,image,0,1,/24Mar-daily-italian-lesson.html
https://www.200words-a-day.com/images/ablandar.jpg,image,0,1,/spanish-verb-ablandar.html
https://www.200words-a-day.com/images/abnegar.jpg,image,0,1,/spanish-verb-abnegar.html
https://www.200words-a-day.com/images/abogar.jpg,image,0,1,/spanish-verb-abogar.html
https://www.200words-a-day.com/images/abolire.jpg,image,0,1,/16Dec-daily-italian-lesson.html
https://www.200words-a-day.com/images/aborrecer.jpg,image,0,1,/spanish-verb-aborrecer.html
https://www.200words-a-day.com/images/aboutir.jpg,image,0,1,/french-for-succeed-end-up.html
https://www.200words-a-day.com/images/absender-an.gif,image,0,1,/german-for-sender.html
https://www.200words-a-day.com/images/absorber.jpg,image,0,1,/spanish-verb-absorber.html
https://www.200words-a-day.com/images/acantonar.jpg,image,0,1,/spanish-verb-acantonar.html
https://www.200words-a-day.com/images/accantonare.jpg,image,0,1,/2Apr-daily-italian-lesson.html
https://www.200words-a-day.com/images/accendere.jpg,image,0,1,/27Oct-daily-italian-lesson.html
https://www.200words-a-day.com/images/acchiappare.jpg,image,0,1,/4Apr-daily-italian-lesson.html
https://www.200words-a-day.com/images/accident.jpg,image,0,1,/spanish-verb-querer.html
https://www.200words-a-day.com/images/acciuffare-small.jpg,image,0,1,/5Apr-daily-italian-lesson.html
https://www.200words-a-day.com/images/accomunare.jpg,image,0,1,/6Apr-daily-italian-lesson.html
https://www.200words-a-day.com/images/accoppare.jpg,image,0,1,/7Apr-daily-italian-lesson.html
https://www.200words-a-day.com/images/accord-an2.gif,image,0,1,/french-pics.html
https://www.200words-a-day.com/images/accostare.jpg,image,0,1,/23Apr-daily-italian-lesson.html
https://www.200words-a-day.com/images/accumulare.jpg,image,0,1,/18Feb-daily-italian-lesson.html
https://www.200words-a-day.com/images/accusare.jpg,image,0,1,/8Apr-daily-italian-lesson.html
https://www.200words-a-day.com/images/accuser.jpg,image,0,1,/french-verb-se-accuser.html
https://www.200words-a-day.com/images/aceituna.gif,image,0,1,/language-learning.html
https://www.200words-a-day.com/images/acercar.jpg,image,0,1,/spanish-verb-acercar.html
https://www.200words-a-day.com/images/achever.jpg,image,0,1,/french-verb-achever.html
https://www.200words-a-day.com/images/acontecer.jpg,image,0,1,/spanish-verb-acontecer.html
https://www.200words-a-day.com/images/acordar.gif,image,0,1,/spanish-for-agree.html
https://www.200words-a-day.com/images/acostar.jpg,image,0,1,/spanish-verb-acostar.html
https://www.200words-a-day.com/images/acostumbrarse.gif,image,0,1,/200_Words_a_Day-learn-languages-newzine15.html
https://www.200words-a-day.com/images/actualizar.jpg,image,0,1,/spanish-verb-actualizar.html
https://www.200words-a-day.com/images/acudir.jpg,image,0,1,/spanish-verb-acudir.html
https://www.200words-a-day.com/images/adagiare.jpg,image,0,1,/2Aug-daily-italian-lesson.html
https://www.200words-a-day.com/images/additare.jpg,image,0,1,/31Aug-daily-italian-lesson.html
https://www.200words-a-day.com/images/adeguare.jpg,image,0,1,/30Apr-daily-italian-lesson.html
https://www.200words-a-day.com/images/adelgazar.jpg,image,0,1,/spanish-verb-adelgazar.html
https://www.200words-a-day.com/images/adherir.jpg,image,0,1,/spanish-verb-adherir.html
https://www.200words-a-day.com/images/admettre.jpg,image,0,1,/french-verb-admettre.html
https://www.200words-a-day.com/images/admitir.jpg,image,0,1,/spanish-verb-admitir.html
https://www.200words-a-day.com/images/adolecer.jpg,image,0,1,/spanish-verb-adolecer.html
https://www.200words-a-day.com/images/adorare.jpg,image,0,1,/13Apr-daily-italian-lesson.html
https://www.200words-a-day.com/images/adottare.jpg,image,0,1,/15Apr-daily-italian-lesson.html
https://www.200words-a-day.com/images/aducir.jpg,image,0,1,/spanish-verb-aducir.html
https://www.200words-a-day.com/images/adulare.jpg,image,0,1,/16Apr-daily-italian-lesson.html
https://www.200words-a-day.com/images/advenir.jpg,image,0,1,/french-verb-advenir.html
https://www.200words-a-day.com/images/advertir.gif,image,0,1,/spanish-verb-advertir.html
https://www.200words-a-day.com/images/affaiblir.jpg,image,0,1,/french-for-weaken.html
https://www.200words-a-day.com/images/affamare.jpg,image,0,1,/24Apr-daily-italian-lesson.html
https://www.200words-a-day.com/images/affascinare.jpg,image,0,1,/1May-daily-italian-lesson.html
https://www.200words-a-day.com/images/afferrare.jpg,image,0,1,/25Apr-daily-italian-lesson.html
https://www.200words-a-day.com/images/affiche-an.gif,image,0,1,/french-pics.html
https://www.200words-a-day.com/images/affidare.jpg,image,0,1,/17Apr-daily-italian-lesson.html
https://www.200words-a-day.com/images/affievolire.jpg,image,0,1,/18Dec-daily-italian-lesson.html
https://www.200words-a-day.com/images/affilare.jpg,image,0,1,/18Apr-daily-italian-lesson.html
https://www.200words-a-day.com/images/affondare.jpg,image,0,1,/30Mar-daily-italian-lesson.html
https://www.200words-a-day.com/images/affrontare.jpg,image,0,1,/20Apr-daily-italian-lesson.html
https://www.200words-a-day.com/images/afligir.jpg,image,0,1,/spanish-verb-afligir.html
https://www.200words-a-day.com/images/agevolare.jpg,image,0,1,/24May-daily-italian-lesson.html
https://www.200words-a-day.com/images/agganciare.jpg,image,0,1,/22Aug-daily-italian-lesson.html
https://www.200words-a-day.com/images/aggiustarsi.jpg,image,0,1,/3Sep-daily-italian-lesson.html
https://www.200words-a-day.com/images/agglomerare.jpg,image,0,1,/19Feb-daily-italian-lesson.html
https://www.200words-a-day.com/images/agguantare.jpg,image,0,1,/19Apr-daily-italian-lesson.html
https://www.200words-a-day.com/images/agir.jpg,image,0,1,/french-verb-agir.html
https://www.200words-a-day.com/images/agire.jpg,image,0,1,/19Dec-daily-italian-lesson.html
https://www.200words-a-day.com/images/aglio-an.gif,image,0,1,/learn-italian.html
https://www.200words-a-day.com/images/aglio.gif,image,0,1,/learn-italian-fast.html
https://www.200words-a-day.com/images/agradecer.jpg,image,0,1,/spanish-verb-agradecer.html
https://www.200words-a-day.com/images/ahogar.jpg,image,0,1,/spanish-verb-ahogar.html
https://www.200words-a-day.com/images/ahorcar.jpg,image,0,1,/spanish-verb-ahorcar.html
https://www.200words-a-day.com/images/alcanzar.jpg,image,0,1,/spanish-verb-alcanzar.html
https://www.200words-a-day.com/images/alentar.jpg,image,0,1,/spanish-verb-alentar.html
https://www.200words-a-day.com/images/alfabetizzare.jpg,image,0,1,/4May-daily-italian-lesson.html
https://www.200words-a-day.com/images/alfombra.gif,image,0,1,/200_Words_a_Day-learn-languages-newzine7.html
https://www.200words-a-day.com/images/algo.gif,image,0,1,/200_Words_a_Day-learn-languages-newzine5.html
https://www.200words-a-day.com/images/alienare.jpg,image,0,1,/5May-daily-italian-lesson.html
https://www.200words-a-day.com/images/allattare.jpg,image,0,1,/26Mar-daily-italian-lesson.html
https://www.200words-a-day.com/images/allenare.jpg,image,0,1,/25Mar-daily-italian-lesson.html
https://www.200words-a-day.com/images/aller.gif,image,0,1,/french-verb-aller.html
https://www.200words-a-day.com/images/allevare.jpg,image,0,1,/8May-daily-italian-lesson.html
https://www.200words-a-day.com/images/allietare.jpg,image,0,1,/9May-daily-italian-lesson.html
https://www.200words-a-day.com/images/alloggiare.jpg,image,0,1,/1Aug-daily-italian-lesson.html
https://www.200words-a-day.com/images/alludere.jpg,image,0,1,/7Nov-daily-italian-lesson.html
https://www.200words-a-day.com/images/alternare.jpg,image,0,1,/27May-daily-italian-lesson.html
https://www.200words-a-day.com/images/alzare.jpg,image,0,1,/11May-daily-italian-lesson.html
https://www.200words-a-day.com/images/amalgamare.jpg,image,0,1,/20Feb-daily-italian-lesson.html
https://www.200words-a-day.com/images/amanecer.jpg,image,0,1,/spanish-verb-amanecer.html
https://www.200words-a-day.com/images/ambientare.jpg,image,0,1,/28May-daily-italian-lesson.html
https://www.200words-a-day.com/images/ambulance.jpg,image,0,1,/200_Words_a_Day-learn-languages-newzine5.html
https://www.200words-a-day.com/images/amenazar.jpg,image,0,1,/spanish-verb-amenazar.html
https://www.200words-a-day.com/images/amener.jpg,image,0,1,/french-verb-amener.html
https://www.200words-a-day.com/images/ammalare.jpg,image,0,1,/12May-daily-italian-lesson.html
https://www.200words-a-day.com/images/ammantare.jpg,image,0,1,/14May-daily-italian-lesson.html
https://www.200words-a-day.com/images/ammassare.jpg,image,0,1,/23May-daily-italian-lesson.html
https://www.200words-a-day.com/images/ammazzare.jpg,image,0,1,/13May-daily-italian-lesson.html
https://www.200words-a-day.com/images/amministrare.jpg,image,0,1,/25May-daily-italian-lesson.html
https://www.200words-a-day.com/images/ammirare.jpg,image,0,1,/26May-daily-italian-lesson.html
https://www.200words-a-day.com/images/ammodernare.jpg,image,0,1,/15May-daily-italian-lesson.html
https://www.200words-a-day.com/images/ammorbare.jpg,image,0,1,/16May-daily-italian-lesson.html
https://www.200words-a-day.com/images/amore.jpg,image,0,1,/learn-italian-fast.html
https://www.200words-a-day.com/images/amour.gif,image,0,1,/french-flashcard.html
https://www.200words-a-day.com/images/amplificar.jpg,image,0,1,/spanish-verb-amplificar.html
https://www.200words-a-day.com/images/amplifier-small.jpg,image,0,1,/french-verb-amplifier.html
https://www.200words-a-day.com/images/ampolla-an.gif,image,0,1,/200_Words_a_Day-learn-languages-newzine1.html
https://www.200words-a-day.com/images/analizar.jpg,image,0,1,/spanish-verb-analizar.html
https://www.200words-a-day.com/images/analizzare.jpg,image,0,1,/31Mar-daily-italian-lesson.html
https://www.200words-a-day.com/images/ancla.gif,image,0,1,/spanish-verb-anclar.html
https://www.200words-a-day.com/images/anhygoel.jpg,image,0,1,/welsh-memory-trigger.html
https://www.200words-a-day.com/images/annunciare.jpg,image,0,1,/23Aug-daily-italian-lesson.html
https://www.200words-a-day.com/images/annusare.jpg,image,0,1,/18May-daily-italian-lesson.html
https://www.200words-a-day.com/images/anochecer.gif,image,0,1,/spanish-verb-anochecer.html
https://www.200words-a-day.com/images/anticipare.jpg,image,0,1,/19May-daily-italian-lesson.html
https://www.200words-a-day.com/images/aparcar.jpg,image,0,1,/spanish-verb-aparcar.html
https://www.200words-a-day.com/images/aparecer.jpg,image,0,1,/spanish-verb-aparecer.html
https://www.200words-a-day.com/images/apetecer.jpg,image,0,1,/spanish-verb-apetecer.html
https://www.200words-a-day.com/images/apitoyer.jpg,image,0,1,/french-verb-apitoyer.html
https://www.200words-a-day.com/images/appassionare.jpg,image,0,1,/21May-daily-italian-lesson.html
https://www.200words-a-day.com/images/appendere.jpg,image,0,1,/15Oct-daily-italian-lesson.html
https://www.200words-a-day.com/images/appestare.jpg,image,0,1,/22May-daily-italian-lesson.html
https://www.200words-a-day.com/images/apprezzare.jpg,image,0,1,/30May-daily-italian-lesson.html
https://www.200words-a-day.com/images/appuyer.jpg,image,0,1,/french-for-lean-appuyer.html
https://www.200words-a-day.com/images/aprender.gif,image,0,1,/spanish-verb-aprender.html
https://www.200words-a-day.com/images/apretar.jpg,image,0,1,/spanish-verb-apretar.html
https://www.200words-a-day.com/images/arieggiare.jpg,image,0,1,/3Aug-daily-italian-lesson.html
https://www.200words-a-day.com/images/armadio.jpg,image,0,1,/italian-for-cupboard.html
https://www.200words-a-day.com/images/arrancar.jpg,image,0,1,/spanish-verb-arrancar.html
https://www.200words-a-day.com/images/arredare.jpg,image,0,1,/11Jun-daily-italian-lesson.html
https://www.200words-a-day.com/images/arricciare.jpg,image,0,1,/14Aug-daily-italian-lesson.html
https://www.200words-a-day.com/images/arroser-an.gif,image,0,1,/french-for-water.html
https://www.200words-a-day.com/images/ascender.jpg,image,0,1,/spanish-verb-ascender.html
https://www.200words-a-day.com/images/ascoltare-small.jpg,image,0,1,/2Mar-daily-italian-lesson.html
https://www.200words-a-day.com/images/asistir.gif,image,0,1,/spanish-verb-asistir.html
https://www.200words-a-day.com/images/assaggiare.jpg,image,0,1,/12Aug-daily-italian-lesson.html
https://www.200words-a-day.com/images/assecondare.jpg,image,0,1,/27Apr-daily-italian-lesson.html
https://www.200words-a-day.com/images/assediare.jpg,image,0,1,/1Jul-daily-italian-lesson.html
https://www.200words-a-day.com/images/assegnare.jpg,image,0,1,/28Apr-daily-italian-lesson.html
https://www.200words-a-day.com/images/assimilare.jpg,image,0,1,/12Jun-daily-italian-lesson.html
https://www.200words-a-day.com/images/associare.jpg,image,0,1,/27Aug-daily-italian-lesson.html
https://www.200words-a-day.com/images/assorbire.jpg,image,0,1,/2Dec-daily-italian-lesson.html
https://www.200words-a-day.com/images/assordare.jpg,image,0,1,/29Apr-daily-italian-lesson.html
https://www.200words-a-day.com/images/assoupir.jpg,image,0,1,/french-for-lull.html
https://www.200words-a-day.com/images/astreindre.jpg,image,0,1,/french-verb-astreindre.html
https://www.200words-a-day.com/images/asumir.jpg,image,0,1,/spanish-verb-asumir.html
https://www.200words-a-day.com/images/atacar.jpg,image,0,1,/spanish-verb-atacar.html
https://www.200words-a-day.com/images/aterrorizar.jpg,image,0,1,/spanish-verb-aterrorizar.html
https://www.200words-a-day.com/images/atracar.jpg,image,0,1,/spanish-verb-atracar.html
https://www.200words-a-day.com/images/atteler.jpg,image,0,1,/french-verb-atteler.html
https://www.200words-a-day.com/images/attendre.gif,image,0,1,/french-for-wait-for.html
https://www.200words-a-day.com/images/attendrir.jpg,image,0,1,/french-verb-attendrir.html
https://www.200words-a-day.com/images/atterrer-small.jpg,image,0,1,/french-for-crush-atterrer.html
https://www.200words-a-day.com/images/attirare.jpg,image,0,1,/13Jun-daily-italian-lesson.html
https://www.200words-a-day.com/images/attivare.jpg,image,0,1,/15Jun-daily-italian-lesson.html
https://www.200words-a-day.com/images/attraversare-small.jpg,image,0,1,/4Mar-daily-italian-lesson.html
https://www.200words-a-day.com/images/attribuer-small.jpg,image,0,1,/french-for-attribute.html
https://www.200words-a-day.com/images/au revoir.gif,image,0,1,/200_Words_a_Day-learn-languages-newzine9.html
https://www.200words-a-day.com/images/aussi.gif,image,0,1,/french-for-also.html
https://www.200words-a-day.com/images/autoriser-small.jpg,image,0,1,/french-for-authorize.html
https://www.200words-a-day.com/images/avanzar.jpg,image,0,1,/spanish-verb-avanzar.html
https://www.200words-a-day.com/images/aveugler-small.jpg,image,0,1,/french-for-blind.html
https://www.200words-a-day.com/images/aviar.jpg,image,0,1,/spanish-verb-aviar.html
https://www.200words-a-day.com/images/aviver.jpg,image,0,1,/french-for-revive.html
https://www.200words-a-day.com/images/avouer-small.jpg,image,0,1,/french-for-acknowledge.html
https://www.200words-a-day.com/images/avvicinare.jpg,image,0,1,/10Jun-daily-italian-lesson.html
https://www.200words-a-day.com/images/award-avp.gif,image,0,1,/ser-and-estar-in-spanish.html
https://www.200words-a-day.com/images/azucar.gif,image,0,1,/spanish-for-sugar.html
https://www.200words-a-day.com/images/baby-turtles-hatching3.jpg,image,0,1,/french-for-lay.html
https://www.200words-a-day.com/images/bad-naughty-unpleasant-evil.jpg,image,0,1,/italian-for-bad.html
https://www.200words-a-day.com/images/badare.jpg,image,0,1,/1Jun-daily-italian-lesson.html
https://www.200words-a-day.com/images/baffer-small.jpg,image,0,1,/french-for-slap.html
https://www.200words-a-day.com/images/bafouer-small.jpg,image,0,2,/french-for-jeer.html /second-language-benefits.html
https://www.200words-a-day.com/images/bagarrer-small.jpg,image,0,1,/french-for-fight.html
https://www.200words-a-day.com/images/baile.jpg,image,0,1,/language-learning.html
https://www.200words-a-day.com/images/baisser.gif,image,0,1,/french-verb-lower-baisser.html
https://www.200words-a-day.com/images/balafrer-small.jpg,image,0,1,/french-for-gash.html
https://www.200words-a-day.com/images/balde.jpg,image,0,1,/learn-spanish-course.html
https://www.200words-a-day.com/images/balenare.jpg,image,0,1,/2Jun-daily-italian-lesson.html
https://www.200words-a-day.com/images/baliser-small.jpg,image,0,1,/french-verb-baliser.html
https://www.200words-a-day.com/images/ballare-small.jpg,image,0,1,/17Mar-daily-italian-lesson.html
https://www.200words-a-day.com/images/banar.jpg,image,0,1,/spanish-verb-banar.html
https://www.200words-a-day.com/images/bander-small.jpg,image,0,1,/french-for-bandage.html
https://www.200words-a-day.com/images/baptiser-small.jpg,image,0,1,/french-verb-baptiser.html
https://www.200words-a-day.com/images/barare.jpg,image,0,1,/3Jun-daily-italian-lesson.html
https://www.200words-a-day.com/images/barbouiller-small.jpg,image,0,1,/french-for-smear.html
https://www.200words-a-day.com/images/barrer-small.jpg,image,0,1,/french-verb-barrer.html
https://www.200words-a-day.com/images/bascule-bridge.jpg,image,0,1,/french-verb-tilt-basculer.html
https://www.200words-a-day.com/images/basculer.jpg,image,0,1,/french-verb-tilt-basculer.html
https://www.200words-a-day.com/images/bateau.gif,image,0,1,/french-for-boat.html
https://www.200words-a-day.com/images/battere.jpg,image,0,1,/1Oct-daily-italian-lesson.html
https://www.200words-a-day.com/images/bautizar.jpg,image,0,1,/spanish-verb-bautizar.html
https://www.200words-a-day.com/images/be-able-to.jpg,image,0,1,/spanish-verb-poder.html
https://www.200words-a-day.com/images/beber.jpg,image,0,1,/spanish-verb-beber.html
https://www.200words-a-day.com/images/begayer.jpg,image,0,1,/french-verb-begayer.html
https://www.200words-a-day.com/images/belle.jpg,image,0,1,/200_Words_a_Day-learn-languages-newzine15.html
https://www.200words-a-day.com/images/bercer.jpg,image,0,1,/french-verb-bercer.html
https://www.200words-a-day.com/images/bere.jpg,image,0,1,/learn-italian-fast.html
https://www.200words-a-day.com/images/bilanciare.jpg,image,0,1,/16Aug-daily-italian-lesson.html
https://www.200words-a-day.com/images/billet.gif,image,0,1,/french-for-ticket.html
https://www.200words-a-day.com/images/bipartire.jpg,image,0,1,/21Dec-daily-italian-lesson.html
https://www.200words-a-day.com/images/birthday.jpg,image,0,1,/spanish-verb-cumplir.html
https://www.200words-a-day.com/images/blanchir.jpg,image,0,1,/french-verb-blanchir.html
https://www.200words-a-day.com/images/boeuf.jpg,image,0,1,/french-for-beef.html
https://www.200words-a-day.com/images/bollire.jpg,image,0,1,/4Dec-daily-italian-lesson.html
https://www.200words-a-day.com/images/bonjour-an.gif,image,0,1,/language-learning.html
https://www.200words-a-day.com/images/bostezar.jpg,image,0,1,/spanish-verb-bostezar.html
https://www.200words-a-day.com/images/bouquiner.jpg,image,0,1,/french-for-read.html
https://www.200words-a-day.com/images/brader.jpg,image,0,1,/french-for-sell-off.html
https://www.200words-a-day.com/images/brandire2.jpg,image,0,1,/22Dec-daily-italian-lesson.html
https://www.200words-a-day.com/images/brindare.jpg,image,0,1,/4Jun-daily-italian-lesson.html
https://www.200words-a-day.com/images/bromear.jpg,image,0,1,/spanish-verb-bromear.html
https://www.200words-a-day.com/images/buscar.jpg,image,0,1,/spanish-verb-buscar.html
https://www.200words-a-day.com/images/buttare.jpg,image,0,1,/5Jun-daily-italian-lesson.html
https://www.200words-a-day.com/images/caisse-basculante.jpg,image,0,1,/french-verb-tilt-basculer.html
https://www.200words-a-day.com/images/calculer.jpg,image,0,1,/french-for-calculate.html
https://www.200words-a-day.com/images/calificar.jpg,image,0,1,/spanish-verb-calificar.html
https://www.200words-a-day.com/images/call.jpg,image,0,1,/second-language-benefits.html
https://www.200words-a-day.com/images/calmarsi.jpg,image,0,1,/learn-italian-blog.html
https://www.200words-a-day.com/images/cambiare.jpg,image,0,1,/2Jul-daily-italian-lesson.html
https://www.200words-a-day.com/images/camicia.jpg,image,0,1,/italian-for-shirt.html
https://www.200words-a-day.com/images/cancellarsi.jpg,image,0,1,/6Sep-daily-italian-lesson.html
https://www.200words-a-day.com/images/cane.jpg,image,0,1,/italian-for-dog.html
https://www.200words-a-day.com/images/cantare-small.jpg,image,0,1,/13Mar-daily-italian-lesson.html
https://www.200words-a-day.com/images/capitare.jpg,image,0,1,/7Jun-daily-italian-lesson.html
https://www.200words-a-day.com/images/capitolare.jpg,image,0,1,/9Jun-daily-italian-lesson.html
https://www.200words-a-day.com/images/capturer-small.jpg,image,0,1,/french-verb-capturer.html
https://www.200words-a-day.com/images/caracterizar.jpg,image,0,1,/spanish-verb-caracterizar.html
https://www.200words-a-day.com/images/carboniser-small.jpg,image,0,1,/french-verb-carboniser.html
https://www.200words-a-day.com/images/carecer.jpg,image,0,1,/spanish-verb-carecer.html
https://www.200words-a-day.com/images/caresser-small.jpg,image,0,1,/french-verb-caresser.html
https://www.200words-a-day.com/images/cargar.jpg,image,0,1,/spanish-verb-cargar.html
https://www.200words-a-day.com/images/carotter-small.jpg,image,0,1,/french-verb-carotter.html
https://www.200words-a-day.com/images/carrot.jpg,image,0,1,/e-flashcardz.html
https://www.200words-a-day.com/images/cartonner-small.jpg,image,0,1,/french-verb-cartonner.html
https://www.200words-a-day.com/images/cascare.jpg,image,0,1,/18Jul-daily-italian-lesson.html
https://www.200words-a-day.com/images/casi.jpg,image,0,1,/muhammad-ali-cartoon.html
https://www.200words-a-day.com/images/cattivo.jpg,image,0,1,/italian-for-bad.html
https://www.200words-a-day.com/images/cautionner-small.jpg,image,0,1,/french-verb-cautionner.html
https://www.200words-a-day.com/images/cavaler-small.jpg,image,0,1,/french-verb-cavaler.html
https://www.200words-a-day.com/images/cavar.jpg,image,0,1,/spanish-verb-cavar.html
https://www.200words-a-day.com/images/cazar.jpg,image,0,1,/spanish-verb-cazar.html
https://www.200words-a-day.com/images/cegar.jpg,image,0,1,/spanish-verb-cegar.html
https://www.200words-a-day.com/images/celebrer.jpg,image,0,1,/french-verb-celebrer.html
https://www.200words-a-day.com/images/celer.jpg,image,0,1,/french-verb-celer.html
https://www.200words-a-day.com/images/censurare.jpg,image,0,1,/8Jun-daily-italian-lesson.html
https://www.200words-a-day.com/images/censurer-small.jpg,image,0,1,/french-verb-censurer.html
https://www.200words-a-day.com/images/centupler-small.jpg,image,0,1,/french-verb-centupler.html
https://www.200words-a-day.com/images/cercare.jpg,image,0,1,/17Jul-daily-italian-lesson.html
https://www.200words-a-day.com/images/cerner-small.jpg,image,0,1,/french-verb-cerner.html
https://www.200words-a-day.com/images/cerveza.jpg,image,0,3,/200_Words_a_Day-learn-languages-newzine9.html /learn-spanish-pics.html /second-language-benefits.html
https://www.200words-a-day.com/images/chamailler-small.jpg,image,0,1,/french-verb-chamailler.html
https://www.200words-a-day.com/images/chambouler-small.jpg,image,0,1,/french-verb-chambouler.html
https://www.200words-a-day.com/images/charmer-small.jpg,image,0,1,/french-verb-charmer.html
https://www.200words-a-day.com/images/chat-girls.jpg,image,0,1,/spanish-verb-haber.html
https://www.200words-a-day.com/images/chat.jpg,image,0,1,/gender.html
https://www.200words-a-day.com/images/chaud.gif,image,0,1,/french-heat.html
https://www.200words-a-day.com/images/chauffer-small.jpg,image,0,1,/french-verb-chauffer.html
https://www.200words-a-day.com/images/che-cosa.jpg,image,0,1,/italian-for-what.html
https://www.200words-a-day.com/images/chevaucher-small.jpg,image,0,1,/french-verb-chevaucher.html
https://www.200words-a-day.com/images/chinarsi.jpg,image,0,1,/15Sep-daily-italian-lesson.html
https://www.200words-a-day.com/images/chiudere.jpg,image,0,1,/learn-italian-blog.html
https://www.200words-a-day.com/images/choquer-small.jpg,image,0,1,/french-verb-choquer.html
https://www.200words-a-day.com/images/chuter-small.jpg,image,0,1,/french-verb-chuter.html
https://www.200words-a-day.com/images/cicatriser-small.jpg,image,0,1,/french-verb-cicatriser.html
https://www.200words-a-day.com/images/cifrare.jpg,image,0,1,/14Jun-daily-italian-lesson.html
https://www.200words-a-day.com/images/claquer-small.jpg,image,0,1,/french-verb-claquer.html
https://www.200words-a-day.com/images/clue-screen.jpg,image,0,1,/language-lesson.html
https://www.200words-a-day.com/images/clue.gif,image,0,1,/language-lesson.html
https://www.200words-a-day.com/images/cocher-small.jpg,image,0,1,/french-verb-cocher.html
https://www.200words-a-day.com/images/cocufier-small.jpg,image,0,1,/french-verb-cocufier.html
https://www.200words-a-day.com/images/coffrer-small.jpg,image,0,1,/french-verb-coffrer.html
https://www.200words-a-day.com/images/coger.gif,image,0,1,/spanish-verb-coger.html
https://www.200words-a-day.com/images/coller.jpg,image,0,1,/french-verb-coller.html
https://www.200words-a-day.com/images/colludere.jpg,image,0,1,/4Nov-daily-italian-lesson.html
https://www.200words-a-day.com/images/colorier-small.jpg,image,0,1,/french-verb-colorier.html
https://www.200words-a-day.com/images/colporter-small.jpg,image,0,1,/french-verb-colporter.html
https://www.200words-a-day.com/images/combatir.jpg,image,0,1,/spanish-verb-combatir.html
https://www.200words-a-day.com/images/combattere.jpg,image,0,1,/2Oct-daily-italian-lesson.html
https://www.200words-a-day.com/images/combinarsi.jpg,image,0,1,/7Sep-daily-italian-lesson.html
https://www.200words-a-day.com/images/combler.jpg,image,0,2,/french-for-fill.html /french-for-fulfill.html
https://www.200words-a-day.com/images/comedirse.jpg,image,0,1,/spanish-verb-comedirse.html
https://www.200words-a-day.com/images/cometer.jpg,image,0,1,/spanish-verb-cometer.html
https://www.200words-a-day.com/images/commemorare.jpg,image,0,1,/21Feb-daily-italian-lesson.html
https://www.200words-a-day.com/images/commettere.jpg,image,0,1,/18Nov-daily-italian-lesson.html
https://www.200words-a-day.com/images/comparecer.jpg,image,0,1,/spanish-verb-comparecer.html
https://www.200words-a-day.com/images/competir-con.jpg,image,0,1,/spanish-verb-competir.html
https://www.200words-a-day.com/images/comprendere.jpg,image,0,1,/17Oct-daily-italian-lesson.html
https://www.200words-a-day.com/images/compromettere.jpg,image,0,1,/19Nov-daily-italian-lesson.html
https://www.200words-a-day.com/images/comprovare.jpg,image,0,1,/16Jun-daily-italian-lesson.html
https://www.200words-a-day.com/images/concebir.jpg,image,0,1,/spanish-verb-concebir.html
https://www.200words-a-day.com/images/concevoir.jpg,image,0,1,/french-verb-concevoir.html
https://www.200words-a-day.com/images/conciliare.jpg,image,0,1,/3Jul-daily-italian-lesson.html
https://www.200words-a-day.com/images/concorder-small.jpg,image,0,1,/french-for-agree.html
https://www.200words-a-day.com/images/conducir.gif,image,0,1,/spanish-verb-conducir.html
https://www.200words-a-day.com/images/confectionner-small.jpg,image,0,1,/french-for-make-up.html
https://www.200words-a-day.com/images/confinare.jpg,image,0,1,/18Jun-daily-italian-lesson.html
https://www.200words-a-day.com/images/confondre.jpg,image,0,1,/french-verb-confondre.html
https://www.200words-a-day.com/images/confrontare.jpg,image,0,1,/19Jun-daily-italian-lesson.html
https://www.200words-a-day.com/images/confronter-small.jpg,image,0,1,/french-verb-confronter.html
https://www.200words-a-day.com/images/confundir.jpg,image,0,1,/spanish-verb-confundir.html
https://www.200words-a-day.com/images/congelar.jpg,image,0,1,/spanish-verb-congelar.html
https://www.200words-a-day.com/images/congeler.jpg,image,0,1,/french-verb-congeler.html
https://www.200words-a-day.com/images/coniare.jpg,image,0,1,/20Jun-daily-italian-lesson.html
https://www.200words-a-day.com/images/consegnare.jpg,image,0,1,/21Jun-daily-italian-lesson.html
https://www.200words-a-day.com/images/consentir.jpg,image,0,2,/french-verb-consentir.html /spanish-verb-consentir.html
https://www.200words-a-day.com/images/conserver-small.jpg,image,0,1,/french-verb-conserver.html
https://www.200words-a-day.com/images/considerare.jpg,image,0,1,/22Jun-daily-italian-lesson.html
https://www.200words-a-day.com/images/considerer.jpg,image,0,1,/french-verb-considerer.html
https://www.200words-a-day.com/images/consoler-small.jpg,image,0,1,/french-verb-consoler.html
https://www.200words-a-day.com/images/conspirer-small.jpg,image,0,1,/french-verb-conspirer.html
https://www.200words-a-day.com/images/constater.jpg,image,0,1,/french-for-notice.html
https://www.200words-a-day.com/images/constituir.jpg,image,0,1,/spanish-verb-constituir.html
https://www.200words-a-day.com/images/construire.jpg,image,0,1,/french-verb-construire.html
https://www.200words-a-day.com/images/consumer-small.jpg,image,0,1,/french-verb-consumer.html
https://www.200words-a-day.com/images/consumir.jpg,image,0,1,/spanish-verb-consumir.html
https://www.200words-a-day.com/images/contemplare.jpg,image,0,1,/23Jun-daily-italian-lesson.html
https://www.200words-a-day.com/images/conter-small.jpg,image,0,1,/french-for-tell.html
https://www.200words-a-day.com/images/contestar.jpg,image,0,1,/spanish-verb-contestar.html
https://www.200words-a-day.com/images/contester-small.jpg,image,0,1,/french-for-contest.html
https://www.200words-a-day.com/images/continuar.jpg,image,0,1,/spanish-verb-continuar.html
https://www.200words-a-day.com/images/continuare.jpg,image,0,1,/24Jun-daily-italian-lesson.html
https://www.200words-a-day.com/images/contourner-small.jpg,image,0,1,/french-for-bypass.html
https://www.200words-a-day.com/images/contrattare.jpg,image,0,1,/25Jun-daily-italian-lesson.html
https://www.200words-a-day.com/images/contravenir.jpg,image,0,1,/spanish-verb-contravenir.html
https://www.200words-a-day.com/images/contrecarrer-small.jpg,image,0,1,/french-for-counteract.html
https://www.200words-a-day.com/images/contribuir.jpg,image,0,1,/spanish-verb-contribuir.html
https://www.200words-a-day.com/images/controler-small.jpg,image,0,1,/french-for-control.html
https://www.200words-a-day.com/images/convenir.jpg,image,0,1,/spanish-verb-convenir.html
https://www.200words-a-day.com/images/convertir.jpg,image,0,1,/spanish-verb-convertir.html
https://www.200words-a-day.com/images/convertire.jpg,image,0,1,/7Dec-daily-italian-lesson.html
https://www.200words-a-day.com/images/convertirsi.jpg,image,0,1,/28Sep-daily-italian-lesson.html
https://www.200words-a-day.com/images/convoquer-small.jpg,image,0,1,/french-for-convene.html
https://www.200words-a-day.com/images/coordinare.jpg,image,0,1,/26Jun-daily-italian-lesson.html
https://www.200words-a-day.com/images/corner-small.jpg,image,0,1,/french-for-hoot.html
https://www.200words-a-day.com/images/correr.jpg,image,0,1,/spanish-verb-correr.html
https://www.200words-a-day.com/images/corrompre.jpg,image,0,1,/french-for-corrupt.html
https://www.200words-a-day.com/images/costar-an.gif,image,0,1,/spanish-memory-trigger.html
https://www.200words-a-day.com/images/couleur.jpg,image,0,1,/colours-in-french.html
https://www.200words-a-day.com/images/courber.jpg,image,0,1,/french-for-bend-courber.html
https://www.200words-a-day.com/images/couter-small.jpg,image,0,1,/french-verb-couter.html
https://www.200words-a-day.com/images/couver-small.jpg,image,0,1,/french-verb-couver.html
https://www.200words-a-day.com/images/couvrir.jpg,image,0,1,/french-verb-couvrir.html
https://www.200words-a-day.com/images/crayonner-small.jpg,image,0,1,/french-verb-crayonner.html
https://www.200words-a-day.com/images/crecer.gif,image,0,1,/spanish-verb-crecer.html
https://www.200words-a-day.com/images/credersi.jpg,image,0,1,/learn-italian-blog.html
https://www.200words-a-day.com/images/crever-small.jpg,image,0,1,/french-verb-crever.html
https://www.200words-a-day.com/images/crisper-small.jpg,image,0,1,/french-verb-crisper.html
https://www.200words-a-day.com/images/croquer-small.jpg,image,0,1,/french-verb-croquer.html
https://www.200words-a-day.com/images/crowd.jpg,image,0,1,/welsh-for-crowd.html
https://www.200words-a-day.com/images/cruzar.gif,image,0,1,/spanish-verb-cruzar.html
https://www.200words-a-day.com/images/cubrir.jpg,image,0,1,/spanish-verb-cubrir.html
https://www.200words-a-day.com/images/culbuter-small.jpg,image,0,1,/french-verb-culbuter.html
https://www.200words-a-day.com/images/cumplir.jpg,image,0,1,/spanish-verb-cumplir.html
https://www.200words-a-day.com/images/cupboard.jpg,image,0,1,/italian-for-cupboard.html
https://www.200words-a-day.com/images/cureter.jpg,image,0,1,/french-verb-cureter.html
https://www.200words-a-day.com/images/debarquer-small.jpg,image,0,1,/french-verb-debarquer.html
https://www.200words-a-day.com/images/deber.gif,image,0,1,/spanish-verb-deber.html
https://www.200words-a-day.com/images/debloquer-small.jpg,image,0,1,/french-verb-debloquer.html
https://www.200words-a-day.com/images/deboiter.jpg,image,0,1,/french-verb-deboiter.html
https://www.200words-a-day.com/images/deboucher.jpg,image,0,1,/french-for-cork.html
https://www.200words-a-day.com/images/deboulonner.jpg,image,0,1,/french-for-topple.html
https://www.200words-a-day.com/images/debrouiller.jpg,image,0,1,/french-verb-debrouiller.html
https://www.200words-a-day.com/images/decevoir.jpg,image,0,1,/french-verb-decevoir.html
https://www.200words-a-day.com/images/decidir.jpg,image,0,1,/spanish-verb-decidir.html
https://www.200words-a-day.com/images/decir.jpg,image,0,1,/spanish-verb-decir.html
https://www.200words-a-day.com/images/decorer.jpg,image,0,1,/french-for-decorate.html
https://www.200words-a-day.com/images/decourager.jpg,image,0,1,/french-verb-decourager.html
https://www.200words-a-day.com/images/defender.jpg,image,0,1,/spanish-verb-defender.html
https://www.200words-a-day.com/images/degustare.jpg,image,0,1,/27Jun-daily-italian-lesson.html
https://www.200words-a-day.com/images/delasser.jpg,image,0,1,/french-verb-se-delasser.html
https://www.200words-a-day.com/images/delayer.jpg,image,0,1,/french-verb-delayer.html
https://www.200words-a-day.com/images/deliziare.jpg,image,0,1,/6Jul-daily-italian-lesson.html
https://www.200words-a-day.com/images/deludere.jpg,image,0,1,/5Nov-daily-italian-lesson.html
https://www.200words-a-day.com/images/demettre.jpg,image,0,1,/french-verb-demettre.html
https://www.200words-a-day.com/images/demora.gif,image,0,1,/spanish-for-delay-demora.html
https://www.200words-a-day.com/images/demorar.jpg,image,0,1,/spanish-verb-demorar.html
https://www.200words-a-day.com/images/denominare.jpg,image,0,1,/22Feb-daily-italian-lesson.html
https://www.200words-a-day.com/images/denunciare.jpg,image,0,1,/15Aug-daily-italian-lesson.html
https://www.200words-a-day.com/images/depender.jpg,image,0,1,/spanish-verb-depender.html
https://www.200words-a-day.com/images/deponer.jpg,image,0,1,/spanish-verb-deponer.html
https://www.200words-a-day.com/images/deporre.jpg,image,0,1,/12Dec-daily-italian-lesson.html
https://www.200words-a-day.com/images/derober.jpg,image,0,1,/french-for-steal.html
https://www.200words-a-day.com/images/desaparecer-an.gif,image,0,1,/spanish-verb-desaparecer.html
https://www.200words-a-day.com/images/desayuno.gif,image,0,1,/spanish-verb-desayunar.html
https://www.200words-a-day.com/images/descender.jpg,image,0,1,/spanish-verb-descender.html
https://www.200words-a-day.com/images/descomponer.jpg,image,0,1,/spanish-verb-descomponer.html
https://www.200words-a-day.com/images/describir.gif,image,0,1,/spanish-verb-describir.html
https://www.200words-a-day.com/images/desfallecer.jpg,image,0,1,/spanish-verb-desfallecer.html
https://www.200words-a-day.com/images/deslizar.jpg,image,0,1,/spanish-verb-deslizar.html
https://www.200words-a-day.com/images/desmentir.jpg,image,0,1,/spanish-verb-desmentir.html
https://www.200words-a-day.com/images/desmerecer.jpg,image,0,1,/spanish-verb-desmerecer.html
https://www.200words-a-day.com/images/desollar.jpg,image,0,1,/spanish-verb-desollar.html
https://www.200words-a-day.com/images/despachar.jpg,image,0,1,/spanish-verb-despachar.html
https://www.200words-a-day.com/images/despedir.jpg,image,0,1,/spanish-verb-despedir.html
https://www.200words-a-day.com/images/desterrar.jpg,image,0,1,/spanish-verb-desterrar.html
https://www.200words-a-day.com/images/destruir.jpg,image,0,1,/spanish-verb-destruir.html
https://www.200words-a-day.com/images/desvestir.jpg,image,0,1,/spanish-verb-desvestir.html
https://www.200words-a-day.com/images/desviar.jpg,image,0,1,/spanish-verb-desviar.html
https://www.200words-a-day.com/images/deteindre.jpg,image,0,1,/french-verb-deteindre.html
https://www.200words-a-day.com/images/detenerse.jpg,image,0,1,/spanish-for-stop.html
https://www.200words-a-day.com/images/detourner.jpg,image,0,1,/french-for-divert.html
https://www.200words-a-day.com/images/devoir.gif,image,0,1,/french-verb-devoir.html
https://www.200words-a-day.com/images/digon.gif,image,0,1,/welsh-for-enough.html
https://www.200words-a-day.com/images/dire-an.gif,image,0,1,/french-verb-dire.html
https://www.200words-a-day.com/images/dirigir.jpg,image,0,1,/spanish-verb-dirigir.html
https://www.200words-a-day.com/images/discendere.jpg,image,0,1,/21Oct-daily-italian-lesson.html
https://www.200words-a-day.com/images/discernere.jpg,image,0,1,/5Oct-daily-italian-lesson.html
https://www.200words-a-day.com/images/discutir-an.gif,image,0,1,/spanish-verb-discutir.html
https://www.200words-a-day.com/images/discutir.gif,image,0,1,/spanish-verb-discutir.html
https://www.200words-a-day.com/images/disminuir.jpg,image,0,1,/spanish-verb-disminuir.html
https://www.200words-a-day.com/images/disprezzarsi.jpg,image,0,1,/17Sep-daily-italian-lesson.html
https://www.200words-a-day.com/images/distendere.jpg,image,0,1,/20Oct-daily-italian-lesson.html
https://www.200words-a-day.com/images/distribuir.jpg,image,0,1,/spanish-verb-distribuir.html
https://www.200words-a-day.com/images/disuadir.jpg,image,0,1,/spanish-verb-disuadir.html
https://www.200words-a-day.com/images/disubbidire.jpg,image,0,1,/16Jan-daily-italian-lesson.html
https://www.200words-a-day.com/images/divertirse.gif,image,0,1,/spanish-verb-divertirse.html
https://www.200words-a-day.com/images/dividir.jpg,image,0,1,/spanish-verb-dividir.html
https://www.200words-a-day.com/images/dog.jpg,image,0,1,/italian-for-dog.html
https://www.200words-a-day.com/images/doler.jpg,image,0,1,/spanish-verb-doler.html
https://www.200words-a-day.com/images/doppiare.jpg,image,0,1,/7Jul-daily-italian-lesson.html
https://www.200words-a-day.com/images/dresser.jpg,image,0,1,/french-for-put-up.html
https://www.200words-a-day.com/images/dubitare.jpg,image,0,1,/4Feb-daily-italian-lesson.html
https://www.200words-a-day.com/images/duchar.jpg,image,0,1,/spanish-verb-duchar.html
https://www.200words-a-day.com/images/duck.jpg,image,0,1,/german-for-duck.html
https://www.200words-a-day.com/images/eccedere.jpg,image,0,1,/6Oct-daily-italian-lesson.html
https://www.200words-a-day.com/images/echar-an.gif,image,0,1,/language-course.html
https://www.200words-a-day.com/images/eclaircie.jpg,image,0,1,/french-for-lighten.html
https://www.200words-a-day.com/images/ecraser.jpg,image,0,1,/french-for-crush.html
https://www.200words-a-day.com/images/ecrier.jpg,image,0,1,/french-verb-se-ecrier.html
https://www.200words-a-day.com/images/educar.gif,image,0,1,/spanish-verb-educar.html
https://www.200words-a-day.com/images/egal-an.gif,image,0,1,/learn-german.html
https://www.200words-a-day.com/images/egarer.jpg,image,0,1,/french-for-mislead.html
https://www.200words-a-day.com/images/einstein.jpg,image,0,1,/french-course.html
https://www.200words-a-day.com/images/elargir.jpg,image,0,1,/french-verb-se-elargir.html
https://www.200words-a-day.com/images/embarazar.jpg,image,0,1,/spanish-verb-embarazar.html
https://www.200words-a-day.com/images/embrayer.jpg,image,0,1,/french-verb-embrayer.html
https://www.200words-a-day.com/images/emettere.jpg,image,0,1,/25Nov-daily-italian-lesson.html
https://www.200words-a-day.com/images/emitir.jpg,image,0,1,/spanish-verb-emitir.html
https://www.200words-a-day.com/images/emmener.jpg,image,0,1,/french-verb-emmener.html
https://www.200words-a-day.com/images/empatar.jpg,image,0,1,/spanish-verb-empatar.html
https://www.200words-a-day.com/images/empobrecer.jpg,image,0,1,/spanish-verb-empobrecer.html
https://www.200words-a-day.com/images/emprender.jpg,image,0,1,/spanish-verb-emprender.html
https://www.200words-a-day.com/images/en colere.gif,image,0,1,/200_Words_a_Day-learn-languages-newzine7.html
https://www.200words-a-day.com/images/encabezar.jpg,image,0,1,/spanish-verb-encabezar.html
https://www.200words-a-day.com/images/encargar.jpg,image,0,1,/spanish-verb-encargar.html
https://www.200words-a-day.com/images/encender.gif,image,0,1,/spanish-verb-encender.html
https://www.200words-a-day.com/images/encontrarse.gif,image,0,1,/spanish-verb-encontrar.html
https://www.200words-a-day.com/images/endearing.jpg,image,0,1,/spanish-verb-querer.html
https://www.200words-a-day.com/images/enfermer.jpg,image,0,1,/french-for-shut-up.html
https://www.200words-a-day.com/images/enfoncer.jpg,image,0,1,/french-verb-enfoncer.html
https://www.200words-a-day.com/images/engloutir.jpg,image,0,1,/french-for-gulp.html
https://www.200words-a-day.com/images/enjoy.jpg,image,0,1,/french-for-delight.html
https://www.200words-a-day.com/images/enojar.jpg,image,0,1,/spanish-verb-enojar.html
https://www.200words-a-day.com/images/enough.jpg,image,0,1,/welsh-for-enough.html
https://www.200words-a-day.com/images/enriquecer.jpg,image,0,1,/spanish-verb-enriquecer.html
https://www.200words-a-day.com/images/enseigner.jpg,image,0,1,/french-verb-enseigner.html
https://www.200words-a-day.com/images/ensorceler.jpg,image,0,1,/french-verb-ensorceler.html
https://www.200words-a-day.com/images/ensordecer.jpg,image,0,1,/spanish-verb-ensordecer.html
https://www.200words-a-day.com/images/entender.gif,image,0,1,/spanish-for-understand.html
https://www.200words-a-day.com/images/entourer.jpg,image,0,1,/french-for-surround.html
https://www.200words-a-day.com/images/entrainer.jpg,image,0,1,/french-for-drag.html
https://www.200words-a-day.com/images/entrare-small.jpg,image,0,1,/12Mar-daily-italian-lesson.html
https://www.200words-a-day.com/images/entregar.jpg,image,0,1,/spanish-verb-entregar.html
https://www.200words-a-day.com/images/entreprendre.jpg,image,0,1,/french-verb-entreprendre.html
https://www.200words-a-day.com/images/enunciare.jpg,image,0,1,/17Aug-daily-italian-lesson.html
https://www.200words-a-day.com/images/envahir.jpg,image,0,1,/french-for-invade.html
https://www.200words-a-day.com/images/envejecer.jpg,image,0,1,/spanish-verb-envejecer.html
https://www.200words-a-day.com/images/epargner.jpg,image,0,1,/french-for-save-up.html
https://www.200words-a-day.com/images/esaminare.jpg,image,0,1,/25Feb-daily-italian-lesson.html
https://www.200words-a-day.com/images/escoger.gif,image,0,1,/spanish-verb-escoger.html
https://www.200words-a-day.com/images/escupir.jpg,image,0,1,/spanish-verb-escupir.html
https://www.200words-a-day.com/images/escurrir.jpg,image,0,1,/spanish-verb-escurrir.html
https://www.200words-a-day.com/images/esentare.jpg,image,0,1,/12Sep-daily-italian-lesson.html
https://www.200words-a-day.com/images/esibire.jpg,image,0,1,/17Jan-daily-italian-lesson.html
https://www.200words-a-day.com/images/esporre.jpg,image,0,1,/13Dec-daily-italian-lesson.html
https://www.200words-a-day.com/images/espropriare.jpg,image,0,1,/8Jul-daily-italian-lesson.html
https://www.200words-a-day.com/images/estar-in-spanish.jpg,image,0,2,/ser-and-estar-in-spanish.html /spanish-verb-ser.html
https://www.200words-a-day.com/images/estendere.jpg,image,0,1,/19Oct-daily-italian-lesson.html
https://www.200words-a-day.com/images/esterilizar.jpg,image,0,1,/spanish-verb-esterilizar.html
https://www.200words-a-day.com/images/estimer.jpg,image,0,1,/french-for-estimate.html
https://www.200words-a-day.com/images/estraniare.jpg,image,0,1,/9Jul-daily-italian-lesson.html
https://www.200words-a-day.com/images/estromettere.jpg,image,0,1,/26Nov-daily-italian-lesson.html
https://www.200words-a-day.com/images/eteindre.jpg,image,0,1,/french-verb-eteindre.html
https://www.200words-a-day.com/images/etourdir.jpg,image,0,1,/french-for-stun.html
https://www.200words-a-day.com/images/evaluar.jpg,image,0,1,/spanish-verb-evaluar.html
https://www.200words-a-day.com/images/exceder.jpg,image,0,1,/spanish-verb-exceder.html
https://www.200words-a-day.com/images/excluir.jpg,image,0,1,/spanish-verb-excluir.html
https://www.200words-a-day.com/images/exhibir.jpg,image,0,1,/spanish-verb-exhibir.html
https://www.200words-a-day.com/images/exigir.gif,image,0,1,/spanish-verb-exigir.html
https://www.200words-a-day.com/images/exponer.jpg,image,0,1,/spanish-verb-exponer.html
https://www.200words-a-day.com/images/fabricar.jpg,image,0,1,/spanish-verb-fabricar.html
https://www.200words-a-day.com/images/facher.jpg,image,0,1,/french-for-make-angry.html
https://www.200words-a-day.com/images/faire.gif,image,0,1,/french-verb-faire.html
https://www.200words-a-day.com/images/falciare.jpg,image,0,1,/19Aug-daily-italian-lesson.html
https://www.200words-a-day.com/images/fallecer.jpg,image,0,1,/spanish-verb-fallecer.html
https://www.200words-a-day.com/images/false-friend.jpg,image,0,1,/spanish-verb-pretender.html
https://www.200words-a-day.com/images/fatigar.jpg,image,0,1,/spanish-verb-fatigar.html
https://www.200words-a-day.com/images/fauchen_anim.gif,image,0,1,/learn-german.html
https://www.200words-a-day.com/images/faucher.jpg,image,0,1,/french-for-reap.html
https://www.200words-a-day.com/images/faul.gif,image,0,1,/bird-flu.html
https://www.200words-a-day.com/images/favorecer.jpg,image,0,1,/spanish-verb-favorecer.html
https://www.200words-a-day.com/images/fecha.gif,image,0,1,/200_Words_a_Day-learn-languages-newzine3.html
https://www.200words-a-day.com/images/fendre.jpg,image,0,1,/french-verb-fendre.html
https://www.200words-a-day.com/images/ferire.jpg,image,0,1,/13Jan-daily-italian-lesson.html
https://www.200words-a-day.com/images/feter.jpg,image,0,1,/french-verb-feter.html
https://www.200words-a-day.com/images/ffrog.jpg,image,0,2,/learn-welsh.html /second-language-benefits.html
https://www.200words-a-day.com/images/fiaccare.jpg,image,0,1,/19Jul-daily-italian-lesson.html
https://www.200words-a-day.com/images/fingir.jpg,image,0,1,/spanish-verb-fingir.html
https://www.200words-a-day.com/images/finir.jpg,image,0,1,/french-for-finish.html
https://www.200words-a-day.com/images/fisch-an.gif,image,0,1,/german-for-fish.html
https://www.200words-a-day.com/images/fissare.jpg,image,0,1,/28Jun-daily-italian-lesson.html
https://www.200words-a-day.com/images/flamber.jpg,image,0,1,/french-for-blaze.html
https://www.200words-a-day.com/images/flamboyer.jpg,image,0,1,/french-verb-flamboyer.html
https://www.200words-a-day.com/images/flashcard-flamily.jpg,image,0,1,/italian-flashcard.html
https://www.200words-a-day.com/images/fluir.jpg,image,0,1,/spanish-verb-fluir.html
https://www.200words-a-day.com/images/folleto.gif,image,0,1,/holiday-phrases.html
https://www.200words-a-day.com/images/foncer.jpg,image,0,1,/french-verb-foncer.html
https://www.200words-a-day.com/images/fondo.gif,image,0,1,/200_Words_a_Day-learn-languages-newzine2.html
https://www.200words-a-day.com/images/fontanero.gif,image,0,2,/200_Words_a_Day-learn-languages-newzine6.html /learn-spanish-pics.html
https://www.200words-a-day.com/images/forgiare.jpg,image,0,1,/9Aug-daily-italian-lesson.html
https://www.200words-a-day.com/images/fortalecer.jpg,image,0,1,/spanish-verb-fortalecer.html
https://www.200words-a-day.com/images/fortifier.jpg,image,0,1,/french-verb-se-fortifier.html
https://www.200words-a-day.com/images/fouiller.jpg,image,0,1,/french-for-search.html
https://www.200words-a-day.com/images/fourrer.jpg,image,0,1,/french-for-tuck.html
https://www.200words-a-day.com/images/free-french-course-download.jpg,image,0,1,/french-course.html
https://www.200words-a-day.com/images/fremere.jpg,image,0,1,/9Oct-daily-italian-lesson.html
https://www.200words-a-day.com/images/french-love-summary-page.jpg,image,0,1,/french-flashcard.html
https://www.200words-a-day.com/images/frenchpronguidepic2.jpg,image,0,1,/french-pronunciation-guide.html
https://www.200words-a-day.com/images/fruit.jpg,image,0,1,/learn-italian-fast.html
https://www.200words-a-day.com/images/fumare-small.jpg,image,0,1,/6Mar-daily-italian-lesson.html
https://www.200words-a-day.com/images/gacher.jpg,image,0,1,/french-for-spoil.html
https://www.200words-a-day.com/images/game.jpg,image,0,1,/italian-for-game.html
https://www.200words-a-day.com/images/garantizar.jpg,image,0,1,/spanish-verb-garantizar.html
https://www.200words-a-day.com/images/gare.gif,image,0,1,/french-for-station.html
https://www.200words-a-day.com/images/gater.jpg,image,0,1,/french-for-go-bad.html
https://www.200words-a-day.com/images/gemere.jpg,image,0,1,/10Oct-daily-italian-lesson.html
https://www.200words-a-day.com/images/gemir.jpg,image,0,1,/french-for-moan.html
https://www.200words-a-day.com/images/german-for-head-is-der-kopf-21277973.jpg,image,0,1,/german-for-head-is-der-kopf.html
https://www.200words-a-day.com/images/german-for-rain-is-der-regen-21277974.jpg,image,0,1,/german-for-rain-is-der-regen.html
https://www.200words-a-day.com/images/german-for-soon-is-bald-21277976.jpg,image,0,1,/german-for-soon-is-bald.html
https://www.200words-a-day.com/images/german-for-weather-is-wetter-21277978.jpg,image,0,1,/german-for-weather-is-wetter.html
https://www.200words-a-day.com/images/get-instant-access.png,image,0,1,/french-course.html
https://www.200words-a-day.com/images/get-this-report-now-free-down-arrow.png,image,0,1,/french-course.html
https://www.200words-a-day.com/images/get-this-report-now-free.png,image,0,1,/french-course.html
https://www.200words-a-day.com/images/gettare-small.jpg,image,0,1,/16Mar-daily-italian-lesson.html
https://www.200words-a-day.com/images/gioco.jpg,image,0,1,/italian-for-game.html
https://www.200words-a-day.com/images/gonfiare.jpg,image,0,1,/11Jul-daily-italian-lesson.html
https://www.200words-a-day.com/images/gonfler.jpg,image,0,1,/french-for-pump-up.html
https://www.200words-a-day.com/images/gorra-an.gif,image,0,1,/learn-spanish.html
https://www.200words-a-day.com/images/gouverner.jpg,image,0,1,/french-verb-se-gouverner.html
https://www.200words-a-day.com/images/government.jpg,image,0,2,/poder.html /spanish-verb-poder.html
https://www.200words-a-day.com/images/gozar.jpg,image,0,1,/spanish-verb-gozar.html
https://www.200words-a-day.com/images/graffiare.jpg,image,0,1,/12Jul-daily-italian-lesson.html
https://www.200words-a-day.com/images/grandmother.jpg,image,0,1,/italian-for-grandmother.html
https://www.200words-a-day.com/images/grandson.jpg,image,0,1,/german-for-grandson.html
https://www.200words-a-day.com/images/grattugiare.jpg,image,0,1,/8Aug-daily-italian-lesson.html
https://www.200words-a-day.com/images/gravitare.jpg,image,0,1,/5Feb-daily-italian-lesson.html
https://www.200words-a-day.com/images/gremire.jpg,image,0,1,/25Dec-daily-italian-lesson.html
https://www.200words-a-day.com/images/grogner-small.jpg,image,0,1,/french-for-groan.html
https://www.200words-a-day.com/images/guardare-small.jpg,image,0,1,/19Mar-daily-italian-lesson.html
https://www.200words-a-day.com/images/guarecer.jpg,image,0,1,/spanish-verb-guarecer.html
https://www.200words-a-day.com/images/guiar.jpg,image,0,1,/spanish-verb-guiar.html
https://www.200words-a-day.com/images/guidare-small.jpg,image,0,1,/9Mar-daily-italian-lesson.html
https://www.200words-a-day.com/images/gurke-an.gif,image,0,1,/cucumber-in-german.html
https://www.200words-a-day.com/images/haber.gif,image,0,1,/spanish-verb-haber.html
https://www.200words-a-day.com/images/hablar.gif,image,0,1,/spanish-verb-hablar.html
https://www.200words-a-day.com/images/harina.gif,image,0,1,/spanish-for-flour.html
https://www.200words-a-day.com/images/hausser.jpg,image,0,1,/french-for-raise.html
https://www.200words-a-day.com/images/have-to.jpg,image,0,1,/spanish-verb-deber.html
https://www.200words-a-day.com/images/helar.gif,image,0,1,/spanish-verb-helar.html
https://www.200words-a-day.com/images/help.gif,image,0,1,/language-arts-lesson-plan.html
https://www.200words-a-day.com/images/hen.jpg,image,0,1,/welsh-flashcard.html
https://www.200words-a-day.com/images/herir.jpg,image,0,1,/spanish-verb-herir.html
https://www.200words-a-day.com/images/hervir.jpg,image,0,1,/spanish-verb-hervir.html
https://www.200words-a-day.com/images/homework.jpg,image,0,1,/spanish-verb-deber.html
https://www.200words-a-day.com/images/huir.jpg,image,0,1,/spanish-verb-huir.html
https://www.200words-a-day.com/images/hundir.jpg,image,0,1,/spanish-verb-hundir.html
https://www.200words-a-day.com/images/hut.gif,image,0,1,/masculine-gender.html
https://www.200words-a-day.com/images/iar.jpg,image,0,2,/bird-flu.html /welsh-flashcard.html
https://www.200words-a-day.com/images/illudere.jpg,image,0,1,/11Nov-daily-italian-lesson.html
https://www.200words-a-day.com/images/imbandire.jpg,image,0,1,/26Dec-daily-italian-lesson.html
https://www.200words-a-day.com/images/imbarcare.jpg,image,0,1,/22Jul-daily-italian-lesson.html
https://www.200words-a-day.com/images/imbottigliare.jpg,image,0,1,/13Jul-daily-italian-lesson.html
https://www.200words-a-day.com/images/imbottire.jpg,image,0,1,/27Dec-daily-italian-lesson.html
https://www.200words-a-day.com/images/imponer.jpg,image,0,1,/spanish-verb-imponer.html
https://www.200words-a-day.com/images/incattivire.jpg,image,0,1,/20Jan-daily-italian-lesson.html
https://www.200words-a-day.com/images/incliner.jpg,image,0,1,/french-for-incline.html
https://www.200words-a-day.com/images/indultar.jpg,image,0,1,/spanish-verb-indultar.html
https://www.200words-a-day.com/images/indurire.jpg,image,0,1,/21Jan-daily-italian-lesson.html
https://www.200words-a-day.com/images/infligir.jpg,image,0,1,/spanish-verb-infligir.html
https://www.200words-a-day.com/images/influir.jpg,image,0,1,/spanish-verb-influir.html
https://www.200words-a-day.com/images/informare-small.jpg,image,0,1,/18Mar-daily-italian-lesson.html
https://www.200words-a-day.com/images/informare.jpg,image,0,1,/learn-italian-fast.html
https://www.200words-a-day.com/images/informer.jpg,image,0,1,/french-verb-informer.html
https://www.200words-a-day.com/images/ingerir.jpg,image,0,1,/spanish-verb-ingerir.html
https://www.200words-a-day.com/images/inibire.jpg,image,0,1,/23Jan-daily-italian-lesson.html
https://www.200words-a-day.com/images/innamorarsi.jpg,image,0,1,/8Sep-daily-italian-lesson.html
https://www.200words-a-day.com/images/inonder.jpg,image,0,1,/french-for-inundate.html
https://www.200words-a-day.com/images/input.gif,image,0,1,/27Nov-daily-italian-lesson.html
https://www.200words-a-day.com/images/insinuar.jpg,image,0,1,/spanish-verb-insinuar.html
https://www.200words-a-day.com/images/interferir.jpg,image,0,1,/spanish-verb-interferir.html
https://www.200words-a-day.com/images/intervenir.jpg,image,0,1,/spanish-verb-intervenir.html
https://www.200words-a-day.com/images/invadir.jpg,image,0,1,/spanish-verb-invadir.html
https://www.200words-a-day.com/images/investigar.jpg,image,0,1,/spanish-verb-investigar.html
https://www.200words-a-day.com/images/investir.jpg,image,0,1,/spanish-verb-investir.html
https://www.200words-a-day.com/images/ir%20de%20vacaciones.gif,image,0,1,/spanish-verb-ir.html
https://www.200words-a-day.com/images/ir.gif,image,0,1,/spanish-verb-ir.html
https://www.200words-a-day.com/images/irrobustire.jpg,image,0,1,/26Jan-daily-italian-lesson.html
https://www.200words-a-day.com/images/ispessire.jpg,image,0,1,/27Jan-daily-italian-lesson.html
https://www.200words-a-day.com/images/italian-500.jpg,image,0,1,/italian-pronunciation-guide.html
https://www.200words-a-day.com/images/italian-plane.jpg,image,0,1,/learn-italian-fast.html
https://www.200words-a-day.com/images/ja.gif,image,0,1,/reconsideration.html
https://www.200words-a-day.com/images/jerarquizar.jpg,image,0,1,/spanish-verb-jerarquizar.html
https://www.200words-a-day.com/images/joke.jpg,image,0,1,/spanish-verb-haber.html
https://www.200words-a-day.com/images/jorobar.jpg,image,0,1,/spanish-verb-jorobar.html
https://www.200words-a-day.com/images/jouer-an.gif,image,0,1,/french-football.html
https://www.200words-a-day.com/images/juin.gif,image,0,1,/1-jun-blog-sample.html
https://www.200words-a-day.com/images/jump.jpg,image,0,1,/learn-italian-fast.html
https://www.200words-a-day.com/images/juzgar.gif,image,0,1,/spanish-verb-juzgar.html
https://www.200words-a-day.com/images/kiss-dog.jpg,image,0,1,/learn-italian-fast.html
https://www.200words-a-day.com/images/lamer.jpg,image,0,1,/spanish-verb-lamer.html
https://www.200words-a-day.com/images/landschaft.gif,image,0,1,/german-feminine.html
https://www.200words-a-day.com/images/lanzar-an.gif,image,0,1,/spanish-verb-lanzar.html
https://www.200words-a-day.com/images/lavar.jpg,image,0,1,/spanish-verb-lavar.html
https://www.200words-a-day.com/images/lavarse.gif,image,0,1,/11Sep-daily-italian-lesson.html
https://www.200words-a-day.com/images/lesson-list-alpha.jpg,image,0,1,/learn-spanish-course.html
https://www.200words-a-day.com/images/lesson-list-numeric.jpg,image,0,1,/learn-spanish-course.html
https://www.200words-a-day.com/images/lidiar.jpg,image,0,1,/spanish-verb-lidiar.html
https://www.200words-a-day.com/images/lier-small.jpg,image,0,1,/french-verb-lier.html
https://www.200words-a-day.com/images/ligar.jpg,image,0,1,/spanish-verb-ligar.html
https://www.200words-a-day.com/images/llegar.gif,image,0,2,/spanish-for-arrive.html /spanish-verb-llegar.html
https://www.200words-a-day.com/images/llevar.gif,image,0,1,/spanish-for-take.html
https://www.200words-a-day.com/images/llover.gif,image,0,1,/spanish-verb-llover.html
https://www.200words-a-day.com/images/llover.jpg,image,0,1,/spanish-verb-llover.html
https://www.200words-a-day.com/images/locare.jpg,image,0,1,/26Jul-daily-italian-lesson.html
https://www.200words-a-day.com/images/louer.jpg,image,0,1,/french-for-praise.html
https://www.200words-a-day.com/images/love.jpg,image,0,2,/french-flashcard.html /learn-italian-fast.html
https://www.200words-a-day.com/images/luire.jpg,image,0,1,/french-verb-luire.html
https://www.200words-a-day.com/images/madre-an.gif,image,0,1,/spanish-for-mother.html
https://www.200words-a-day.com/images/maintenir.jpg,image,0,1,/french-verb-maintenir.html
https://www.200words-a-day.com/images/maleta.gif,image,0,1,/spanish-for-suitcase-maleta.html
https://www.200words-a-day.com/images/mancha.gif,image,0,1,/spanish-for-stain.html
https://www.200words-a-day.com/images/manchar-an.gif,image,0,1,/spanish-for-to-stain.html
https://www.200words-a-day.com/images/manifester.jpg,image,0,1,/french-for-demonstrate.html
https://www.200words-a-day.com/images/manipolare.jpg,image,0,1,/29Feb-daily-italian-lesson.html
https://www.200words-a-day.com/images/marciare.jpg,image,0,1,/18Aug-daily-italian-lesson.html
https://www.200words-a-day.com/images/marron.gif,image,0,1,/200_Words_a_Day-learn-languages-newzine17.html
https://www.200words-a-day.com/images/martillear.jpg,image,0,1,/spanish-verb-martillear.html
https://www.200words-a-day.com/images/maybe.jpg,image,0,1,/poder.html
https://www.200words-a-day.com/images/medir.gif,image,0,1,/spanish-verb-medir.html
https://www.200words-a-day.com/images/memorizar.jpg,image,0,1,/spanish-verb-memorizar.html
https://www.200words-a-day.com/images/memory-master-verb-techniques.jpg,image,0,1,/french-course.html
https://www.200words-a-day.com/images/menear.jpg,image,0,1,/spanish-verb-menear.html
https://www.200words-a-day.com/images/mener.jpg,image,0,1,/french-verb-mener.html
https://www.200words-a-day.com/images/mentir-spanish.jpg,image,0,1,/spanish-verb-mentir.html
https://www.200words-a-day.com/images/mentir.jpg,image,0,1,/10Dec-daily-italian-lesson.html
https://www.200words-a-day.com/images/mercedes.jpg,image,0,1,/mercedes.html
https://www.200words-a-day.com/images/merecer.jpg,image,0,1,/spanish-verb-merecer.html
https://www.200words-a-day.com/images/meter.gif,image,0,1,/spanish-verb-meter.html
https://www.200words-a-day.com/images/mettere.jpg,image,0,1,/learn-italian-fast.html
https://www.200words-a-day.com/images/mettre.gif,image,0,1,/french-verb-mettre.html
https://www.200words-a-day.com/images/mietere.jpg,image,0,1,/8Oct-daily-italian-lesson.html
https://www.200words-a-day.com/images/minute.jpg,image,0,1,/learn-italian-fast.html
https://www.200words-a-day.com/images/mirar.gif,image,0,1,/spanish-verb-mirar.html
https://www.200words-a-day.com/images/mischiare.jpg,image,0,1,/14Jul-daily-italian-lesson.html
https://www.200words-a-day.com/images/mistake.jpg,image,0,1,/italian-for-mistake.html
https://www.200words-a-day.com/images/moler.jpg,image,0,1,/spanish-verb-moler.html
https://www.200words-a-day.com/images/money.jpg,image,0,1,/welsh-for-money.html
https://www.200words-a-day.com/images/morder.gif,image,0,2,/french-for-bite.html /spanish-verb-morder.html
https://www.200words-a-day.com/images/mother.jpg,image,0,1,/spanish-for-mother.html
https://www.200words-a-day.com/images/moustique.gif,image,0,1,/200_Words_a_Day-learn-languages-newzine6.html
https://www.200words-a-day.com/images/mover.jpg,image,0,1,/spanish-verb-mover.html
https://www.200words-a-day.com/images/mudarse.gif,image,0,1,/spanish-verb-mudar.html
https://www.200words-a-day.com/images/muggire.jpg,image,0,1,/29Jan-daily-italian-lesson.html
https://www.200words-a-day.com/images/museler.jpg,image,0,1,/french-verb-museler.html
https://www.200words-a-day.com/images/mâcher-small.jpg,image,0,1,/french-for-chew.html
https://www.200words-a-day.com/images/nacer.gif,image,0,1,/spanish-verb-nacer.html
https://www.200words-a-day.com/images/nager.gif,image,0,1,/french-for-swim-nager.html
https://www.200words-a-day.com/images/neiger.jpg,image,0,1,/order-page.html
https://www.200words-a-day.com/images/nevar-an.gif,image,0,1,/spanish-for-snow.html
https://www.200words-a-day.com/images/nevar.gif,image,0,1,/spanish-verb-nevar.html
https://www.200words-a-day.com/images/next-up.jpg,image,0,1,/language-tutorial.html
https://www.200words-a-day.com/images/nicken-an.gif,image,0,1,/learn-german-sentences.html
https://www.200words-a-day.com/images/nino.gif,image,0,1,/learn-spanish-sentences.html
https://www.200words-a-day.com/images/noisy.jpg,image,0,1,/italian-for-noisy.html
https://www.200words-a-day.com/images/nonna.jpg,image,0,1,/italian-for-grandmother.html
https://www.200words-a-day.com/images/noswaith-dda.jpg,image,0,1,/order-page.html
https://www.200words-a-day.com/images/notes.jpg,image,0,1,/language-lesson.html
https://www.200words-a-day.com/images/noyer.jpg,image,0,1,/french-verb-noyer.html
https://www.200words-a-day.com/images/nuotare-small.jpg,image,0,1,/11Mar-daily-italian-lesson.html
https://www.200words-a-day.com/images/nutrire.jpg,image,0,1,/8Dec-daily-italian-lesson.html
https://www.200words-a-day.com/images/obedecer.jpg,image,0,1,/spanish-verb-obedecer.html
https://www.200words-a-day.com/images/ocultar.jpg,image,0,1,/spanish-verb-ocultar.html
https://www.200words-a-day.com/images/odette-1.jpg,image,0,1,/learn-languages.html
https://www.200words-a-day.com/images/offrir.jpg,image,0,1,/french-verb-offrir.html
https://www.200words-a-day.com/images/ofrecer.gif,image,0,1,/spanish-verb-ofrecer.html
https://www.200words-a-day.com/images/ola.gif,image,0,1,/spanish-for-wave.html
https://www.200words-a-day.com/images/omettere.jpg,image,0,1,/28Nov-daily-italian-lesson.html
https://www.200words-a-day.com/images/oponer.jpg,image,0,1,/spanish-verb-oponer.html
https://www.200words-a-day.com/images/ordire.jpg,image,0,1,/26Jan-daily-italian-lesson.html
https://www.200words-a-day.com/images/organizar.gif,image,0,1,/spanish-verb-organizar.html
https://www.200words-a-day.com/images/osteggiare.jpg,image,0,1,/10Aug-daily-italian-lesson.html
https://www.200words-a-day.com/images/otorgar.jpg,image,0,1,/spanish-verb-otorgar.html
https://www.200words-a-day.com/images/owe.jpg,image,0,1,/spanish-verb-deber.html
https://www.200words-a-day.com/images/pagar.gif,image,0,1,/spanish-verb-pagar.html
https://www.200words-a-day.com/images/pagayer.jpg,image,0,1,/french-verb-pagayer.html
https://www.200words-a-day.com/images/paladear.jpg,image,0,1,/spanish-verb-paladear.html
https://www.200words-a-day.com/images/paques.jpg,image,0,1,/easter-in-france.html
https://www.200words-a-day.com/images/para-madrid1.gif,image,0,1,/spanish-por-para.html
https://www.200words-a-day.com/images/parecer.gif,image,0,1,/spanish-verb-parecer.html
https://www.200words-a-day.com/images/parler.jpg,image,0,1,/french-language-school.html
https://www.200words-a-day.com/images/pasar.gif,image,0,1,/spanish-verb-pasar.html
https://www.200words-a-day.com/images/patear.jpg,image,0,1,/spanish-verb-patear.html
https://www.200words-a-day.com/images/pay.jpg,image,0,1,/spanish-verb-deber.html
https://www.200words-a-day.com/images/pecher.jpg,image,0,1,/french-verb-pecher.html
https://www.200words-a-day.com/images/pellizcar.jpg,image,0,1,/spanish-verb-pellizcar.html
https://www.200words-a-day.com/images/pen.jpg,image,0,1,/learn-welsh.html
https://www.200words-a-day.com/images/pencher.jpg,image,0,1,/french-for-tilt-pencher.html
https://www.200words-a-day.com/images/pendere.jpg,image,0,1,/28Oct-daily-italian-lesson.html
https://www.200words-a-day.com/images/penetrare.jpg,image,0,1,/7Feb-daily-italian-lesson.html
https://www.200words-a-day.com/images/percevoir.jpg,image,0,1,/french-verb-percevoir.html
https://www.200words-a-day.com/images/perder.jpg,image,0,1,/spanish-verb-perder.html
https://www.200words-a-day.com/images/perhaps.jpg,image,0,1,/spanish-verb-poder.html
https://www.200words-a-day.com/images/permettere.jpg,image,0,1,/20Nov-daily-italian-lesson.html
https://www.200words-a-day.com/images/petit-pois-an.gif,image,0,2,/french-for-pea.html /fsi-french-14.html
https://www.200words-a-day.com/images/petrifier.jpg,image,0,1,/french-verb-se-petrifier.html
https://www.200words-a-day.com/images/pincer.jpg,image,0,1,/french-verb-pincer.html
https://www.200words-a-day.com/images/pinchar.jpg,image,0,1,/spanish-verb-pinchar.html
https://www.200words-a-day.com/images/placare.jpg,image,0,1,/20Jul-daily-italian-lesson.html
https://www.200words-a-day.com/images/placcare.jpg,image,0,1,/21Jul-daily-italian-lesson.html
https://www.200words-a-day.com/images/plaudire.jpg,image,0,1,/9Dec-daily-italian-lesson.html
https://www.200words-a-day.com/images/plegar.jpg,image,0,1,/spanish-verb-plegar.html
https://www.200words-a-day.com/images/poder.gif,image,0,2,/poder.html /spanish-verb-poder.html
https://www.200words-a-day.com/images/pondre.jpg,image,0,1,/french-for-lay-eggs.html
https://www.200words-a-day.com/images/poner.jpg,image,0,1,/spanish-verb-poner.html
https://www.200words-a-day.com/images/por-barco.gif,image,0,1,/spanish-por-para.html
https://www.200words-a-day.com/images/por-hora.gif,image,0,1,/spanish-por-para.html
https://www.200words-a-day.com/images/posseder.jpg,image,0,1,/french-verb-posseder.html
https://www.200words-a-day.com/images/poule.jpg,image,0,1,/200_Words_a_Day-learn-languages-newzine8.html
https://www.200words-a-day.com/images/pouvoir.gif,image,0,1,/french-verb-pouvoir.html
https://www.200words-a-day.com/images/preceder.jpg,image,0,1,/spanish-verb-preceder.html
https://www.200words-a-day.com/images/preferir.jpg,image,0,1,/spanish-verb-preferir.html
https://www.200words-a-day.com/images/preguntar.gif,image,0,1,/spanish-verb-preguntar.html
https://www.200words-a-day.com/images/prender.jpg,image,0,1,/spanish-verb-prender.html
https://www.200words-a-day.com/images/prendre.jpg,image,0,1,/french-verb-prendre.html
https://www.200words-a-day.com/images/pres.jpg,image,0,1,/welsh-for-money.html
https://www.200words-a-day.com/images/presentare-small.jpg,image,0,1,/20Mar-daily-italian-lesson.html
https://www.200words-a-day.com/images/pretender.jpg,image,0,1,/spanish-verb-pretender.html
https://www.200words-a-day.com/images/prevalecer.jpg,image,0,1,/spanish-verb-prevalecer.html
https://www.200words-a-day.com/images/probar.jpg,image,0,1,/spanish-verb-probar.html
https://www.200words-a-day.com/images/proceder.jpg,image,0,1,/spanish-verb-proceder.html
https://www.200words-a-day.com/images/procedere.jpg,image,0,1,/11Oct-daily-italian-lesson.html
https://www.200words-a-day.com/images/profundizar.jpg,image,0,1,/spanish-verb-profundizar.html
https://www.200words-a-day.com/images/proibire.jpg,image,0,1,/28Dec-daily-italian-lesson.html
https://www.200words-a-day.com/images/prometer.jpg,image,0,1,/spanish-verb-prometer.html
https://www.200words-a-day.com/images/promettere.jpg,image,0,1,/21Nov-daily-italian-lesson.html
https://www.200words-a-day.com/images/pronunciare.jpg,image,0,1,/21Aug-daily-italian-lesson.html
https://www.200words-a-day.com/images/proponer.jpg,image,0,1,/spanish-verb-proponer.html
https://www.200words-a-day.com/images/proteger.jpg,image,0,1,/spanish-verb-proteger.html
https://www.200words-a-day.com/images/provoquer.jpg,image,0,1,/french-for-provoke.html
https://www.200words-a-day.com/images/punire.jpg,image,0,1,/29Dec-daily-italian-lesson.html
https://www.200words-a-day.com/images/put.jpg,image,0,1,/learn-italian-fast.html
https://www.200words-a-day.com/images/pâlir-small.jpg,image,0,1,/french-for-grow-pale.html
https://www.200words-a-day.com/images/quemar.gif,image,0,1,/spanish-verb-quemar.html
https://www.200words-a-day.com/images/querer.jpg,image,0,1,/spanish-verb-querer.html
https://www.200words-a-day.com/images/rabbonire.jpg,image,0,1,/30Dec-daily-italian-lesson.html
https://www.200words-a-day.com/images/racchiudere.jpg,image,0,1,/12Nov-daily-italian-lesson.html
https://www.200words-a-day.com/images/raccourcir.jpg,image,0,1,/french-for-shorten.html
https://www.200words-a-day.com/images/rajeunir.jpg,image,0,1,/french-verb-rajeunir.html
https://www.200words-a-day.com/images/rammollire.jpg,image,0,1,/2Feb-daily-italian-lesson.html
https://www.200words-a-day.com/images/rasgar.jpg,image,0,1,/spanish-verb-rasgar.html
https://www.200words-a-day.com/images/reagire.jpg,image,0,1,/31Dec-daily-italian-lesson.html
https://www.200words-a-day.com/images/realizar.jpg,image,0,1,/spanish-verb-realizar.html
https://www.200words-a-day.com/images/rebanar.jpg,image,0,1,/spanish-verb-rebanar.html
https://www.200words-a-day.com/images/rebozar.jpg,image,0,1,/spanish-verb-rebozar.html
https://www.200words-a-day.com/images/recedere.jpg,image,0,1,/15Nov-daily-italian-lesson.html
https://www.200words-a-day.com/images/recevoir.jpg,image,0,1,/french-verb-recevoir.html
https://www.200words-a-day.com/images/recochinearse.jpg,image,0,1,/spanish-verb-recochinearse.html
https://www.200words-a-day.com/images/recoger.jpg,image,0,1,/spanish-verb-recoger.html
https://www.200words-a-day.com/images/reconstruir.jpg,image,0,1,/spanish-verb-reconstruir.html
https://www.200words-a-day.com/images/recordar.jpg,image,0,1,/spanish-verb-recordar.html
https://www.200words-a-day.com/images/referir.jpg,image,0,1,/spanish-verb-referir.html
https://www.200words-a-day.com/images/regar.jpg,image,0,1,/spanish-verb-regar.html
https://www.200words-a-day.com/images/registrare-small.jpg,image,0,1,/8Mar-daily-italian-lesson.html
https://www.200words-a-day.com/images/regner.jpg,image,0,1,/french-verb-regner.html
https://www.200words-a-day.com/images/rehuir.jpg,image,0,1,/spanish-verb-rehuir.html
https://www.200words-a-day.com/images/remmener.jpg,image,0,1,/french-verb-remmener.html
https://www.200words-a-day.com/images/remorder.jpg,image,0,1,/spanish-verb-remorder.html
https://www.200words-a-day.com/images/remuer.jpg,image,0,1,/french-verb-se-remuer.html
https://www.200words-a-day.com/images/rendere.jpg,image,0,1,/30Oct-daily-italian-lesson.html
https://www.200words-a-day.com/images/rendir.jpg,image,0,1,/spanish-verb-rendir.html
https://www.200words-a-day.com/images/renovar.jpg,image,0,1,/spanish-verb-renovar.html
https://www.200words-a-day.com/images/repandre.jpg,image,0,1,/french-for-spill.html
https://www.200words-a-day.com/images/reperire.jpg,image,0,1,/1Jan-daily-italian-lesson.html
https://www.200words-a-day.com/images/repeter.jpg,image,0,1,/french-verb-repeter.html
https://www.200words-a-day.com/images/repetir.jpg,image,0,1,/spanish-verb-repetir.html
https://www.200words-a-day.com/images/replier-small.jpg,image,0,1,/french-verb-replier.html
https://www.200words-a-day.com/images/repondre.gif,image,0,1,/french-for-answer.html
https://www.200words-a-day.com/images/reprimir.jpg,image,0,1,/spanish-verb-reprimir.html
https://www.200words-a-day.com/images/reptar.jpg,image,0,1,/spanish-verb-reptar.html
https://www.200words-a-day.com/images/requerir.jpg,image,0,1,/spanish-verb-requerir.html
https://www.200words-a-day.com/images/resollar.jpg,image,0,1,/spanish-verb-resollar.html
https://www.200words-a-day.com/images/restregar.jpg,image,0,1,/spanish-verb-restregar.html
https://www.200words-a-day.com/images/restreindre.jpg,image,0,1,/french-verb-restreindre.html
https://www.200words-a-day.com/images/restringir.jpg,image,0,1,/spanish-verb-restringir.html
https://www.200words-a-day.com/images/retablir.jpg,image,0,1,/french-verb-se-retablir.html
https://www.200words-a-day.com/images/review-your-progress.jpg,image,0,1,/language-arts-lesson-plan.html
https://www.200words-a-day.com/images/review.gif,image,0,1,/language-arts-lesson-plan.html
https://www.200words-a-day.com/images/rezar.jpg,image,0,1,/spanish-verb-rezar.html
https://www.200words-a-day.com/images/riammettere.jpg,image,0,1,/24Nov-daily-italian-lesson.html
https://www.200words-a-day.com/images/ricordarsi.jpg,image,0,1,/16Sep-daily-italian-lesson.html
https://www.200words-a-day.com/images/rimettere.jpg,image,0,1,/29Nov-daily-italian-lesson.html
https://www.200words-a-day.com/images/ringiovanire.jpg,image,0,1,/2Jan-daily-italian-lesson.html
https://www.200words-a-day.com/images/ripetere.jpg,image,0,1,/13Oct-daily-italian-lesson.html
https://www.200words-a-day.com/images/rocking-chair.jpg,image,0,1,/french-verb-tilt-basculer.html
https://www.200words-a-day.com/images/rocking-horse.jpg,image,0,1,/french-verb-tilt-basculer.html
https://www.200words-a-day.com/images/rompere.gif,image,0,1,/french-verb-rompre.html
https://www.200words-a-day.com/images/rumoroso.jpg,image,0,1,/italian-for-noisy.html
https://www.200words-a-day.com/images/saboter-small.jpg,image,0,1,/french-verb-saboter.html
https://www.200words-a-day.com/images/sacudir.jpg,image,0,1,/spanish-verb-sacudir.html
https://www.200words-a-day.com/images/saisir.jpg,image,0,1,/french-for-seize.html
https://www.200words-a-day.com/images/salir.jpg,image,0,1,/french-for-dirty.html
https://www.200words-a-day.com/images/salpimentar.jpg,image,0,1,/spanish-verb-salpimentar.html
https://www.200words-a-day.com/images/saltare.jpg,image,0,1,/learn-italian-fast.html
https://www.200words-a-day.com/images/saludar.jpg,image,0,1,/spanish-verb-saludar.html
https://www.200words-a-day.com/images/sappeler-an.gif,image,0,1,/french-sentences.html
https://www.200words-a-day.com/images/satisfy.gif,image,0,1,/learn-italian-fast.html
https://www.200words-a-day.com/images/saucisse.gif,image,0,1,/french-for-sausage.html
https://www.200words-a-day.com/images/saucisson.gif,image,0,1,/french-for-sausage.html
https://www.200words-a-day.com/images/sauter-an.gif,image,0,1,/french-memory-trigger.html
https://www.200words-a-day.com/images/savourer-small.jpg,image,0,1,/french-verb-savourer.html
https://www.200words-a-day.com/images/saying.jpg,image,0,1,/spanish-verb-decir.html
https://www.200words-a-day.com/images/sbaglio.jpg,image,0,1,/italian-for-mistake.html
https://www.200words-a-day.com/images/sbalordire.jpg,image,0,1,/3Jan-daily-italian-lesson.html
https://www.200words-a-day.com/images/sbancare.jpg,image,0,1,/24Jul-daily-italian-lesson.html
https://www.200words-a-day.com/images/sbarcare.jpg,image,0,1,/23Jul-daily-italian-lesson.html
https://www.200words-a-day.com/images/sboscare.jpg,image,0,1,/25Jul-daily-italian-lesson.html
https://www.200words-a-day.com/images/sbucciare.jpg,image,0,1,/20Aug-daily-italian-lesson.html
https://www.200words-a-day.com/images/scacciare.jpg,image,0,1,/25Aug-daily-italian-lesson.html
https://www.200words-a-day.com/images/sceller-small.jpg,image,0,1,/french-verb-sceller.html
https://www.200words-a-day.com/images/scendere.jpg,image,0,1,/25Oct-daily-italian-lesson.html
https://www.200words-a-day.com/images/schedule.jpg,image,0,1,/language-arts-lesson-plan.html
https://www.200words-a-day.com/images/scintiller-small.jpg,image,0,1,/french-verb-scintiller.html
https://www.200words-a-day.com/images/scolarizer-small.jpg,image,0,1,/french-verb-scolariser.html
https://www.200words-a-day.com/images/scolpire.jpg,image,0,1,/5Jan-daily-italian-lesson.html
https://www.200words-a-day.com/images/scomodare.jpg,image,0,1,/8Feb-daily-italian-lesson.html
https://www.200words-a-day.com/images/scomporre.jpg,image,0,1,/15Dec-daily-italian-lesson.html
https://www.200words-a-day.com/images/scottarsi.jpg,image,0,1,/10Sep-daily-italian-lesson.html
https://www.200words-a-day.com/images/screen-pp-kinesthetic.jpg,image,0,1,/language-lesson.html
https://www.200words-a-day.com/images/se-casser.gif,image,0,1,/french-verb-casser.html
https://www.200words-a-day.com/images/seccare.jpg,image,0,1,/28Jul-daily-italian-lesson.html
https://www.200words-a-day.com/images/seconfirmer.jpg,image,0,1,/french-verb-se-confirmer.html
https://www.200words-a-day.com/images/segar.jpg,image,0,1,/spanish-verb-segar.html
https://www.200words-a-day.com/images/segmenter-small.jpg,image,0,1,/french-verb-segmenter.html
https://www.200words-a-day.com/images/segregar.jpg,image,0,1,/spanish-verb-segregar.html
https://www.200words-a-day.com/images/selectionner-small.jpg,image,0,1,/french-verb-selectionner.html
https://www.200words-a-day.com/images/sembler-small.jpg,image,0,1,/french-verb-sembler.html
https://www.200words-a-day.com/images/sembrar.jpg,image,0,1,/spanish-verb-sembrar.html
https://www.200words-a-day.com/images/seminare.jpg,image,0,1,/9Feb-daily-italian-lesson.html
https://www.200words-a-day.com/images/sender.jpg,image,0,1,/german-for-sender.html
https://www.200words-a-day.com/images/sentir.jpg,image,0,2,/french-verb-sentir.html /spanish-verb-sentir.html
https://www.200words-a-day.com/images/ser-in-spanish.jpg,image,0,2,/ser-and-estar-in-spanish.html /spanish-verb-ser.html
https://www.200words-a-day.com/images/seraser.jpg,image,0,1,/french-verb-se-raser.html
https://www.200words-a-day.com/images/serrar.jpg,image,0,1,/spanish-verb-serrar.html
https://www.200words-a-day.com/images/servir.gif,image,0,1,/spanish-verb-servir.html
https://www.200words-a-day.com/images/sevrer-small.jpg,image,0,1,/french-verb-sevrer.html
https://www.200words-a-day.com/images/sfottersi.jpg,image,0,1,/26Sep-daily-italian-lesson.html
https://www.200words-a-day.com/images/shabiller.gif,image,0,1,/french-verb-habiller.html
https://www.200words-a-day.com/images/shirt.jpg,image,0,1,/italian-for-shirt.html
https://www.200words-a-day.com/images/show2.jpg,image,0,1,/spanish-verb-haber.html
https://www.200words-a-day.com/images/siffler-small.jpg,image,0,1,/french-verb-siffler.html
https://www.200words-a-day.com/images/simuler-small.jpg,image,0,1,/french-verb-simuler.html
https://www.200words-a-day.com/images/singer-2.jpg,image,0,1,/learn-italian-fast.html
https://www.200words-a-day.com/images/sister.jpg,image,0,1,/italian-for-sister.html
https://www.200words-a-day.com/images/ski-slope.jpg,image,0,1,/skiing-in-italy.html
https://www.200words-a-day.com/images/sloggiare.jpg,image,0,1,/11Aug-daily-italian-lesson.html
https://www.200words-a-day.com/images/smettere.jpg,image,0,1,/23Nov-daily-italian-lesson.html
https://www.200words-a-day.com/images/sobrevivir.jpg,image,0,1,/spanish-verb-sobrevivir.html
https://www.200words-a-day.com/images/socialiser-small.jpg,image,0,1,/french-verb-socialiser.html
https://www.200words-a-day.com/images/socorrer.jpg,image,0,1,/spanish-verb-socorrer.html
https://www.200words-a-day.com/images/sollozar.jpg,image,0,1,/spanish-verb-sollozar.html
https://www.200words-a-day.com/images/sorbire.jpg,image,0,1,/6Jan-daily-italian-lesson.html
https://www.200words-a-day.com/images/sorprender.jpg,image,0,1,/spanish-verb-sorprender.html
https://www.200words-a-day.com/images/sorridere.jpg,image,0,1,/learn-italian-blog.html
https://www.200words-a-day.com/images/sosegar.jpg,image,0,1,/spanish-verb-sosegar.html
https://www.200words-a-day.com/images/sospendere.jpg,image,0,1,/23Oct-daily-italian-lesson.html
https://www.200words-a-day.com/images/sottomettere.jpg,image,0,1,/22Nov-daily-italian-lesson.html
https://www.200words-a-day.com/images/soudoyer.jpg,image,0,1,/french-verb-soudoyer.html
https://www.200words-a-day.com/images/souiller-small.jpg,image,0,1,/french-verb-souiller.html
https://www.200words-a-day.com/images/soupconner-small.jpg,image,0,1,/french-verb-soupconner.html
https://www.200words-a-day.com/images/soupirer.jpg,image,0,1,/french-for-sigh.html
https://www.200words-a-day.com/images/sous-estimer-small.jpg,image,0,1,/french-verb-sous-estimer.html
https://www.200words-a-day.com/images/sous-evaluer-small.jpg,image,0,1,/french-verb-sous-evaluer.html
https://www.200words-a-day.com/images/sous-louer.jpg,image,0,1,/french-verb-sous-louer.html
https://www.200words-a-day.com/images/sous-titrer-small.jpg,image,0,1,/french-verb-sous-titrer.html
https://www.200words-a-day.com/images/sous-traiter-small.jpg,image,0,1,/french-verb-sous-traiter.html
https://www.200words-a-day.com/images/soutenir.jpg,image,0,1,/french-verb-soutenir.html
https://www.200words-a-day.com/images/spanish-for-work-is-il-trabajo-21277972.jpg,image,0,1,/spanish-for-work-is-il-trabajo.html
https://www.200words-a-day.com/images/speak-badly.jpg,image,0,1,/spanish-verb-hablar.html
https://www.200words-a-day.com/images/speaking-italian.jpg,image,0,2,/learn-italian-fast.html /second-language-benefits.html
https://www.200words-a-day.com/images/specialiser-small.jpg,image,0,1,/colours-in-french.html
https://www.200words-a-day.com/images/spedire.jpg,image,0,1,/14Jan-daily-italian-lesson.html
https://www.200words-a-day.com/images/spigolare.jpg,image,0,1,/10Feb-daily-italian-lesson.html
https://www.200words-a-day.com/images/sprecare.jpg,image,0,1,/30Jul-daily-italian-lesson.html
https://www.200words-a-day.com/images/sprechen-small.jpg,image,0,1,/1Mar-daily-german-lesson.html
https://www.200words-a-day.com/images/stabiliser-small.jpg,image,0,1,/french-verb-stabiliser.html
https://www.200words-a-day.com/images/stagner-small.jpg,image,0,1,/french-verb-stagner.html
https://www.200words-a-day.com/images/stain.jpg,image,0,1,/spanish-for-to-stain.html
https://www.200words-a-day.com/images/statuer-small.jpg,image,0,1,/french-verb-statuer.html
https://www.200words-a-day.com/images/steriliser-small.jpg,image,0,2,/french-colours.html /french-verb-steriliser.html
https://www.200words-a-day.com/images/stimolare.jpg,image,0,1,/12Feb-daily-italian-lesson.html
https://www.200words-a-day.com/images/stimulant.jpg,image,0,1,/learn-italian-fast.html
https://www.200words-a-day.com/images/stizzire.jpg,image,0,1,/8Jan-daily-italian-lesson.html
https://www.200words-a-day.com/images/strangolare.jpg,image,0,1,/11Feb-daily-italian-lesson.html
https://www.200words-a-day.com/images/strong.jpg,image,0,1,/poder.html
https://www.200words-a-day.com/images/structurer-small.jpg,image,0,1,/french-verb-structurer.html
https://www.200words-a-day.com/images/subir.jpg,image,0,1,/spanish-verb-subir.html
https://www.200words-a-day.com/images/sublocare.jpg,image,0,1,/27Jul-daily-italian-lesson.html
https://www.200words-a-day.com/images/subordonner-small.jpg,image,0,1,/french-verb-subordonner.html
https://www.200words-a-day.com/images/suceder.jpg,image,0,1,/spanish-verb-suceder.html
https://www.200words-a-day.com/images/sucrer-small.jpg,image,0,1,/french-verb-sucrer.html
https://www.200words-a-day.com/images/sugar.jpg,image,0,1,/spanish-for-sugar.html
https://www.200words-a-day.com/images/sugerir.jpg,image,0,1,/spanish-verb-sugerir.html
https://www.200words-a-day.com/images/summary-pics.jpg,image,0,1,/language-lesson.html
https://www.200words-a-day.com/images/summary-words-learned.jpg,image,0,1,/language-arts-lesson-plan.html
https://www.200words-a-day.com/images/superposer-small.jpg,image,0,1,/french-verb-superposer.html
https://www.200words-a-day.com/images/suponer.jpg,image,0,1,/spanish-verb-suponer.html
https://www.200words-a-day.com/images/suralimenter-small.jpg,image,0,1,/22Mar-daily-italian-lesson.html
https://www.200words-a-day.com/images/surchauffer-small.jpg,image,0,1,/french-verb-surchauffer.html
https://www.200words-a-day.com/images/surclasser-small.jpg,image,0,1,/french-verb-surclasser.html
https://www.200words-a-day.com/images/surentrainer-small.jpg,image,0,1,/french-verb-surentrainer.html
https://www.200words-a-day.com/images/surestimer-small.jpg,image,0,1,/french-verb-surestimer.html
https://www.200words-a-day.com/images/surevaluer-small.jpg,image,0,1,/french-verb-surevaluer.html
https://www.200words-a-day.com/images/surexciter-small.jpg,image,0,1,/french-verb-surexciter.html
https://www.200words-a-day.com/images/surgir.jpg,image,0,1,/spanish-verb-surgir.html
https://www.200words-a-day.com/images/surpayer.jpg,image,0,1,/french-verb-surpayer.html
https://www.200words-a-day.com/images/surprising.jpg,image,0,2,/spanish-verb-decir.html /spanish-verb-tener.html
https://www.200words-a-day.com/images/suscribir.jpg,image,0,1,/spanish-verb-suscribir.html
https://www.200words-a-day.com/images/suspender.gif,image,0,1,/spanish-verb-suspender.html
https://www.200words-a-day.com/images/suspender.jpg,image,0,1,/spanish-verb-suspender.html
https://www.200words-a-day.com/images/suspendre.jpg,image,0,1,/french-verb-suspendre.html
https://www.200words-a-day.com/images/sustituir.jpg,image,0,1,/spanish-verb-sustituir.html
https://www.200words-a-day.com/images/sympathiser-small.jpg,image,0,1,/french-verb-sympathiser.html
https://www.200words-a-day.com/images/synchroniser-small.jpg,image,0,1,/french-verb-synchroniser.html
https://www.200words-a-day.com/images/synthetiser-small.jpg,image,0,1,/french-verb-synthetiser.html
https://www.200words-a-day.com/images/systematiser-small.jpg,image,0,1,/french-verb-systematiser.html
https://www.200words-a-day.com/images/tacitare.jpg,image,0,1,/13Feb-daily-italian-lesson.html
https://www.200words-a-day.com/images/tailler.jpg,image,0,1,/french-for-cut.html
https://www.200words-a-day.com/images/taquiner.jpg,image,0,1,/french-verb-se-taquiner.html
https://www.200words-a-day.com/images/tatouer-small.jpg,image,0,1,/french-verb-tatouer.html
https://www.200words-a-day.com/images/tatuar.jpg,image,0,1,/spanish-verb-tatuar.html
https://www.200words-a-day.com/images/taveler.jpg,image,0,1,/french-verb-taveler.html
https://www.200words-a-day.com/images/taxi.jpg,image,0,1,/learn-italian-fast.html
https://www.200words-a-day.com/images/teclear.jpg,image,0,1,/spanish-verb-teclear.html
https://www.200words-a-day.com/images/teinter-small.jpg,image,0,1,/french-verb-teinter.html
https://www.200words-a-day.com/images/tejer.jpg,image,0,1,/spanish-verb-tejer.html
https://www.200words-a-day.com/images/telephoner-small.jpg,image,0,1,/french-verb-telephoner.html
https://www.200words-a-day.com/images/temer.jpg,image,0,1,/spanish-verb-temer.html
https://www.200words-a-day.com/images/temersi.jpg,image,0,1,/24Sep-daily-italian-lesson.html
https://www.200words-a-day.com/images/temoigner-small.jpg,image,0,1,/french-verb-temoigner.html
https://www.200words-a-day.com/images/tener.jpg,image,0,2,/spanish-verb-ser.html /spanish-verb-tener.html
https://www.200words-a-day.com/images/terminer-small.jpg,image,0,1,/french-verb-terminer.html
https://www.200words-a-day.com/images/test-yourself.jpg,image,0,1,/language-lesson.html
https://www.200words-a-day.com/images/test.gif,image,0,1,/language-lesson.html
https://www.200words-a-day.com/images/testa.jpg,image,0,1,/order-page.html
https://www.200words-a-day.com/images/tiritar.jpg,image,0,1,/spanish-verb-tiritar.html
https://www.200words-a-day.com/images/tisser.jpg,image,0,1,/french-verb-tisser.html
https://www.200words-a-day.com/images/titiller.jpg,image,0,1,/french-verb-titiller.html
https://www.200words-a-day.com/images/tituber-small.jpg,image,0,1,/french-verb-tituber.html
https://www.200words-a-day.com/images/to-be-honest.jpg,image,0,2,/spanish-verb-decir.html /spanish-verb-tener.html
https://www.200words-a-day.com/images/toaster-small.jpg,image,0,1,/french-verb-toaster.html
https://www.200words-a-day.com/images/toiletter-small.jpg,image,0,1,/french-verb-toiletter.html
https://www.200words-a-day.com/images/tollerare.jpg,image,0,1,/14Feb-daily-italian-lesson.html
https://www.200words-a-day.com/images/tom.jpg,image,0,1,/learn-languages.html
https://www.200words-a-day.com/images/top-10-french-verbs-smiley-faces.jpg,image,0,1,/french-course.html
https://www.200words-a-day.com/images/tordre.jpg,image,0,1,/french-verb-tordre.html
https://www.200words-a-day.com/images/torf.jpg,image,0,1,/welsh-for-crowd.html
https://www.200words-a-day.com/images/toro.jpg,image,0,1,/fiesta-de-san-fermin.html
https://www.200words-a-day.com/images/torta.gif,image,0,1,/200_Words_a_Day-learn-languages-newzine8.html
https://www.200words-a-day.com/images/tossire.jpg,image,0,1,/9Jan-daily-italian-lesson.html
https://www.200words-a-day.com/images/tostar.jpg,image,0,1,/spanish-verb-tostar.html
https://www.200words-a-day.com/images/totaliser-small.jpg,image,0,1,/french-verb-totaliser.html
https://www.200words-a-day.com/images/touiller.jpg,image,0,1,/french-verb-touiller.html
https://www.200words-a-day.com/images/tourmenter.jpg,image,0,1,/french-verb-tourmenter.html
https://www.200words-a-day.com/images/tragar.jpg,image,0,1,/spanish-verb-tragar.html
https://www.200words-a-day.com/images/transcender-small.jpg,image,0,1,/french-verb-transcender.html
https://www.200words-a-day.com/images/transferir.jpg,image,0,1,/spanish-verb-transferir.html
https://www.200words-a-day.com/images/transfuser-small.jpg,image,0,1,/french-verb-transfuser.html
https://www.200words-a-day.com/images/transvaser-small.jpg,image,0,1,/french-verb-transvaser.html
https://www.200words-a-day.com/images/trasegar.jpg,image,0,1,/spanish-verb-trasegar.html
https://www.200words-a-day.com/images/trasferire.jpg,image,0,1,/15Jan-daily-italian-lesson.html
https://www.200words-a-day.com/images/trasmettere.jpg,image,0,1,/30Nov-daily-italian-lesson.html
https://www.200words-a-day.com/images/travestir.jpg,image,0,1,/french-verb-travestir.html
https://www.200words-a-day.com/images/trebucher-small.jpg,image,0,1,/french-verb-trebucher.html
https://www.200words-a-day.com/images/tren.gif,image,0,1,/spanish-for-train.html
https://www.200words-a-day.com/images/tresser-small.jpg,image,0,1,/french-verb-tresser.html
https://www.200words-a-day.com/images/triforcare.jpg,image,0,1,/31Jul-daily-italian-lesson.html
https://www.200words-a-day.com/images/triompher-small.jpg,image,0,1,/french-verb-triompher.html
https://www.200words-a-day.com/images/tronquer-small.jpg,image,0,1,/french-verb-tronquer.html
https://www.200words-a-day.com/images/troubler-small.jpg,image,0,1,/french-verb-troubler.html
https://www.200words-a-day.com/images/trouver.gif,image,0,2,/french-verb-se-trouver.html /french-verb-trouver.html
https://www.200words-a-day.com/images/trovare-small.jpg,image,0,1,/10Mar-daily-italian-lesson.html
https://www.200words-a-day.com/images/turtle-egg-babies3.jpg,image,0,1,/french-for-lay.html
https://www.200words-a-day.com/images/turtle-laying3.jpg,image,0,1,/french-for-lay.html
https://www.200words-a-day.com/images/typisch.gif,image,0,1,/german-for-typical.html
https://www.200words-a-day.com/images/tyranniser-small.jpg,image,0,1,/french-verb-tyranniser.html
https://www.200words-a-day.com/images/universaliser-small.jpg,image,0,1,/french-verb-universaliser.html
https://www.200words-a-day.com/images/usurper-small.jpg,image,0,1,/french-verb-usurper.html
https://www.200words-a-day.com/images/vagabonder-small.jpg,image,0,1,/french-verb-vagabonder.html
https://www.200words-a-day.com/images/valider-small.jpg,image,0,1,/french-verb-valider.html
https://www.200words-a-day.com/images/valise.gif,image,0,1,/french-for-suitcase-is-valise.html
https://www.200words-a-day.com/images/vanter-small.jpg,image,0,1,/french-verb-vanter.html
https://www.200words-a-day.com/images/vehiculer-small.jpg,image,0,1,/french-verb-vehiculer.html
https://www.200words-a-day.com/images/venir.jpg,image,0,1,/spanish-verb-venir.html
https://www.200words-a-day.com/images/ventiler-small.jpg,image,0,1,/french-verb-ventiler.html
https://www.200words-a-day.com/images/verb-van.jpg,image,0,1,/learn-italian-fast.html
https://www.200words-a-day.com/images/verser.jpg,image,0,1,/french-verb-verser.html
https://www.200words-a-day.com/images/vestirsi.jpg,image,0,1,/30Sep-daily-italian-lesson.html
https://www.200words-a-day.com/images/vexer-small.jpg,image,0,1,/french-verb-vexer.html
https://www.200words-a-day.com/images/visionner-small.jpg,image,0,1,/french-verb-visionner.html
https://www.200words-a-day.com/images/visitare.jpg,image,0,1,/15Feb-daily-italian-lesson.html
https://www.200words-a-day.com/images/visiter.gif,image,0,1,/french-verb-visiter.html
https://www.200words-a-day.com/images/vivir.jpg,image,0,1,/spanish-verb-vivir.html
https://www.200words-a-day.com/images/voguer-small.jpg,image,0,1,/french-verb-voguer.html
https://www.200words-a-day.com/images/volar.jpg,image,0,1,/spanish-verb-volar.html
https://www.200words-a-day.com/images/voler.jpg,image,0,1,/french-verb-voler.html
https://www.200words-a-day.com/images/vomir.jpg,image,0,1,/french-verb-vomir.html
https://www.200words-a-day.com/images/vouloir-an.gif,image,0,1,/french-verb-vouloir.html
https://www.200words-a-day.com/images/vouloir.gif,image,0,1,/french-verb-vouloir.html
https://www.200words-a-day.com/images/vuelta.gif,image,0,1,/bird-flu.html
https://www.200words-a-day.com/images/water-nt.jpg,image,0,1,/german-flashcard.html
https://www.200words-a-day.com/images/welsh-46-animals-summary-page1.jpg,image,0,1,/welsh-flashcard.html
https://www.200words-a-day.com/images/whenever.jpg,image,0,1,/spanish-verb-querer.html
https://www.200words-a-day.com/images/windows.gif,image,0,2,/foreign-service-institute-language-course.html /ser-and-estar-in-spanish.html
https://www.200words-a-day.com/images/wine-and-iberico-ham-in-cahores.jpg,image,0,1,/spanish-verb-ahorcar.html
https://www.200words-a-day.com/images/wine-and-iberico-ham-in-cedues.jpg,image,0,1,/spanish-verb-educar.html
https://www.200words-a-day.com/images/x1.gif.pagespeed.ic.zgICjKqUQ0.png,image,1,1,/1.html
https://www.200words-a-day.com/images/xAlter.jpg.pagespeed.ic.VPZzQTK90s.jpg,image,1,3,/gender.html /language-tutorial.html /learn-german.html
https://www.200words-a-day.com/images/xCD-German1.jpg.pagespeed.ic.9ZPHm4_BKM.jpg,image,1,1,/learn-german.html
https://www.200words-a-day.com/images/xFahrstuhl.gif.pagespeed.ic._vEORhExjI.png,image,1,1,/german-pics.html
https://www.200words-a-day.com/images/xFrench-Prov-Box.gif.pagespeed.ic.XXNgOFrfPm.png,image,1,1,/french-order-page.html
https://www.200words-a-day.com/images/xFrench-eflashcardz1-box.gif.pagespeed.ic.HOvy45v_ZS.png,image,1,1,/french-order-page.html
https://www.200words-a-day.com/images/xFrench-eflashcardz2-box.gif.pagespeed.ic.g7qN69TKnU.png,image,1,1,/french-order-page.html
https://www.200words-a-day.com/images/xFrench-vocab2-box.gif.pagespeed.ic.mY_qfy0Yhu.png,image,1,1,/french-order-page.html
https://www.200words-a-day.com/images/xFrenchSentences1.gif.pagespeed.ic.kRZkaxF91M.png,image,1,1,/french-order-page.html
https://www.200words-a-day.com/images/xFrenchSentences2.gif.pagespeed.ic.uDykNkThd8.png,image,1,1,/french-order-page.html
https://www.200words-a-day.com/images/xFrenchVocab1.gif.pagespeed.ic.3ww_pewoPe.png,image,1,1,/french-order-page.html
https://www.200words-a-day.com/images/xGleis.gif.pagespeed.ic.yFtwHJFHtT.png,image,1,1,/german-for-railway-track.html
https://www.200words-a-day.com/images/xKissen.gif.pagespeed.ic.fFNS22elgk.png,image,1,1,/200_Words_a_Day-learn-languages-newzine16.html
https://www.200words-a-day.com/images/xMilch.gif.pagespeed.ic.BVK9QM-rv9.png,image,1,1,/fsi-german-07.html
https://www.200words-a-day.com/images/xSpanish-Prov-Box.gif.pagespeed.ic.ltNLpmHQpK.png,image,1,1,/spanish-order-page.html
https://www.200words-a-day.com/images/xSpanish-carrot-flashcard-page.jpg.pagespeed.ic.kpriHDyWlD.jpg,image,1,1,/spanish-flashcard.html
https://www.200words-a-day.com/images/xSpanish-ebook-Box.gif.pagespeed.ic.AeLGxKaHhe.png,image,1,2,/learn-spanish-ebook-full.html /spanish-order-page.html
https://www.200words-a-day.com/images/xSpanish-flashcard-summary-page-16-Food.jpg.pagespeed.ic.YG7dgodDX-.jpg,image,1,1,/spanish-flashcard.html
https://www.200words-a-day.com/images/xSpanish-logo.jpg.pagespeed.ic.8pYgIZO7ht.jpg,image,1,377,/poder.html /spanish-churros.html /spanish-verb-abarcar.html /spanish-verb-abigarrar.html /spanish-verb-ablandar.html /spanish-verb-abnegar.html /spanish-verb-abogar.html /spanish-verb-aborrecer.html /spanish-verb-abrazar.html /spanish-verb-absorber.html /spanish-verb-acantonar.html /spanish-verb-acercar.html /spanish-verb-acontecer.html /spanish-verb-acostar.html /spanish-verb-actualizar.html /spanish-verb-actuar.html /spanish-verb-acudir.html /spanish-verb-adelgazar.html /spanish-verb-adherir.html /spanish-verb-adjudicar.html /spanish-verb-admitir.html /spanish-verb-adolecer.html /spanish-verb-aducir.html /spanish-verb-advertir.html /spanish-verb-afligir.html /spanish-verb-agradecer.html /spanish-verb-ahogar.html /spanish-verb-ahorcar.html /spanish-verb-alcanzar.html /spanish-verb-alentar.html /spanish-verb-aliar.html /spanish-verb-alzar.html /spanish-verb-amanecer.html /spanish-verb-amenazar.html /spanish-verb-amplificar.html /spanish-verb-anadir.html /spanish-verb-analizar.html /spanish-verb-anclar.html /spanish-verb-anochecer.html /spanish-verb-aparcar.html /spanish-verb-aparecer.html /spanish-verb-apetecer.html /spanish-verb-aplaudir.html /spanish-verb-aplicar.html /spanish-verb-aprender.html /spanish-verb-apretar.html /spanish-verb-arrancar.html /spanish-verb-ascender.html /spanish-verb-asistir.html /spanish-verb-asumir.html
https://www.200words-a-day.com/images/xSpanishSentences.jpg.pagespeed.ic.8xk39YQCIT.jpg,image,1,1,/spanish-order-page.html
https://www.200words-a-day.com/images/xSpanishSentences2.gif.pagespeed.ic.r6YM51rQGt.png,image,1,1,/spanish-order-page.html
https://www.200words-a-day.com/images/xSpanishVocab.jpg.pagespeed.ic.QimSuKYbJk.jpg,image,1,1,/spanish-order-page.html
https://www.200words-a-day.com/images/xSpanishVocab2.gif.pagespeed.ic.y1fZ5IYdI1.png,image,1,1,/spanish-order-page.html
https://www.200words-a-day.com/images/xSpanisheflashcardz.jpg.pagespeed.ic.3P9O2ncYBr.jpg,image,1,1,/spanish-order-page.html
https://www.200words-a-day.com/images/xSpanisheflashcardz2.gif.pagespeed.ic.MfILv3I3qH.png,image,1,1,/spanish-order-page.html
https://www.200words-a-day.com/images/xSuperGrid-Verb-Table.png.pagespeed.ic.N_pI5AHct9.png,image,1,1,/spanish-verbs.html
https://www.200words-a-day.com/images/xaccettare-small.jpg.pagespeed.ic.kHS2-W4NMV.jpg,image,1,1,/1Mar-daily-italian-lesson.html
https://www.200words-a-day.com/images/xaffiche.gif.pagespeed.ic.bgOuaeCHrT.png,image,1,1,/learn-french.html
https://www.200words-a-day.com/images/xalgas.gif.pagespeed.ic.m8fTa00Gaj.png,image,1,1,/learn-spanish-course.html
https://www.200words-a-day.com/images/xamar.jpg.pagespeed.ic.Q2rvtUaI00.jpg,image,1,1,/order-page.html
https://www.200words-a-day.com/images/xamour.gif.pagespeed.ic.Uk0ASNCgMT.png,image,1,1,/learn-french-blog.html
https://www.200words-a-day.com/images/xanunciar.png.pagespeed.ic.guI7NnVKBY.png,image,1,1,/spanish-verbs.html
https://www.200words-a-day.com/images/xarrivare-small.jpg.pagespeed.ic.ezRsRyoC8-.jpg,image,1,1,/14Mar-daily-italian-lesson.html
https://www.200words-a-day.com/images/xarticular.png.pagespeed.ic.m4Bm886DrH.png,image,1,1,/spanish-verbs.html
https://www.200words-a-day.com/images/xaspettare-small.jpg.pagespeed.ic.AhAVvIQ981.jpg,image,1,1,/3Mar-daily-italian-lesson.html
https://www.200words-a-day.com/images/xattiser-small.jpg.pagespeed.ic.cGXNHr1Nih.jpg,image,1,1,/french-for-stir-up-attiser.html
https://www.200words-a-day.com/images/xavoir.gif.pagespeed.ic.4LZkUOacGX.png,image,1,1,/french-verb-avoir.html
https://www.200words-a-day.com/images/xbauen.gif.pagespeed.ic.vBZKfY2YbB.png,image,1,1,/german-memory-trigger.html
https://www.200words-a-day.com/images/xbazarder-small.jpg.pagespeed.ic.maLN0tpNY4.jpg,image,1,1,/french-verb-bazarder.html
https://www.200words-a-day.com/images/xbeau-pere.gif.pagespeed.ic.rXnhy02Ssd.png,image,1,1,/learn-french-blog.html
https://www.200words-a-day.com/images/xcapituler-small.jpg.pagespeed.ic.77tvis5sZv.jpg,image,1,1,/french-verb-capituler.html
https://www.200words-a-day.com/images/xcaptiver-small.jpg.pagespeed.ic.L3M5RQG_5z.jpg,image,1,1,/french-verb-captiver.html
https://www.200words-a-day.com/images/xcaracteriser-small.jpg.pagespeed.ic.-u_WO06jKq.jpg,image,1,1,/french-verb-caracteriser.html
https://www.200words-a-day.com/images/xcarrot.jpg.pagespeed.ic.owTISTxDw2.jpg,image,1,1,/spanish-flashcard.html
https://www.200words-a-day.com/images/xcauser-small.jpg.pagespeed.ic.-7rDK7RgoY.jpg,image,1,1,/french-verb-causer.html
https://www.200words-a-day.com/images/xceinturer-small.jpg.pagespeed.ic.xnCtQlrTMG.jpg,image,1,1,/french-verb-ceinturer.html
https://www.200words-a-day.com/images/xchatouiller-small.jpg.pagespeed.ic.WhZbxQgHVz.jpg,image,1,1,/french-verb-chatouiller.html
https://www.200words-a-day.com/images/xcheval.gif.pagespeed.ic.mL51LUoTPE.png,image,1,2,/french-pics.html /learn-french.html
https://www.200words-a-day.com/images/xchiffoner-small.jpg.pagespeed.ic.fEw4GsBoG1.jpg,image,1,1,/french-verb-chiffonner.html
https://www.200words-a-day.com/images/xchiffrer-small.jpg.pagespeed.ic.VhVt13Qo5A.jpg,image,1,1,/french-verb-chiffrer.html
https://www.200words-a-day.com/images/xchoper-small.jpg.pagespeed.ic.Mx96lsBjOK.jpg,image,1,1,/french-verb-choper.html
https://www.200words-a-day.com/images/xcirer-small.jpg.pagespeed.ic.Cnz7O6p52M.jpg,image,1,1,/french-verb-cirer.html
https://www.200words-a-day.com/images/xciter-small.jpg.pagespeed.ic.5_MHv28Nje.jpg,image,1,1,/french-verb-citer.html
https://www.200words-a-day.com/images/xclasser-small.jpg.pagespeed.ic.rkpgZr6qoU.jpg,image,1,1,/french-verb-classer.html
https://www.200words-a-day.com/images/xcloitrer-small.jpg.pagespeed.ic.SPbTDrHiXs.jpg,image,1,1,/french-verb-cloitrer.html
https://www.200words-a-day.com/images/xcogner-small.jpg.pagespeed.ic.uRoAjfGb4Z.jpg,image,1,1,/french-verb-cogner.html
https://www.200words-a-day.com/images/xcollectionner-small.jpg.pagespeed.ic.I498gTfjfU.jpg,image,1,1,/french-verb-collectionner.html
https://www.200words-a-day.com/images/xcolorer-small.jpg.pagespeed.ic.VnDdNPk9jj.jpg,image,1,1,/french-verb-colorer.html
https://www.200words-a-day.com/images/xcoltello.jpg.pagespeed.ic.AnDhBRfHZ2.jpg,image,1,1,/learn-italian-fast.html
https://www.200words-a-day.com/images/xcompleter-small.jpg.pagespeed.ic.B6qGGSWwMo.jpg,image,1,1,/french-verb-completer.html
https://www.200words-a-day.com/images/xcomprare-small.jpg.pagespeed.ic.BljK46CWE7.jpg,image,1,1,/5Mar-daily-italian-lesson.html
https://www.200words-a-day.com/images/xcondamner-small.jpg.pagespeed.ic.kTHIOLXj1K.jpg,image,1,1,/french-for-condemn.html
https://www.200words-a-day.com/images/xconjuguer-small.jpg.pagespeed.ic.lxiTpm5H4M.jpg,image,1,1,/french-verb-conjuguer.html
https://www.200words-a-day.com/images/xconjurer-small.jpg.pagespeed.ic.4-AdHPqgKm.jpg,image,1,1,/french-verb-conjurer.html
https://www.200words-a-day.com/images/xcontempler-small.jpg.pagespeed.ic.zJ7v3anMnu.jpg,image,1,1,/french-verb-contempler.html
https://www.200words-a-day.com/images/xcontrecarrer-small.jpg.pagespeed.ic.-9KGwDDvaR.jpg,image,1,1,/french-verb-contrecarrer.html
https://www.200words-a-day.com/images/xcourtiser-small.jpg.pagespeed.ic.U2O-NMCg8m.jpg,image,1,1,/french-verb-courtiser.html
https://www.200words-a-day.com/images/xcreuser-small.jpg.pagespeed.ic.RmAsqevJ01.jpg,image,1,1,/french-verb-creuser.html
https://www.200words-a-day.com/images/xcroustiller-small.jpg.pagespeed.ic.gIRVdnECVw.jpg,image,1,1,/french-verb-croustiller.html
https://www.200words-a-day.com/images/xdaccord.gif.pagespeed.ic.ZhHlxQxioA.png,image,1,1,/learn-french.html
https://www.200words-a-day.com/images/xdebiter-small.jpg.pagespeed.ic.M2rzR1cMLk.jpg,image,1,1,/french-verb-debiter.html
https://www.200words-a-day.com/images/xdeboiser-small.jpg.pagespeed.ic.UKAYHcoFyl.jpg,image,1,1,/french-verb-deboiser.html
https://www.200words-a-day.com/images/xdecir.jpg.pagespeed.ic.0VqvPsL_47.jpg,image,1,1,/spanish-for-say.html
https://www.200words-a-day.com/images/xdedier-small.jpg.pagespeed.ic.e4mJ4BYxVe.jpg,image,1,1,/french-verb-dedier.html
https://www.200words-a-day.com/images/xdisfrutar.gif.pagespeed.ic.A1YJh0BbXb.png,image,1,2,/enjoy-in-Spanish.html /main-page.html
https://www.200words-a-day.com/images/xdog.jpg.pagespeed.ic.1NvIMjSLyo.jpg,image,1,1,/learn-italian-fast.html
https://www.200words-a-day.com/images/xdormir.gif.pagespeed.ic.2szUrvDVbT.png,image,1,1,/sleep-in-spanish.html
https://www.200words-a-day.com/images/xechouer-small.jpg.pagespeed.ic.zSl2p8Q3Hr.jpg,image,1,1,/french-verb-echouer.html
https://www.200words-a-day.com/images/xelargir.jpg.pagespeed.ic.CPz5Y6-oyp.jpg,image,1,1,/learn-french-blog.html
https://www.200words-a-day.com/images/xentendre.jpg.pagespeed.ic.Nwuair2fRB.jpg,image,1,1,/learn-french-blog.html
https://www.200words-a-day.com/images/xepreuve.jpg.pagespeed.ic.vpJBRAMo9t.jpg,image,1,1,/learn-french-blog.html
https://www.200words-a-day.com/images/xestar-in-spanish.jpg.pagespeed.ic.DEx7zHqLgn.jpg,image,1,1,/estar.html
https://www.200words-a-day.com/images/xfamous-person.jpg.pagespeed.ic.wvQrEB4IoB.jpg,image,1,2,/french-for-also.html /language-tutorial.html
https://www.200words-a-day.com/images/xfantastico-turbo.jpg.pagespeed.ic.NZ_PMaZQb5.jpg,image,1,1,/learn-italian-fast.html
https://www.200words-a-day.com/images/xfesser-small.jpg.pagespeed.ic.4CbJbXqQiO.jpg,image,1,1,/french-verb-fesser.html
https://www.200words-a-day.com/images/xfish.jpg.pagespeed.ic.js5Q_L-dhb.jpg,image,1,1,/german-for-fish.html
https://www.200words-a-day.com/images/xfrenchpronguidepic1.jpg.pagespeed.ic.ieL4ZItUI9.jpg,image,1,1,/french-pronunciation-guide.html
https://www.200words-a-day.com/images/xgamba-an.gif.pagespeed.ic.o5glcqiiSa.png,image,1,2,/ /index.html
https://www.200words-a-day.com/images/xgerman-for-to-want-is-wollen-21277975.jpg.pagespeed.ic.OM5kHEGWm_.jpg,image,1,1,/german-for-to-want-is-wollen.html
https://www.200words-a-day.com/images/xgerman-for-wood-is-das-holz-21277977.jpg.pagespeed.ic.2OpEXu55-n.jpg,image,1,1,/german-for-wood-is-das-holz.html
https://www.200words-a-day.com/images/xgorra.gif.pagespeed.ic.EverGNn0sj.png,image,1,1,/main-page.html
https://www.200words-a-day.com/images/xinvitare-small.jpg.pagespeed.ic.pSUPl9QUzv.jpg,image,1,1,/7Mar-daily-italian-lesson.html
https://www.200words-a-day.com/images/xkevi.jpg.pagespeed.ic.ZVX8kpLtKe.jpg,image,1,1,/learn-languages.html
https://www.200words-a-day.com/images/xkevin-1.jpg.pagespeed.ic.emqg7f_6k6.jpg,image,1,1,/learn-spanish.html
https://www.200words-a-day.com/images/xkrank.jpg.pagespeed.ic.8X-nlF-37S.jpg,image,1,1,/order-page.html
https://www.200words-a-day.com/images/xlaisser-tomber.jpg.pagespeed.ic.1RPn6FIPV0.jpg,image,1,1,/learn-french-blog.html
https://www.200words-a-day.com/images/xlesson-menu.jpg.pagespeed.ic.ryUe2kGSPZ.jpg,image,1,1,/language-tutorial.html
https://www.200words-a-day.com/images/xlesson-page.jpg.pagespeed.ic.m-ied74pLj.jpg,image,1,1,/language-tutorial.html
https://www.200words-a-day.com/images/xlesson-up.gif.pagespeed.ic.PnCdme-APG.png,image,1,2,/language-arts-lesson-plan.html /language-tutorial.html
https://www.200words-a-day.com/images/xmain-menu.jpg.pagespeed.ic.xK0NoA6p0Q.jpg,image,1,1,/language-tutorial.html
https://www.200words-a-day.com/images/xmendier-small.jpg.pagespeed.ic.S5YdHphZP3.jpg,image,1,1,/french-verb-mendier.html
https://www.200words-a-day.com/images/xpara-madrid1.gif.pagespeed.ic.A2x2ziGorn.png,image,1,1,/200_Words_a_Day-learn-languages-newzine18.html
https://www.200words-a-day.com/images/xparlare-small.jpg.pagespeed.ic.cZeZYZrDRS.jpg,image,1,2,/27Feb-daily-italian-lesson.html /28Feb-daily-italian-lesson.html
https://www.200words-a-day.com/images/xparler.jpg.pagespeed.ic.O-rFwOBDSV.jpg,image,1,1,/french-lesson-dialogues.html
https://www.200words-a-day.com/images/xpor-para-box1.gif.pagespeed.ic.W-MO9ajxbx.png,image,1,1,/spanish-order-page.html
https://www.200words-a-day.com/images/xpor.gif.pagespeed.ic.mCjx79h4zF.png,image,1,2,/learn-spanish-pics.html /learn-spanish.html
https://www.200words-a-day.com/images/xpoule.jpg.pagespeed.ic.Lpnm_UTeSD.jpg,image,1,2,/bird-flu.html /french-pics.html
https://www.200words-a-day.com/images/xproclamar.png.pagespeed.ic.k_TTYOeIEO.png,image,1,1,/spanish-verbs.html
https://www.200words-a-day.com/images/xsabrer-small.jpg.pagespeed.ic.S66ui6xhLe.jpg,image,1,1,/french-verb-sabrer.html
https://www.200words-a-day.com/images/xsautiller-small.jpg.pagespeed.ic._gQiCBVESr.jpg,image,1,1,/french-verb-sautiller.html
https://www.200words-a-day.com/images/xsecouer-small.jpg.pagespeed.ic.IteLwbRbYF.jpg,image,1,1,/french-verb-secouer.html
https://www.200words-a-day.com/images/xseller-small.jpg.pagespeed.ic.NwQrRJxvMG.jpg,image,1,1,/french-verb-seller.html
https://www.200words-a-day.com/images/xselon.jpg.pagespeed.ic.hU6YD91r1C.jpg,image,1,1,/200_Words_a_Day-learn-languages-newzine18.html
https://www.200words-a-day.com/images/xser-estar-box.gif.pagespeed.ic.raqqfwhZj3.png,image,1,1,/spanish-order-page.html
https://www.200words-a-day.com/images/xser-in-spanish.jpg.pagespeed.ic.jYT8sUbOQN.jpg,image,1,1,/spanish-verb-ser.html
https://www.200words-a-day.com/images/xsiroter-small.jpg.pagespeed.ic.LZFxMHc-Qm.jpg,image,1,1,/french-verb-siroter.html
https://www.200words-a-day.com/images/xsnober-small.jpg.pagespeed.ic.hMe3BIosoL.jpg,image,1,1,/french-verb-snober.html
https://www.200words-a-day.com/images/xsnow.jpg.pagespeed.ic.0w8ByjrXYj.jpg,image,1,1,/spanish-for-snow.html
https://www.200words-a-day.com/images/xsomnoler-small.jpg.pagespeed.ic.VG-_kJcFF1.jpg,image,1,1,/french-verb-somnoler.html
https://www.200words-a-day.com/images/xsonder-small.jpg.pagespeed.ic.hsKoASTZ3-.jpg,image,1,1,/french-verb-sonder.html
https://www.200words-a-day.com/images/xsorella.jpg.pagespeed.ic.NSbq70sFSQ.jpg,image,1,1,/italian-for-sister.html
https://www.200words-a-day.com/images/xsouhaiter-small.jpg.pagespeed.ic.z5MyVc6hcy.jpg,image,1,1,/french-verb-souhaiter.html
https://www.200words-a-day.com/images/xspecialiser-small.jpg.pagespeed.ic.qeonjI89IR.jpg,image,1,1,/french-verb-specialiser.html
https://www.200words-a-day.com/images/xsprinter-small.jpg.pagespeed.ic.7KebuOSX-Q.jpg,image,1,1,/french-verb-sprinter.html
https://www.200words-a-day.com/images/xstancoforjpg.jpg.pagespeed.ic.ZpfRQ4zG-b.jpg,image,1,1,/learn-italian-fast.html
https://www.200words-a-day.com/images/xstandardiser-small.jpg.pagespeed.ic.8t2jSBVhub.jpg,image,1,1,/french-verb-standardiser.html
https://www.200words-a-day.com/images/xstationer-small.jpg.pagespeed.ic.X7uveBZ1tB.jpg,image,1,1,/french-verb-stationner.html
https://www.200words-a-day.com/images/xsubdiviser-small.jpg.pagespeed.ic.TK7JVgr6S2.jpg,image,1,2,/french-verb-subdivide-subdiviser.html /french-verb-subdiviser.html
https://www.200words-a-day.com/images/xsubsister-small.jpg.pagespeed.ic.20gGYQ2Kdx.jpg,image,1,1,/french-verb-subsister.html
https://www.200words-a-day.com/images/xsubventionner-small.jpg.pagespeed.ic.5f5veRBG2m.jpg,image,1,1,/french-verb-subventionner.html
https://www.200words-a-day.com/images/xsuer-small.jpg.pagespeed.ic.IpgckLQ4EX.jpg,image,1,1,/french-verb-suer.html
https://www.200words-a-day.com/images/xsuffoquer-small.jpg.pagespeed.ic.ffwGDaSLaz.jpg,image,1,1,/french-verb-suffoquer.html
https://www.200words-a-day.com/images/xsuperviser-small.jpg.pagespeed.ic.M5YwgeaeGE.jpg,image,1,1,/french-verb-superviser.html
https://www.200words-a-day.com/images/xsuralimenter-small.jpg.pagespeed.ic.oqzZAQSoD6.jpg,image,1,1,/french-verb-suralimenter.html
https://www.200words-a-day.com/images/xsurexposer-small.jpg.pagespeed.ic.FWpn3HZQY9.jpg,image,1,1,/french-verb-surexposer.html
https://www.200words-a-day.com/images/xsurplomber-small.jpg.pagespeed.ic.78EwBxVTGb.jpg,image,1,1,/french-verb-surplomber.html
https://www.200words-a-day.com/images/xsuspecter-small.jpg.pagespeed.ic.tITkMwd-IN.jpg,image,1,1,/french-verb-suspecter.html
https://www.200words-a-day.com/images/xsymboliser-small.jpg.pagespeed.ic.K57jr98uqG.jpg,image,1,1,/french-verb-symboliser.html
https://www.200words-a-day.com/images/xsyndiquer-small.jpg.pagespeed.ic.ir4O2hqN-g.jpg,image,1,1,/french-verb-syndiquer.html
https://www.200words-a-day.com/images/xtaper-small.jpg.pagespeed.ic.-MUZE1OizI.jpg,image,1,1,/french-verb-taper.html
https://www.200words-a-day.com/images/xtaxer-small.jpg.pagespeed.ic.wm9_2Fby9j.jpg,image,1,1,/french-verb-taxer.html
https://www.200words-a-day.com/images/xtele.jpg.pagespeed.ic.MOkyDh_dfG.jpg,image,1,1,/main-page.html
https://www.200words-a-day.com/images/xtelefonare-small.jpg.pagespeed.ic.1pChUzHzRz.jpg,image,1,1,/15Mar-daily-italian-lesson.html
https://www.200words-a-day.com/images/xteleviser-small.jpg.pagespeed.ic.MxRfN9TUZJ.jpg,image,1,1,/french-verb-televiser.html
https://www.200words-a-day.com/images/xterroriser-small.jpg.pagespeed.ic.K4FM4mYv9n.jpg,image,1,1,/french-verb-terroriser.html
https://www.200words-a-day.com/images/xtimbrer-small.jpg.pagespeed.ic.RVDOpUgZ-1.jpg,image,1,1,/french-verb-timbrer.html
https://www.200words-a-day.com/images/xtranquilliser-small.jpg.pagespeed.ic.6_bYBSpeJH.jpg,image,1,1,/french-verb-tranquilliser.html
https://www.200words-a-day.com/images/xtransposer-small.jpg.pagespeed.ic.1uNnk4Ffii.jpg,image,1,1,/french-verb-transposer.html
https://www.200words-a-day.com/images/xtraumatiser-small.jpg.pagespeed.ic.fm2Hg2lhkj.jpg,image,1,1,/french-verb-traumatiser.html
https://www.200words-a-day.com/images/xtricoter-small.jpg.pagespeed.ic.nKVhokRSoq.jpg,image,1,1,/french-verb-tricoter.html
https://www.200words-a-day.com/images/xutiliser-small.jpg.pagespeed.ic.VT3WW5Kn1r.jpg,image,1,1,/french-verb-utiliser.html
https://www.200words-a-day.com/images/xvacciner-small.jpg.pagespeed.ic.fOidry6u92.jpg,image,1,1,/french-verb-vacciner.html
https://www.200words-a-day.com/images/xvaciller-small.jpg.pagespeed.ic.8Z5btzAhbd.jpg,image,1,1,/french-verb-vaciller.html
https://www.200words-a-day.com/images/xvaporiser-small.jpg.pagespeed.ic.40CL6B8aey.jpg,image,1,1,/french-verb-vaporiser.html
https://www.200words-a-day.com/images/xvisualiser-small.jpg.pagespeed.ic.ke_nUku_uB.jpg,image,1,1,/french-verb-visualiser.html
https://www.200words-a-day.com/images/xvoisin.gif.pagespeed.ic.GDIeqCRGpm.png,image,1,1,/learn-french-blog.html
https://www.200words-a-day.com/images/xwater-v.jpg.pagespeed.ic.KwTWp_7Ts-.jpg,image,1,1,/french-for-water.html
https://www.200words-a-day.com/images/xzanahoria.gif.pagespeed.ic.R3aKWKFbHp.png,image,1,1,/spanish-for-carrot.html
https://www.200words-a-day.com/images/you-inf-sing.gif,image,0,1,/spanish-verb-llover.html
https://www.200words-a-day.com/images/yuxtaponer.jpg,image,0,1,/spanish-verb-yuxtaponer.html
https://www.200words-a-day.com/images/zanahoria-an.gif,image,0,1,/spanish-flashcard.html
https://www.200words-a-day.com/images/zanahoria.gif,image,0,1,/e-flashcardz.html
https://www.200words-a-day.com/images/zigzaguer-small.jpg,image,0,1,/french-verb-zigzaguer.html
https://www.200words-a-day.com/images/zozoter-small.jpg,image,0,1,/french-verb-zozoter.html
https://www.200words-a-day.com/images/zuccherare.jpg,image,0,1,/16Feb-daily-italian-lesson.html
https://www.200words-a-day.com/mailout/logos/x254525876290646.gif.pagespeed.ic.FtmWo914OQ.png,image,1,47,/200_Words_a_Day-learn-languages-newzine1.html /200_Words_a_Day-learn-languages-newzine10.html /200_Words_a_Day-learn-languages-newzine11.html /200_Words_a_Day-learn-languages-newzine12.html /200_Words_a_Day-learn-languages-newzine13.html /200_Words_a_Day-learn-languages-newzine14.html /200_Words_a_Day-learn-languages-newzine15.html /200_Words_a_Day-learn-languages-newzine16.html /200_Words_a_Day-learn-languages-newzine17.html /200_Words_a_Day-learn-languages-newzine18.html /200_Words_a_Day-learn-languages-newzine19.html /200_Words_a_Day-learn-languages-newzine2.html /200_Words_a_Day-learn-languages-newzine20.html /200_Words_a_Day-learn-languages-newzine21.html /200_Words_a_Day-learn-languages-newzine22.html /200_Words_a_Day-learn-languages-newzine23.html /200_Words_a_Day-learn-languages-newzine24.html /200_Words_a_Day-learn-languages-newzine26.html /200_Words_a_Day-learn-languages-newzine27.html /200_Words_a_Day-learn-languages-newzine28.html /200_Words_a_Day-learn-languages-newzine29.html /200_Words_a_Day-learn-languages-newzine3.html /200_Words_a_Day-learn-languages-newzine30.html /200_Words_a_Day-learn-languages-newzine31.html /200_Words_a_Day-learn-languages-newzine32.html /200_Words_a_Day-learn-languages-newzine33.html /200_Words_a_Day-learn-languages-newzine34.html /200_Words_a_Day-learn-languages-newzine35.html /200_Words_a_Day-learn-languages-newzine36.html /200_Words_a_Day-learn-languages-newzine37.html /200_Words_a_Day-learn-languages-newzine38.html /200_Words_a_Day-learn-languages-newzine39.html /200_Words_a_Day-learn-languages-newzine4.html /200_Words_a_Day-learn-languages-newzine40.html /200_Words_a_Day-learn-languages-newzine41.html /200_Words_a_Day-learn-languages-newzine42.html /200_Words_a_Day-learn-languages-newzine43.html /200_Words_a_Day-learn-languages-newzine44.html /200_Words_a_Day-learn-languages-newzine45.html /200_Words_a_Day-learn-languages-newzine46.html /200_Words_a_Day-learn-languages-newzine47.html /200_Words_a_Day-learn-languages-newzine48.html /200_Words_a_Day-learn-languages-newzine5.html /200_Words_a_Day-learn-languages-newzine6.html /200_Words_a_Day-learn-languages-newzine7.html /200_Words_a_Day-learn-languages-newzine8.html /200_Words_a_Day-learn-languages-newzine9.html
https://www.200words-a-day.com/media-files/20foodmeatseafooddrinks.mp3,file,0,1,/french-lesson-dialogue-20.html
https://www.200words-a-day.com/media-files/abeille-f.mp3,file,0,2,/TestUpload4-a.html /samples.html
https://www.200words-a-day.com/media-files/acordarse.mp3,file,0,1,/samples.html
https://www.200words-a-day.com/media-files/fr001-common-words-1.mp3,file,0,1,/french-lesson-dialogue-1.html
https://www.200words-a-day.com/media-files/french-lesson-10.mp3,file,0,1,/french-lesson-dialogue-10.html
https://www.200words-a-day.com/media-files/gorra-sbi2.mp3,file,0,1,/TestUpload4-a.html
https://www.200words-a-day.com/objects/add-mymsn2.gif,image,0,487,/ /1-jun-blog-sample.html /200words-a-day-technical-help.html /25-tip-of-the-day.html /accelerated-learning.html /alpha.html /argentine-food.html /become-fluent.html /bird-flu.html /cart1.html /champs-elysees.html /chinese-memory-triggers.html /circumflex-in-french.html /colours-in-french.html /confirm.html /contact-us.html /cucumber-in-german.html /daily-french-lesson-code.html /daily-french-lesson.html /daily-german-lesson-code.html /daily-german-lesson.html /daily-italian-lesson-code.html /daily-italian-lesson.html /daily-spanish-lesson-code.html /daily-spanish-lesson.html /daily-spanish-verb.html /daily-verb-lessons.html /e-flashcardz.html /earworms.html /easter-in-france.html /ebook-payment-completion.html /email-confirmation.html /encyclopedia-britannica.html /enjoy-in-Spanish.html /estar.html /eurostar.html /excelerated-learning.html /fiesta-de-san-fermin.html /fifteenth-birthday.html /flashcard.html /foreign-service-institute-fsi-french.html /foreign-service-institute-fsi-german.html /foreign-service-institute-language-course.html /free-french-lessons.html /free-german-lessons.html /free-spanish-lesson.html /french-bescherelle.html /french-colours.html /french-expression-en-avoir-marre-de.html /french-flashcard.html
https://www.200words-a-day.com/objects/star2.gif,image,0,14,/building-is-adeilad.html /circumflex-in-french.html /french-for-duck-is-le-canard-.html /french-memory-trigger.html /french.html /idea-is-syniad-welsh-memory-trigger.html /king-of-the-world.html /michel-thomas.html /one-little-correction-mur-and-mr.html /prof.html /seriously.html /terrible-students.html /welsh-memory-trigger.html /why-did-michel-thomas-neglect-the-woman-student-on-his-total-french-course.html
https://www.200words-a-day.com/objects/xaddtomyyahoo4.gif.pagespeed.ic.PgZzd5uL-1.png,image,1,488,/ /1-jun-blog-sample.html /200words-a-day-technical-help.html /25-tip-of-the-day.html /accelerated-learning.html /alpha.html /argentine-food.html /become-fluent.html /bird-flu.html /cart1.html /champs-elysees.html /chinese-memory-triggers.html /circumflex-in-french.html /colours-in-french.html /confirm.html /contact-us.html /cucumber-in-german.html /daily-french-lesson-code.html /daily-french-lesson.html /daily-german-lesson-code.html /daily-german-lesson.html /daily-italian-lesson-code.html /daily-italian-lesson.html /daily-spanish-lesson-code.html /daily-spanish-lesson.html /daily-spanish-verb.html /daily-verb-lessons.html /e-flashcardz.html /earworms.html /easter-in-france.html /ebook-payment-completion.html /email-confirmation.html /encyclopedia-britannica.html /enjoy-in-Spanish.html /estar.html /eurostar.html /excelerated-learning.html /fiesta-de-san-fermin.html /fifteenth-birthday.html /flashcard.html /foreign-service-institute-fsi-french.html /foreign-service-institute-fsi-german.html /foreign-service-institute-language-course.html /free-french-lessons.html /free-german-lessons.html /free-spanish-lesson.html /french-bescherelle.html /french-colours.html /french-expression-en-avoir-marre-de.html /french-flashcard.html
https://www.200words-a-day.com/objects/xbloglines.gif.pagespeed.ic.vnK-NB9PiG.png,image,1,487,/ /1-jun-blog-sample.html /200words-a-day-technical-help.html /25-tip-of-the-day.html /accelerated-learning.html /alpha.html /argentine-food.html /become-fluent.html /bird-flu.html /cart1.html /champs-elysees.html /chinese-memory-triggers.html /circumflex-in-french.html /colours-in-french.html /confirm.html /contact-us.html /cucumber-in-german.html /daily-french-lesson-code.html /daily-french-lesson.html /daily-german-lesson-code.html /daily-german-lesson.html /daily-italian-lesson-code.html /daily-italian-lesson.html /daily-spanish-lesson-code.html /daily-spanish-lesson.html /daily-spanish-verb.html /daily-verb-lessons.html /e-flashcardz.html /earworms.html /easter-in-france.html /ebook-payment-completion.html /email-confirmation.html /encyclopedia-britannica.html /enjoy-in-Spanish.html /estar.html /eurostar.html /excelerated-learning.html /fiesta-de-san-fermin.html /fifteenth-birthday.html /flashcard.html /foreign-service-institute-fsi-french.html /foreign-service-institute-fsi-german.html /foreign-service-institute-language-course.html /free-french-lessons.html /free-german-lessons.html /free-spanish-lesson.html /french-bescherelle.html /french-colours.html /french-expression-en-avoir-marre-de.html /french-flashcard.html
https://www.200words-a-day.com/objects/xfeedly.gif.pagespeed.ic.t3Vu8JhVKA.png,image,1,488,/ /1-jun-blog-sample.html /200words-a-day-technical-help.html /25-tip-of-the-day.html /accelerated-learning.html /alpha.html /argentine-food.html /become-fluent.html /bird-flu.html /cart1.html /champs-elysees.html /chinese-memory-triggers.html /circumflex-in-french.html /colours-in-french.html /confirm.html /contact-us.html /cucumber-in-german.html /daily-french-lesson-code.html /daily-french-lesson.html /daily-german-lesson-code.html /daily-german-lesson.html /daily-italian-lesson-code.html /daily-italian-lesson.html /daily-spanish-lesson-code.html /daily-spanish-lesson.html /daily-spanish-verb.html /daily-verb-lessons.html /e-flashcardz.html /earworms.html /easter-in-france.html /ebook-payment-completion.html /email-confirmation.html /encyclopedia-britannica.html /enjoy-in-Spanish.html /estar.html /eurostar.html /excelerated-learning.html /fiesta-de-san-fermin.html /fifteenth-birthday.html /flashcard.html /foreign-service-institute-fsi-french.html /foreign-service-institute-fsi-german.html /foreign-service-institute-language-course.html /free-french-lessons.html /free-german-lessons.html /free-spanish-lesson.html /french-bescherelle.html /french-colours.html /french-expression-en-avoir-marre-de.html /french-flashcard.html
https://www.200words-a-day.com/objects/xrss.jpg.pagespeed.ic.tg98uIqgYi.jpg,image,1,487,/ /1-jun-blog-sample.html /200words-a-day-technical-help.html /25-tip-of-the-day.html /accelerated-learning.html /alpha.html /argentine-food.html /become-fluent.html /bird-flu.html /cart1.html /champs-elysees.html /chinese-memory-triggers.html /circumflex-in-french.html /colours-in-french.html /confirm.html /contact-us.html /cucumber-in-german.html /daily-french-lesson-code.html /daily-french-lesson.html /daily-german-lesson-code.html /daily-german-lesson.html /daily-italian-lesson-code.html /daily-italian-lesson.html /daily-spanish-lesson-code.html /daily-spanish-lesson.html /daily-spanish-verb.html /daily-verb-lessons.html /e-flashcardz.html /earworms.html /easter-in-france.html /ebook-payment-completion.html /email-confirmation.html /encyclopedia-britannica.html /enjoy-in-Spanish.html /estar.html /eurostar.html /excelerated-learning.html /fiesta-de-san-fermin.html /fifteenth-birthday.html /flashcard.html /foreign-service-institute-fsi-french.html /foreign-service-institute-fsi-german.html /foreign-service-institute-language-course.html /free-french-lessons.html /free-german-lessons.html /free-spanish-lesson.html /french-bescherelle.html /french-colours.html /french-expression-en-avoir-marre-de.html /french-flashcard.html
https://www.200words-a-day.com/quicknote/backbottomblue.gif,image,0,2,/test.html /try.html
https://www.200words-a-day.com/quicknote/backtopblue.gif,image,0,2,/test.html /try.html
https://www.200words-a-day.com/ssimgs/common/throbber.gif,image,0,87,/about-michel-thomas-polish-accent-and-about-accent-in-general-comment-form.html /accent-engages-the-minds-of-idealists-only-comment-form.html /accent-not-important-comment-form.html /accents-comment-form.html /belgian-accent-more-than-french-accent-comment-form.html /brilliant-method-with-one-small-catch-comment-form.html /building-is-adeilad-comment-form.html /challenge-on-memorization-comment-form.html /chartres-comment-form.html /chinese-mandarin-comment-form.html /comments-on-the-spanish-version-of-michel-thomas-comment-form.html /cross-purposes-comment-form.html /doctor-comment-form.html /english-accent-comment-form.html /everything-everyone-has-said-is-correct-but--comment-form.html /french-comment-form.html /french-for-duck-is-le-canard--comment-form.html /french-for-fly-is-la-mouche--comment-form.html /french-for-wardrobe-is-une-armoire-comment-form.html /german-for-head-is-der-kopf-comment-form.html /german-for-mouth-is-der-mund--comment-form.html /german-for-parents-is-die-eltern-comment-form.html /german-for-rain-is-der-regen-comment-form.html /german-for-soon-is-bald-comment-form.html /german-for-to-want-is-wollen-comment-form.html /german-for-weather-is-wetter-comment-form.html /german-for-wood-is-das-holz-comment-form.html /great-but-dutch-comment-form.html /he-aint-all-that-bad-comment-form.html /he-teaches-real-conversational-french-not-an-academic-exercise-comment-form.html /his-spanish-accent-is-dreadful-comment-form.html /how-your-mind-works-and-michel-thomas-comment-form.html /i-like-michel-comment-form.html /i-live-in-france-and-comment-form.html /idea-is-syniad-welsh-memory-trigger-comment-form.html /incredible-method-comment-form.html /interesting-if-misguided-review-comment-form.html /italian-accent-comment-form.html /italian-and-french-courses-comment-form.html /king-of-the-world-comment-form.html /language-is-hard-he-makes-it-as-simple-as-possible-comment-form.html /love-michel-thomas-comment-form.html /memorization-i-think-you-missed-the-point-comment-form.html /michel-thomas-accent-comment-form.html /michel-thomas-course-is-great-comment-form.html /michel-thomas-courses-comment-form.html /michel-thomas-for-the-first-time-learner-comment-form.html /michel-thomas-french-and-german-courses-comment-form.html /michel-thomas-french-comment-form.html /michel-thomas-french1-comment-form.html
https://www.200words-a-day.com/support-files/200words-a-day-spanish1_chaps1-3.pdf,file,0,1,/learn-spanish-ebook-sample.html
https://www.200words-a-day.com/support-files/abeille.swf,file,0,1,/samples.html
https://www.200words-a-day.com/support-files/french-verb-conjugation-table-fill-in-the-blanks-200words-a-day.pdf,file,0,8,/daily-french-lesson.html /french-verb-conjugation.html /french-verb-devoir.html /french-verb-dire.html /french-verb-faire.html /french-verb-informer.html /french-verb-pouvoir.html /french-verb-vouloir.html
https://www.200words-a-day.com/support-files/report1.pdf,file,0,1,/upload-pdf-reports.html
https://www.200words-a-day.com/support-files/report2.pdf,file,0,1,/upload-pdf-reports.html
https://www.200words-a-day.com/support-files/report3.pdf,file,0,1,/upload-pdf-reports.html
https://www.200words-a-day.com/support-files/report4.pdf,file,0,1,/upload-pdf-reports.html
https://www.200words-a-day.com/support-files/report5.pdf,file,0,1,/upload-pdf-reports.html
https://www.200words-a-day.com/support-files/report6.pdf,file,0,1,/upload-pdf-reports.html
https://www.200words-a-day.com/support-files/report7.pdf,file,0,1,/upload-pdf-reports.html
https://www.200words-a-day.com/support-files/spanish-verb-conjugation-table-fill-in-the-blanks-200words-a-day.pdf,file,0,1,/spanish-verb-ir.html
https://www.200words-a-day.com/support-files/spanish1-book.pdf,file,0,1,/samples.html
https://www.200words-a-day.com/support-files/spanish1_chaps1-3.pdf,file,0,1,/samples.html
https://www.200words-a-day.com/support-files/verb-conjugation-table-italian-from-200words-a-day.pdf,file,0,1,/daily-italian-lesson.html
https://www.200words-a-day.com/support-files/verb-conjugation-table-spanish-from-200words-a-day.pdf,file,0,1,/daily-spanish-lesson.html
https://www.200words-a-day.com/www.200words-a-day.com/images/spanishbttn.jpg,image,0,1,/reconsideration.html
https://www.google.com/images/poweredby_transparent/poweredby_FFFFFF.gif,image,0,4,/circumflex-in-french.html /french-tips.html /spanish-churros.html /ten-most-important-spanish-verbs.html
https://www.google.com/logos/Logo_25wht.gif,image,0,1,/michel-thomas.html
https://www.paypal.com/en_GB/i/scr/pixel.gif,image,0,33,/french-flashcard.html /french-for-water.html /french-order-page.html /french-proverb.html /french-sentences.html /german-flashcard.html /german-for-duck.html /german-for-fish.html /german-for-sender.html /german-order-page.html /german-proverb.html /italian-order-page.html /learn-french.html /learn-german-sentences.html /learn-german.html /learn-spanish-course.html /learn-spanish-ebook-full.html /learn-spanish-sentences.html /learn-spanish.html /learn-welsh.html /replacement.html /spanish-flashcard.html /spanish-for-mother.html /spanish-for-snow.html /spanish-for-sugar.html /spanish-for-to-stain.html /spanish-order-page.html /spanish-proverb.html /welsh-flashcard.html /welsh-for-crowd.html /welsh-for-enough.html /welsh-for-money.html /welsh-order-page.html
https://www.paypalobjects.com/en_GB/i/scr/pixel.gif,image,0,8,/french-order-page.html /french-sentences.html /german-order-page.html /italian-order-page.html /learn-german-sentences.html /learn-spanish-sentences.html /spanish-order-page.html /welsh-order-page.html
