path,family,type
/,home,mixed
/1-jun-blog-sample.html,blog,bespoke
/1.french-word-a-day.html,french-word-a-day (N.),TEMPLATED
/1.german-word-a-day.html,german-word-a-day (N.),TEMPLATED
/1.html,spanish word-of-day (N.html),TEMPLATED
/10.french-word-a-day.html,french-word-a-day (N.),TEMPLATED
/10.german-word-a-day.html,german-word-a-day (N.),TEMPLATED
/10.html,spanish word-of-day (N.html),TEMPLATED
/10Apr-daily-italian-lesson.html,daily-italian-lesson (dated),TEMPLATED
/10Aug-daily-italian-lesson.html,daily-italian-lesson (dated),TEMPLATED
/10Dec-daily-italian-lesson.html,daily-italian-lesson (dated),TEMPLATED
/10Feb-daily-italian-lesson.html,daily-italian-lesson (dated),TEMPLATED
/10Jan-daily-italian-lesson.html,daily-italian-lesson (dated),TEMPLATED
/10Jul-daily-italian-lesson.html,daily-italian-lesson (dated),TEMPLATED
/10Jun-daily-italian-lesson.html,daily-italian-lesson (dated),TEMPLATED
/10Mar-daily-italian-lesson.html,daily-italian-lesson (dated),TEMPLATED
/10May-daily-italian-lesson.html,daily-italian-lesson (dated),TEMPLATED
/10Nov-daily-italian-lesson.html,daily-italian-lesson (dated),TEMPLATED
/10Oct-daily-italian-lesson.html,daily-italian-lesson (dated),TEMPLATED
/10Sep-daily-italian-lesson.html,daily-italian-lesson (dated),TEMPLATED
/10french-proverb-a-day.html,proverb-a-day (Nlang),TEMPLATED
/10german-proverb-a-day.html,proverb-a-day (Nlang),TEMPLATED
/10spanish-proverb-a-day.html,proverb-a-day (Nlang),TEMPLATED
/10travel-german.html,travel-word (Ntravel),TEMPLATED
/10travel-spanish.html,travel-word (Ntravel),TEMPLATED
/11.french-word-a-day.html,french-word-a-day (N.),TEMPLATED
/11.german-word-a-day.html,german-word-a-day (N.),TEMPLATED
/11.html,spanish word-of-day (N.html),TEMPLATED
/11Apr-daily-italian-lesson.html,daily-italian-lesson (dated),TEMPLATED
/11Aug-daily-italian-lesson.html,daily-italian-lesson (dated),TEMPLATED
/11Dec-daily-italian-lesson.html,daily-italian-lesson (dated),TEMPLATED
/11Feb-daily-italian-lesson.html,daily-italian-lesson (dated),TEMPLATED
/11Jan-daily-italian-lesson.html,daily-italian-lesson (dated),TEMPLATED
/11Jul-daily-italian-lesson.html,daily-italian-lesson (dated),TEMPLATED
/11Jun-daily-italian-lesson.html,daily-italian-lesson (dated),TEMPLATED
/11Mar-daily-italian-lesson.html,daily-italian-lesson (dated),TEMPLATED
/11May-daily-italian-lesson.html,daily-italian-lesson (dated),TEMPLATED
/11Nov-daily-italian-lesson.html,daily-italian-lesson (dated),TEMPLATED
/11Oct-daily-italian-lesson.html,daily-italian-lesson (dated),TEMPLATED
/11Sep-daily-italian-lesson.html,daily-italian-lesson (dated),TEMPLATED
/11french-proverb-a-day.html,proverb-a-day (Nlang),TEMPLATED
/11german-proverb-a-day.html,proverb-a-day (Nlang),TEMPLATED
/11spanish-proverb-a-day.html,proverb-a-day (Nlang),TEMPLATED
/11travel-spanish.html,travel-word (Ntravel),TEMPLATED
/12.french-word-a-day.html,french-word-a-day (N.),TEMPLATED
/12.german-word-a-day.html,german-word-a-day (N.),TEMPLATED
/12.html,spanish word-of-day (N.html),TEMPLATED
/12Apr-daily-italian-lesson.html,daily-italian-lesson (dated),TEMPLATED
/12Aug-daily-italian-lesson.html,daily-italian-lesson (dated),TEMPLATED
/12Dec-daily-italian-lesson.html,daily-italian-lesson (dated),TEMPLATED
/12Feb-daily-italian-lesson.html,daily-italian-lesson (dated),TEMPLATED
/12Jan-daily-italian-lesson.html,daily-italian-lesson (dated),TEMPLATED
/12Jul-daily-italian-lesson.html,daily-italian-lesson (dated),TEMPLATED
/12Jun-daily-italian-lesson.html,daily-italian-lesson (dated),TEMPLATED
/12Mar-daily-italian-lesson.html,daily-italian-lesson (dated),TEMPLATED
/12May-daily-italian-lesson.html,daily-italian-lesson (dated),TEMPLATED
/12Nov-daily-italian-lesson.html,daily-italian-lesson (dated),TEMPLATED
/12Oct-daily-italian-lesson.html,daily-italian-lesson (dated),TEMPLATED
/12Sep-daily-italian-lesson.html,daily-italian-lesson (dated),TEMPLATED
/12french-proverb-a-day.html,proverb-a-day (Nlang),TEMPLATED
/12german-proverb-a-day.html,proverb-a-day (Nlang),TEMPLATED
/12spanish-proverb-a-day.html,proverb-a-day (Nlang),TEMPLATED
/12travel-german.html,travel-word (Ntravel),TEMPLATED
/12travel-spanish.html,travel-word (Ntravel),TEMPLATED
/13.french-word-a-day.html,french-word-a-day (N.),TEMPLATED
/13.german-word-a-day.html,german-word-a-day (N.),TEMPLATED
/13.html,spanish word-of-day (N.html),TEMPLATED
/13Apr-daily-italian-lesson.html,daily-italian-lesson (dated),TEMPLATED
/13Aug-daily-italian-lesson.html,daily-italian-lesson (dated),TEMPLATED
/13Dec-daily-italian-lesson.html,daily-italian-lesson (dated),TEMPLATED
/13Feb-daily-italian-lesson.html,daily-italian-lesson (dated),TEMPLATED
/13Jan-daily-italian-lesson.html,daily-italian-lesson (dated),TEMPLATED
/13Jul-daily-italian-lesson.html,daily-italian-lesson (dated),TEMPLATED
/13Jun-daily-italian-lesson.html,daily-italian-lesson (dated),TEMPLATED
/13Mar-daily-italian-lesson.html,daily-italian-lesson (dated),TEMPLATED
/13May-daily-italian-lesson.html,daily-italian-lesson (dated),TEMPLATED
/13Nov-daily-italian-lesson.html,daily-italian-lesson (dated),TEMPLATED
/13Oct-daily-italian-lesson.html,daily-italian-lesson (dated),TEMPLATED
/13Sep-daily-italian-lesson.html,daily-italian-lesson (dated),TEMPLATED
/13french-proverb-a-day.html,proverb-a-day (Nlang),TEMPLATED
/13german-proverb-a-day.html,proverb-a-day (Nlang),TEMPLATED
/13spanish-proverb-a-day.html,proverb-a-day (Nlang),TEMPLATED
/13travel-french.html,travel-word (Ntravel),TEMPLATED
/13travel-german.html,travel-word (Ntravel),TEMPLATED
/13travel-spanish.html,travel-word (Ntravel),TEMPLATED
/14.french-word-a-day.html,french-word-a-day (N.),TEMPLATED
/14.german-word-a-day.html,german-word-a-day (N.),TEMPLATED
/14.html,spanish word-of-day (N.html),TEMPLATED
/14Apr-daily-italian-lesson.html,daily-italian-lesson (dated),TEMPLATED
/14Aug-daily-italian-lesson.html,daily-italian-lesson (dated),TEMPLATED
/14Dec-daily-italian-lesson.html,daily-italian-lesson (dated),TEMPLATED
/14Feb-daily-italian-lesson.html,daily-italian-lesson (dated),TEMPLATED
/14Jan-daily-italian-lesson.html,daily-italian-lesson (dated),TEMPLATED
/14Jul-daily-italian-lesson.html,daily-italian-lesson (dated),TEMPLATED
/14Jun-daily-italian-lesson.html,daily-italian-lesson (dated),TEMPLATED
/14Mar-daily-italian-lesson.html,daily-italian-lesson (dated),TEMPLATED
/14May-daily-italian-lesson.html,daily-italian-lesson (dated),TEMPLATED
/14Nov-daily-italian-lesson.html,daily-italian-lesson (dated),TEMPLATED
/14Oct-daily-italian-lesson.html,daily-italian-lesson (dated),TEMPLATED
/14Sep-daily-italian-lesson.html,daily-italian-lesson (dated),TEMPLATED
/14french-proverb-a-day.html,proverb-a-day (Nlang),TEMPLATED
/14german-proverb-a-day.html,proverb-a-day (Nlang),TEMPLATED
/14spanish-proverb-a-day.html,proverb-a-day (Nlang),TEMPLATED
/14travel-french.html,travel-word (Ntravel),TEMPLATED
/14travel-german.html,travel-word (Ntravel),TEMPLATED
/14travel-spanish.html,travel-word (Ntravel),TEMPLATED
/15.french-word-a-day.html,french-word-a-day (N.),TEMPLATED
/15.german-word-a-day.html,german-word-a-day (N.),TEMPLATED
/15.html,spanish word-of-day (N.html),TEMPLATED
/15Apr-daily-italian-lesson.html,daily-italian-lesson (dated),TEMPLATED
/15Aug-daily-italian-lesson.html,daily-italian-lesson (dated),TEMPLATED
/15Dec-daily-italian-lesson.html,daily-italian-lesson (dated),TEMPLATED
/15Feb-daily-italian-lesson.html,daily-italian-lesson (dated),TEMPLATED
/15Jan-daily-italian-lesson.html,daily-italian-lesson (dated),TEMPLATED
/15Jul-daily-italian-lesson.html,daily-italian-lesson (dated),TEMPLATED
/15Jun-daily-italian-lesson.html,daily-italian-lesson (dated),TEMPLATED
/15Mar-daily-italian-lesson.html,daily-italian-lesson (dated),TEMPLATED
/15May-daily-italian-lesson.html,daily-italian-lesson (dated),TEMPLATED
/15Nov-daily-italian-lesson.html,daily-italian-lesson (dated),TEMPLATED
/15Oct-daily-italian-lesson.html,daily-italian-lesson (dated),TEMPLATED
/15Sep-daily-italian-lesson.html,daily-italian-lesson (dated),TEMPLATED
/15french-proverb-a-day.html,proverb-a-day (Nlang),TEMPLATED
/15german-proverb-a-day.html,proverb-a-day (Nlang),TEMPLATED
/15spanish-proverb-a-day.html,proverb-a-day (Nlang),TEMPLATED
/15travel-french.html,travel-word (Ntravel),TEMPLATED
/15travel-german.html,travel-word (Ntravel),TEMPLATED
/15travel-spanish.html,travel-word (Ntravel),TEMPLATED
/16.french-word-a-day.html,french-word-a-day (N.),TEMPLATED
/16.german-word-a-day.html,german-word-a-day (N.),TEMPLATED
/16.html,spanish word-of-day (N.html),TEMPLATED
/16Apr-daily-italian-lesson.html,daily-italian-lesson (dated),TEMPLATED
/16Aug-daily-italian-lesson.html,daily-italian-lesson (dated),TEMPLATED
/16Dec-daily-italian-lesson.html,daily-italian-lesson (dated),TEMPLATED
/16Dec-trial.html,OTHER / bespoke,bespoke
/16Feb-daily-italian-lesson.html,daily-italian-lesson (dated),TEMPLATED
/16Jan-daily-italian-lesson.html,daily-italian-lesson (dated),TEMPLATED
/16Jul-daily-italian-lesson.html,daily-italian-lesson (dated),TEMPLATED
/16Jun-daily-italian-lesson.html,daily-italian-lesson (dated),TEMPLATED
/16Mar-daily-italian-lesson.html,daily-italian-lesson (dated),TEMPLATED
/16May-daily-italian-lesson.html,daily-italian-lesson (dated),TEMPLATED
/16Nov-daily-italian-lesson.html,daily-italian-lesson (dated),TEMPLATED
/16Oct-daily-italian-lesson.html,daily-italian-lesson (dated),TEMPLATED
/16Sep-daily-italian-lesson.html,daily-italian-lesson (dated),TEMPLATED
/16french-proverb-a-day.html,proverb-a-day (Nlang),TEMPLATED
/16german-proverb-a-day.html,proverb-a-day (Nlang),TEMPLATED
/16spanish-proverb-a-day.html,proverb-a-day (Nlang),TEMPLATED
/16travel-french.html,travel-word (Ntravel),TEMPLATED
/16travel-german.html,travel-word (Ntravel),TEMPLATED
/16travel-spanish.html,travel-word (Ntravel),TEMPLATED
/17.french-word-a-day.html,french-word-a-day (N.),TEMPLATED
/17.german-word-a-day.html,german-word-a-day (N.),TEMPLATED
/17.html,spanish word-of-day (N.html),TEMPLATED
/17Apr-daily-italian-lesson.html,daily-italian-lesson (dated),TEMPLATED
/17Aug-daily-italian-lesson.html,daily-italian-lesson (dated),TEMPLATED
/17Dec-daily-italian-lesson.html,daily-italian-lesson (dated),TEMPLATED
/17Feb-daily-italian-lesson.html,daily-italian-lesson (dated),TEMPLATED
/17Jan-daily-italian-lesson.html,daily-italian-lesson (dated),TEMPLATED
/17Jul-daily-italian-lesson.html,daily-italian-lesson (dated),TEMPLATED
/17Jun-daily-italian-lesson.html,daily-italian-lesson (dated),TEMPLATED
/17Mar-daily-italian-lesson.html,daily-italian-lesson (dated),TEMPLATED
/17May-daily-italian-lesson.html,daily-italian-lesson (dated),TEMPLATED
/17Nov-daily-italian-lesson.html,daily-italian-lesson (dated),TEMPLATED
/17Oct-daily-italian-lesson.html,daily-italian-lesson (dated),TEMPLATED
/17Sep-daily-italian-lesson.html,daily-italian-lesson (dated),TEMPLATED
/17french-proverb-a-day.html,proverb-a-day (Nlang),TEMPLATED
/17german-proverb-a-day.html,proverb-a-day (Nlang),TEMPLATED
/17spanish-proverb-a-day.html,proverb-a-day (Nlang),TEMPLATED
/17travel-french.html,travel-word (Ntravel),TEMPLATED
/17travel-german.html,travel-word (Ntravel),TEMPLATED
/17travel-spanish.html,travel-word (Ntravel),TEMPLATED
/18.french-word-a-day.html,french-word-a-day (N.),TEMPLATED
/18.german-word-a-day.html,german-word-a-day (N.),TEMPLATED
/18.html,spanish word-of-day (N.html),TEMPLATED
/18Apr-daily-italian-lesson.html,daily-italian-lesson (dated),TEMPLATED
/18Aug-daily-italian-lesson.html,daily-italian-lesson (dated),TEMPLATED
/18Dec-daily-italian-lesson.html,daily-italian-lesson (dated),TEMPLATED
/18Feb-daily-italian-lesson.html,daily-italian-lesson (dated),TEMPLATED
/18Jan-daily-italian-lesson.html,daily-italian-lesson (dated),TEMPLATED
/18Jul-daily-italian-lesson.html,daily-italian-lesson (dated),TEMPLATED
/18Jun-daily-italian-lesson.html,daily-italian-lesson (dated),TEMPLATED
/18Mar-daily-italian-lesson.html,daily-italian-lesson (dated),TEMPLATED
/18May-daily-italian-lesson.html,daily-italian-lesson (dated),TEMPLATED
/18Nov-daily-italian-lesson.html,daily-italian-lesson (dated),TEMPLATED
/18Oct-daily-italian-lesson.html,daily-italian-lesson (dated),TEMPLATED
/18Sep-daily-italian-lesson.html,daily-italian-lesson (dated),TEMPLATED
/18french-proverb-a-day.html,proverb-a-day (Nlang),TEMPLATED
/18german-proverb-a-day.html,proverb-a-day (Nlang),TEMPLATED
/18spanish-proverb-a-day.html,proverb-a-day (Nlang),TEMPLATED
/18travel-french.html,travel-word (Ntravel),TEMPLATED
/18travel-german.html,travel-word (Ntravel),TEMPLATED
/18travel-spanish.html,travel-word (Ntravel),TEMPLATED
/19.french-word-a-day.html,french-word-a-day (N.),TEMPLATED
/19.german-word-a-day.html,german-word-a-day (N.),TEMPLATED
/19.html,spanish word-of-day (N.html),TEMPLATED
/19Apr-daily-italian-lesson.html,daily-italian-lesson (dated),TEMPLATED
/19Aug-daily-italian-lesson.html,daily-italian-lesson (dated),TEMPLATED
/19Dec-daily-italian-lesson.html,daily-italian-lesson (dated),TEMPLATED
/19Feb-daily-italian-lesson.html,daily-italian-lesson (dated),TEMPLATED
/19Jan-daily-italian-lesson.html,daily-italian-lesson (dated),TEMPLATED
/19Jul-daily-italian-lesson.html,daily-italian-lesson (dated),TEMPLATED
/19Jun-daily-italian-lesson.html,daily-italian-lesson (dated),TEMPLATED
/19Mar-daily-italian-lesson.html,daily-italian-lesson (dated),TEMPLATED
/19May-daily-italian-lesson.html,daily-italian-lesson (dated),TEMPLATED
/19Nov-daily-italian-lesson.html,daily-italian-lesson (dated),TEMPLATED
/19Oct-daily-italian-lesson.html,daily-italian-lesson (dated),TEMPLATED
/19Sep-daily-italian-lesson.html,daily-italian-lesson (dated),TEMPLATED
/19french-proverb-a-day.html,proverb-a-day (Nlang),TEMPLATED
/19german-proverb-a-day.html,proverb-a-day (Nlang),TEMPLATED
/19spanish-proverb-a-day.html,proverb-a-day (Nlang),TEMPLATED
/19travel-french.html,travel-word (Ntravel),TEMPLATED
/19travel-german.html,travel-word (Ntravel),TEMPLATED
/19travel-spanish.html,travel-word (Ntravel),TEMPLATED
/1Apr-daily-italian-lesson.html,daily-italian-lesson (dated),TEMPLATED
/1Aug-daily-italian-lesson.html,daily-italian-lesson (dated),TEMPLATED
/1Dec-daily-italian-lesson.html,daily-italian-lesson (dated),TEMPLATED
/1Feb-daily-italian-lesson.html,daily-italian-lesson (dated),TEMPLATED
/1Jan-daily-italian-lesson.html,daily-italian-lesson (dated),TEMPLATED
/1Jul-daily-italian-lesson.html,daily-italian-lesson (dated),TEMPLATED
/1Jun-daily-italian-lesson.html,daily-italian-lesson (dated),TEMPLATED
/1Mar-daily-german-lesson.html,lesson (other),bespoke
/1Mar-daily-italian-lesson.html,daily-italian-lesson (dated),TEMPLATED
/1May-daily-italian-lesson.html,daily-italian-lesson (dated),TEMPLATED
/1Nov-daily-italian-lesson.html,daily-italian-lesson (dated),TEMPLATED
/1Oct-daily-italian-lesson.html,daily-italian-lesson (dated),TEMPLATED
/1Sep-daily-italian-lesson.html,daily-italian-lesson (dated),TEMPLATED
/1spanish-proverb-a-day.html,proverb-a-day (Nlang),TEMPLATED
/2.french-word-a-day.html,french-word-a-day (N.),TEMPLATED
/2.german-word-a-day.html,german-word-a-day (N.),TEMPLATED
/2.html,spanish word-of-day (N.html),TEMPLATED
/20.french-word-a-day.html,french-word-a-day (N.),TEMPLATED
/20.german-word-a-day.html,german-word-a-day (N.),TEMPLATED
/20.html,spanish word-of-day (N.html),TEMPLATED
/200_Words_a_Day-learn-languages-newzine1.html,OTHER / bespoke,bespoke
/200_Words_a_Day-learn-languages-newzine10.html,OTHER / bespoke,bespoke
/200_Words_a_Day-learn-languages-newzine11.html,OTHER / bespoke,bespoke
/200_Words_a_Day-learn-languages-newzine12.html,OTHER / bespoke,bespoke
/200_Words_a_Day-learn-languages-newzine13.html,OTHER / bespoke,bespoke
/200_Words_a_Day-learn-languages-newzine14.html,OTHER / bespoke,bespoke
/200_Words_a_Day-learn-languages-newzine15.html,OTHER / bespoke,bespoke
/200_Words_a_Day-learn-languages-newzine16.html,OTHER / bespoke,bespoke
/200_Words_a_Day-learn-languages-newzine17.html,OTHER / bespoke,bespoke
/200_Words_a_Day-learn-languages-newzine18.html,OTHER / bespoke,bespoke
/200_Words_a_Day-learn-languages-newzine19.html,OTHER / bespoke,bespoke
/200_Words_a_Day-learn-languages-newzine2.html,OTHER / bespoke,bespoke
/200_Words_a_Day-learn-languages-newzine20.html,OTHER / bespoke,bespoke
/200_Words_a_Day-learn-languages-newzine21.html,OTHER / bespoke,bespoke
/200_Words_a_Day-learn-languages-newzine22.html,OTHER / bespoke,bespoke
/200_Words_a_Day-learn-languages-newzine23.html,OTHER / bespoke,bespoke
/200_Words_a_Day-learn-languages-newzine24.html,OTHER / bespoke,bespoke
/200_Words_a_Day-learn-languages-newzine26.html,OTHER / bespoke,bespoke
/200_Words_a_Day-learn-languages-newzine27.html,OTHER / bespoke,bespoke
/200_Words_a_Day-learn-languages-newzine28.html,OTHER / bespoke,bespoke
/200_Words_a_Day-learn-languages-newzine29.html,OTHER / bespoke,bespoke
/200_Words_a_Day-learn-languages-newzine3.html,OTHER / bespoke,bespoke
/200_Words_a_Day-learn-languages-newzine30.html,OTHER / bespoke,bespoke
/200_Words_a_Day-learn-languages-newzine31.html,OTHER / bespoke,bespoke
/200_Words_a_Day-learn-languages-newzine32.html,OTHER / bespoke,bespoke
/200_Words_a_Day-learn-languages-newzine33.html,OTHER / bespoke,bespoke
/200_Words_a_Day-learn-languages-newzine34.html,OTHER / bespoke,bespoke
/200_Words_a_Day-learn-languages-newzine35.html,OTHER / bespoke,bespoke
/200_Words_a_Day-learn-languages-newzine36.html,OTHER / bespoke,bespoke
/200_Words_a_Day-learn-languages-newzine37.html,OTHER / bespoke,bespoke
/200_Words_a_Day-learn-languages-newzine38.html,OTHER / bespoke,bespoke
/200_Words_a_Day-learn-languages-newzine39.html,OTHER / bespoke,bespoke
/200_Words_a_Day-learn-languages-newzine4.html,OTHER / bespoke,bespoke
/200_Words_a_Day-learn-languages-newzine40.html,OTHER / bespoke,bespoke
/200_Words_a_Day-learn-languages-newzine41.html,OTHER / bespoke,bespoke
/200_Words_a_Day-learn-languages-newzine42.html,OTHER / bespoke,bespoke
/200_Words_a_Day-learn-languages-newzine43.html,OTHER / bespoke,bespoke
/200_Words_a_Day-learn-languages-newzine44.html,OTHER / bespoke,bespoke
/200_Words_a_Day-learn-languages-newzine45.html,OTHER / bespoke,bespoke
/200_Words_a_Day-learn-languages-newzine46.html,OTHER / bespoke,bespoke
/200_Words_a_Day-learn-languages-newzine47.html,OTHER / bespoke,bespoke
/200_Words_a_Day-learn-languages-newzine48.html,OTHER / bespoke,bespoke
/200_Words_a_Day-learn-languages-newzine5.html,OTHER / bespoke,bespoke
/200_Words_a_Day-learn-languages-newzine6.html,OTHER / bespoke,bespoke
/200_Words_a_Day-learn-languages-newzine7.html,OTHER / bespoke,bespoke
/200_Words_a_Day-learn-languages-newzine8.html,OTHER / bespoke,bespoke
/200_Words_a_Day-learn-languages-newzine9.html,OTHER / bespoke,bespoke
/200words-a-day-technical-help.html,OTHER / bespoke,bespoke
/200words-a-dayEx01.html,OTHER / bespoke,bespoke
/200words-a-dayEx02.html,OTHER / bespoke,bespoke
/200words-a-dayEx03.html,OTHER / bespoke,bespoke
/200words-a-dayEx04.html,OTHER / bespoke,bespoke
/200words-a-dayEx05.html,OTHER / bespoke,bespoke
/200words-a-dayEx06.html,OTHER / bespoke,bespoke
/200words-a-daytest.html,OTHER / bespoke,bespoke
/200words-a-daytest2.html,OTHER / bespoke,bespoke
/20Apr-daily-italian-lesson.html,daily-italian-lesson (dated),TEMPLATED
/20Aug-daily-italian-lesson.html,daily-italian-lesson (dated),TEMPLATED
/20Dec-daily-italian-lesson.html,daily-italian-lesson (dated),TEMPLATED
/20Feb-daily-italian-lesson.html,daily-italian-lesson (dated),TEMPLATED
/20Jan-daily-italian-lesson.html,daily-italian-lesson (dated),TEMPLATED
/20Jul-daily-italian-lesson.html,daily-italian-lesson (dated),TEMPLATED
/20Jun-daily-italian-lesson.html,daily-italian-lesson (dated),TEMPLATED
/20Mar-daily-italian-lesson.html,daily-italian-lesson (dated),TEMPLATED
/20May-daily-italian-lesson.html,daily-italian-lesson (dated),TEMPLATED
/20Nov-daily-italian-lesson.html,daily-italian-lesson (dated),TEMPLATED
/20Oct-daily-italian-lesson.html,daily-italian-lesson (dated),TEMPLATED
/20Sep-daily-italian-lesson.html,daily-italian-lesson (dated),TEMPLATED
/20french-proverb-a-day.html,proverb-a-day (Nlang),TEMPLATED
/20german-proverb-a-day.html,proverb-a-day (Nlang),TEMPLATED
/20spanish-proverb-a-day.html,proverb-a-day (Nlang),TEMPLATED
/20travel-french.html,travel-word (Ntravel),TEMPLATED
/20travel-german.html,travel-word (Ntravel),TEMPLATED
/20travel-spanish.html,travel-word (Ntravel),TEMPLATED
/21.french-word-a-day.html,french-word-a-day (N.),TEMPLATED
/21.html,spanish word-of-day (N.html),TEMPLATED
/21Apr-daily-italian-lesson.html,daily-italian-lesson (dated),TEMPLATED
/21Aug-daily-italian-lesson.html,daily-italian-lesson (dated),TEMPLATED
/21Dec-daily-italian-lesson.html,daily-italian-lesson (dated),TEMPLATED
/21Feb-daily-italian-lesson.html,daily-italian-lesson (dated),TEMPLATED
/21Jan-daily-italian-lesson.html,daily-italian-lesson (dated),TEMPLATED
/21Jul-daily-italian-lesson.html,daily-italian-lesson (dated),TEMPLATED
/21Jun-daily-italian-lesson.html,daily-italian-lesson (dated),TEMPLATED
/21Mar-daily-italian-lesson.html,daily-italian-lesson (dated),TEMPLATED
/21May-daily-italian-lesson.html,daily-italian-lesson (dated),TEMPLATED
/21Nov-daily-italian-lesson.html,daily-italian-lesson (dated),TEMPLATED
/21Oct-daily-italian-lesson.html,daily-italian-lesson (dated),TEMPLATED
/21Sep-daily-italian-lesson.html,daily-italian-lesson (dated),TEMPLATED
/21french-proverb-a-day.html,proverb-a-day (Nlang),TEMPLATED
/21german-proverb-a-day.html,proverb-a-day (Nlang),TEMPLATED
/21spanish-proverb-a-day.html,proverb-a-day (Nlang),TEMPLATED
/21travel-spanish.html,travel-word (Ntravel),TEMPLATED
/22.french-word-a-day.html,french-word-a-day (N.),TEMPLATED
/22.german-word-a-day.html,german-word-a-day (N.),TEMPLATED
/22.html,spanish word-of-day (N.html),TEMPLATED
/22Apr-daily-italian-lesson.html,daily-italian-lesson (dated),TEMPLATED
/22Apr-french-word.html,OTHER / bespoke,bespoke
/22Aug-daily-italian-lesson.html,daily-italian-lesson (dated),TEMPLATED
/22Dec-daily-italian-lesson.html,daily-italian-lesson (dated),TEMPLATED
/22Feb-daily-italian-lesson.html,daily-italian-lesson (dated),TEMPLATED
/22Jan-daily-italian-lesson.html,daily-italian-lesson (dated),TEMPLATED
/22Jul-daily-italian-lesson.html,daily-italian-lesson (dated),TEMPLATED
/22Jun-daily-italian-lesson.html,daily-italian-lesson (dated),TEMPLATED
/22Mar-daily-italian-lesson.html,daily-italian-lesson (dated),TEMPLATED
/22May-daily-italian-lesson.html,daily-italian-lesson (dated),TEMPLATED
/22Nov-daily-italian-lesson.html,daily-italian-lesson (dated),TEMPLATED
/22Oct-daily-italian-lesson.html,daily-italian-lesson (dated),TEMPLATED
/22Sep-daily-italian-lesson.html,daily-italian-lesson (dated),TEMPLATED
/22german-proverb-a-day.html,proverb-a-day (Nlang),TEMPLATED
/22spanish-proverb-a-day.html,proverb-a-day (Nlang),TEMPLATED
/22travel-spanish.html,travel-word (Ntravel),TEMPLATED
/23.french-word-a-day.html,french-word-a-day (N.),TEMPLATED
/23.german-word-a-day.html,german-word-a-day (N.),TEMPLATED
/23.html,spanish word-of-day (N.html),TEMPLATED
/23Apr-daily-italian-lesson.html,daily-italian-lesson (dated),TEMPLATED
/23Aug-daily-italian-lesson.html,daily-italian-lesson (dated),TEMPLATED
/23Dec-daily-italian-lesson.html,daily-italian-lesson (dated),TEMPLATED
/23Feb-daily-italian-lesson.html,daily-italian-lesson (dated),TEMPLATED
/23Jan-daily-italian-lesson.html,daily-italian-lesson (dated),TEMPLATED
/23Jul-daily-italian-lesson.html,daily-italian-lesson (dated),TEMPLATED
/23Jun-daily-italian-lesson.html,daily-italian-lesson (dated),TEMPLATED
/23Mar-daily-italian-lesson.html,daily-italian-lesson (dated),TEMPLATED
/23May-daily-italian-lesson.html,daily-italian-lesson (dated),TEMPLATED
/23Nov-daily-italian-lesson.html,daily-italian-lesson (dated),TEMPLATED
/23Oct-daily-italian-lesson.html,daily-italian-lesson (dated),TEMPLATED
/23Sep-daily-italian-lesson.html,daily-italian-lesson (dated),TEMPLATED
/23french-proverb-a-day.html,proverb-a-day (Nlang),TEMPLATED
/23german-proverb-a-day.html,proverb-a-day (Nlang),TEMPLATED
/23spanish-proverb-a-day.html,proverb-a-day (Nlang),TEMPLATED
/23travel-french.html,travel-word (Ntravel),TEMPLATED
/23travel-german.html,travel-word (Ntravel),TEMPLATED
/23travel-spanish.html,travel-word (Ntravel),TEMPLATED
/24.french-word-a-day.html,french-word-a-day (N.),TEMPLATED
/24.german-word-a-day.html,german-word-a-day (N.),TEMPLATED
/24.html,spanish word-of-day (N.html),TEMPLATED
/24Apr-daily-italian-lesson.html,daily-italian-lesson (dated),TEMPLATED
/24Aug-daily-italian-lesson.html,daily-italian-lesson (dated),TEMPLATED
/24Dec-daily-italian-lesson.html,daily-italian-lesson (dated),TEMPLATED
/24Feb-daily-italian-lesson.html,daily-italian-lesson (dated),TEMPLATED
/24Jan-daily-italian-lesson.html,daily-italian-lesson (dated),TEMPLATED
/24Jul-daily-italian-lesson.html,daily-italian-lesson (dated),TEMPLATED
/24Jun-daily-italian-lesson.html,daily-italian-lesson (dated),TEMPLATED
/24Mar-daily-italian-lesson.html,daily-italian-lesson (dated),TEMPLATED
/24May-daily-italian-lesson.html,daily-italian-lesson (dated),TEMPLATED
/24Nov-daily-italian-lesson.html,daily-italian-lesson (dated),TEMPLATED
/24Oct-daily-italian-lesson.html,daily-italian-lesson (dated),TEMPLATED
/24Sep-daily-italian-lesson.html,daily-italian-lesson (dated),TEMPLATED
/24french-proverb-a-day.html,proverb-a-day (Nlang),TEMPLATED
/24german-proverb-a-day.html,proverb-a-day (Nlang),TEMPLATED
/24spanish-proverb-a-day.html,proverb-a-day (Nlang),TEMPLATED
/24travel-french.html,travel-word (Ntravel),TEMPLATED
/24travel-german.html,travel-word (Ntravel),TEMPLATED
/24travel-spanish.html,travel-word (Ntravel),TEMPLATED
/25-tip-of-the-day.html,OTHER / bespoke,bespoke
/25.french-word-a-day.html,french-word-a-day (N.),TEMPLATED
/25.german-word-a-day.html,german-word-a-day (N.),TEMPLATED
/25.html,spanish word-of-day (N.html),TEMPLATED
/25Apr-daily-italian-lesson.html,daily-italian-lesson (dated),TEMPLATED
/25Aug-daily-italian-lesson.html,daily-italian-lesson (dated),TEMPLATED
/25Dec-daily-italian-lesson.html,daily-italian-lesson (dated),TEMPLATED
/25Feb-daily-italian-lesson.html,daily-italian-lesson (dated),TEMPLATED
/25Jan-daily-italian-lesson.html,daily-italian-lesson (dated),TEMPLATED
/25Jul-daily-italian-lesson.html,daily-italian-lesson (dated),TEMPLATED
/25Jun-daily-italian-lesson.html,daily-italian-lesson (dated),TEMPLATED
/25Mar-daily-italian-lesson.html,daily-italian-lesson (dated),TEMPLATED
/25May-daily-italian-lesson.html,daily-italian-lesson (dated),TEMPLATED
/25Nov-daily-italian-lesson.html,daily-italian-lesson (dated),TEMPLATED
/25Oct-daily-italian-lesson.html,daily-italian-lesson (dated),TEMPLATED
/25Sep-daily-italian-lesson.html,daily-italian-lesson (dated),TEMPLATED
/25french-proverb-a-day.html,proverb-a-day (Nlang),TEMPLATED
/25german-proverb-a-day.html,proverb-a-day (Nlang),TEMPLATED
/25spanish-proverb-a-day.html,proverb-a-day (Nlang),TEMPLATED
/25travel-french.html,travel-word (Ntravel),TEMPLATED
/25travel-spanish.html,travel-word (Ntravel),TEMPLATED
/26.french-word-a-day.html,french-word-a-day (N.),TEMPLATED
/26.german-word-a-day.html,german-word-a-day (N.),TEMPLATED
/26.html,spanish word-of-day (N.html),TEMPLATED
/26.spanish-proverb-a-day.html,proverb (other),bespoke
/26Apr-daily-italian-lesson.html,daily-italian-lesson (dated),TEMPLATED
/26Aug-daily-italian-lesson.html,daily-italian-lesson (dated),TEMPLATED
/26Dec-daily-italian-lesson.html,daily-italian-lesson (dated),TEMPLATED
/26Feb-daily-italian-lesson.html,daily-italian-lesson (dated),TEMPLATED
/26Jan-daily-italian-lesson.html,daily-italian-lesson (dated),TEMPLATED
/26Jul-daily-italian-lesson.html,daily-italian-lesson (dated),TEMPLATED
/26Jun-daily-italian-lesson.html,daily-italian-lesson (dated),TEMPLATED
/26Mar-daily-italian-lesson.html,daily-italian-lesson (dated),TEMPLATED
/26May-daily-italian-lesson.html,daily-italian-lesson (dated),TEMPLATED
/26Nov-daily-italian-lesson.html,daily-italian-lesson (dated),TEMPLATED
/26Oct-daily-italian-lesson.html,daily-italian-lesson (dated),TEMPLATED
/26Sep-daily-italian-lesson.html,daily-italian-lesson (dated),TEMPLATED
/26french-proverb-a-day.html,proverb-a-day (Nlang),TEMPLATED
/26german-proverb-a-day.html,proverb-a-day (Nlang),TEMPLATED
/26spanish-proverb-a-day.html,proverb-a-day (Nlang),TEMPLATED
/26travel-french.html,travel-word (Ntravel),TEMPLATED
/26travel-german.html,travel-word (Ntravel),TEMPLATED
/26travel-spanish.html,travel-word (Ntravel),TEMPLATED
/27.french-word-a-day.html,french-word-a-day (N.),TEMPLATED
/27.german-word-a-day.html,german-word-a-day (N.),TEMPLATED
/27.html,spanish word-of-day (N.html),TEMPLATED
/27Apr-daily-italian-lesson.html,daily-italian-lesson (dated),TEMPLATED
/27Aug-daily-italian-lesson.html,daily-italian-lesson (dated),TEMPLATED
/27Dec-daily-italian-lesson.html,daily-italian-lesson (dated),TEMPLATED
/27Feb-daily-italian-lesson.html,daily-italian-lesson (dated),TEMPLATED
/27Jan-daily-italian-lesson.html,daily-italian-lesson (dated),TEMPLATED
/27Jul-daily-italian-lesson.html,daily-italian-lesson (dated),TEMPLATED
/27Jun-daily-italian-lesson.html,daily-italian-lesson (dated),TEMPLATED
/27Mar-daily-italian-lesson.html,daily-italian-lesson (dated),TEMPLATED
/27May-daily-italian-lesson.html,daily-italian-lesson (dated),TEMPLATED
/27Nov-daily-italian-lesson.html,daily-italian-lesson (dated),TEMPLATED
/27Oct-daily-italian-lesson.html,daily-italian-lesson (dated),TEMPLATED
/27Sep-daily-italian-lesson.html,daily-italian-lesson (dated),TEMPLATED
/27french-proverb-a-day.html,proverb-a-day (Nlang),TEMPLATED
/27german-proverb-a-day.html,proverb-a-day (Nlang),TEMPLATED
/27spanish-proverb-a-day.html,proverb-a-day (Nlang),TEMPLATED
/27travel-french.html,travel-word (Ntravel),TEMPLATED
/27travel-german.html,travel-word (Ntravel),TEMPLATED
/27travel-spanish.html,travel-word (Ntravel),TEMPLATED
/28.french-word-a-day.html,french-word-a-day (N.),TEMPLATED
/28.german-word-a-day.html,german-word-a-day (N.),TEMPLATED
/28.html,spanish word-of-day (N.html),TEMPLATED
/28Apr-daily-italian-lesson.html,daily-italian-lesson (dated),TEMPLATED
/28Aug-daily-italian-lesson.html,daily-italian-lesson (dated),TEMPLATED
/28Dec-daily-italian-lesson.html,daily-italian-lesson (dated),TEMPLATED
/28Feb-daily-italian-lesson.html,daily-italian-lesson (dated),TEMPLATED
/28Jan-daily-italian-lesson.html,daily-italian-lesson (dated),TEMPLATED
/28Jul-daily-italian-lesson.html,daily-italian-lesson (dated),TEMPLATED
/28Jun-daily-italian-lesson.html,daily-italian-lesson (dated),TEMPLATED
/28Mar-daily-italian-lesson.html,daily-italian-lesson (dated),TEMPLATED
/28May-daily-italian-lesson.html,daily-italian-lesson (dated),TEMPLATED
/28Nov-daily-italian-lesson.html,daily-italian-lesson (dated),TEMPLATED
/28Oct-daily-italian-lesson.html,daily-italian-lesson (dated),TEMPLATED
/28Sep-daily-italian-lesson.html,daily-italian-lesson (dated),TEMPLATED
/28french-proverb-a-day.html,proverb-a-day (Nlang),TEMPLATED
/28german-proverb-a-day.html,proverb-a-day (Nlang),TEMPLATED
/28spanish-proverb-a-day.html,proverb-a-day (Nlang),TEMPLATED
/28travel-french.html,travel-word (Ntravel),TEMPLATED
/28travel-german.html,travel-word (Ntravel),TEMPLATED
/28travel-spanish.html,travel-word (Ntravel),TEMPLATED
/29.french-word-a-day.html,french-word-a-day (N.),TEMPLATED
/29.german-word-a-day.html,german-word-a-day (N.),TEMPLATED
/29.html,spanish word-of-day (N.html),TEMPLATED
/29Apr-daily-italian-lesson.html,daily-italian-lesson (dated),TEMPLATED
/29Aug-daily-italian-lesson.html,daily-italian-lesson (dated),TEMPLATED
/29Dec-daily-italian-lesson.html,daily-italian-lesson (dated),TEMPLATED
/29Feb-daily-italian-lesson.html,daily-italian-lesson (dated),TEMPLATED
/29Jan-daily-italian-lesson.html,daily-italian-lesson (dated),TEMPLATED
/29Jul-daily-italian-lesson.html,daily-italian-lesson (dated),TEMPLATED
/29Jun-daily-italian-lesson.html,daily-italian-lesson (dated),TEMPLATED
/29Mar-daily-italian-lesson.html,daily-italian-lesson (dated),TEMPLATED
/29May-daily-italian-lesson.html,daily-italian-lesson (dated),TEMPLATED
/29Nov-daily-italian-lesson.html,daily-italian-lesson (dated),TEMPLATED
/29Oct-daily-italian-lesson.html,daily-italian-lesson (dated),TEMPLATED
/29Sep-daily-italian-lesson.html,daily-italian-lesson (dated),TEMPLATED
/29french-proverb-a-day.html,proverb-a-day (Nlang),TEMPLATED
/29german-proverb-a-day.html,proverb-a-day (Nlang),TEMPLATED
/29spanish-proverb-a-day.html,proverb-a-day (Nlang),TEMPLATED
/29travel-french.html,travel-word (Ntravel),TEMPLATED
/29travel-german.html,travel-word (Ntravel),TEMPLATED
/29travel-spanish.html,travel-word (Ntravel),TEMPLATED
/2Apr-daily-italian-lesson.html,daily-italian-lesson (dated),TEMPLATED
/2Aug-daily-italian-lesson.html,daily-italian-lesson (dated),TEMPLATED
/2Dec-daily-italian-lesson.html,daily-italian-lesson (dated),TEMPLATED
/2Feb-daily-italian-lesson.html,daily-italian-lesson (dated),TEMPLATED
/2Jan-daily-italian-lesson.html,daily-italian-lesson (dated),TEMPLATED
/2Jul-daily-italian-lesson.html,daily-italian-lesson (dated),TEMPLATED
/2Jun-daily-italian-lesson.html,daily-italian-lesson (dated),TEMPLATED
/2Mar-daily-italian-lesson.html,daily-italian-lesson (dated),TEMPLATED
/2May-daily-italian-lesson.html,daily-italian-lesson (dated),TEMPLATED
/2Nov-daily-italian-lesson.html,daily-italian-lesson (dated),TEMPLATED
/2Oct-daily-italian-lesson.html,daily-italian-lesson (dated),TEMPLATED
/2Sep-daily-italian-lesson.html,daily-italian-lesson (dated),TEMPLATED
/2french-proverb-a-day.html,proverb-a-day (Nlang),TEMPLATED
/2german-proverb-a-day.html,proverb-a-day (Nlang),TEMPLATED
/2spanish-proverb-a-day.html,proverb-a-day (Nlang),TEMPLATED
/2travel-german.html,travel-word (Ntravel),TEMPLATED
/2travel-spanish.html,travel-word (Ntravel),TEMPLATED
/3.french-word-a-day.html,french-word-a-day (N.),TEMPLATED
/3.german-word-a-day.html,german-word-a-day (N.),TEMPLATED
/3.html,spanish word-of-day (N.html),TEMPLATED
/30.french-word-a-day.html,french-word-a-day (N.),TEMPLATED
/30.german-word-a-day.html,german-word-a-day (N.),TEMPLATED
/30.html,spanish word-of-day (N.html),TEMPLATED
/30Apr-daily-italian-lesson.html,daily-italian-lesson (dated),TEMPLATED
/30Aug-daily-italian-lesson.html,daily-italian-lesson (dated),TEMPLATED
/30Dec-daily-italian-lesson.html,daily-italian-lesson (dated),TEMPLATED
/30Jan-daily-italian-lesson.html,daily-italian-lesson (dated),TEMPLATED
/30Jul-daily-italian-lesson.html,daily-italian-lesson (dated),TEMPLATED
/30Jun-daily-italian-lesson.html,daily-italian-lesson (dated),TEMPLATED
/30Mar-daily-italian-lesson.html,daily-italian-lesson (dated),TEMPLATED
/30May-daily-italian-lesson.html,daily-italian-lesson (dated),TEMPLATED
/30Nov-daily-italian-lesson.html,daily-italian-lesson (dated),TEMPLATED
/30Oct-daily-italian-lesson.html,daily-italian-lesson (dated),TEMPLATED
/30Sep-daily-italian-lesson.html,daily-italian-lesson (dated),TEMPLATED
/30french-proverb-a-day.html,proverb-a-day (Nlang),TEMPLATED
/30german-proverb-a-day.html,proverb-a-day (Nlang),TEMPLATED
/30spanish-proverb-a-day.html,proverb-a-day (Nlang),TEMPLATED
/30travel-french.html,travel-word (Ntravel),TEMPLATED
/30travel-german.html,travel-word (Ntravel),TEMPLATED
/30travel-spanish.html,travel-word (Ntravel),TEMPLATED
/31.french-word-a-day.html,french-word-a-day (N.),TEMPLATED
/31.german-word-a-day.html,german-word-a-day (N.),TEMPLATED
/31.html,spanish word-of-day (N.html),TEMPLATED
/31Aug-daily-italian-lesson.html,daily-italian-lesson (dated),TEMPLATED
/31Dec-daily-italian-lesson.html,daily-italian-lesson (dated),TEMPLATED
/31Jan-daily-italian-lesson.html,daily-italian-lesson (dated),TEMPLATED
/31Jul-daily-italian-lesson.html,daily-italian-lesson (dated),TEMPLATED
/31Mar-daily-italian-lesson.html,daily-italian-lesson (dated),TEMPLATED
/31May-daily-italian-lesson.html,daily-italian-lesson (dated),TEMPLATED
/31Oct-daily-italian-lesson.html,daily-italian-lesson (dated),TEMPLATED
/31french-proverb-a-day.html,proverb-a-day (Nlang),TEMPLATED
/31german-proverb-a-day.html,proverb-a-day (Nlang),TEMPLATED
/31spanish-proverb-a-day.html,proverb-a-day (Nlang),TEMPLATED
/31travel-french.html,travel-word (Ntravel),TEMPLATED
/31travel-german.html,travel-word (Ntravel),TEMPLATED
/31travel-spanish.html,travel-word (Ntravel),TEMPLATED
/3Apr-daily-italian-lesson.html,daily-italian-lesson (dated),TEMPLATED
/3Aug-daily-italian-lesson.html,daily-italian-lesson (dated),TEMPLATED
/3Dec-daily-italian-lesson.html,daily-italian-lesson (dated),TEMPLATED
/3Feb-daily-italian-lesson.html,daily-italian-lesson (dated),TEMPLATED
/3Jan-daily-italian-lesson.html,daily-italian-lesson (dated),TEMPLATED
/3Jul-daily-italian-lesson.html,daily-italian-lesson (dated),TEMPLATED
/3Jun-daily-italian-lesson.html,daily-italian-lesson (dated),TEMPLATED
/3Mar-daily-italian-lesson.html,daily-italian-lesson (dated),TEMPLATED
/3May-daily-italian-lesson.html,daily-italian-lesson (dated),TEMPLATED
/3Nov-daily-italian-lesson.html,daily-italian-lesson (dated),TEMPLATED
/3Oct-daily-italian-lesson.html,daily-italian-lesson (dated),TEMPLATED
/3Sep-daily-italian-lesson.html,daily-italian-lesson (dated),TEMPLATED
/3french-proverb-a-day.html,proverb-a-day (Nlang),TEMPLATED
/3german-proverb-a-day.html,proverb-a-day (Nlang),TEMPLATED
/3spanish-proverb-a-day.html,proverb-a-day (Nlang),TEMPLATED
/3travel-german.html,travel-word (Ntravel),TEMPLATED
/3travel-spanish.html,travel-word (Ntravel),TEMPLATED
/4.french-word-a-day.html,french-word-a-day (N.),TEMPLATED
/4.german-word-a-day.html,german-word-a-day (N.),TEMPLATED
/4.html,spanish word-of-day (N.html),TEMPLATED
/4Apr-daily-italian-lesson.html,daily-italian-lesson (dated),TEMPLATED
/4Aug-daily-italian-lesson.html,daily-italian-lesson (dated),TEMPLATED
/4Dec-daily-italian-lesson.html,daily-italian-lesson (dated),TEMPLATED
/4Feb-daily-italian-lesson.html,daily-italian-lesson (dated),TEMPLATED
/4Jan-daily-italian-lesson.html,daily-italian-lesson (dated),TEMPLATED
/4Jul-daily-italian-lesson.html,daily-italian-lesson (dated),TEMPLATED
/4Jun-daily-italian-lesson.html,daily-italian-lesson (dated),TEMPLATED
/4Mar-daily-italian-lesson.html,daily-italian-lesson (dated),TEMPLATED
/4May-daily-italian-lesson.html,daily-italian-lesson (dated),TEMPLATED
/4Nov-daily-italian-lesson.html,daily-italian-lesson (dated),TEMPLATED
/4Oct-daily-italian-lesson.html,daily-italian-lesson (dated),TEMPLATED
/4Sep-daily-italian-lesson.html,daily-italian-lesson (dated),TEMPLATED
/4french-proverb-a-day.html,proverb-a-day (Nlang),TEMPLATED
/4german-proverb-a-day.html,proverb-a-day (Nlang),TEMPLATED
/4spanish-proverb-a-day.html,proverb-a-day (Nlang),TEMPLATED
/4travel-german.html,travel-word (Ntravel),TEMPLATED
/4travel-spanish.html,travel-word (Ntravel),TEMPLATED
/5.french-word-a-day.html,french-word-a-day (N.),TEMPLATED
/5.german-word-a-day.html,german-word-a-day (N.),TEMPLATED
/5.html,spanish word-of-day (N.html),TEMPLATED
/5Apr-daily-italian-lesson.html,daily-italian-lesson (dated),TEMPLATED
/5Aug-daily-italian-lesson.html,daily-italian-lesson (dated),TEMPLATED
/5Dec-daily-italian-lesson.html,daily-italian-lesson (dated),TEMPLATED
/5Feb-daily-italian-lesson.html,daily-italian-lesson (dated),TEMPLATED
/5Jan-daily-italian-lesson.html,daily-italian-lesson (dated),TEMPLATED
/5Jul-daily-italian-lesson.html,daily-italian-lesson (dated),TEMPLATED
/5Jun-daily-italian-lesson.html,daily-italian-lesson (dated),TEMPLATED
/5Mar-daily-italian-lesson.html,daily-italian-lesson (dated),TEMPLATED
/5May-daily-italian-lesson.html,daily-italian-lesson (dated),TEMPLATED
/5Nov-daily-italian-lesson.html,daily-italian-lesson (dated),TEMPLATED
/5Oct-daily-italian-lesson.html,daily-italian-lesson (dated),TEMPLATED
/5Sep-daily-italian-lesson.html,daily-italian-lesson (dated),TEMPLATED
/5french-proverb-a-day.html,proverb-a-day (Nlang),TEMPLATED
/5german-proverb-a-day.html,proverb-a-day (Nlang),TEMPLATED
/5spanish-proverb-a-day.html,proverb-a-day (Nlang),TEMPLATED
/5travel-german.html,travel-word (Ntravel),TEMPLATED
/5travel-spanish.html,travel-word (Ntravel),TEMPLATED
/6.french-word-a-day.html,french-word-a-day (N.),TEMPLATED
/6.german-word-a-day.html,german-word-a-day (N.),TEMPLATED
/6.html,spanish word-of-day (N.html),TEMPLATED
/6Apr-daily-italian-lesson.html,daily-italian-lesson (dated),TEMPLATED
/6Aug-daily-italian-lesson.html,daily-italian-lesson (dated),TEMPLATED
/6Dec-daily-italian-lesson.html,daily-italian-lesson (dated),TEMPLATED
/6Feb-daily-italian-lesson.html,daily-italian-lesson (dated),TEMPLATED
/6Jan-daily-italian-lesson.html,daily-italian-lesson (dated),TEMPLATED
/6Jul-daily-italian-lesson.html,daily-italian-lesson (dated),TEMPLATED
/6Jun-daily-italian-lesson.html,daily-italian-lesson (dated),TEMPLATED
/6Mar-daily-italian-lesson.html,daily-italian-lesson (dated),TEMPLATED
/6May-daily-italian-lesson.html,daily-italian-lesson (dated),TEMPLATED
/6Nov-daily-italian-lesson.html,daily-italian-lesson (dated),TEMPLATED
/6Oct-daily-italian-lesson.html,daily-italian-lesson (dated),TEMPLATED
/6Sep-daily-italian-lesson.html,daily-italian-lesson (dated),TEMPLATED
/6french-proverb-a-day.html,proverb-a-day (Nlang),TEMPLATED
/6german-proverb-a-day.html,proverb-a-day (Nlang),TEMPLATED
/6spanish-proverb-a-day.html,proverb-a-day (Nlang),TEMPLATED
/6travel-german.html,travel-word (Ntravel),TEMPLATED
/6travel-spanish.html,travel-word (Ntravel),TEMPLATED
/7.french-word-a-day.html,french-word-a-day (N.),TEMPLATED
/7.german-word-a-day.html,german-word-a-day (N.),TEMPLATED
/7.html,spanish word-of-day (N.html),TEMPLATED
/7Apr-daily-italian-lesson.html,daily-italian-lesson (dated),TEMPLATED
/7Aug-daily-italian-lesson.html,daily-italian-lesson (dated),TEMPLATED
/7Dec-daily-italian-lesson.html,daily-italian-lesson (dated),TEMPLATED
/7Feb-daily-italian-lesson.html,daily-italian-lesson (dated),TEMPLATED
/7Jan-daily-italian-lesson.html,daily-italian-lesson (dated),TEMPLATED
/7Jul-daily-italian-lesson.html,daily-italian-lesson (dated),TEMPLATED
/7Jun-daily-italian-lesson.html,daily-italian-lesson (dated),TEMPLATED
/7Mar-daily-italian-lesson.html,daily-italian-lesson (dated),TEMPLATED
/7May-daily-italian-lesson.html,daily-italian-lesson (dated),TEMPLATED
/7Nov-daily-italian-lesson.html,daily-italian-lesson (dated),TEMPLATED
/7Oct-daily-italian-lesson.html,daily-italian-lesson (dated),TEMPLATED
/7Sep-daily-italian-lesson.html,daily-italian-lesson (dated),TEMPLATED
/7spanish-proverb-a-day.html,proverb-a-day (Nlang),TEMPLATED
/7travel-german.html,travel-word (Ntravel),TEMPLATED
/7travel-spanish.html,travel-word (Ntravel),TEMPLATED
/8.french-word-a-day.html,french-word-a-day (N.),TEMPLATED
/8.german-word-a-day.html,german-word-a-day (N.),TEMPLATED
/8.html,spanish word-of-day (N.html),TEMPLATED
/8Apr-daily-italian-lesson.html,daily-italian-lesson (dated),TEMPLATED
/8Aug-daily-italian-lesson.html,daily-italian-lesson (dated),TEMPLATED
/8Dec-daily-italian-lesson.html,daily-italian-lesson (dated),TEMPLATED
/8Feb-daily-italian-lesson.html,daily-italian-lesson (dated),TEMPLATED
/8Jan-daily-italian-lesson.html,daily-italian-lesson (dated),TEMPLATED
/8Jul-daily-italian-lesson.html,daily-italian-lesson (dated),TEMPLATED
/8Jun-daily-italian-lesson.html,daily-italian-lesson (dated),TEMPLATED
/8Mar-daily-italian-lesson.html,daily-italian-lesson (dated),TEMPLATED
/8May-daily-italian-lesson.html,daily-italian-lesson (dated),TEMPLATED
/8Nov-daily-italian-lesson.html,daily-italian-lesson (dated),TEMPLATED
/8Oct-daily-italian-lesson.html,daily-italian-lesson (dated),TEMPLATED
/8Sep-daily-italian-lesson.html,daily-italian-lesson (dated),TEMPLATED
/8spanish-proverb-a-day.html,proverb-a-day (Nlang),TEMPLATED
/8travel-german.html,travel-word (Ntravel),TEMPLATED
/8travel-spanish.html,travel-word (Ntravel),TEMPLATED
/9.french-word-a-day.html,french-word-a-day (N.),TEMPLATED
/9.german-word-a-day.html,german-word-a-day (N.),TEMPLATED
/9.html,spanish word-of-day (N.html),TEMPLATED
/9Apr-daily-italian-lesson.html,daily-italian-lesson (dated),TEMPLATED
/9Aug-daily-italian-lesson.html,daily-italian-lesson (dated),TEMPLATED
/9Dec-daily-italian-lesson.html,daily-italian-lesson (dated),TEMPLATED
/9Feb-daily-italian-lesson.html,daily-italian-lesson (dated),TEMPLATED
/9Jan-daily-italian-lesson.html,daily-italian-lesson (dated),TEMPLATED
/9Jul-daily-italian-lesson.html,daily-italian-lesson (dated),TEMPLATED
/9Jun-daily-italian-lesson.html,daily-italian-lesson (dated),TEMPLATED
/9Mar-daily-italian-lesson.html,daily-italian-lesson (dated),TEMPLATED
/9May-daily-italian-lesson.html,daily-italian-lesson (dated),TEMPLATED
/9Nov-daily-italian-lesson.html,daily-italian-lesson (dated),TEMPLATED
/9Oct-daily-italian-lesson.html,daily-italian-lesson (dated),TEMPLATED
/9Sep-daily-italian-lesson.html,daily-italian-lesson (dated),TEMPLATED
/9french-proverb-a-day.html,proverb-a-day (Nlang),TEMPLATED
/9german-proverb-a-day.html,proverb-a-day (Nlang),TEMPLATED
/9spanish-proverb-a-day.html,proverb-a-day (Nlang),TEMPLATED
/9travel-german.html,travel-word (Ntravel),TEMPLATED
/9travel-spanish.html,travel-word (Ntravel),TEMPLATED
/Spanish-sentence-0.html,OTHER / bespoke,bespoke
/Spanish-sentence-1.html,OTHER / bespoke,bespoke
/Spanish-sentence-2.html,OTHER / bespoke,bespoke
/Spanish-sentence-3.html,OTHER / bespoke,bespoke
/Spanish-sentence-4.html,OTHER / bespoke,bespoke
/Spanish-sentence-5.html,OTHER / bespoke,bespoke
/Spanish-sentence-6.html,OTHER / bespoke,bespoke
/TestUpload4-a.html,OTHER / bespoke,bespoke
/Upload-swf-learning-rate-1-movie-2.html,OTHER / bespoke,bespoke
/Upload-swf-learning-rate-1-movie-3.html,OTHER / bespoke,bespoke
/Upload-swf-learning-rate-1-movie.html,OTHER / bespoke,bespoke
/Word-of-Day-JS-link.html,OTHER / bespoke,bespoke
/Worst-Words.html,OTHER / bespoke,bespoke
/about-michel-thomas-polish-accent-and-about-accent-in-general.html,OTHER / bespoke,bespoke
/accelerated-learning.html,OTHER / bespoke,bespoke
/accent-engages-the-minds-of-idealists-only.html,OTHER / bespoke,bespoke
/accent-not-important.html,OTHER / bespoke,bespoke
/accents.html,OTHER / bespoke,bespoke
/alpha.html,OTHER / bespoke,bespoke
/argentine-food.html,OTHER / bespoke,bespoke
/become-fluent.html,OTHER / bespoke,bespoke
/belgian-accent-more-than-french-accent.html,OTHER / bespoke,bespoke
/bird-flu.html,OTHER / bespoke,bespoke
/brilliant-method-with-one-small-catch.html,OTHER / bespoke,bespoke
/building-is-adeilad.html,OTHER / bespoke,bespoke
/cart1.html,OTHER / bespoke,bespoke
/challenge-on-memorization.html,OTHER / bespoke,bespoke
/champs-elysees.html,OTHER / bespoke,bespoke
/chartres.html,OTHER / bespoke,bespoke
/chinese-mandarin.html,OTHER / bespoke,bespoke
/chinese-memory-triggers.html,OTHER / bespoke,bespoke
/circumflex-in-french.html,OTHER / bespoke,bespoke
/colours-in-french.html,OTHER / bespoke,bespoke
/comments-on-the-spanish-version-of-michel-thomas.html,OTHER / bespoke,bespoke
/confirm.html,OTHER / bespoke,bespoke
/contact-us.html,OTHER / bespoke,bespoke
/cross-purposes.html,OTHER / bespoke,bespoke
/csp2DlcbO.html,OTHER / bespoke,bespoke
/cucumber-in-german.html,OTHER / bespoke,bespoke
/daily-french-lesson-code.html,lesson (other),bespoke
/daily-french-lesson.html,lesson (other),bespoke
/daily-german-lesson-code.html,lesson (other),bespoke
/daily-german-lesson.html,lesson (other),bespoke
/daily-italian-lesson-code.html,lesson (other),bespoke
/daily-italian-lesson.html,lesson (other),bespoke
/daily-spanish-lesson-code.html,lesson (other),bespoke
/daily-spanish-lesson.html,lesson (other),bespoke
/daily-spanish-verb.html,verbs/grammar (bespoke),bespoke
/doctor.html,OTHER / bespoke,bespoke
/e-flashcardz.html,course tools,bespoke
/earworms.html,OTHER / bespoke,bespoke
/easter-in-france.html,OTHER / bespoke,bespoke
/ebook-payment-completion.html,course tools,bespoke
/email-confirmation.html,OTHER / bespoke,bespoke
/email-subscription.html,OTHER / bespoke,bespoke
/encyclopedia-britannica.html,OTHER / bespoke,bespoke
/english-accent.html,OTHER / bespoke,bespoke
/enjoy-in-Spanish.html,X-for-word lessons,TEMPLATED-ish
/estar.html,verbs/grammar (bespoke),bespoke
/eurostar.html,OTHER / bespoke,bespoke
/everything-everyone-has-said-is-correct-but-.html,OTHER / bespoke,bespoke
/excelerated-learning.html,OTHER / bespoke,bespoke
/fiesta-de-san-fermin.html,OTHER / bespoke,bespoke
/fifteenth-birthday.html,OTHER / bespoke,bespoke
/flashcard.html,course tools,bespoke
/foreign-service-institute-fsi-french.html,OTHER / bespoke,bespoke
/foreign-service-institute-fsi-german.html,OTHER / bespoke,bespoke
/foreign-service-institute-language-course.html,course landing,bespoke
/frame-template.html,OTHER / bespoke,bespoke
/free-french-lessons.html,lesson (other),bespoke
/free-german-lessons.html,lesson (other),bespoke
/free-spanish-lesson.html,lesson (other),bespoke
/french-bescherelle.html,OTHER / bespoke,bespoke
/french-colours.html,OTHER / bespoke,bespoke
/french-course.html,course landing,bespoke
/french-expression-en-avoir-marre-de.html,OTHER / bespoke,bespoke
/french-flashcard.html,course tools,bespoke
/french-football.html,OTHER / bespoke,bespoke
/french-for-acknowledge.html,X-for-word lessons,TEMPLATED-ish
/french-for-advise.html,X-for-word lessons,TEMPLATED-ish
/french-for-agree.html,X-for-word lessons,TEMPLATED-ish
/french-for-also.html,X-for-word lessons,TEMPLATED-ish
/french-for-answer.html,X-for-word lessons,TEMPLATED-ish
/french-for-attribute.html,X-for-word lessons,TEMPLATED-ish
/french-for-authorize.html,X-for-word lessons,TEMPLATED-ish
/french-for-avoid.html,X-for-word lessons,TEMPLATED-ish
/french-for-bandage.html,X-for-word lessons,TEMPLATED-ish
/french-for-beef.html,X-for-word lessons,TEMPLATED-ish
/french-for-bend-courber.html,X-for-word lessons,TEMPLATED-ish
/french-for-betray.html,X-for-word lessons,TEMPLATED-ish
/french-for-bite.html,X-for-word lessons,TEMPLATED-ish
/french-for-blaze.html,X-for-word lessons,TEMPLATED-ish
/french-for-blind.html,X-for-word lessons,TEMPLATED-ish
/french-for-boat.html,X-for-word lessons,TEMPLATED-ish
/french-for-bring-near.html,X-for-word lessons,TEMPLATED-ish
/french-for-bypass.html,X-for-word lessons,TEMPLATED-ish
/french-for-calculate.html,X-for-word lessons,TEMPLATED-ish
/french-for-champion.html,X-for-word lessons,TEMPLATED-ish
/french-for-chew.html,X-for-word lessons,TEMPLATED-ish
/french-for-condemn.html,X-for-word lessons,TEMPLATED-ish
/french-for-contest.html,X-for-word lessons,TEMPLATED-ish
/french-for-control.html,X-for-word lessons,TEMPLATED-ish
/french-for-convene.html,X-for-word lessons,TEMPLATED-ish
/french-for-cork.html,X-for-word lessons,TEMPLATED-ish
/french-for-corrupt.html,X-for-word lessons,TEMPLATED-ish
/french-for-counteract.html,X-for-word lessons,TEMPLATED-ish
/french-for-crush-atterrer.html,X-for-word lessons,TEMPLATED-ish
/french-for-crush.html,X-for-word lessons,TEMPLATED-ish
/french-for-cut.html,X-for-word lessons,TEMPLATED-ish
/french-for-decorate.html,X-for-word lessons,TEMPLATED-ish
/french-for-delight.html,X-for-word lessons,TEMPLATED-ish
/french-for-demonstrate.html,X-for-word lessons,TEMPLATED-ish
/french-for-dirty.html,X-for-word lessons,TEMPLATED-ish
/french-for-divert.html,X-for-word lessons,TEMPLATED-ish
/french-for-drag.html,X-for-word lessons,TEMPLATED-ish
/french-for-duck-is-le-canard-.html,X-for-word lessons,TEMPLATED-ish
/french-for-emerge.html,X-for-word lessons,TEMPLATED-ish
/french-for-estimate.html,X-for-word lessons,TEMPLATED-ish
/french-for-explode.html,X-for-word lessons,TEMPLATED-ish
/french-for-fight.html,X-for-word lessons,TEMPLATED-ish
/french-for-fill.html,X-for-word lessons,TEMPLATED-ish
/french-for-finish.html,X-for-word lessons,TEMPLATED-ish
/french-for-flatten.html,X-for-word lessons,TEMPLATED-ish
/french-for-fly-is-la-mouche-.html,X-for-word lessons,TEMPLATED-ish
/french-for-fulfill.html,X-for-word lessons,TEMPLATED-ish
/french-for-gash.html,X-for-word lessons,TEMPLATED-ish
/french-for-go-bad.html,X-for-word lessons,TEMPLATED-ish
/french-for-groan.html,X-for-word lessons,TEMPLATED-ish
/french-for-grow-pale.html,X-for-word lessons,TEMPLATED-ish
/french-for-gulp.html,X-for-word lessons,TEMPLATED-ish
/french-for-hoot.html,X-for-word lessons,TEMPLATED-ish
/french-for-incline.html,X-for-word lessons,TEMPLATED-ish
/french-for-inundate.html,X-for-word lessons,TEMPLATED-ish
/french-for-invade.html,X-for-word lessons,TEMPLATED-ish
/french-for-jeer.html,X-for-word lessons,TEMPLATED-ish
/french-for-lay-eggs.html,X-for-word lessons,TEMPLATED-ish
/french-for-lay.html,X-for-word lessons,TEMPLATED-ish
/french-for-lean-adosser.html,X-for-word lessons,TEMPLATED-ish
/french-for-lean-appuyer.html,X-for-word lessons,TEMPLATED-ish
/french-for-lighten.html,X-for-word lessons,TEMPLATED-ish
/french-for-lull.html,X-for-word lessons,TEMPLATED-ish
/french-for-make-angry.html,X-for-word lessons,TEMPLATED-ish
/french-for-make-up.html,X-for-word lessons,TEMPLATED-ish
/french-for-melt.html,X-for-word lessons,TEMPLATED-ish
/french-for-mislead.html,X-for-word lessons,TEMPLATED-ish
/french-for-moan.html,X-for-word lessons,TEMPLATED-ish
/french-for-notice.html,X-for-word lessons,TEMPLATED-ish
/french-for-pea.html,X-for-word lessons,TEMPLATED-ish
/french-for-praise.html,X-for-word lessons,TEMPLATED-ish
/french-for-provoke.html,X-for-word lessons,TEMPLATED-ish
/french-for-pump-up.html,X-for-word lessons,TEMPLATED-ish
/french-for-put-up.html,X-for-word lessons,TEMPLATED-ish
/french-for-raise.html,X-for-word lessons,TEMPLATED-ish
/french-for-read.html,X-for-word lessons,TEMPLATED-ish
/french-for-reap.html,X-for-word lessons,TEMPLATED-ish
/french-for-revive.html,X-for-word lessons,TEMPLATED-ish
/french-for-rot.html,X-for-word lessons,TEMPLATED-ish
/french-for-sausage.html,X-for-word lessons,TEMPLATED-ish
/french-for-save-up.html,X-for-word lessons,TEMPLATED-ish
/french-for-search.html,X-for-word lessons,TEMPLATED-ish
/french-for-seize.html,X-for-word lessons,TEMPLATED-ish
/french-for-sell-off.html,X-for-word lessons,TEMPLATED-ish
/french-for-set-up.html,X-for-word lessons,TEMPLATED-ish
/french-for-shiver.html,X-for-word lessons,TEMPLATED-ish
/french-for-shorten.html,X-for-word lessons,TEMPLATED-ish
/french-for-show.html,X-for-word lessons,TEMPLATED-ish
/french-for-shut-up.html,X-for-word lessons,TEMPLATED-ish
/french-for-sigh.html,X-for-word lessons,TEMPLATED-ish
/french-for-slap.html,X-for-word lessons,TEMPLATED-ish
/french-for-smear.html,X-for-word lessons,TEMPLATED-ish
/french-for-spill.html,X-for-word lessons,TEMPLATED-ish
/french-for-spoil.html,X-for-word lessons,TEMPLATED-ish
/french-for-station.html,X-for-word lessons,TEMPLATED-ish
/french-for-steal.html,X-for-word lessons,TEMPLATED-ish
/french-for-stir-up-attiser.html,X-for-word lessons,TEMPLATED-ish
/french-for-stun.html,X-for-word lessons,TEMPLATED-ish
/french-for-succeed-end-up.html,X-for-word lessons,TEMPLATED-ish
/french-for-suffocate.html,X-for-word lessons,TEMPLATED-ish
/french-for-suitcase-is-valise.html,X-for-word lessons,TEMPLATED-ish
/french-for-surround.html,X-for-word lessons,TEMPLATED-ish
/french-for-swim-nager.html,X-for-word lessons,TEMPLATED-ish
/french-for-take-away.html,X-for-word lessons,TEMPLATED-ish
/french-for-tell.html,X-for-word lessons,TEMPLATED-ish
/french-for-ticket.html,X-for-word lessons,TEMPLATED-ish
/french-for-tilt-pencher.html,X-for-word lessons,TEMPLATED-ish
/french-for-topple.html,X-for-word lessons,TEMPLATED-ish
/french-for-treat.html,X-for-word lessons,TEMPLATED-ish
/french-for-tuck.html,X-for-word lessons,TEMPLATED-ish
/french-for-wait-for.html,X-for-word lessons,TEMPLATED-ish
/french-for-wardrobe-is-une-armoire.html,X-for-word lessons,TEMPLATED-ish
/french-for-water.html,X-for-word lessons,TEMPLATED-ish
/french-for-weaken.html,X-for-word lessons,TEMPLATED-ish
/french-for-wrestle.html,X-for-word lessons,TEMPLATED-ish
/french-heat.html,OTHER / bespoke,bespoke
/french-idiom-affaire.html,OTHER / bespoke,bespoke
/french-idioms-using-air.html,OTHER / bespoke,bespoke
/french-idioms.html,OTHER / bespoke,bespoke
/french-in-action.html,OTHER / bespoke,bespoke
/french-language-school.html,OTHER / bespoke,bespoke
/french-lesson-dialogue-1.html,lesson (other),bespoke
/french-lesson-dialogue-10.html,lesson (other),bespoke
/french-lesson-dialogue-2.html,lesson (other),bespoke
/french-lesson-dialogue-20.html,lesson (other),bespoke
/french-lesson-dialogues.html,lesson (other),bespoke
/french-lesson-list.html,lesson (other),bespoke
/french-memory-trigger.html,OTHER / bespoke,bespoke
/french-menu.html,OTHER / bespoke,bespoke
/french-newsletter-subscription.html,OTHER / bespoke,bespoke
/french-newsletter-thanks.html,OTHER / bespoke,bespoke
/french-newsletter.html,OTHER / bespoke,bespoke
/french-order-page.html,OTHER / bespoke,bespoke
/french-pics.html,course tools,bespoke
/french-pronunciation-guide.html,OTHER / bespoke,bespoke
/french-proverb-of-the-day.html,proverb (other),bespoke
/french-proverb.html,proverb (other),bespoke
/french-rugby.html,OTHER / bespoke,bespoke
/french-sentences.html,course tools,bespoke
/french-tips.html,OTHER / bespoke,bespoke
/french-travel-word.html,OTHER / bespoke,bespoke
/french-verb-aboyer.html,verb-conjugation (lang-verb-X),TEMPLATED
/french-verb-abrutir.html,verb-conjugation (lang-verb-X),TEMPLATED
/french-verb-acheter.html,verb-conjugation (lang-verb-X),TEMPLATED
/french-verb-achever.html,verb-conjugation (lang-verb-X),TEMPLATED
/french-verb-admettre.html,verb-conjugation (lang-verb-X),TEMPLATED
/french-verb-advenir.html,verb-conjugation (lang-verb-X),TEMPLATED
/french-verb-agir.html,verb-conjugation (lang-verb-X),TEMPLATED
/french-verb-aller.html,verb-conjugation (lang-verb-X),TEMPLATED
/french-verb-amener.html,verb-conjugation (lang-verb-X),TEMPLATED
/french-verb-amplifier.html,verb-conjugation (lang-verb-X),TEMPLATED
/french-verb-apitoyer.html,verb-conjugation (lang-verb-X),TEMPLATED
/french-verb-apprendre.html,verb-conjugation (lang-verb-X),TEMPLATED
/french-verb-astreindre.html,verb-conjugation (lang-verb-X),TEMPLATED
/french-verb-atteler.html,verb-conjugation (lang-verb-X),TEMPLATED
/french-verb-attendrir.html,verb-conjugation (lang-verb-X),TEMPLATED
/french-verb-avoir.html,verb-conjugation (lang-verb-X),TEMPLATED
/french-verb-balancer.html,verb-conjugation (lang-verb-X),TEMPLATED
/french-verb-balayer.html,verb-conjugation (lang-verb-X),TEMPLATED
/french-verb-baliser.html,verb-conjugation (lang-verb-X),TEMPLATED
/french-verb-baptiser.html,verb-conjugation (lang-verb-X),TEMPLATED
/french-verb-barrer.html,verb-conjugation (lang-verb-X),TEMPLATED
/french-verb-bazarder.html,verb-conjugation (lang-verb-X),TEMPLATED
/french-verb-begayer.html,verb-conjugation (lang-verb-X),TEMPLATED
/french-verb-bercer.html,verb-conjugation (lang-verb-X),TEMPLATED
/french-verb-blanchir.html,verb-conjugation (lang-verb-X),TEMPLATED
/french-verb-bondir.html,verb-conjugation (lang-verb-X),TEMPLATED
/french-verb-capituler.html,verb-conjugation (lang-verb-X),TEMPLATED
/french-verb-captiver.html,verb-conjugation (lang-verb-X),TEMPLATED
/french-verb-capturer.html,verb-conjugation (lang-verb-X),TEMPLATED
/french-verb-caracteriser.html,verb-conjugation (lang-verb-X),TEMPLATED
/french-verb-carboniser.html,verb-conjugation (lang-verb-X),TEMPLATED
/french-verb-caresser.html,verb-conjugation (lang-verb-X),TEMPLATED
/french-verb-carotter.html,verb-conjugation (lang-verb-X),TEMPLATED
/french-verb-cartonner.html,verb-conjugation (lang-verb-X),TEMPLATED
/french-verb-casser.html,verb-conjugation (lang-verb-X),TEMPLATED
/french-verb-causer.html,verb-conjugation (lang-verb-X),TEMPLATED
/french-verb-cautionner.html,verb-conjugation (lang-verb-X),TEMPLATED
/french-verb-cavaler.html,verb-conjugation (lang-verb-X),TEMPLATED
/french-verb-ceinturer.html,verb-conjugation (lang-verb-X),TEMPLATED
/french-verb-celebrer.html,verb-conjugation (lang-verb-X),TEMPLATED
/french-verb-celer.html,verb-conjugation (lang-verb-X),TEMPLATED
/french-verb-censurer.html,verb-conjugation (lang-verb-X),TEMPLATED
/french-verb-centupler.html,verb-conjugation (lang-verb-X),TEMPLATED
/french-verb-cerner.html,verb-conjugation (lang-verb-X),TEMPLATED
/french-verb-chamailler.html,verb-conjugation (lang-verb-X),TEMPLATED
/french-verb-chambouler.html,verb-conjugation (lang-verb-X),TEMPLATED
/french-verb-changer.html,verb-conjugation (lang-verb-X),TEMPLATED
/french-verb-charmer.html,verb-conjugation (lang-verb-X),TEMPLATED
/french-verb-chatouiller.html,verb-conjugation (lang-verb-X),TEMPLATED
/french-verb-chauffer.html,verb-conjugation (lang-verb-X),TEMPLATED
/french-verb-chevaucher.html,verb-conjugation (lang-verb-X),TEMPLATED
/french-verb-chiffonner.html,verb-conjugation (lang-verb-X),TEMPLATED
/french-verb-chiffrer.html,verb-conjugation (lang-verb-X),TEMPLATED
/french-verb-choper.html,verb-conjugation (lang-verb-X),TEMPLATED
/french-verb-choquer.html,verb-conjugation (lang-verb-X),TEMPLATED
/french-verb-chuter.html,verb-conjugation (lang-verb-X),TEMPLATED
/french-verb-cicatriser.html,verb-conjugation (lang-verb-X),TEMPLATED
/french-verb-cirer.html,verb-conjugation (lang-verb-X),TEMPLATED
/french-verb-citer.html,verb-conjugation (lang-verb-X),TEMPLATED
/french-verb-claquer.html,verb-conjugation (lang-verb-X),TEMPLATED
/french-verb-classer.html,verb-conjugation (lang-verb-X),TEMPLATED
/french-verb-cloitrer.html,verb-conjugation (lang-verb-X),TEMPLATED
/french-verb-cocher.html,verb-conjugation (lang-verb-X),TEMPLATED
/french-verb-cocufier.html,verb-conjugation (lang-verb-X),TEMPLATED
/french-verb-coffrer.html,verb-conjugation (lang-verb-X),TEMPLATED
/french-verb-cogner.html,verb-conjugation (lang-verb-X),TEMPLATED
/french-verb-collectionner.html,verb-conjugation (lang-verb-X),TEMPLATED
/french-verb-coller.html,verb-conjugation (lang-verb-X),TEMPLATED
/french-verb-colorer.html,verb-conjugation (lang-verb-X),TEMPLATED
/french-verb-colorier.html,verb-conjugation (lang-verb-X),TEMPLATED
/french-verb-colporter.html,verb-conjugation (lang-verb-X),TEMPLATED
/french-verb-completer.html,verb-conjugation (lang-verb-X),TEMPLATED
/french-verb-comprendre.html,verb-conjugation (lang-verb-X),TEMPLATED
/french-verb-concevoir.html,verb-conjugation (lang-verb-X),TEMPLATED
/french-verb-conclure.html,verb-conjugation (lang-verb-X),TEMPLATED
/french-verb-confirmer.html,verb-conjugation (lang-verb-X),TEMPLATED
/french-verb-confondre.html,verb-conjugation (lang-verb-X),TEMPLATED
/french-verb-confronter.html,verb-conjugation (lang-verb-X),TEMPLATED
/french-verb-congeler.html,verb-conjugation (lang-verb-X),TEMPLATED
/french-verb-conjugation.html,verb-conjugation (lang-verb-X),TEMPLATED
/french-verb-conjuguer.html,verb-conjugation (lang-verb-X),TEMPLATED
/french-verb-conjurer.html,verb-conjugation (lang-verb-X),TEMPLATED
/french-verb-consentir.html,verb-conjugation (lang-verb-X),TEMPLATED
/french-verb-conserver.html,verb-conjugation (lang-verb-X),TEMPLATED
/french-verb-considerer.html,verb-conjugation (lang-verb-X),TEMPLATED
/french-verb-consoler.html,verb-conjugation (lang-verb-X),TEMPLATED
/french-verb-conspirer.html,verb-conjugation (lang-verb-X),TEMPLATED
/french-verb-construire.html,verb-conjugation (lang-verb-X),TEMPLATED
/french-verb-consumer.html,verb-conjugation (lang-verb-X),TEMPLATED
/french-verb-contempler.html,verb-conjugation (lang-verb-X),TEMPLATED
/french-verb-contenir.html,verb-conjugation (lang-verb-X),TEMPLATED
/french-verb-contrecarrer.html,verb-conjugation (lang-verb-X),TEMPLATED
/french-verb-corrompre.html,verb-conjugation (lang-verb-X),TEMPLATED
/french-verb-courtiser.html,verb-conjugation (lang-verb-X),TEMPLATED
/french-verb-couter.html,verb-conjugation (lang-verb-X),TEMPLATED
/french-verb-couver.html,verb-conjugation (lang-verb-X),TEMPLATED
/french-verb-couvrir.html,verb-conjugation (lang-verb-X),TEMPLATED
/french-verb-crayonner.html,verb-conjugation (lang-verb-X),TEMPLATED
/french-verb-creuser.html,verb-conjugation (lang-verb-X),TEMPLATED
/french-verb-crever.html,verb-conjugation (lang-verb-X),TEMPLATED
/french-verb-crisper.html,verb-conjugation (lang-verb-X),TEMPLATED
/french-verb-croquer.html,verb-conjugation (lang-verb-X),TEMPLATED
/french-verb-croustiller.html,verb-conjugation (lang-verb-X),TEMPLATED
/french-verb-culbuter.html,verb-conjugation (lang-verb-X),TEMPLATED
/french-verb-cureter.html,verb-conjugation (lang-verb-X),TEMPLATED
/french-verb-debarquer.html,verb-conjugation (lang-verb-X),TEMPLATED
/french-verb-debiter.html,verb-conjugation (lang-verb-X),TEMPLATED
/french-verb-debloquer.html,verb-conjugation (lang-verb-X),TEMPLATED
/french-verb-deboiser.html,verb-conjugation (lang-verb-X),TEMPLATED
/french-verb-deboiter.html,verb-conjugation (lang-verb-X),TEMPLATED
/french-verb-debrouiller.html,verb-conjugation (lang-verb-X),TEMPLATED
/french-verb-decevoir.html,verb-conjugation (lang-verb-X),TEMPLATED
/french-verb-decourager.html,verb-conjugation (lang-verb-X),TEMPLATED
/french-verb-decouvrir.html,verb-conjugation (lang-verb-X),TEMPLATED
/french-verb-dedier.html,verb-conjugation (lang-verb-X),TEMPLATED
/french-verb-delayer.html,verb-conjugation (lang-verb-X),TEMPLATED
/french-verb-demanteler.html,verb-conjugation (lang-verb-X),TEMPLATED
/french-verb-demettre.html,verb-conjugation (lang-verb-X),TEMPLATED
/french-verb-denoyer.html,verb-conjugation (lang-verb-X),TEMPLATED
/french-verb-deperir.html,verb-conjugation (lang-verb-X),TEMPLATED
/french-verb-deranger.html,verb-conjugation (lang-verb-X),TEMPLATED
/french-verb-deteindre.html,verb-conjugation (lang-verb-X),TEMPLATED
/french-verb-detendre.html,verb-conjugation (lang-verb-X),TEMPLATED
/french-verb-deviner.html,verb-conjugation (lang-verb-X),TEMPLATED
/french-verb-devoir.html,verb-conjugation (lang-verb-X),TEMPLATED
/french-verb-dire.html,verb-conjugation (lang-verb-X),TEMPLATED
/french-verb-diriger.html,verb-conjugation (lang-verb-X),TEMPLATED
/french-verb-echanger.html,verb-conjugation (lang-verb-X),TEMPLATED
/french-verb-echouer.html,verb-conjugation (lang-verb-X),TEMPLATED
/french-verb-effacer.html,verb-conjugation (lang-verb-X),TEMPLATED
/french-verb-effrayer.html,verb-conjugation (lang-verb-X),TEMPLATED
/french-verb-elire.html,verb-conjugation (lang-verb-X),TEMPLATED
/french-verb-embrayer.html,verb-conjugation (lang-verb-X),TEMPLATED
/french-verb-emmener.html,verb-conjugation (lang-verb-X),TEMPLATED
/french-verb-enfoncer.html,verb-conjugation (lang-verb-X),TEMPLATED
/french-verb-enrayer.html,verb-conjugation (lang-verb-X),TEMPLATED
/french-verb-enseigner.html,verb-conjugation (lang-verb-X),TEMPLATED
/french-verb-ensorceler.html,verb-conjugation (lang-verb-X),TEMPLATED
/french-verb-entendre.html,verb-conjugation (lang-verb-X),TEMPLATED
/french-verb-entreprendre.html,verb-conjugation (lang-verb-X),TEMPLATED
/french-verb-entrouvrir.html,verb-conjugation (lang-verb-X),TEMPLATED
/french-verb-etablir.html,verb-conjugation (lang-verb-X),TEMPLATED
/french-verb-eteindre.html,verb-conjugation (lang-verb-X),TEMPLATED
/french-verb-etendre.html,verb-conjugation (lang-verb-X),TEMPLATED
/french-verb-etre.html,verb-conjugation (lang-verb-X),TEMPLATED
/french-verb-evanouir.html,verb-conjugation (lang-verb-X),TEMPLATED
/french-verb-eviter.html,verb-conjugation (lang-verb-X),TEMPLATED
/french-verb-evoluer.html,verb-conjugation (lang-verb-X),TEMPLATED
/french-verb-exiger.html,verb-conjugation (lang-verb-X),TEMPLATED
/french-verb-expliquer.html,verb-conjugation (lang-verb-X),TEMPLATED
/french-verb-faire.html,verb-conjugation (lang-verb-X),TEMPLATED
/french-verb-fendre.html,verb-conjugation (lang-verb-X),TEMPLATED
/french-verb-fesser.html,verb-conjugation (lang-verb-X),TEMPLATED
/french-verb-feter.html,verb-conjugation (lang-verb-X),TEMPLATED
/french-verb-flamboyer.html,verb-conjugation (lang-verb-X),TEMPLATED
/french-verb-foncer.html,verb-conjugation (lang-verb-X),TEMPLATED
/french-verb-geler.html,verb-conjugation (lang-verb-X),TEMPLATED
/french-verb-grandir.html,verb-conjugation (lang-verb-X),TEMPLATED
/french-verb-grever.html,verb-conjugation (lang-verb-X),TEMPLATED
/french-verb-grommeler.html,verb-conjugation (lang-verb-X),TEMPLATED
/french-verb-guerir.html,verb-conjugation (lang-verb-X),TEMPLATED
/french-verb-habiller.html,verb-conjugation (lang-verb-X),TEMPLATED
/french-verb-hoqueter.html,verb-conjugation (lang-verb-X),TEMPLATED
/french-verb-informer.html,verb-conjugation (lang-verb-X),TEMPLATED
/french-verb-inquieter.html,verb-conjugation (lang-verb-X),TEMPLATED
/french-verb-instruire.html,verb-conjugation (lang-verb-X),TEMPLATED
/french-verb-interdire.html,verb-conjugation (lang-verb-X),TEMPLATED
/french-verb-lier.html,verb-conjugation (lang-verb-X),TEMPLATED
/french-verb-lower-baisser.html,verb-conjugation (lang-verb-X),TEMPLATED
/french-verb-luire.html,verb-conjugation (lang-verb-X),TEMPLATED
/french-verb-maintenir.html,verb-conjugation (lang-verb-X),TEMPLATED
/french-verb-menacer.html,verb-conjugation (lang-verb-X),TEMPLATED
/french-verb-mendier.html,verb-conjugation (lang-verb-X),TEMPLATED
/french-verb-mener.html,verb-conjugation (lang-verb-X),TEMPLATED
/french-verb-mentir.html,verb-conjugation (lang-verb-X),TEMPLATED
/french-verb-mettre.html,verb-conjugation (lang-verb-X),TEMPLATED
/french-verb-museler.html,verb-conjugation (lang-verb-X),TEMPLATED
/french-verb-noyer.html,verb-conjugation (lang-verb-X),TEMPLATED
/french-verb-offrir.html,verb-conjugation (lang-verb-X),TEMPLATED
/french-verb-omettre.html,verb-conjugation (lang-verb-X),TEMPLATED
/french-verb-ondoyer.html,verb-conjugation (lang-verb-X),TEMPLATED
/french-verb-ouvrir.html,verb-conjugation (lang-verb-X),TEMPLATED
/french-verb-pagayer.html,verb-conjugation (lang-verb-X),TEMPLATED
/french-verb-parier-sur.html,verb-conjugation (lang-verb-X),TEMPLATED
/french-verb-parsemer.html,verb-conjugation (lang-verb-X),TEMPLATED
/french-verb-partir.html,verb-conjugation (lang-verb-X),TEMPLATED
/french-verb-payer.html,verb-conjugation (lang-verb-X),TEMPLATED
/french-verb-pecher.html,verb-conjugation (lang-verb-X),TEMPLATED
/french-verb-peindre.html,verb-conjugation (lang-verb-X),TEMPLATED
/french-verb-peler.html,verb-conjugation (lang-verb-X),TEMPLATED
/french-verb-pendre.html,verb-conjugation (lang-verb-X),TEMPLATED
/french-verb-percevoir.html,verb-conjugation (lang-verb-X),TEMPLATED
/french-verb-pincer.html,verb-conjugation (lang-verb-X),TEMPLATED
/french-verb-posseder.html,verb-conjugation (lang-verb-X),TEMPLATED
/french-verb-pouvoir.html,verb-conjugation (lang-verb-X),TEMPLATED
/french-verb-prendre.html,verb-conjugation (lang-verb-X),TEMPLATED
/french-verb-pretendre.html,verb-conjugation (lang-verb-X),TEMPLATED
/french-verb-produire.html,verb-conjugation (lang-verb-X),TEMPLATED
/french-verb-promettre.html,verb-conjugation (lang-verb-X),TEMPLATED
/french-verb-punir.html,verb-conjugation (lang-verb-X),TEMPLATED
/french-verb-rabaisser.html,verb-conjugation (lang-verb-X),TEMPLATED
/french-verb-rajeunir.html,verb-conjugation (lang-verb-X),TEMPLATED
/french-verb-ramener.html,verb-conjugation (lang-verb-X),TEMPLATED
/french-verb-rappeler.html,verb-conjugation (lang-verb-X),TEMPLATED
/french-verb-reapprendre.html,verb-conjugation (lang-verb-X),TEMPLATED
/french-verb-recevoir.html,verb-conjugation (lang-verb-X),TEMPLATED
/french-verb-reconduire.html,verb-conjugation (lang-verb-X),TEMPLATED
/french-verb-regner.html,verb-conjugation (lang-verb-X),TEMPLATED
/french-verb-remmener.html,verb-conjugation (lang-verb-X),TEMPLATED
/french-verb-remplacer.html,verb-conjugation (lang-verb-X),TEMPLATED
/french-verb-repartir.html,verb-conjugation (lang-verb-X),TEMPLATED
/french-verb-repeter.html,verb-conjugation (lang-verb-X),TEMPLATED
/french-verb-replier.html,verb-conjugation (lang-verb-X),TEMPLATED
/french-verb-restreindre.html,verb-conjugation (lang-verb-X),TEMPLATED
/french-verb-rompre.html,verb-conjugation (lang-verb-X),TEMPLATED
/french-verb-ronger.html,verb-conjugation (lang-verb-X),TEMPLATED
/french-verb-s-amuser.html,verb-conjugation (lang-verb-X),TEMPLATED
/french-verb-saboter.html,verb-conjugation (lang-verb-X),TEMPLATED
/french-verb-sabrer.html,verb-conjugation (lang-verb-X),TEMPLATED
/french-verb-sautiller.html,verb-conjugation (lang-verb-X),TEMPLATED
/french-verb-sauver.html,verb-conjugation (lang-verb-X),TEMPLATED
/french-verb-savourer.html,verb-conjugation (lang-verb-X),TEMPLATED
/french-verb-sceller.html,verb-conjugation (lang-verb-X),TEMPLATED
/french-verb-scintiller.html,verb-conjugation (lang-verb-X),TEMPLATED
/french-verb-scolariser.html,verb-conjugation (lang-verb-X),TEMPLATED
/french-verb-se-abimer.html,verb-conjugation (lang-verb-X),TEMPLATED
/french-verb-se-accuser.html,verb-conjugation (lang-verb-X),TEMPLATED
/french-verb-se-approprier.html,verb-conjugation (lang-verb-X),TEMPLATED
/french-verb-se-brancher.html,verb-conjugation (lang-verb-X),TEMPLATED
/french-verb-se-calmer.html,verb-conjugation (lang-verb-X),TEMPLATED
/french-verb-se-confirmer.html,verb-conjugation (lang-verb-X),TEMPLATED
/french-verb-se-delasser.html,verb-conjugation (lang-verb-X),TEMPLATED
/french-verb-se-delier.html,verb-conjugation (lang-verb-X),TEMPLATED
/french-verb-se-disputer.html,verb-conjugation (lang-verb-X),TEMPLATED
/french-verb-se-ecrier.html,verb-conjugation (lang-verb-X),TEMPLATED
/french-verb-se-elargir.html,verb-conjugation (lang-verb-X),TEMPLATED
/french-verb-se-emmeler.html,verb-conjugation (lang-verb-X),TEMPLATED
/french-verb-se-empresser.html,verb-conjugation (lang-verb-X),TEMPLATED
/french-verb-se-fortifier.html,verb-conjugation (lang-verb-X),TEMPLATED
/french-verb-se-gouverner.html,verb-conjugation (lang-verb-X),TEMPLATED
/french-verb-se-illuminer.html,verb-conjugation (lang-verb-X),TEMPLATED
/french-verb-se-oublier.html,verb-conjugation (lang-verb-X),TEMPLATED
/french-verb-se-petrifier.html,verb-conjugation (lang-verb-X),TEMPLATED
/french-verb-se-raser.html,verb-conjugation (lang-verb-X),TEMPLATED
/french-verb-se-remuer.html,verb-conjugation (lang-verb-X),TEMPLATED
/french-verb-se-reposer.html,verb-conjugation (lang-verb-X),TEMPLATED
/french-verb-se-retablir.html,verb-conjugation (lang-verb-X),TEMPLATED
/french-verb-se-simplifier.html,verb-conjugation (lang-verb-X),TEMPLATED
/french-verb-se-taquiner.html,verb-conjugation (lang-verb-X),TEMPLATED
/french-verb-se-trouver.html,verb-conjugation (lang-verb-X),TEMPLATED
/french-verb-secouer.html,verb-conjugation (lang-verb-X),TEMPLATED
/french-verb-segmenter.html,verb-conjugation (lang-verb-X),TEMPLATED
/french-verb-sejourner.html,verb-conjugation (lang-verb-X),TEMPLATED
/french-verb-selectionner.html,verb-conjugation (lang-verb-X),TEMPLATED
/french-verb-seller.html,verb-conjugation (lang-verb-X),TEMPLATED
/french-verb-sembler.html,verb-conjugation (lang-verb-X),TEMPLATED
/french-verb-sentir.html,verb-conjugation (lang-verb-X),TEMPLATED
/french-verb-sevrer.html,verb-conjugation (lang-verb-X),TEMPLATED
/french-verb-siffler.html,verb-conjugation (lang-verb-X),TEMPLATED
/french-verb-simuler.html,verb-conjugation (lang-verb-X),TEMPLATED
/french-verb-siroter.html,verb-conjugation (lang-verb-X),TEMPLATED
/french-verb-snober.html,verb-conjugation (lang-verb-X),TEMPLATED
/french-verb-socialiser.html,verb-conjugation (lang-verb-X),TEMPLATED
/french-verb-somnoler.html,verb-conjugation (lang-verb-X),TEMPLATED
/french-verb-sonder.html,verb-conjugation (lang-verb-X),TEMPLATED
/french-verb-soudoyer.html,verb-conjugation (lang-verb-X),TEMPLATED
/french-verb-souffrir.html,verb-conjugation (lang-verb-X),TEMPLATED
/french-verb-souhaiter.html,verb-conjugation (lang-verb-X),TEMPLATED
/french-verb-souiller.html,verb-conjugation (lang-verb-X),TEMPLATED
/french-verb-soulager.html,verb-conjugation (lang-verb-X),TEMPLATED
/french-verb-souligner.html,verb-conjugation (lang-verb-X),TEMPLATED
/french-verb-soupconner.html,verb-conjugation (lang-verb-X),TEMPLATED
/french-verb-sous-estimer.html,verb-conjugation (lang-verb-X),TEMPLATED
/french-verb-sous-evaluer.html,verb-conjugation (lang-verb-X),TEMPLATED
/french-verb-sous-louer.html,verb-conjugation (lang-verb-X),TEMPLATED
/french-verb-sous-titrer.html,verb-conjugation (lang-verb-X),TEMPLATED
/french-verb-sous-traiter.html,verb-conjugation (lang-verb-X),TEMPLATED
/french-verb-soutenir.html,verb-conjugation (lang-verb-X),TEMPLATED
/french-verb-specialiser.html,verb-conjugation (lang-verb-X),TEMPLATED
/french-verb-sprinter.html,verb-conjugation (lang-verb-X),TEMPLATED
/french-verb-stabiliser.html,verb-conjugation (lang-verb-X),TEMPLATED
/french-verb-stagner.html,verb-conjugation (lang-verb-X),TEMPLATED
/french-verb-standardiser.html,verb-conjugation (lang-verb-X),TEMPLATED
/french-verb-stationner.html,verb-conjugation (lang-verb-X),TEMPLATED
/french-verb-statuer.html,verb-conjugation (lang-verb-X),TEMPLATED
/french-verb-steriliser.html,verb-conjugation (lang-verb-X),TEMPLATED
/french-verb-stipuler.html,verb-conjugation (lang-verb-X),TEMPLATED
/french-verb-structurer.html,verb-conjugation (lang-verb-X),TEMPLATED
/french-verb-subdivide-subdiviser.html,verb-conjugation (lang-verb-X),TEMPLATED
/french-verb-subdiviser.html,verb-conjugation (lang-verb-X),TEMPLATED
/french-verb-subordonner.html,verb-conjugation (lang-verb-X),TEMPLATED
/french-verb-subsister.html,verb-conjugation (lang-verb-X),TEMPLATED
/french-verb-subventionner.html,verb-conjugation (lang-verb-X),TEMPLATED
/french-verb-sucrer.html,verb-conjugation (lang-verb-X),TEMPLATED
/french-verb-suer.html,verb-conjugation (lang-verb-X),TEMPLATED
/french-verb-suffoquer.html,verb-conjugation (lang-verb-X),TEMPLATED
/french-verb-superposer.html,verb-conjugation (lang-verb-X),TEMPLATED
/french-verb-superviser.html,verb-conjugation (lang-verb-X),TEMPLATED
/french-verb-suralimenter.html,verb-conjugation (lang-verb-X),TEMPLATED
/french-verb-surchauffer.html,verb-conjugation (lang-verb-X),TEMPLATED
/french-verb-surclasser.html,verb-conjugation (lang-verb-X),TEMPLATED
/french-verb-surentrainer.html,verb-conjugation (lang-verb-X),TEMPLATED
/french-verb-surestimer.html,verb-conjugation (lang-verb-X),TEMPLATED
/french-verb-surevaluer.html,verb-conjugation (lang-verb-X),TEMPLATED
/french-verb-surexciter.html,verb-conjugation (lang-verb-X),TEMPLATED
/french-verb-surexposer.html,verb-conjugation (lang-verb-X),TEMPLATED
/french-verb-surpayer.html,verb-conjugation (lang-verb-X),TEMPLATED
/french-verb-surplomber.html,verb-conjugation (lang-verb-X),TEMPLATED
/french-verb-suspecter.html,verb-conjugation (lang-verb-X),TEMPLATED
/french-verb-suspendre.html,verb-conjugation (lang-verb-X),TEMPLATED
/french-verb-symboliser.html,verb-conjugation (lang-verb-X),TEMPLATED
/french-verb-sympathiser.html,verb-conjugation (lang-verb-X),TEMPLATED
/french-verb-synchroniser.html,verb-conjugation (lang-verb-X),TEMPLATED
/french-verb-syndiquer.html,verb-conjugation (lang-verb-X),TEMPLATED
/french-verb-synthetiser.html,verb-conjugation (lang-verb-X),TEMPLATED
/french-verb-systematiser.html,verb-conjugation (lang-verb-X),TEMPLATED
/french-verb-taper.html,verb-conjugation (lang-verb-X),TEMPLATED
/french-verb-tatouer.html,verb-conjugation (lang-verb-X),TEMPLATED
/french-verb-taveler.html,verb-conjugation (lang-verb-X),TEMPLATED
/french-verb-taxer.html,verb-conjugation (lang-verb-X),TEMPLATED
/french-verb-teinter.html,verb-conjugation (lang-verb-X),TEMPLATED
/french-verb-telephoner.html,verb-conjugation (lang-verb-X),TEMPLATED
/french-verb-televiser.html,verb-conjugation (lang-verb-X),TEMPLATED
/french-verb-temoigner.html,verb-conjugation (lang-verb-X),TEMPLATED
/french-verb-tendre.html,verb-conjugation (lang-verb-X),TEMPLATED
/french-verb-tenir.html,verb-conjugation (lang-verb-X),TEMPLATED
/french-verb-terminer.html,verb-conjugation (lang-verb-X),TEMPLATED
/french-verb-terroriser.html,verb-conjugation (lang-verb-X),TEMPLATED
/french-verb-tilt-basculer.html,verb-conjugation (lang-verb-X),TEMPLATED
/french-verb-timbrer.html,verb-conjugation (lang-verb-X),TEMPLATED
/french-verb-tisser.html,verb-conjugation (lang-verb-X),TEMPLATED
/french-verb-titiller.html,verb-conjugation (lang-verb-X),TEMPLATED
/french-verb-tituber.html,verb-conjugation (lang-verb-X),TEMPLATED
/french-verb-toaster.html,verb-conjugation (lang-verb-X),TEMPLATED
/french-verb-toiletter.html,verb-conjugation (lang-verb-X),TEMPLATED
/french-verb-tondre.html,verb-conjugation (lang-verb-X),TEMPLATED
/french-verb-tordre.html,verb-conjugation (lang-verb-X),TEMPLATED
/french-verb-totaliser.html,verb-conjugation (lang-verb-X),TEMPLATED
/french-verb-touiller.html,verb-conjugation (lang-verb-X),TEMPLATED
/french-verb-tourmenter.html,verb-conjugation (lang-verb-X),TEMPLATED
/french-verb-tousser.html,verb-conjugation (lang-verb-X),TEMPLATED
/french-verb-tranquilliser.html,verb-conjugation (lang-verb-X),TEMPLATED
/french-verb-transcender.html,verb-conjugation (lang-verb-X),TEMPLATED
/french-verb-transfuser.html,verb-conjugation (lang-verb-X),TEMPLATED
/french-verb-transgresser.html,verb-conjugation (lang-verb-X),TEMPLATED
/french-verb-transporter.html,verb-conjugation (lang-verb-X),TEMPLATED
/french-verb-transposer.html,verb-conjugation (lang-verb-X),TEMPLATED
/french-verb-transvaser.html,verb-conjugation (lang-verb-X),TEMPLATED
/french-verb-traumatiser.html,verb-conjugation (lang-verb-X),TEMPLATED
/french-verb-travailler.html,verb-conjugation (lang-verb-X),TEMPLATED
/french-verb-traverser.html,verb-conjugation (lang-verb-X),TEMPLATED
/french-verb-travestir.html,verb-conjugation (lang-verb-X),TEMPLATED
/french-verb-trebucher.html,verb-conjugation (lang-verb-X),TEMPLATED
/french-verb-trembler.html,verb-conjugation (lang-verb-X),TEMPLATED
/french-verb-tremper.html,verb-conjugation (lang-verb-X),TEMPLATED
/french-verb-tresser.html,verb-conjugation (lang-verb-X),TEMPLATED
/french-verb-tricher.html,verb-conjugation (lang-verb-X),TEMPLATED
/french-verb-tricoter.html,verb-conjugation (lang-verb-X),TEMPLATED
/french-verb-triompher.html,verb-conjugation (lang-verb-X),TEMPLATED
/french-verb-tronquer.html,verb-conjugation (lang-verb-X),TEMPLATED
/french-verb-troubler.html,verb-conjugation (lang-verb-X),TEMPLATED
/french-verb-trouver.html,verb-conjugation (lang-verb-X),TEMPLATED
/french-verb-tuer.html,verb-conjugation (lang-verb-X),TEMPLATED
/french-verb-tutoyer.html,verb-conjugation (lang-verb-X),TEMPLATED
/french-verb-tyranniser.html,verb-conjugation (lang-verb-X),TEMPLATED
/french-verb-universaliser.html,verb-conjugation (lang-verb-X),TEMPLATED
/french-verb-usurper.html,verb-conjugation (lang-verb-X),TEMPLATED
/french-verb-utiliser.html,verb-conjugation (lang-verb-X),TEMPLATED
/french-verb-vacciner.html,verb-conjugation (lang-verb-X),TEMPLATED
/french-verb-vaciller.html,verb-conjugation (lang-verb-X),TEMPLATED
/french-verb-vagabonder.html,verb-conjugation (lang-verb-X),TEMPLATED
/french-verb-valider.html,verb-conjugation (lang-verb-X),TEMPLATED
/french-verb-vanter.html,verb-conjugation (lang-verb-X),TEMPLATED
/french-verb-vaporiser.html,verb-conjugation (lang-verb-X),TEMPLATED
/french-verb-vehiculer.html,verb-conjugation (lang-verb-X),TEMPLATED
/french-verb-venger.html,verb-conjugation (lang-verb-X),TEMPLATED
/french-verb-venir.html,verb-conjugation (lang-verb-X),TEMPLATED
/french-verb-ventiler.html,verb-conjugation (lang-verb-X),TEMPLATED
/french-verb-verser.html,verb-conjugation (lang-verb-X),TEMPLATED
/french-verb-vexer.html,verb-conjugation (lang-verb-X),TEMPLATED
/french-verb-vibrer.html,verb-conjugation (lang-verb-X),TEMPLATED
/french-verb-visionner.html,verb-conjugation (lang-verb-X),TEMPLATED
/french-verb-visiter.html,verb-conjugation (lang-verb-X),TEMPLATED
/french-verb-visualiser.html,verb-conjugation (lang-verb-X),TEMPLATED
/french-verb-voguer.html,verb-conjugation (lang-verb-X),TEMPLATED
/french-verb-voler.html,verb-conjugation (lang-verb-X),TEMPLATED
/french-verb-vomir.html,verb-conjugation (lang-verb-X),TEMPLATED
/french-verb-vouloir.html,verb-conjugation (lang-verb-X),TEMPLATED
/french-verb-zigzaguer.html,verb-conjugation (lang-verb-X),TEMPLATED
/french-verb-zozoter.html,verb-conjugation (lang-verb-X),TEMPLATED
/french-vocab-turbobooster.html,course tools,bespoke
/french-word-carbone.html,OTHER / bespoke,bespoke
/french-word-condamnation.html,OTHER / bespoke,bespoke
/french-word-diabete.html,OTHER / bespoke,bespoke
/french-word-flou.html,OTHER / bespoke,bespoke
/french-word-lache.html,OTHER / bespoke,bespoke
/french-word-of-the-day.html,word-of-day (other),bespoke
/french-word-potele.html,OTHER / bespoke,bespoke
/french-word-preservatif.html,OTHER / bespoke,bespoke
/french.html,OTHER / bespoke,bespoke
/fsi-french-01.html,OTHER / bespoke,bespoke
/fsi-french-02.html,OTHER / bespoke,bespoke
/fsi-french-03.html,OTHER / bespoke,bespoke
/fsi-french-04.html,OTHER / bespoke,bespoke
/fsi-french-05.html,OTHER / bespoke,bespoke
/fsi-french-06.html,OTHER / bespoke,bespoke
/fsi-french-07.html,OTHER / bespoke,bespoke
/fsi-french-08.html,OTHER / bespoke,bespoke
/fsi-french-09.html,OTHER / bespoke,bespoke
/fsi-french-10.html,OTHER / bespoke,bespoke
/fsi-french-11.html,OTHER / bespoke,bespoke
/fsi-french-12.html,OTHER / bespoke,bespoke
/fsi-french-13.html,OTHER / bespoke,bespoke
/fsi-french-14.html,OTHER / bespoke,bespoke
/fsi-french-course.html,course landing,bespoke
/fsi-french-vol2-13.html,OTHER / bespoke,bespoke
/fsi-french-vol2-14.html,OTHER / bespoke,bespoke
/fsi-french-vol2-15.html,OTHER / bespoke,bespoke
/fsi-french-vol2-16.html,OTHER / bespoke,bespoke
/fsi-french-vol2-17.html,OTHER / bespoke,bespoke
/fsi-french-vol2-18.html,OTHER / bespoke,bespoke
/fsi-french-vol2-19.html,OTHER / bespoke,bespoke
/fsi-french-vol2-20.html,OTHER / bespoke,bespoke
/fsi-french-vol2-21.html,OTHER / bespoke,bespoke
/fsi-french-vol2-22.html,OTHER / bespoke,bespoke
/fsi-french-vol2-23.html,OTHER / bespoke,bespoke
/fsi-french-vol2-24.html,OTHER / bespoke,bespoke
/fsi-german-01.html,OTHER / bespoke,bespoke
/fsi-german-02.html,OTHER / bespoke,bespoke
/fsi-german-03.html,OTHER / bespoke,bespoke
/fsi-german-04.html,OTHER / bespoke,bespoke
/fsi-german-05.html,OTHER / bespoke,bespoke
/fsi-german-06.html,OTHER / bespoke,bespoke
/fsi-german-07.html,OTHER / bespoke,bespoke
/fsi-german-07b.html,OTHER / bespoke,bespoke
/fsi-german-08.html,OTHER / bespoke,bespoke
/fsi-german-09.html,OTHER / bespoke,bespoke
/fsi-german-10.html,OTHER / bespoke,bespoke
/fsi-german-11.html,OTHER / bespoke,bespoke
/fsi-german-12.html,OTHER / bespoke,bespoke
/fsi-german-course.html,course landing,bespoke
/gender.html,verbs/grammar (bespoke),bespoke
/german-feminine.html,OTHER / bespoke,bespoke
/german-flashcard.html,course tools,bespoke
/german-for-baggage-gepack.html,X-for-word lessons,TEMPLATED-ish
/german-for-duck.html,X-for-word lessons,TEMPLATED-ish
/german-for-fish.html,X-for-word lessons,TEMPLATED-ish
/german-for-flight.html,X-for-word lessons,TEMPLATED-ish
/german-for-food.html,X-for-word lessons,TEMPLATED-ish
/german-for-garlic.html,X-for-word lessons,TEMPLATED-ish
/german-for-grandson.html,X-for-word lessons,TEMPLATED-ish
/german-for-head-is-der-kopf.html,X-for-word lessons,TEMPLATED-ish
/german-for-journey.html,X-for-word lessons,TEMPLATED-ish
/german-for-moment.html,X-for-word lessons,TEMPLATED-ish
/german-for-mouth-is-der-mund-.html,X-for-word lessons,TEMPLATED-ish
/german-for-parents-is-die-eltern.html,X-for-word lessons,TEMPLATED-ish
/german-for-pillow.html,X-for-word lessons,TEMPLATED-ish
/german-for-railway-track.html,X-for-word lessons,TEMPLATED-ish
/german-for-rain-is-der-regen.html,X-for-word lessons,TEMPLATED-ish
/german-for-sender.html,X-for-word lessons,TEMPLATED-ish
/german-for-soon-is-bald.html,X-for-word lessons,TEMPLATED-ish
/german-for-time.html,X-for-word lessons,TEMPLATED-ish
/german-for-to-want-is-wollen.html,X-for-word lessons,TEMPLATED-ish
/german-for-typical.html,X-for-word lessons,TEMPLATED-ish
/german-for-weather-is-wetter.html,X-for-word lessons,TEMPLATED-ish
/german-for-weather.html,X-for-word lessons,TEMPLATED-ish
/german-for-wood-is-das-holz.html,X-for-word lessons,TEMPLATED-ish
/german-memory-trigger.html,OTHER / bespoke,bespoke
/german-order-page.html,OTHER / bespoke,bespoke
/german-pics.html,course tools,bespoke
/german-proverb-of-the-day.html,proverb (other),bespoke
/german-proverb.html,proverb (other),bespoke
/german-tips.html,OTHER / bespoke,bespoke
/german-travel-word.html,OTHER / bespoke,bespoke
/german-word-of-the-day.html,word-of-day (other),bespoke
/great-but-dutch.html,OTHER / bespoke,bespoke
/he-aint-all-that-bad.html,OTHER / bespoke,bespoke
/he-teaches-real-conversational-french-not-an-academic-exercise.html,OTHER / bespoke,bespoke
/his-spanish-accent-is-dreadful.html,OTHER / bespoke,bespoke
/holiday-phrases.html,OTHER / bespoke,bespoke
/how-your-mind-works-and-michel-thomas.html,OTHER / bespoke,bespoke
/i-like-michel.html,OTHER / bespoke,bespoke
/i-live-in-france-and.html,OTHER / bespoke,bespoke
/idea-is-syniad-welsh-memory-trigger.html,OTHER / bespoke,bespoke
/important-french-verbs.html,OTHER / bespoke,bespoke
/improve-class.html,OTHER / bespoke,bespoke
/incredible-method.html,OTHER / bespoke,bespoke
/interesting-if-misguided-review.html,OTHER / bespoke,bespoke
/it-thx.html,OTHER / bespoke,bespoke
/italian-accent.html,OTHER / bespoke,bespoke
/italian-and-french-courses.html,course landing,bespoke
/italian-flashcard.html,course tools,bespoke
/italian-for-bad.html,X-for-word lessons,TEMPLATED-ish
/italian-for-cupboard.html,X-for-word lessons,TEMPLATED-ish
/italian-for-dog.html,X-for-word lessons,TEMPLATED-ish
/italian-for-game.html,X-for-word lessons,TEMPLATED-ish
/italian-for-grandmother.html,X-for-word lessons,TEMPLATED-ish
/italian-for-mistake.html,X-for-word lessons,TEMPLATED-ish
/italian-for-noisy.html,X-for-word lessons,TEMPLATED-ish
/italian-for-shirt.html,X-for-word lessons,TEMPLATED-ish
/italian-for-sister.html,X-for-word lessons,TEMPLATED-ish
/italian-for-what.html,X-for-word lessons,TEMPLATED-ish
/italian-lesson-list.html,lesson (other),bespoke
/italian-order-page.html,OTHER / bespoke,bespoke
/italian-pronunciation-guide.html,OTHER / bespoke,bespoke
/italian-tips.html,OTHER / bespoke,bespoke
/king-of-the-world.html,OTHER / bespoke,bespoke
/ksp12bdDl.html,OTHER / bespoke,bespoke
/language-arts-lesson-plan.html,lesson (other),bespoke
/language-cdrom-answer-1.html,OTHER / bespoke,bespoke
/language-cdrom-answer-2.html,OTHER / bespoke,bespoke
/language-cdrom-answer-3.html,OTHER / bespoke,bespoke
/language-cdrom-answer-4.html,OTHER / bespoke,bespoke
/language-cdrom-answer-5.html,OTHER / bespoke,bespoke
/language-cdrom-answer-6.html,OTHER / bespoke,bespoke
/language-cdrom-answer-7.html,OTHER / bespoke,bespoke
/language-course.html,course landing,bespoke
/language-fluency.html,OTHER / bespoke,bespoke
/language-is-hard-he-makes-it-as-simple-as-possible.html,OTHER / bespoke,bespoke
/language-learning-affiliate.html,OTHER / bespoke,bespoke
/language-learning-blog.html,blog,bespoke
/language-learning-book-review.html,OTHER / bespoke,bespoke
/language-learning-demo.html,OTHER / bespoke,bespoke
/language-learning-ezine.html,ezine,bespoke
/language-learning-flashcard.html,course tools,bespoke
/language-learning-questions.html,OTHER / bespoke,bespoke
/language-learning-quiz.html,OTHER / bespoke,bespoke
/language-learning-reviews.html,OTHER / bespoke,bespoke
/language-learning-sitemap.html,OTHER / bespoke,bespoke
/language-learning-survey-1.html,OTHER / bespoke,bespoke
/language-learning-survey.html,OTHER / bespoke,bespoke
/language-learning-updates.html,OTHER / bespoke,bespoke
/language-learning.html,OTHER / bespoke,bespoke
/language-lesson.html,lesson (other),bespoke
/language-school.html,OTHER / bespoke,bespoke
/language-show.html,OTHER / bespoke,bespoke
/language-software.html,OTHER / bespoke,bespoke
/language-tutorial.html,OTHER / bespoke,bespoke
/learn-ascii.html,OTHER / bespoke,bespoke
/learn-french-blog-archive-2007-08.html,blog,bespoke
/learn-french-blog.html,blog,bespoke
/learn-french-newsletter-confirmation.html,course landing,bespoke
/learn-french-newsletter-subscription.html,course landing,bespoke
/learn-french-newsletter.html,course landing,bespoke
/learn-french.html,course landing,bespoke
/learn-german-2.html,course landing,bespoke
/learn-german-blog.html,blog,bespoke
/learn-german-newsletter.html,course landing,bespoke
/learn-german-sentences.html,course tools,bespoke
/learn-german-verbs.html,course landing,bespoke
/learn-german.html,course landing,bespoke
/learn-italian-blog.html,blog,bespoke
/learn-italian-fast.html,course landing,bespoke
/learn-italian.html,course landing,bespoke
/learn-languages.html,OTHER / bespoke,bespoke
/learn-spanish-blog.html,blog,bespoke
/learn-spanish-course.html,course landing,bespoke
/learn-spanish-ebook-full.html,course tools,bespoke
/learn-spanish-ebook-sample.html,course tools,bespoke
/learn-spanish-ebook.html,course tools,bespoke
/learn-spanish-in-caceres.html,course landing,bespoke
/learn-spanish-like-crazy.html,course landing,bespoke
/learn-spanish-newsletter-subscription.html,course landing,bespoke
/learn-spanish-newsletter.html,course landing,bespoke
/learn-spanish-pics.html,course tools,bespoke
/learn-spanish-sentences.html,course tools,bespoke
/learn-spanish-test-page.html,course landing,bespoke
/learn-spanish-text14.html,course landing,bespoke
/learn-spanish-text29.html,course landing,bespoke
/learn-spanish-verb-books.html,course landing,bespoke
/learn-spanish-word-of-day.html,course landing,bespoke
/learn-spanish.html,course landing,bespoke
/learn-two-languages.html,OTHER / bespoke,bespoke
/learn-welsh.html,course landing,bespoke
/learning-rate-1.html,OTHER / bespoke,bespoke
/link-to-us.html,OTHER / bespoke,bespoke
/linkword.html,OTHER / bespoke,bespoke
/love-michel-thomas.html,OTHER / bespoke,bespoke
/lseb-dwnld.html,OTHER / bespoke,bespoke
/main-page.html,OTHER / bespoke,bespoke
/make-sentences.html,course tools,bespoke
/masculine-gender.html,verbs/grammar (bespoke),bespoke
/memorization-i-think-you-missed-the-point.html,OTHER / bespoke,bespoke
/memory-masters.html,OTHER / bespoke,bespoke
/mercedes.html,OTHER / bespoke,bespoke
/michel-thomas-accent.html,OTHER / bespoke,bespoke
/michel-thomas-course-is-great.html,course landing,bespoke
/michel-thomas-courses.html,course landing,bespoke
/michel-thomas-for-the-first-time-learner.html,OTHER / bespoke,bespoke
/michel-thomas-french-and-german-courses.html,course landing,bespoke
/michel-thomas-french.html,OTHER / bespoke,bespoke
/michel-thomas-french1.html,OTHER / bespoke,bespoke
/michel-thomas-isnt-the-teacher-speaking-on-the-discs.html,OTHER / bespoke,bespoke
/michel-thomas-portuguese.html,OTHER / bespoke,bespoke
/michel-thomas-spanish-course.html,course landing,bespoke
/michel-thomas-students.html,OTHER / bespoke,bespoke
/michel-thomas-was-a-genius.html,OTHER / bespoke,bespoke
/michel-thomas.html,OTHER / bespoke,bespoke
/michel-thomass-accent.html,OTHER / bespoke,bespoke
/michels-accent.html,OTHER / bespoke,bespoke
/michels-french.html,OTHER / bespoke,bespoke
/michiel-thomas-spanish-courses-are-excellent-tools-for-the-spanish-student.html,course landing,bespoke
/mickey-ts-accent.html,OTHER / bespoke,bespoke
/modern-foreign-languages.html,OTHER / bespoke,bespoke
/moonwalking-with-einstein.html,OTHER / bespoke,bespoke
/muhammad-ali-cartoon.html,OTHER / bespoke,bespoke
/native-speakers.html,OTHER / bespoke,bespoke
/no-title-other-than-mr.html,OTHER / bespoke,bespoke
/obj-class-advanced-lesson.html,lesson (other),bespoke
/obj-class-claims.html,OTHER / bespoke,bespoke
/obj-class-language-cd-price.html,OTHER / bespoke,bespoke
/obj-class-other.html,OTHER / bespoke,bespoke
/obj-class-trust.html,OTHER / bespoke,bespoke
/obj-pr-advanced-lesson.html,lesson (other),bespoke
/obj-pr-claims.html,OTHER / bespoke,bespoke
/obj-pr-language-cd-price.html,OTHER / bespoke,bespoke
/obj-pr-other.html,OTHER / bespoke,bespoke
/obj-pr-trust.html,OTHER / bespoke,bespoke
/obj-qt-advanced-lesson.html,lesson (other),bespoke
/obj-qt-claims.html,OTHER / bespoke,bespoke
/obj-qt-language-cd-price.html,OTHER / bespoke,bespoke
/obj-qt-other.html,OTHER / bespoke,bespoke
/obj-qt-trust.html,OTHER / bespoke,bespoke
/one-little-correction-mur-and-mr.html,OTHER / bespoke,bespoke
/one-of-the-best-ever.html,OTHER / bespoke,bespoke
/order-page.html,OTHER / bespoke,bespoke
/otesting.html,OTHER / bespoke,bespoke
/paypal-payment-completion.html,OTHER / bespoke,bespoke
/paypal-payment-cxl-language-learning-video-demo.html,OTHER / bespoke,bespoke
/paypal-payment-cxl.html,OTHER / bespoke,bespoke
/pics.html,course tools,bespoke
/pimsleur.html,OTHER / bespoke,bespoke
/poder.html,OTHER / bespoke,bespoke
/printing-circumflex.html,OTHER / bespoke,bespoke
/privacy-statement.html,OTHER / bespoke,bespoke
/prof.html,OTHER / bespoke,bespoke
/rapid-conjugation-of-spanish-verbs.html,verbs/grammar (bespoke),bespoke
/really.html,OTHER / bespoke,bespoke
/reconsideration.html,OTHER / bespoke,bespoke
/reflexive-verbs.html,OTHER / bespoke,bespoke
/regarding-michel-thomas-accent.html,OTHER / bespoke,bespoke
/regarding-your-michel-thomas-review.html,OTHER / bespoke,bespoke
/remembering-words.html,OTHER / bespoke,bespoke
/replacement.html,OTHER / bespoke,bespoke
/report1-fp.html,OTHER / bespoke,bespoke
/report2-fp.html,OTHER / bespoke,bespoke
/report3-fp.html,OTHER / bespoke,bespoke
/report4-fp.html,OTHER / bespoke,bespoke
/report5-fp.html,OTHER / bespoke,bespoke
/report6-fp.html,OTHER / bespoke,bespoke
/report7-fp.html,OTHER / bespoke,bespoke
/review-on-michel-thomas-spanish-course.html,course landing,bespoke
/samples.html,OTHER / bespoke,bespoke
/search-results.html,OTHER / bespoke,bespoke
/second-language-benefits.html,OTHER / bespoke,bespoke
/ser-and-estar-in-spanish.html,verbs/grammar (bespoke),bespoke
/seriously.html,OTHER / bespoke,bespoke
/simulated-immersion.html,OTHER / bespoke,bespoke
/skiing-in-italy.html,OTHER / bespoke,bespoke
/sleep-in-spanish.html,OTHER / bespoke,bespoke
/so-what-accent-who-cares-speak-thats-what-counts.html,OTHER / bespoke,bespoke
/someone-who-learnt-french-using-michel-tomass-cds.html,OTHER / bespoke,bespoke
/sp1CBOdl.html,OTHER / bespoke,bespoke
/spanish-bescherelle.html,OTHER / bespoke,bespoke
/spanish-churros.html,OTHER / bespoke,bespoke
/spanish-flashcard.html,course tools,bespoke
/spanish-football.html,OTHER / bespoke,bespoke
/spanish-for-accompany.html,X-for-word lessons,TEMPLATED-ish
/spanish-for-agree.html,X-for-word lessons,TEMPLATED-ish
/spanish-for-arrive.html,X-for-word lessons,TEMPLATED-ish
/spanish-for-carrot.html,X-for-word lessons,TEMPLATED-ish
/spanish-for-city-is-ciudad.html,X-for-word lessons,TEMPLATED-ish
/spanish-for-delay-demora.html,X-for-word lessons,TEMPLATED-ish
/spanish-for-flour.html,X-for-word lessons,TEMPLATED-ish
/spanish-for-mother.html,X-for-word lessons,TEMPLATED-ish
/spanish-for-musket.html,X-for-word lessons,TEMPLATED-ish
/spanish-for-pregnant-is-embarazada.html,X-for-word lessons,TEMPLATED-ish
/spanish-for-say.html,X-for-word lessons,TEMPLATED-ish
/spanish-for-snow.html,X-for-word lessons,TEMPLATED-ish
/spanish-for-stain.html,X-for-word lessons,TEMPLATED-ish
/spanish-for-stop.html,X-for-word lessons,TEMPLATED-ish
/spanish-for-sugar.html,X-for-word lessons,TEMPLATED-ish
/spanish-for-suitcase-maleta.html,X-for-word lessons,TEMPLATED-ish
/spanish-for-take.html,X-for-word lessons,TEMPLATED-ish
/spanish-for-thus.html,X-for-word lessons,TEMPLATED-ish
/spanish-for-to-stain.html,X-for-word lessons,TEMPLATED-ish
/spanish-for-train.html,X-for-word lessons,TEMPLATED-ish
/spanish-for-understand.html,X-for-word lessons,TEMPLATED-ish
/spanish-for-wave.html,X-for-word lessons,TEMPLATED-ish
/spanish-for-work-is-il-trabajo.html,X-for-word lessons,TEMPLATED-ish
/spanish-language-tour.html,OTHER / bespoke,bespoke
/spanish-lesson-free.html,lesson (other),bespoke
/spanish-lesson-list.html,lesson (other),bespoke
/spanish-lesson.html,lesson (other),bespoke
/spanish-memory-trigger.html,OTHER / bespoke,bespoke
/spanish-order-page.html,OTHER / bespoke,bespoke
/spanish-por-para.html,verbs/grammar (bespoke),bespoke
/spanish-proverb-of-the-day.html,proverb (other),bespoke
/spanish-proverb.html,proverb (other),bespoke
/spanish-travel-word.html,OTHER / bespoke,bespoke
/spanish-verb-abarcar.html,verb-conjugation (lang-verb-X),TEMPLATED
/spanish-verb-abigarrar.html,verb-conjugation (lang-verb-X),TEMPLATED
/spanish-verb-ablandar.html,verb-conjugation (lang-verb-X),TEMPLATED
/spanish-verb-abnegar.html,verb-conjugation (lang-verb-X),TEMPLATED
/spanish-verb-abogar.html,verb-conjugation (lang-verb-X),TEMPLATED
/spanish-verb-aborrecer.html,verb-conjugation (lang-verb-X),TEMPLATED
/spanish-verb-abrazar.html,verb-conjugation (lang-verb-X),TEMPLATED
/spanish-verb-absorber.html,verb-conjugation (lang-verb-X),TEMPLATED
/spanish-verb-acantonar.html,verb-conjugation (lang-verb-X),TEMPLATED
/spanish-verb-acercar.html,verb-conjugation (lang-verb-X),TEMPLATED
/spanish-verb-acontecer.html,verb-conjugation (lang-verb-X),TEMPLATED
/spanish-verb-acostar.html,verb-conjugation (lang-verb-X),TEMPLATED
/spanish-verb-actualizar.html,verb-conjugation (lang-verb-X),TEMPLATED
/spanish-verb-actuar.html,verb-conjugation (lang-verb-X),TEMPLATED
/spanish-verb-acudir.html,verb-conjugation (lang-verb-X),TEMPLATED
/spanish-verb-adelgazar.html,verb-conjugation (lang-verb-X),TEMPLATED
/spanish-verb-adherir.html,verb-conjugation (lang-verb-X),TEMPLATED
/spanish-verb-adjudicar.html,verb-conjugation (lang-verb-X),TEMPLATED
/spanish-verb-admitir.html,verb-conjugation (lang-verb-X),TEMPLATED
/spanish-verb-adolecer.html,verb-conjugation (lang-verb-X),TEMPLATED
/spanish-verb-aducir.html,verb-conjugation (lang-verb-X),TEMPLATED
/spanish-verb-advertir.html,verb-conjugation (lang-verb-X),TEMPLATED
/spanish-verb-afligir.html,verb-conjugation (lang-verb-X),TEMPLATED
/spanish-verb-agradecer.html,verb-conjugation (lang-verb-X),TEMPLATED
/spanish-verb-ahogar.html,verb-conjugation (lang-verb-X),TEMPLATED
/spanish-verb-ahorcar.html,verb-conjugation (lang-verb-X),TEMPLATED
/spanish-verb-alcanzar.html,verb-conjugation (lang-verb-X),TEMPLATED
/spanish-verb-alentar.html,verb-conjugation (lang-verb-X),TEMPLATED
/spanish-verb-aliar.html,verb-conjugation (lang-verb-X),TEMPLATED
/spanish-verb-alzar.html,verb-conjugation (lang-verb-X),TEMPLATED
/spanish-verb-amanecer.html,verb-conjugation (lang-verb-X),TEMPLATED
/spanish-verb-amenazar.html,verb-conjugation (lang-verb-X),TEMPLATED
/spanish-verb-amplificar.html,verb-conjugation (lang-verb-X),TEMPLATED
/spanish-verb-anadir.html,verb-conjugation (lang-verb-X),TEMPLATED
/spanish-verb-analizar.html,verb-conjugation (lang-verb-X),TEMPLATED
/spanish-verb-anclar.html,verb-conjugation (lang-verb-X),TEMPLATED
/spanish-verb-anochecer.html,verb-conjugation (lang-verb-X),TEMPLATED
/spanish-verb-aparcar.html,verb-conjugation (lang-verb-X),TEMPLATED
/spanish-verb-aparecer.html,verb-conjugation (lang-verb-X),TEMPLATED
/spanish-verb-apetecer.html,verb-conjugation (lang-verb-X),TEMPLATED
/spanish-verb-aplaudir.html,verb-conjugation (lang-verb-X),TEMPLATED
/spanish-verb-aplicar.html,verb-conjugation (lang-verb-X),TEMPLATED
/spanish-verb-aprender.html,verb-conjugation (lang-verb-X),TEMPLATED
/spanish-verb-apretar.html,verb-conjugation (lang-verb-X),TEMPLATED
/spanish-verb-arrancar.html,verb-conjugation (lang-verb-X),TEMPLATED
/spanish-verb-ascender.html,verb-conjugation (lang-verb-X),TEMPLATED
/spanish-verb-asistir.html,verb-conjugation (lang-verb-X),TEMPLATED
/spanish-verb-asumir.html,verb-conjugation (lang-verb-X),TEMPLATED
/spanish-verb-atacar.html,verb-conjugation (lang-verb-X),TEMPLATED
/spanish-verb-atender.html,verb-conjugation (lang-verb-X),TEMPLATED
/spanish-verb-aterrorizar.html,verb-conjugation (lang-verb-X),TEMPLATED
/spanish-verb-atracar.html,verb-conjugation (lang-verb-X),TEMPLATED
/spanish-verb-atribuir.html,verb-conjugation (lang-verb-X),TEMPLATED
/spanish-verb-autorizar.html,verb-conjugation (lang-verb-X),TEMPLATED
/spanish-verb-avanzar.html,verb-conjugation (lang-verb-X),TEMPLATED
/spanish-verb-aviar.html,verb-conjugation (lang-verb-X),TEMPLATED
/spanish-verb-bajar.html,verb-conjugation (lang-verb-X),TEMPLATED
/spanish-verb-banar.html,verb-conjugation (lang-verb-X),TEMPLATED
/spanish-verb-barrer.html,verb-conjugation (lang-verb-X),TEMPLATED
/spanish-verb-bautizar.html,verb-conjugation (lang-verb-X),TEMPLATED
/spanish-verb-beber.html,verb-conjugation (lang-verb-X),TEMPLATED
/spanish-verb-bostezar.html,verb-conjugation (lang-verb-X),TEMPLATED
/spanish-verb-bromear.html,verb-conjugation (lang-verb-X),TEMPLATED
/spanish-verb-buscar.html,verb-conjugation (lang-verb-X),TEMPLATED
/spanish-verb-calentar.html,verb-conjugation (lang-verb-X),TEMPLATED
/spanish-verb-calificar.html,verb-conjugation (lang-verb-X),TEMPLATED
/spanish-verb-caracterizar.html,verb-conjugation (lang-verb-X),TEMPLATED
/spanish-verb-carecer.html,verb-conjugation (lang-verb-X),TEMPLATED
/spanish-verb-cargar.html,verb-conjugation (lang-verb-X),TEMPLATED
/spanish-verb-cavar.html,verb-conjugation (lang-verb-X),TEMPLATED
/spanish-verb-cazar.html,verb-conjugation (lang-verb-X),TEMPLATED
/spanish-verb-cegar.html,verb-conjugation (lang-verb-X),TEMPLATED
/spanish-verb-cerrar.html,verb-conjugation (lang-verb-X),TEMPLATED
/spanish-verb-chocar.html,verb-conjugation (lang-verb-X),TEMPLATED
/spanish-verb-coger.html,verb-conjugation (lang-verb-X),TEMPLATED
/spanish-verb-colar.html,verb-conjugation (lang-verb-X),TEMPLATED
/spanish-verb-colocar.html,verb-conjugation (lang-verb-X),TEMPLATED
/spanish-verb-combatir.html,verb-conjugation (lang-verb-X),TEMPLATED
/spanish-verb-comedirse.html,verb-conjugation (lang-verb-X),TEMPLATED
/spanish-verb-comer.html,verb-conjugation (lang-verb-X),TEMPLATED
/spanish-verb-cometer.html,verb-conjugation (lang-verb-X),TEMPLATED
/spanish-verb-comparecer.html,verb-conjugation (lang-verb-X),TEMPLATED
/spanish-verb-competir.html,verb-conjugation (lang-verb-X),TEMPLATED
/spanish-verb-complicar.html,verb-conjugation (lang-verb-X),TEMPLATED
/spanish-verb-componer.html,verb-conjugation (lang-verb-X),TEMPLATED
/spanish-verb-comprender.html,verb-conjugation (lang-verb-X),TEMPLATED
/spanish-verb-concebir.html,verb-conjugation (lang-verb-X),TEMPLATED
/spanish-verb-conceder.html,verb-conjugation (lang-verb-X),TEMPLATED
/spanish-verb-conducir.html,verb-conjugation (lang-verb-X),TEMPLATED
/spanish-verb-confiar.html,verb-conjugation (lang-verb-X),TEMPLATED
/spanish-verb-confundir.html,verb-conjugation (lang-verb-X),TEMPLATED
/spanish-verb-congelar.html,verb-conjugation (lang-verb-X),TEMPLATED
/spanish-verb-consentir.html,verb-conjugation (lang-verb-X),TEMPLATED
/spanish-verb-consistir.html,verb-conjugation (lang-verb-X),TEMPLATED
/spanish-verb-constituir.html,verb-conjugation (lang-verb-X),TEMPLATED
/spanish-verb-construir.html,verb-conjugation (lang-verb-X),TEMPLATED
/spanish-verb-consumir.html,verb-conjugation (lang-verb-X),TEMPLATED
/spanish-verb-contestar.html,verb-conjugation (lang-verb-X),TEMPLATED
/spanish-verb-continuar.html,verb-conjugation (lang-verb-X),TEMPLATED
/spanish-verb-contravenir.html,verb-conjugation (lang-verb-X),TEMPLATED
/spanish-verb-contribuir.html,verb-conjugation (lang-verb-X),TEMPLATED
/spanish-verb-convenir.html,verb-conjugation (lang-verb-X),TEMPLATED
/spanish-verb-convertir.html,verb-conjugation (lang-verb-X),TEMPLATED
/spanish-verb-correr.html,verb-conjugation (lang-verb-X),TEMPLATED
/spanish-verb-costar.html,verb-conjugation (lang-verb-X),TEMPLATED
/spanish-verb-crecer.html,verb-conjugation (lang-verb-X),TEMPLATED
/spanish-verb-criar.html,verb-conjugation (lang-verb-X),TEMPLATED
/spanish-verb-cruzar.html,verb-conjugation (lang-verb-X),TEMPLATED
/spanish-verb-cubrir.html,verb-conjugation (lang-verb-X),TEMPLATED
/spanish-verb-culpar.html,verb-conjugation (lang-verb-X),TEMPLATED
/spanish-verb-cumplir.html,verb-conjugation (lang-verb-X),TEMPLATED
/spanish-verb-deber.html,verb-conjugation (lang-verb-X),TEMPLATED
/spanish-verb-decidir.html,verb-conjugation (lang-verb-X),TEMPLATED
/spanish-verb-decir.html,verb-conjugation (lang-verb-X),TEMPLATED
/spanish-verb-defender.html,verb-conjugation (lang-verb-X),TEMPLATED
/spanish-verb-demoler.html,verb-conjugation (lang-verb-X),TEMPLATED
/spanish-verb-demorar.html,verb-conjugation (lang-verb-X),TEMPLATED
/spanish-verb-depender.html,verb-conjugation (lang-verb-X),TEMPLATED
/spanish-verb-deponer.html,verb-conjugation (lang-verb-X),TEMPLATED
/spanish-verb-desaparecer.html,verb-conjugation (lang-verb-X),TEMPLATED
/spanish-verb-desayunar.html,verb-conjugation (lang-verb-X),TEMPLATED
/spanish-verb-descender.html,verb-conjugation (lang-verb-X),TEMPLATED
/spanish-verb-descomponer.html,verb-conjugation (lang-verb-X),TEMPLATED
/spanish-verb-describir.html,verb-conjugation (lang-verb-X),TEMPLATED
/spanish-verb-desfallecer.html,verb-conjugation (lang-verb-X),TEMPLATED
/spanish-verb-deslizar.html,verb-conjugation (lang-verb-X),TEMPLATED
/spanish-verb-desmentir.html,verb-conjugation (lang-verb-X),TEMPLATED
/spanish-verb-desmerecer.html,verb-conjugation (lang-verb-X),TEMPLATED
/spanish-verb-desobedecer.html,verb-conjugation (lang-verb-X),TEMPLATED
/spanish-verb-desollar.html,verb-conjugation (lang-verb-X),TEMPLATED
/spanish-verb-despachar.html,verb-conjugation (lang-verb-X),TEMPLATED
/spanish-verb-despedir.html,verb-conjugation (lang-verb-X),TEMPLATED
/spanish-verb-desterrar.html,verb-conjugation (lang-verb-X),TEMPLATED
/spanish-verb-destruir.html,verb-conjugation (lang-verb-X),TEMPLATED
/spanish-verb-desvestir.html,verb-conjugation (lang-verb-X),TEMPLATED
/spanish-verb-desviar.html,verb-conjugation (lang-verb-X),TEMPLATED
/spanish-verb-digerir.html,verb-conjugation (lang-verb-X),TEMPLATED
/spanish-verb-dirigir.html,verb-conjugation (lang-verb-X),TEMPLATED
/spanish-verb-discutir.html,verb-conjugation (lang-verb-X),TEMPLATED
/spanish-verb-disminuir.html,verb-conjugation (lang-verb-X),TEMPLATED
/spanish-verb-disponer.html,verb-conjugation (lang-verb-X),TEMPLATED
/spanish-verb-distribuir.html,verb-conjugation (lang-verb-X),TEMPLATED
/spanish-verb-disuadir.html,verb-conjugation (lang-verb-X),TEMPLATED
/spanish-verb-divertirse.html,verb-conjugation (lang-verb-X),TEMPLATED
/spanish-verb-dividir.html,verb-conjugation (lang-verb-X),TEMPLATED
/spanish-verb-doler.html,verb-conjugation (lang-verb-X),TEMPLATED
/spanish-verb-duchar.html,verb-conjugation (lang-verb-X),TEMPLATED
/spanish-verb-educar.html,verb-conjugation (lang-verb-X),TEMPLATED
/spanish-verb-embarazar.html,verb-conjugation (lang-verb-X),TEMPLATED
/spanish-verb-embestir.html,verb-conjugation (lang-verb-X),TEMPLATED
/spanish-verb-emitir.html,verb-conjugation (lang-verb-X),TEMPLATED
/spanish-verb-empatar.html,verb-conjugation (lang-verb-X),TEMPLATED
/spanish-verb-empobrecer.html,verb-conjugation (lang-verb-X),TEMPLATED
/spanish-verb-emprender.html,verb-conjugation (lang-verb-X),TEMPLATED
/spanish-verb-encabezar.html,verb-conjugation (lang-verb-X),TEMPLATED
/spanish-verb-encargar.html,verb-conjugation (lang-verb-X),TEMPLATED
/spanish-verb-encender.html,verb-conjugation (lang-verb-X),TEMPLATED
/spanish-verb-encontrar.html,verb-conjugation (lang-verb-X),TEMPLATED
/spanish-verb-enfatizar.html,verb-conjugation (lang-verb-X),TEMPLATED
/spanish-verb-enojar.html,verb-conjugation (lang-verb-X),TEMPLATED
/spanish-verb-enriquecer.html,verb-conjugation (lang-verb-X),TEMPLATED
/spanish-verb-ensordecer.html,verb-conjugation (lang-verb-X),TEMPLATED
/spanish-verb-enternecer.html,verb-conjugation (lang-verb-X),TEMPLATED
/spanish-verb-entregar.html,verb-conjugation (lang-verb-X),TEMPLATED
/spanish-verb-envejecer.html,verb-conjugation (lang-verb-X),TEMPLATED
/spanish-verb-enviar.html,verb-conjugation (lang-verb-X),TEMPLATED
/spanish-verb-escoger.html,verb-conjugation (lang-verb-X),TEMPLATED
/spanish-verb-esconder.html,verb-conjugation (lang-verb-X),TEMPLATED
/spanish-verb-escupir.html,verb-conjugation (lang-verb-X),TEMPLATED
/spanish-verb-escurrir.html,verb-conjugation (lang-verb-X),TEMPLATED
/spanish-verb-esterilizar.html,verb-conjugation (lang-verb-X),TEMPLATED
/spanish-verb-estrellar.html,verb-conjugation (lang-verb-X),TEMPLATED
/spanish-verb-estremecer.html,verb-conjugation (lang-verb-X),TEMPLATED
/spanish-verb-evaluar.html,verb-conjugation (lang-verb-X),TEMPLATED
/spanish-verb-exceder.html,verb-conjugation (lang-verb-X),TEMPLATED
/spanish-verb-excluir.html,verb-conjugation (lang-verb-X),TEMPLATED
/spanish-verb-exhibir.html,verb-conjugation (lang-verb-X),TEMPLATED
/spanish-verb-exigir.html,verb-conjugation (lang-verb-X),TEMPLATED
/spanish-verb-expedir.html,verb-conjugation (lang-verb-X),TEMPLATED
/spanish-verb-explosionar.html,verb-conjugation (lang-verb-X),TEMPLATED
/spanish-verb-exponer.html,verb-conjugation (lang-verb-X),TEMPLATED
/spanish-verb-extender.html,verb-conjugation (lang-verb-X),TEMPLATED
/spanish-verb-fabricar.html,verb-conjugation (lang-verb-X),TEMPLATED
/spanish-verb-fallecer.html,verb-conjugation (lang-verb-X),TEMPLATED
/spanish-verb-fatigar.html,verb-conjugation (lang-verb-X),TEMPLATED
/spanish-verb-favorecer.html,verb-conjugation (lang-verb-X),TEMPLATED
/spanish-verb-fingir.html,verb-conjugation (lang-verb-X),TEMPLATED
/spanish-verb-flipar.html,verb-conjugation (lang-verb-X),TEMPLATED
/spanish-verb-fluctuar.html,verb-conjugation (lang-verb-X),TEMPLATED
/spanish-verb-fluir.html,verb-conjugation (lang-verb-X),TEMPLATED
/spanish-verb-fortalecer.html,verb-conjugation (lang-verb-X),TEMPLATED
/spanish-verb-fregar.html,verb-conjugation (lang-verb-X),TEMPLATED
/spanish-verb-garantizar.html,verb-conjugation (lang-verb-X),TEMPLATED
/spanish-verb-gemir.html,verb-conjugation (lang-verb-X),TEMPLATED
/spanish-verb-girar.html,verb-conjugation (lang-verb-X),TEMPLATED
/spanish-verb-gozar.html,verb-conjugation (lang-verb-X),TEMPLATED
/spanish-verb-guarecer.html,verb-conjugation (lang-verb-X),TEMPLATED
/spanish-verb-guiar.html,verb-conjugation (lang-verb-X),TEMPLATED
/spanish-verb-haber.html,verb-conjugation (lang-verb-X),TEMPLATED
/spanish-verb-habituar.html,verb-conjugation (lang-verb-X),TEMPLATED
/spanish-verb-hablar.html,verb-conjugation (lang-verb-X),TEMPLATED
/spanish-verb-hacer.html,verb-conjugation (lang-verb-X),TEMPLATED
/spanish-verb-helar.html,verb-conjugation (lang-verb-X),TEMPLATED
/spanish-verb-herir.html,verb-conjugation (lang-verb-X),TEMPLATED
/spanish-verb-hervir.html,verb-conjugation (lang-verb-X),TEMPLATED
/spanish-verb-huir.html,verb-conjugation (lang-verb-X),TEMPLATED
/spanish-verb-hundir.html,verb-conjugation (lang-verb-X),TEMPLATED
/spanish-verb-impedir.html,verb-conjugation (lang-verb-X),TEMPLATED
/spanish-verb-imponer.html,verb-conjugation (lang-verb-X),TEMPLATED
/spanish-verb-incluir.html,verb-conjugation (lang-verb-X),TEMPLATED
/spanish-verb-indultar.html,verb-conjugation (lang-verb-X),TEMPLATED
/spanish-verb-infligir.html,verb-conjugation (lang-verb-X),TEMPLATED
/spanish-verb-influir.html,verb-conjugation (lang-verb-X),TEMPLATED
/spanish-verb-ingerir.html,verb-conjugation (lang-verb-X),TEMPLATED
/spanish-verb-ingresar.html,verb-conjugation (lang-verb-X),TEMPLATED
/spanish-verb-insinuar.html,verb-conjugation (lang-verb-X),TEMPLATED
/spanish-verb-interferir.html,verb-conjugation (lang-verb-X),TEMPLATED
/spanish-verb-intervenir.html,verb-conjugation (lang-verb-X),TEMPLATED
/spanish-verb-invadir.html,verb-conjugation (lang-verb-X),TEMPLATED
/spanish-verb-invertir.html,verb-conjugation (lang-verb-X),TEMPLATED
/spanish-verb-investigar.html,verb-conjugation (lang-verb-X),TEMPLATED
/spanish-verb-investir.html,verb-conjugation (lang-verb-X),TEMPLATED
/spanish-verb-ir.html,verb-conjugation (lang-verb-X),TEMPLATED
/spanish-verb-jerarquizar.html,verb-conjugation (lang-verb-X),TEMPLATED
/spanish-verb-jorobar.html,verb-conjugation (lang-verb-X),TEMPLATED
/spanish-verb-juzgar.html,verb-conjugation (lang-verb-X),TEMPLATED
/spanish-verb-lamer.html,verb-conjugation (lang-verb-X),TEMPLATED
/spanish-verb-lanzar.html,verb-conjugation (lang-verb-X),TEMPLATED
/spanish-verb-lastimar.html,verb-conjugation (lang-verb-X),TEMPLATED
/spanish-verb-lavar.html,verb-conjugation (lang-verb-X),TEMPLATED
/spanish-verb-liar.html,verb-conjugation (lang-verb-X),TEMPLATED
/spanish-verb-lidiar.html,verb-conjugation (lang-verb-X),TEMPLATED
/spanish-verb-ligar.html,verb-conjugation (lang-verb-X),TEMPLATED
/spanish-verb-list.html,verb-conjugation (lang-verb-X),TEMPLATED
/spanish-verb-llegar.html,verb-conjugation (lang-verb-X),TEMPLATED
/spanish-verb-llover.html,verb-conjugation (lang-verb-X),TEMPLATED
/spanish-verb-martillear.html,verb-conjugation (lang-verb-X),TEMPLATED
/spanish-verb-medir.html,verb-conjugation (lang-verb-X),TEMPLATED
/spanish-verb-memorizar.html,verb-conjugation (lang-verb-X),TEMPLATED
/spanish-verb-menear.html,verb-conjugation (lang-verb-X),TEMPLATED
/spanish-verb-mentir.html,verb-conjugation (lang-verb-X),TEMPLATED
/spanish-verb-merecer.html,verb-conjugation (lang-verb-X),TEMPLATED
/spanish-verb-meter.html,verb-conjugation (lang-verb-X),TEMPLATED
/spanish-verb-mirar.html,verb-conjugation (lang-verb-X),TEMPLATED
/spanish-verb-molar.html,verb-conjugation (lang-verb-X),TEMPLATED
/spanish-verb-moler.html,verb-conjugation (lang-verb-X),TEMPLATED
/spanish-verb-morder.html,verb-conjugation (lang-verb-X),TEMPLATED
/spanish-verb-mover.html,verb-conjugation (lang-verb-X),TEMPLATED
/spanish-verb-mudar.html,verb-conjugation (lang-verb-X),TEMPLATED
/spanish-verb-nacer.html,verb-conjugation (lang-verb-X),TEMPLATED
/spanish-verb-nevar.html,verb-conjugation (lang-verb-X),TEMPLATED
/spanish-verb-obedecer.html,verb-conjugation (lang-verb-X),TEMPLATED
/spanish-verb-ocultar.html,verb-conjugation (lang-verb-X),TEMPLATED
/spanish-verb-ofender.html,verb-conjugation (lang-verb-X),TEMPLATED
/spanish-verb-ofrecer.html,verb-conjugation (lang-verb-X),TEMPLATED
/spanish-verb-olvidar.html,verb-conjugation (lang-verb-X),TEMPLATED
/spanish-verb-oponer.html,verb-conjugation (lang-verb-X),TEMPLATED
/spanish-verb-orar.html,verb-conjugation (lang-verb-X),TEMPLATED
/spanish-verb-organizar.html,verb-conjugation (lang-verb-X),TEMPLATED
/spanish-verb-otorgar.html,verb-conjugation (lang-verb-X),TEMPLATED
/spanish-verb-pagar.html,verb-conjugation (lang-verb-X),TEMPLATED
/spanish-verb-paladear.html,verb-conjugation (lang-verb-X),TEMPLATED
/spanish-verb-parecer.html,verb-conjugation (lang-verb-X),TEMPLATED
/spanish-verb-pasar.html,verb-conjugation (lang-verb-X),TEMPLATED
/spanish-verb-patear.html,verb-conjugation (lang-verb-X),TEMPLATED
/spanish-verb-pedir.html,verb-conjugation (lang-verb-X),TEMPLATED
/spanish-verb-pegar.html,verb-conjugation (lang-verb-X),TEMPLATED
/spanish-verb-pelar.html,verb-conjugation (lang-verb-X),TEMPLATED
/spanish-verb-pellizcar.html,verb-conjugation (lang-verb-X),TEMPLATED
/spanish-verb-perder.html,verb-conjugation (lang-verb-X),TEMPLATED
/spanish-verb-pervertir.html,verb-conjugation (lang-verb-X),TEMPLATED
/spanish-verb-piar.html,verb-conjugation (lang-verb-X),TEMPLATED
/spanish-verb-pinchar.html,verb-conjugation (lang-verb-X),TEMPLATED
/spanish-verb-plantar.html,verb-conjugation (lang-verb-X),TEMPLATED
/spanish-verb-plegar.html,verb-conjugation (lang-verb-X),TEMPLATED
/spanish-verb-poder.html,verb-conjugation (lang-verb-X),TEMPLATED
/spanish-verb-poner.html,verb-conjugation (lang-verb-X),TEMPLATED
/spanish-verb-posponer.html,verb-conjugation (lang-verb-X),TEMPLATED
/spanish-verb-preceder.html,verb-conjugation (lang-verb-X),TEMPLATED
/spanish-verb-preferir.html,verb-conjugation (lang-verb-X),TEMPLATED
/spanish-verb-preguntar.html,verb-conjugation (lang-verb-X),TEMPLATED
/spanish-verb-prender.html,verb-conjugation (lang-verb-X),TEMPLATED
/spanish-verb-pretender.html,verb-conjugation (lang-verb-X),TEMPLATED
/spanish-verb-prevalecer.html,verb-conjugation (lang-verb-X),TEMPLATED
/spanish-verb-prevenir.html,verb-conjugation (lang-verb-X),TEMPLATED
/spanish-verb-probar.html,verb-conjugation (lang-verb-X),TEMPLATED
/spanish-verb-proceder.html,verb-conjugation (lang-verb-X),TEMPLATED
/spanish-verb-profundizar.html,verb-conjugation (lang-verb-X),TEMPLATED
/spanish-verb-prometer.html,verb-conjugation (lang-verb-X),TEMPLATED
/spanish-verb-promover.html,verb-conjugation (lang-verb-X),TEMPLATED
/spanish-verb-proponer.html,verb-conjugation (lang-verb-X),TEMPLATED
/spanish-verb-proteger.html,verb-conjugation (lang-verb-X),TEMPLATED
/spanish-verb-puntuar.html,verb-conjugation (lang-verb-X),TEMPLATED
/spanish-verb-quemar.html,verb-conjugation (lang-verb-X),TEMPLATED
/spanish-verb-querer.html,verb-conjugation (lang-verb-X),TEMPLATED
/spanish-verb-rapar.html,verb-conjugation (lang-verb-X),TEMPLATED
/spanish-verb-rasgar.html,verb-conjugation (lang-verb-X),TEMPLATED
/spanish-verb-realizar.html,verb-conjugation (lang-verb-X),TEMPLATED
/spanish-verb-rebanar.html,verb-conjugation (lang-verb-X),TEMPLATED
/spanish-verb-rebozar.html,verb-conjugation (lang-verb-X),TEMPLATED
/spanish-verb-recochinearse.html,verb-conjugation (lang-verb-X),TEMPLATED
/spanish-verb-recoger.html,verb-conjugation (lang-verb-X),TEMPLATED
/spanish-verb-recomendar.html,verb-conjugation (lang-verb-X),TEMPLATED
/spanish-verb-reconstruir.html,verb-conjugation (lang-verb-X),TEMPLATED
/spanish-verb-recordar.html,verb-conjugation (lang-verb-X),TEMPLATED
/spanish-verb-recostar.html,verb-conjugation (lang-verb-X),TEMPLATED
/spanish-verb-referir.html,verb-conjugation (lang-verb-X),TEMPLATED
/spanish-verb-regar.html,verb-conjugation (lang-verb-X),TEMPLATED
/spanish-verb-rehuir.html,verb-conjugation (lang-verb-X),TEMPLATED
/spanish-verb-remorder.html,verb-conjugation (lang-verb-X),TEMPLATED
/spanish-verb-remover.html,verb-conjugation (lang-verb-X),TEMPLATED
/spanish-verb-rendir.html,verb-conjugation (lang-verb-X),TEMPLATED
/spanish-verb-renegar.html,verb-conjugation (lang-verb-X),TEMPLATED
/spanish-verb-renovar.html,verb-conjugation (lang-verb-X),TEMPLATED
/spanish-verb-repetir.html,verb-conjugation (lang-verb-X),TEMPLATED
/spanish-verb-reprimir.html,verb-conjugation (lang-verb-X),TEMPLATED
/spanish-verb-reptar.html,verb-conjugation (lang-verb-X),TEMPLATED
/spanish-verb-requerir.html,verb-conjugation (lang-verb-X),TEMPLATED
/spanish-verb-resistir.html,verb-conjugation (lang-verb-X),TEMPLATED
/spanish-verb-resollar.html,verb-conjugation (lang-verb-X),TEMPLATED
/spanish-verb-responder.html,verb-conjugation (lang-verb-X),TEMPLATED
/spanish-verb-restregar.html,verb-conjugation (lang-verb-X),TEMPLATED
/spanish-verb-restringir.html,verb-conjugation (lang-verb-X),TEMPLATED
/spanish-verb-revestir.html,verb-conjugation (lang-verb-X),TEMPLATED
/spanish-verb-rezar.html,verb-conjugation (lang-verb-X),TEMPLATED
/spanish-verb-rociar.html,verb-conjugation (lang-verb-X),TEMPLATED
/spanish-verb-romper.html,verb-conjugation (lang-verb-X),TEMPLATED
/spanish-verb-roncar.html,verb-conjugation (lang-verb-X),TEMPLATED
/spanish-verb-sacudir.html,verb-conjugation (lang-verb-X),TEMPLATED
/spanish-verb-salpimentar.html,verb-conjugation (lang-verb-X),TEMPLATED
/spanish-verb-saludar.html,verb-conjugation (lang-verb-X),TEMPLATED
/spanish-verb-segar.html,verb-conjugation (lang-verb-X),TEMPLATED
/spanish-verb-segregar.html,verb-conjugation (lang-verb-X),TEMPLATED
/spanish-verb-sembrar.html,verb-conjugation (lang-verb-X),TEMPLATED
/spanish-verb-senalar.html,verb-conjugation (lang-verb-X),TEMPLATED
/spanish-verb-sentir.html,verb-conjugation (lang-verb-X),TEMPLATED
/spanish-verb-ser.html,verb-conjugation (lang-verb-X),TEMPLATED
/spanish-verb-serrar.html,verb-conjugation (lang-verb-X),TEMPLATED
/spanish-verb-servir.html,verb-conjugation (lang-verb-X),TEMPLATED
/spanish-verb-situar.html,verb-conjugation (lang-verb-X),TEMPLATED
/spanish-verb-sobrevivir.html,verb-conjugation (lang-verb-X),TEMPLATED
/spanish-verb-socorrer.html,verb-conjugation (lang-verb-X),TEMPLATED
/spanish-verb-sollozar.html,verb-conjugation (lang-verb-X),TEMPLATED
/spanish-verb-sonar.html,verb-conjugation (lang-verb-X),TEMPLATED
/spanish-verb-soplar.html,verb-conjugation (lang-verb-X),TEMPLATED
/spanish-verb-sorprender.html,verb-conjugation (lang-verb-X),TEMPLATED
/spanish-verb-sosegar.html,verb-conjugation (lang-verb-X),TEMPLATED
/spanish-verb-subir.html,verb-conjugation (lang-verb-X),TEMPLATED
/spanish-verb-suceder.html,verb-conjugation (lang-verb-X),TEMPLATED
/spanish-verb-sugerir.html,verb-conjugation (lang-verb-X),TEMPLATED
/spanish-verb-suponer.html,verb-conjugation (lang-verb-X),TEMPLATED
/spanish-verb-surgir.html,verb-conjugation (lang-verb-X),TEMPLATED
/spanish-verb-suscribir.html,verb-conjugation (lang-verb-X),TEMPLATED
/spanish-verb-suspender.html,verb-conjugation (lang-verb-X),TEMPLATED
/spanish-verb-sustituir.html,verb-conjugation (lang-verb-X),TEMPLATED
/spanish-verb-tatuar.html,verb-conjugation (lang-verb-X),TEMPLATED
/spanish-verb-teclear.html,verb-conjugation (lang-verb-X),TEMPLATED
/spanish-verb-tejer.html,verb-conjugation (lang-verb-X),TEMPLATED
/spanish-verb-temer.html,verb-conjugation (lang-verb-X),TEMPLATED
/spanish-verb-tender.html,verb-conjugation (lang-verb-X),TEMPLATED
/spanish-verb-tener.html,verb-conjugation (lang-verb-X),TEMPLATED
/spanish-verb-tiritar.html,verb-conjugation (lang-verb-X),TEMPLATED
/spanish-verb-toser.html,verb-conjugation (lang-verb-X),TEMPLATED
/spanish-verb-tostar.html,verb-conjugation (lang-verb-X),TEMPLATED
/spanish-verb-tragar.html,verb-conjugation (lang-verb-X),TEMPLATED
/spanish-verb-transferir.html,verb-conjugation (lang-verb-X),TEMPLATED
/spanish-verb-trasegar.html,verb-conjugation (lang-verb-X),TEMPLATED
/spanish-verb-trinchar.html,verb-conjugation (lang-verb-X),TEMPLATED
/spanish-verb-tronar.html,verb-conjugation (lang-verb-X),TEMPLATED
/spanish-verb-variar.html,verb-conjugation (lang-verb-X),TEMPLATED
/spanish-verb-vender.html,verb-conjugation (lang-verb-X),TEMPLATED
/spanish-verb-venir.html,verb-conjugation (lang-verb-X),TEMPLATED
/spanish-verb-vestir.html,verb-conjugation (lang-verb-X),TEMPLATED
/spanish-verb-vivir.html,verb-conjugation (lang-verb-X),TEMPLATED
/spanish-verb-volar.html,verb-conjugation (lang-verb-X),TEMPLATED
/spanish-verb-yuxtaponer.html,verb-conjugation (lang-verb-X),TEMPLATED
/spanish-verbs-list.html,OTHER / bespoke,bespoke
/spanish-verbs.html,OTHER / bespoke,bespoke
/spanish-vocab-turbobooster.html,course tools,bespoke
/spanish-with-michel-thomas.html,OTHER / bespoke,bespoke
/start-with-michel-thomas-to-gain-confidence-speaking.html,OTHER / bespoke,bespoke
/student-of-french.html,OTHER / bespoke,bespoke
/survey-quick-trips.html,OTHER / bespoke,bespoke
/teach-to-pass-for-a-native.html,OTHER / bespoke,bespoke
/ten-most-important-spanish-verbs.html,OTHER / bespoke,bespoke
/terrible-students.html,OTHER / bespoke,bespoke
/test-2.html,OTHER / bespoke,bespoke
/test-swf-uploads.html,OTHER / bespoke,bespoke
/test.html,OTHER / bespoke,bespoke
/testimonial.html,OTHER / bespoke,bespoke
/thank-you.html,OTHER / bespoke,bespoke
/the-dutch-and-russian-courses-are-taught-by-native-speakers.html,course landing,bespoke
/third-ear.html,OTHER / bespoke,bespoke
/tips-and-tricks.html,OTHER / bespoke,bespoke
/total-immersion.html,OTHER / bespoke,bespoke
/translation.html,OTHER / bespoke,bespoke
/try.html,OTHER / bespoke,bespoke
/tu-and-vous.html,OTHER / bespoke,bespoke
/typing-welsh-characters.html,OTHER / bespoke,bespoke
/unforgettable-languages.html,OTHER / bespoke,bespoke
/upload-pdf-reports.html,OTHER / bespoke,bespoke
/upload-wmv.html,OTHER / bespoke,bespoke
/verb-conjugation.html,verbs/grammar (bespoke),bespoke
/verb-tenses.html,OTHER / bespoke,bespoke
/welsh-flashcard.html,course tools,bespoke
/welsh-for-crowd.html,OTHER / bespoke,bespoke
/welsh-for-enough.html,OTHER / bespoke,bespoke
/welsh-for-money.html,OTHER / bespoke,bespoke
/welsh-memory-trigger.html,OTHER / bespoke,bespoke
/welsh-order-page.html,OTHER / bespoke,bespoke
/what-sore-puss-comments.html,OTHER / bespoke,bespoke
/who-remembers-the-critic.html,OTHER / bespoke,bespoke
/why-did-michel-thomas-neglect-the-woman-student-on-his-total-french-course.html,course landing,bespoke
/why-the-confusion.html,OTHER / bespoke,bespoke
/word-of-the-day.html,word-of-day (other),bespoke
/worst-words-upload-wmv.html,OTHER / bespoke,bespoke
/worst-words.html,OTHER / bespoke,bespoke
/z-tech-apple-mac.html,OTHER / bespoke,bespoke
/z-tech-azerty.html,OTHER / bespoke,bespoke
/z-tech-cannot-access-lessons.html,lesson (other),bespoke
/z-tech-central-database.html,OTHER / bespoke,bespoke
/z-tech-cpu-activity.html,OTHER / bespoke,bespoke
/z-tech-download-error-message.html,OTHER / bespoke,bespoke
/z-tech-download-installation.html,OTHER / bespoke,bespoke
/z-tech-faulty-sound-card.html,OTHER / bespoke,bespoke
/z-tech-install-error.html,OTHER / bespoke,bespoke
/z-tech-laptop-fan.html,OTHER / bespoke,bespoke
/z-tech-missing-font.html,OTHER / bespoke,bespoke
/z-tech-notes-icon-missing.html,OTHER / bespoke,bespoke
/z-tech-pictures-too-fast.html,OTHER / bespoke,bespoke
/z-tech-runtime-error.html,OTHER / bespoke,bespoke
/z-tech-save-database.html,OTHER / bespoke,bespoke
/z-tech-screen-resolution.html,OTHER / bespoke,bespoke
/z-tech-write-error.html,OTHER / bespoke,bespoke
/z-windows-vista.html,OTHER / bespoke,bespoke
