path,family,type,entry_visits_total,pageviews_total,months_seen,entry_visits_avg,first_month,last_month,trend
/,home,mixed,518040,659356,73,7096.4,2020-09,2026-09,-10%
/contact-us.html,OTHER / bespoke,bespoke,45042,71717,73,617.0,2020-09,2026-09,-66%
/daily-spanish-lesson.html,lesson (other),bespoke,41148,61644,73,563.7,2020-09,2026-09,+22%
/typing-welsh-characters.html,OTHER / bespoke,bespoke,34099,45429,73,467.1,2020-09,2026-09,-33%
/circumflex-in-french.html,OTHER / bespoke,bespoke,33571,44140,73,459.9,2020-09,2026-09,+30%
/daily-french-lesson.html,lesson (other),bespoke,31057,51582,73,425.4,2020-09,2026-09,-6%
/french-verb-aller.html,verb-conjugation (lang-verb-X),TEMPLATED,30482,41704,73,417.6,2020-09,2026-09,-24%
/french-verb-vouloir.html,verb-conjugation (lang-verb-X),TEMPLATED,26624,36987,73,364.7,2020-09,2026-09,-53%
/spanish-verb-poder.html,verb-conjugation (lang-verb-X),TEMPLATED,26593,34415,72,369.3,2020-09,2026-09,-73%
/spanish-verb-comer.html,verb-conjugation (lang-verb-X),TEMPLATED,23821,30616,73,326.3,2020-09,2026-09,-52%
/spanish-verb-probar.html,verb-conjugation (lang-verb-X),TEMPLATED,23696,30666,73,324.6,2020-09,2026-09,-4%
/learn-french.html,course landing,bespoke,22613,49710,73,309.8,2020-09,2026-09,+1%
/spanish-verb-sonar.html,verb-conjugation (lang-verb-X),TEMPLATED,22591,27446,73,309.5,2020-09,2026-09,+161%
/spanish-verb-lavar.html,verb-conjugation (lang-verb-X),TEMPLATED,22445,30020,73,307.5,2020-09,2026-09,-64%
/french-verb-mettre.html,verb-conjugation (lang-verb-X),TEMPLATED,21982,31955,73,301.1,2020-09,2026-09,-81%
/spanish-verb-doler.html,verb-conjugation (lang-verb-X),TEMPLATED,21605,27472,73,296.0,2020-09,2026-09,-34%
/spanish-verb-mentir.html,verb-conjugation (lang-verb-X),TEMPLATED,21220,26210,73,290.7,2020-09,2026-09,+95%
/spanish-verb-llover.html,verb-conjugation (lang-verb-X),TEMPLATED,20878,27047,73,286.0,2020-09,2026-09,+43%
/learn-spanish.html,course landing,bespoke,20364,51159,73,279.0,2020-09,2026-09,-11%
/spanish-verb-romper.html,verb-conjugation (lang-verb-X),TEMPLATED,19610,25791,73,268.6,2020-09,2026-09,-8%
/spanish-verb-volar.html,verb-conjugation (lang-verb-X),TEMPLATED,19572,25694,73,268.1,2020-09,2026-09,-13%
/learn-german.html,course landing,bespoke,19428,36669,73,266.1,2020-09,2026-09,-24%
/daily-italian-lesson.html,lesson (other),bespoke,18770,28244,73,257.1,2020-09,2026-09,-20%
/spanish-verb-nevar.html,verb-conjugation (lang-verb-X),TEMPLATED,18673,24133,73,255.8,2020-09,2026-09,+16%
/main-page.html,OTHER / bespoke,bespoke,18087,38536,73,247.8,2020-09,2026-09,+63%
/200words-a-day-technical-help.html,OTHER / bespoke,bespoke,17994,26862,73,253.4,2020-09,2026-09,-13%
/french-verb-prendre.html,verb-conjugation (lang-verb-X),TEMPLATED,16695,23704,73,228.7,2020-09,2026-09,-70%
/spanish-verb-costar.html,verb-conjugation (lang-verb-X),TEMPLATED,16632,21771,73,227.8,2020-09,2026-09,-59%
/french-verb-offrir.html,verb-conjugation (lang-verb-X),TEMPLATED,16085,20739,73,220.3,2020-09,2026-09,-35%
/spanish-verb-escoger.html,verb-conjugation (lang-verb-X),TEMPLATED,15556,20821,72,216.1,2020-09,2026-09,-51%
/french-lesson-list.html,lesson (other),bespoke,15136,26136,73,207.3,2020-09,2026-09,-18%
/28Feb-daily-italian-lesson.html,daily-italian-lesson (dated),TEMPLATED,14809,20061,73,202.9,2020-09,2026-09,-46%
/french-verb-faire.html,verb-conjugation (lang-verb-X),TEMPLATED,14756,23342,73,202.1,2020-09,2026-09,-52%
/spanish-verb-recomendar.html,verb-conjugation (lang-verb-X),TEMPLATED,14603,19544,72,205.7,2020-09,2026-09,-46%
/11Sep-daily-italian-lesson.html,daily-italian-lesson (dated),TEMPLATED,13198,15408,73,180.8,2020-09,2026-09,+392%
/spanish-verb-mover.html,verb-conjugation (lang-verb-X),TEMPLATED,13118,17918,73,179.7,2020-09,2026-09,+4%
/6Dec-daily-italian-lesson.html,daily-italian-lesson (dated),TEMPLATED,13067,17370,73,179.0,2020-09,2026-09,-13%
/learn-italian-fast.html,course landing,bespoke,13055,30223,73,178.8,2020-09,2026-09,+54%
/spanish-verb-deber.html,verb-conjugation (lang-verb-X),TEMPLATED,12757,18453,70,190.4,2020-09,2026-09,-84%
/spanish-verb-preguntar.html,verb-conjugation (lang-verb-X),TEMPLATED,12712,16821,73,174.1,2020-09,2026-09,-51%
/french-verb-se-reposer.html,verb-conjugation (lang-verb-X),TEMPLATED,12551,16552,73,171.9,2020-09,2026-09,-36%
/spanish-verb-encender.html,verb-conjugation (lang-verb-X),TEMPLATED,12520,16827,73,171.5,2020-09,2026-09,-16%
/french-rugby.html,OTHER / bespoke,bespoke,12491,23828,73,171.1,2020-09,2026-09,+14%
/french-verb-devoir.html,verb-conjugation (lang-verb-X),TEMPLATED,12345,19490,73,169.1,2020-09,2026-09,-51%
/14Mar-daily-italian-lesson.html,daily-italian-lesson (dated),TEMPLATED,12209,16853,73,167.2,2020-09,2026-09,+3%
/spanish-verb-repetir.html,verb-conjugation (lang-verb-X),TEMPLATED,12045,17103,73,165.0,2020-09,2026-09,+45%
/french-verb-pouvoir.html,verb-conjugation (lang-verb-X),TEMPLATED,11462,18592,73,157.0,2020-09,2026-09,+22%
/alpha.html,OTHER / bespoke,bespoke,11457,15957,73,156.9,2020-09,2026-09,-15%
/spanish-verb-pedir.html,verb-conjugation (lang-verb-X),TEMPLATED,11434,16316,71,161.0,2020-09,2026-09,-35%
/french-verb-travailler.html,verb-conjugation (lang-verb-X),TEMPLATED,11359,15254,73,155.6,2020-09,2026-09,-65%
/spanish-verb-discutir.html,verb-conjugation (lang-verb-X),TEMPLATED,11249,15457,73,154.1,2020-09,2026-09,-42%
/spanish-verb-desayunar.html,verb-conjugation (lang-verb-X),TEMPLATED,11241,16705,73,154.0,2020-09,2026-09,-48%
/spanish-verb-prender.html,verb-conjugation (lang-verb-X),TEMPLATED,11159,15222,73,152.9,2020-09,2026-09,+82%
/spanish-verb-encontrar.html,verb-conjugation (lang-verb-X),TEMPLATED,11115,15575,73,152.3,2020-09,2026-09,+48%
/spanish-verb-incluir.html,verb-conjugation (lang-verb-X),TEMPLATED,11081,14858,73,153.9,2020-09,2026-09,+36%
/5Mar-daily-italian-lesson.html,daily-italian-lesson (dated),TEMPLATED,11070,15407,73,151.6,2020-09,2026-09,+1%
/spanish-verb-coger.html,verb-conjugation (lang-verb-X),TEMPLATED,10898,14601,69,157.9,2020-09,2026-09,-72%
/french-verb-partir.html,verb-conjugation (lang-verb-X),TEMPLATED,10811,15639,73,152.3,2020-09,2026-09,-51%
/spanish-verb-tener.html,verb-conjugation (lang-verb-X),TEMPLATED,10454,13135,71,158.4,2020-09,2026-09,+665%
/ten-most-important-spanish-verbs.html,OTHER / bespoke,bespoke,10162,18377,73,139.2,2020-09,2026-09,-19%
/language-learning-sitemap.html,OTHER / bespoke,bespoke,9984,17221,73,136.8,2020-09,2026-09,+39%
/spanish-verb-aprender.html,verb-conjugation (lang-verb-X),TEMPLATED,9974,15346,71,140.5,2020-09,2026-09,-54%
/spanish-verb-venir.html,verb-conjugation (lang-verb-X),TEMPLATED,9964,15624,73,136.5,2020-09,2026-09,-33%
/spanish-verb-mirar.html,verb-conjugation (lang-verb-X),TEMPLATED,9813,13836,73,134.4,2020-09,2026-09,-0%
/french-verb-mentir.html,verb-conjugation (lang-verb-X),TEMPLATED,9779,11783,58,191.7,2020-09,2026-09,+280%
/spanish-verb-morder.html,verb-conjugation (lang-verb-X),TEMPLATED,9645,13647,73,132.1,2020-09,2026-09,+54%
/spanish-verb-apetecer.html,verb-conjugation (lang-verb-X),TEMPLATED,9622,13123,73,135.5,2020-09,2026-09,+133%
/french-verb-entendre.html,verb-conjugation (lang-verb-X),TEMPLATED,9553,14416,73,132.7,2020-09,2026-09,-67%
/spanish-verb-perder.html,verb-conjugation (lang-verb-X),TEMPLATED,9515,14019,73,132.2,2020-09,2026-09,-40%
/spanish-verb-huir.html,verb-conjugation (lang-verb-X),TEMPLATED,9507,12818,73,132.0,2020-09,2026-09,+174%
/learn-french-blog.html,blog,bespoke,9461,19972,73,131.4,2020-09,2026-09,+50%
/french-verb-recevoir.html,verb-conjugation (lang-verb-X),TEMPLATED,9214,13587,72,128.0,2020-09,2026-09,-40%
/french-in-action.html,OTHER / bespoke,bespoke,9135,16614,73,125.1,2020-09,2026-09,+40%
/15Jul-daily-italian-lesson.html,daily-italian-lesson (dated),TEMPLATED,9126,12428,73,125.0,2020-09,2026-09,-28%
/spanish-verb-cerrar.html,verb-conjugation (lang-verb-X),TEMPLATED,9116,13349,70,130.2,2020-09,2026-09,-46%
/spanish-verb-correr.html,verb-conjugation (lang-verb-X),TEMPLATED,9023,13080,63,158.3,2020-09,2026-09,-75%
/free-french-lessons.html,lesson (other),bespoke,8875,17857,73,121.6,2020-09,2026-09,+124%
/french-verb-se-raser.html,verb-conjugation (lang-verb-X),TEMPLATED,8872,11789,70,132.4,2020-09,2026-09,-74%
/spanish-verb-preferir.html,verb-conjugation (lang-verb-X),TEMPLATED,8846,13239,71,124.6,2020-09,2026-09,-44%
/learn-welsh.html,course landing,bespoke,8778,19571,73,120.2,2020-09,2026-09,+198%
/spanish-verb-barrer.html,verb-conjugation (lang-verb-X),TEMPLATED,8747,12697,72,121.5,2020-09,2026-09,+70%
/spanish-verb-vestir.html,verb-conjugation (lang-verb-X),TEMPLATED,8743,12312,71,123.1,2020-09,2026-09,-72%
/13Mar-daily-italian-lesson.html,daily-italian-lesson (dated),TEMPLATED,8664,12745,73,118.7,2020-09,2026-09,-27%
/french-verb-venir.html,verb-conjugation (lang-verb-X),TEMPLATED,8627,13687,73,118.2,2020-09,2026-09,-32%
/spanish-verb-contestar.html,verb-conjugation (lang-verb-X),TEMPLATED,8580,12451,63,136.2,2020-09,2025-11,-66%
/spanish-verb-asistir.html,verb-conjugation (lang-verb-X),TEMPLATED,8511,12292,64,135.1,2020-09,2026-09,-71%
/spanish-verb-enviar.html,verb-conjugation (lang-verb-X),TEMPLATED,8394,11880,72,116.6,2020-09,2026-09,-57%
/29Oct-daily-italian-lesson.html,daily-italian-lesson (dated),TEMPLATED,8348,12990,72,115.9,2020-09,2026-09,-25%
/spanish-verb-orar.html,verb-conjugation (lang-verb-X),TEMPLATED,8023,11213,73,109.9,2020-09,2026-09,+64%
/spanish-verb-prevenir.html,verb-conjugation (lang-verb-X),TEMPLATED,7943,11371,73,108.8,2020-09,2026-09,+6%
/spanish-verb-divertirse.html,verb-conjugation (lang-verb-X),TEMPLATED,7914,11542,73,108.4,2020-09,2026-09,-32%
/total-immersion.html,OTHER / bespoke,bespoke,7861,12754,73,107.7,2020-09,2026-09,-22%
/learn-spanish-blog.html,blog,bespoke,7729,17250,73,108.9,2020-09,2026-09,-44%
/french-for-finish.html,X-for-word lessons,TEMPLATED-ish,7720,10749,64,120.6,2020-09,2026-04,-69%
/spanish-verb-conducir.html,verb-conjugation (lang-verb-X),TEMPLATED,7693,11264,72,108.4,2020-09,2026-09,-21%
/19Mar-daily-italian-lesson.html,daily-italian-lesson (dated),TEMPLATED,7687,11738,73,105.3,2020-09,2026-09,-15%
/language-learning-blog.html,blog,bespoke,7645,18874,73,104.7,2020-09,2026-09,+111%
/17Mar-daily-italian-lesson.html,daily-italian-lesson (dated),TEMPLATED,7600,11349,72,105.6,2020-09,2026-08,-17%
/french-verb-tenir.html,verb-conjugation (lang-verb-X),TEMPLATED,7503,11025,70,107.2,2020-09,2026-08,-62%
/spanish-lesson-list.html,lesson (other),bespoke,7493,15845,73,102.6,2020-09,2026-09,+34%
/spanish-verb-responder.html,verb-conjugation (lang-verb-X),TEMPLATED,7492,10849,73,102.6,2020-09,2026-09,+31%
/10Mar-daily-italian-lesson.html,daily-italian-lesson (dated),TEMPLATED,7475,11034,73,102.4,2020-09,2026-09,+9%
/12Oct-daily-italian-lesson.html,daily-italian-lesson (dated),TEMPLATED,7457,12515,73,102.2,2020-09,2026-09,-31%
/4Sep-daily-italian-lesson.html,daily-italian-lesson (dated),TEMPLATED,7339,10224,71,103.4,2020-09,2026-09,+153%
/spanish-verb-medir.html,verb-conjugation (lang-verb-X),TEMPLATED,7338,10660,73,100.5,2020-09,2026-09,-23%
/spanish-verb-hervir.html,verb-conjugation (lang-verb-X),TEMPLATED,7285,10706,72,102.6,2020-09,2026-09,-28%
/spanish-verb-querer.html,verb-conjugation (lang-verb-X),TEMPLATED,7261,11190,72,102.3,2020-09,2026-09,-13%
/17Jul-daily-italian-lesson.html,daily-italian-lesson (dated),TEMPLATED,7185,10532,73,98.4,2020-09,2026-09,+71%
/spanish-verb-gozar.html,verb-conjugation (lang-verb-X),TEMPLATED,7059,10014,73,96.7,2020-09,2026-09,+65%
/14Jan-daily-italian-lesson.html,daily-italian-lesson (dated),TEMPLATED,7037,10069,73,97.7,2020-09,2026-09,+9%
/spanish-verb-abrazar.html,verb-conjugation (lang-verb-X),TEMPLATED,7029,10389,72,99.0,2020-09,2026-09,+16%
/learn-italian.html,course landing,bespoke,7028,14304,73,96.3,2020-09,2026-09,+173%
/french-verb-se-disputer.html,verb-conjugation (lang-verb-X),TEMPLATED,6985,10084,72,97.0,2020-09,2026-09,-27%
/24Oct-daily-italian-lesson.html,daily-italian-lesson (dated),TEMPLATED,6969,10052,73,95.5,2020-09,2026-09,+51%
/french-bescherelle.html,OTHER / bespoke,bespoke,6928,9898,73,94.9,2020-09,2026-09,+54%
/french-for-station.html,X-for-word lessons,TEMPLATED-ish,6903,10244,73,94.6,2020-09,2026-09,+72%
/free-spanish-lesson.html,lesson (other),bespoke,6891,16074,73,95.7,2020-09,2026-09,+217%
/spanish-verb-duchar.html,verb-conjugation (lang-verb-X),TEMPLATED,6760,10384,73,92.6,2020-09,2026-09,+1%
/spanish-verb-crecer.html,verb-conjugation (lang-verb-X),TEMPLATED,6745,9206,71,95.0,2020-09,2026-09,+281%
/spanish-verb-fregar.html,verb-conjugation (lang-verb-X),TEMPLATED,6739,10032,73,92.3,2020-09,2026-09,+64%
/word-of-the-day.html,word-of-day (other),bespoke,6725,15513,73,92.1,2020-09,2026-09,+197%
/spanish-verb-obedecer.html,verb-conjugation (lang-verb-X),TEMPLATED,6722,10011,73,92.1,2020-09,2026-09,+42%
/1Dec-daily-italian-lesson.html,daily-italian-lesson (dated),TEMPLATED,6642,10003,73,91.0,2020-09,2026-09,+15%
/spanish-verb-recordar.html,verb-conjugation (lang-verb-X),TEMPLATED,6632,9807,63,108.7,2020-09,2026-09,-71%
/french-verb-sentir.html,verb-conjugation (lang-verb-X),TEMPLATED,6619,9565,70,94.6,2020-09,2026-09,-41%
/important-french-verbs.html,OTHER / bespoke,bespoke,6594,11108,73,90.3,2020-09,2026-09,+3%
/memory-masters.html,OTHER / bespoke,bespoke,6577,15116,73,91.3,2020-09,2026-09,-27%
/spanish-verb-toser.html,verb-conjugation (lang-verb-X),TEMPLATED,6575,9564,71,92.6,2020-09,2026-08,+0%
/link-to-us.html,OTHER / bespoke,bespoke,6522,15295,73,89.3,2020-09,2026-09,+194%
/spanish-verb-continuar.html,verb-conjugation (lang-verb-X),TEMPLATED,6521,11436,73,90.6,2020-09,2026-09,+36%
/1Nov-daily-italian-lesson.html,daily-italian-lesson (dated),TEMPLATED,6485,9670,73,88.8,2020-09,2026-09,+7%
/linkword.html,OTHER / bespoke,bespoke,6463,10777,73,88.5,2020-09,2026-09,+14%
/french-verb-avoir.html,verb-conjugation (lang-verb-X),TEMPLATED,6439,12170,73,88.2,2020-09,2026-09,+20%
/french-verb-etre.html,verb-conjugation (lang-verb-X),TEMPLATED,6422,12616,73,88.0,2020-09,2026-09,+23%
/french-pronunciation-guide.html,OTHER / bespoke,bespoke,6372,12781,73,87.3,2020-09,2026-09,+35%
/french-verb-visiter.html,verb-conjugation (lang-verb-X),TEMPLATED,6365,9794,73,89.6,2020-09,2026-09,+180%
/spanish-verb-beber.html,verb-conjugation (lang-verb-X),TEMPLATED,6327,10397,70,93.0,2020-09,2026-09,-41%
/french-for-sausage.html,X-for-word lessons,TEMPLATED-ish,6314,10046,73,86.5,2020-09,2026-09,+151%
/spanish-football.html,OTHER / bespoke,bespoke,6309,22943,73,86.4,2020-09,2026-09,+18%
/learn-german-blog.html,blog,bespoke,6258,14289,73,89.4,2020-09,2026-09,+12%
/3Feb-daily-italian-lesson.html,daily-italian-lesson (dated),TEMPLATED,6254,9372,73,85.7,2020-09,2026-09,-15%
/3Mar-daily-italian-lesson.html,daily-italian-lesson (dated),TEMPLATED,6203,9616,73,85.0,2020-09,2026-09,+65%
/language-tutorial.html,OTHER / bespoke,bespoke,6141,15433,73,85.3,2020-09,2026-09,+235%
/spanish-verb-sugerir.html,verb-conjugation (lang-verb-X),TEMPLATED,6126,9294,70,87.5,2020-09,2026-09,-32%
/16Sep-daily-italian-lesson.html,daily-italian-lesson (dated),TEMPLATED,6124,8072,72,86.3,2020-09,2026-09,-37%
/estar.html,verbs/grammar (bespoke),bespoke,6053,17687,73,82.9,2020-09,2026-09,+43%
/spanish-verb-ofrecer.html,verb-conjugation (lang-verb-X),TEMPLATED,6052,9525,73,82.9,2020-09,2026-09,+4%
/spanish-verb-organizar.html,verb-conjugation (lang-verb-X),TEMPLATED,6016,9323,70,87.2,2020-09,2026-09,-36%
/16Nov-daily-italian-lesson.html,daily-italian-lesson (dated),TEMPLATED,6004,8583,71,84.6,2020-09,2026-09,+26%
/language-learning-questions.html,OTHER / bespoke,bespoke,5987,32859,73,82.0,2020-09,2026-09,+35%
/spanish-verb-saludar.html,verb-conjugation (lang-verb-X),TEMPLATED,5979,8990,71,84.2,2020-09,2026-09,-22%
/spanish-verb-banar.html,verb-conjugation (lang-verb-X),TEMPLATED,5943,9328,73,81.4,2020-09,2026-09,+33%
/foreign-service-institute-language-course.html,course landing,bespoke,5935,11065,73,81.3,2020-09,2026-09,+109%
/9Mar-daily-italian-lesson.html,daily-italian-lesson (dated),TEMPLATED,5899,9092,73,80.8,2020-09,2026-09,+23%
/testimonial.html,OTHER / bespoke,bespoke,5897,14241,73,83.1,2020-09,2026-09,+248%
/accelerated-learning.html,OTHER / bespoke,bespoke,5774,14368,72,84.9,2020-09,2026-09,+369%
/spanish-verb-anadir.html,verb-conjugation (lang-verb-X),TEMPLATED,5743,8346,68,84.5,2021-01,2026-09,+122%
/spanish-verb-list.html,verb-conjugation (lang-verb-X),TEMPLATED,5715,12942,73,78.3,2020-09,2026-09,+70%
/spanish-for-carrot.html,X-for-word lessons,TEMPLATED-ish,5625,10858,73,78.1,2020-09,2026-09,+93%
/spanish-verb-vivir.html,verb-conjugation (lang-verb-X),TEMPLATED,5622,9744,68,83.9,2020-09,2026-09,+10%
/spanish-verb-regar.html,verb-conjugation (lang-verb-X),TEMPLATED,5598,8600,73,78.8,2020-09,2026-09,+4%
/foreign-service-institute-fsi-french.html,OTHER / bespoke,bespoke,5595,8680,73,76.6,2020-09,2026-09,+197%
/foreign-service-institute-fsi-german.html,OTHER / bespoke,bespoke,5562,11539,73,78.3,2020-09,2026-09,+221%
/spanish-verb-tender.html,verb-conjugation (lang-verb-X),TEMPLATED,5512,8409,71,78.7,2020-09,2026-09,+40%
/spanish-verb-poner.html,verb-conjugation (lang-verb-X),TEMPLATED,5461,8699,68,80.3,2020-09,2026-09,+52%
/french-verb-mener.html,verb-conjugation (lang-verb-X),TEMPLATED,5450,11141,73,74.7,2020-09,2026-09,+91%
/spanish-verb-enojar.html,verb-conjugation (lang-verb-X),TEMPLATED,5450,8115,72,75.7,2020-09,2026-09,-8%
/spanish-verb-pasar.html,verb-conjugation (lang-verb-X),TEMPLATED,5437,8517,68,82.4,2020-09,2026-07,-61%
/spanish-verb-esconder.html,verb-conjugation (lang-verb-X),TEMPLATED,5411,8535,72,75.2,2020-09,2026-09,+34%
/11Mar-daily-italian-lesson.html,daily-italian-lesson (dated),TEMPLATED,5391,8415,73,73.8,2020-09,2026-09,+4%
/spanish-verb-investigar.html,verb-conjugation (lang-verb-X),TEMPLATED,5391,8150,72,75.9,2020-09,2026-09,+20%
/order-page.html,OTHER / bespoke,bespoke,5311,18999,73,72.8,2020-09,2026-09,+121%
/michel-thomas.html,OTHER / bespoke,bespoke,5272,7632,71,75.3,2020-09,2026-09,-2%
/spanish-verb-prometer.html,verb-conjugation (lang-verb-X),TEMPLATED,5259,8623,72,73.0,2020-09,2026-09,-12%
/french-verb-peindre.html,verb-conjugation (lang-verb-X),TEMPLATED,5222,8085,72,73.5,2020-09,2026-09,-4%
/sleep-in-spanish.html,OTHER / bespoke,bespoke,5206,9788,73,73.3,2020-09,2026-09,+32%
/learn-spanish-in-caceres.html,course landing,bespoke,5152,8911,69,83.1,2020-09,2026-09,+422%
/spanish-verb-despedir.html,verb-conjugation (lang-verb-X),TEMPLATED,5139,9536,73,71.4,2020-09,2026-09,+43%
/z-tech-azerty.html,OTHER / bespoke,bespoke,5116,7501,70,73.1,2020-09,2026-06,+14%
/spanish-verb-suponer.html,verb-conjugation (lang-verb-X),TEMPLATED,5107,7889,54,100.1,2020-09,2026-09,-71%
/3Nov-daily-italian-lesson.html,daily-italian-lesson (dated),TEMPLATED,5104,6598,71,71.9,2020-09,2026-08,+113%
/french-verb-dire.html,verb-conjugation (lang-verb-X),TEMPLATED,5100,9204,72,70.8,2020-09,2026-09,-3%
/spanish-verb-aparcar.html,verb-conjugation (lang-verb-X),TEMPLATED,5100,7883,71,72.9,2020-09,2026-09,+105%
/spanish-verb-construir.html,verb-conjugation (lang-verb-X),TEMPLATED,5084,7571,70,73.7,2020-09,2026-09,+116%
/language-learning-ezine.html,ezine,bespoke,5008,12665,73,86.3,2020-09,2026-09,+450%
/spanish-verb-pagar.html,verb-conjugation (lang-verb-X),TEMPLATED,4964,8167,73,68.0,2020-09,2026-09,-19%
/spanish-verb-subir.html,verb-conjugation (lang-verb-X),TEMPLATED,4936,7533,73,67.6,2020-09,2026-09,-20%
/21Mar-daily-italian-lesson.html,daily-italian-lesson (dated),TEMPLATED,4927,7733,69,72.5,2020-09,2026-07,-1%
/spanish-verb-girar.html,verb-conjugation (lang-verb-X),TEMPLATED,4894,7596,73,67.0,2020-09,2026-09,-6%
/french-verb-comprendre.html,verb-conjugation (lang-verb-X),TEMPLATED,4817,8988,72,66.9,2020-09,2026-09,-18%
/spanish-verb-lamer.html,verb-conjugation (lang-verb-X),TEMPLATED,4762,7454,73,65.2,2020-09,2026-09,+25%
/spanish-verb-buscar.html,verb-conjugation (lang-verb-X),TEMPLATED,4752,7499,73,66.0,2020-09,2026-09,+34%
/2Mar-daily-italian-lesson.html,daily-italian-lesson (dated),TEMPLATED,4700,7765,73,64.4,2020-09,2026-09,+18%
/french-verb-payer.html,verb-conjugation (lang-verb-X),TEMPLATED,4694,7686,73,64.3,2020-09,2026-09,+17%
/spanish-verb-parecer.html,verb-conjugation (lang-verb-X),TEMPLATED,4693,7467,61,79.5,2020-09,2026-04,-64%
/spanish-verb-promover.html,verb-conjugation (lang-verb-X),TEMPLATED,4630,6415,63,74.7,2021-01,2026-09,+114%
/spanish-verb-cubrir.html,verb-conjugation (lang-verb-X),TEMPLATED,4605,7600,71,67.7,2020-09,2026-09,+76%
/spanish-verb-contribuir.html,verb-conjugation (lang-verb-X),TEMPLATED,4583,7630,72,66.4,2020-09,2026-09,-16%
/spanish-verb-vender.html,verb-conjugation (lang-verb-X),TEMPLATED,4575,7756,73,64.4,2020-09,2026-09,+88%
/french-verb-trouver.html,verb-conjugation (lang-verb-X),TEMPLATED,4505,7290,69,65.3,2020-09,2026-09,+11%
/french-verb-utiliser.html,verb-conjugation (lang-verb-X),TEMPLATED,4498,7321,73,61.6,2020-09,2026-09,+81%
/30Sep-daily-italian-lesson.html,daily-italian-lesson (dated),TEMPLATED,4490,7238,71,63.2,2020-09,2026-09,+128%
/privacy-statement.html,OTHER / bespoke,bespoke,4486,13377,71,69.0,2020-09,2026-09,+18%
/spanish-verb-describir.html,verb-conjugation (lang-verb-X),TEMPLATED,4484,7672,68,66.9,2020-09,2026-06,-44%
/french-verb-souffrir.html,verb-conjugation (lang-verb-X),TEMPLATED,4484,7118,71,63.2,2020-09,2026-09,-9%
/third-ear.html,OTHER / bespoke,bespoke,4416,7374,72,62.2,2020-09,2026-09,-18%
/daily-french-lesson-code.html,lesson (other),bespoke,4404,9831,73,65.7,2020-09,2026-09,+217%
/spanish-churros.html,OTHER / bespoke,bespoke,4401,5259,50,100.0,2020-09,2026-09,+49%
/spanish-verb-calentar.html,verb-conjugation (lang-verb-X),TEMPLATED,4353,6709,71,62.2,2020-09,2026-07,+25%
/15Feb-daily-italian-lesson.html,daily-italian-lesson (dated),TEMPLATED,4350,6987,73,60.4,2020-09,2026-09,+17%
/spanish-verb-recoger.html,verb-conjugation (lang-verb-X),TEMPLATED,4323,7345,65,67.5,2020-09,2026-09,-40%
/simulated-immersion.html,OTHER / bespoke,bespoke,4317,8981,73,60.0,2020-09,2026-09,+67%
/spanish-verbs.html,OTHER / bespoke,bespoke,4280,9116,73,58.6,2020-09,2026-09,+105%
/23Dec-daily-italian-lesson.html,daily-italian-lesson (dated),TEMPLATED,4245,6451,70,62.4,2020-09,2026-09,-17%
/language-learning.html,OTHER / bespoke,bespoke,4216,7732,72,58.6,2020-09,2026-09,+89%
/12Mar-daily-italian-lesson.html,daily-italian-lesson (dated),TEMPLATED,4212,8072,67,63.8,2020-09,2026-09,-36%
/2Jul-daily-italian-lesson.html,daily-italian-lesson (dated),TEMPLATED,4200,6404,71,59.2,2020-09,2026-09,+31%
/spanish-verb-cometer.html,verb-conjugation (lang-verb-X),TEMPLATED,4193,7061,70,61.7,2020-09,2026-09,-18%
/spanish-verb-cargar.html,verb-conjugation (lang-verb-X),TEMPLATED,4173,7110,73,57.2,2020-09,2026-09,+35%
/29Jul-daily-italian-lesson.html,daily-italian-lesson (dated),TEMPLATED,4172,4557,5,1390.7,2021-07,2026-07,
/language-learning-survey.html,OTHER / bespoke,bespoke,4140,9562,72,98.6,2020-09,2026-09,+397%
/learn-german-verbs.html,course landing,bespoke,4136,6514,68,61.7,2020-09,2026-09,-29%
/italian-lesson-list.html,lesson (other),bespoke,4134,9866,73,57.4,2020-09,2026-09,+71%
/27Feb-daily-italian-lesson.html,daily-italian-lesson (dated),TEMPLATED,4127,7138,68,63.5,2020-09,2026-05,+20%
/french-for-suitcase-is-valise.html,X-for-word lessons,TEMPLATED-ish,4110,7491,73,57.9,2020-09,2026-09,+47%
/spanish-verb-soplar.html,verb-conjugation (lang-verb-X),TEMPLATED,4104,6913,73,56.2,2020-09,2026-09,+42%
/spanish-for-train.html,X-for-word lessons,TEMPLATED-ish,4084,7437,71,58.3,2020-09,2026-09,+153%
/spanish-verb-cazar.html,verb-conjugation (lang-verb-X),TEMPLATED,4034,6941,69,59.3,2020-09,2026-09,+80%
/french-verb-ouvrir.html,verb-conjugation (lang-verb-X),TEMPLATED,4032,6883,67,63.0,2020-09,2026-09,+14%
/spanish-verb-defender.html,verb-conjugation (lang-verb-X),TEMPLATED,3991,6400,70,57.8,2020-09,2026-09,-12%
/spanish-verb-atender.html,verb-conjugation (lang-verb-X),TEMPLATED,3985,6300,70,56.9,2020-09,2026-09,-17%
/spanish-verb-servir.html,verb-conjugation (lang-verb-X),TEMPLATED,3969,6327,66,62.0,2020-09,2026-09,-22%
/french-for-answer.html,X-for-word lessons,TEMPLATED-ish,3960,4383,62,63.9,2020-09,2026-09,+189%
/french-for-ticket.html,X-for-word lessons,TEMPLATED-ish,3954,7044,71,55.7,2020-09,2026-08,+85%
/spanish-verb-fluir.html,verb-conjugation (lang-verb-X),TEMPLATED,3929,5290,58,70.2,2020-10,2026-05,+289%
/french-for-beef.html,X-for-word lessons,TEMPLATED-ish,3909,6336,70,58.3,2020-09,2026-09,+152%
/spanish-verb-criar.html,verb-conjugation (lang-verb-X),TEMPLATED,3905,5822,69,59.2,2020-09,2026-09,+125%
/spanish-verb-ir.html,verb-conjugation (lang-verb-X),TEMPLATED,3887,8143,72,57.2,2020-09,2026-09,-14%
/gender.html,verbs/grammar (bespoke),bespoke,3874,7273,72,53.8,2020-09,2026-09,+3%
/verb-conjugation.html,verbs/grammar (bespoke),bespoke,3862,5472,73,52.9,2020-09,2026-09,+31%
/french-verb-acheter.html,verb-conjugation (lang-verb-X),TEMPLATED,3851,6818,68,62.1,2020-09,2026-09,-2%
/spanish-verb-componer.html,verb-conjugation (lang-verb-X),TEMPLATED,3839,6408,65,60.0,2020-09,2026-09,-24%
/spanish-verb-pegar.html,verb-conjugation (lang-verb-X),TEMPLATED,3839,6108,72,53.3,2020-09,2026-09,+97%
/french-proverb-of-the-day.html,proverb (other),bespoke,3828,8145,72,53.9,2020-09,2026-09,+183%
/spanish-verb-decir.html,verb-conjugation (lang-verb-X),TEMPLATED,3817,5529,57,69.4,2020-12,2026-09,+6%
/spanish-verb-cruzar.html,verb-conjugation (lang-verb-X),TEMPLATED,3811,6152,68,56.9,2020-09,2026-08,+16%
/spanish-verb-llegar.html,verb-conjugation (lang-verb-X),TEMPLATED,3790,6309,68,56.6,2020-09,2026-09,+49%
/spanish-verb-pelar.html,verb-conjugation (lang-verb-X),TEMPLATED,3757,5670,66,59.6,2020-09,2026-06,+95%
/spanish-verb-destruir.html,verb-conjugation (lang-verb-X),TEMPLATED,3749,6180,72,53.6,2020-09,2026-09,+54%
/spanish-verb-descomponer.html,verb-conjugation (lang-verb-X),TEMPLATED,3735,5909,68,55.7,2020-09,2026-09,+28%
/24Feb-daily-italian-lesson.html,daily-italian-lesson (dated),TEMPLATED,3712,6397,71,52.3,2020-09,2026-09,+44%
/spanish-verb-proponer.html,verb-conjugation (lang-verb-X),TEMPLATED,3711,5809,65,58.9,2020-09,2026-09,-29%
/spanish-verb-lastimar.html,verb-conjugation (lang-verb-X),TEMPLATED,3695,5747,69,55.1,2020-10,2026-09,+18%
/search-results.html,OTHER / bespoke,bespoke,3673,8821,61,73.5,2020-09,2026-09,+43%
/spanish-verb-exigir.html,verb-conjugation (lang-verb-X),TEMPLATED,3673,6086,65,58.3,2020-09,2026-09,+15%
/spanish-verb-tostar.html,verb-conjugation (lang-verb-X),TEMPLATED,3672,5874,67,55.6,2020-09,2026-08,+77%
/29Sep-daily-italian-lesson.html,daily-italian-lesson (dated),TEMPLATED,3671,5848,71,51.7,2020-09,2026-09,+18%
/spanish-verb-olvidar.html,verb-conjugation (lang-verb-X),TEMPLATED,3622,5895,69,53.3,2020-09,2026-09,+59%
/spanish-verb-hablar.html,verb-conjugation (lang-verb-X),TEMPLATED,3621,5991,64,56.6,2020-09,2026-09,-6%
/spanish-verb-dividir.html,verb-conjugation (lang-verb-X),TEMPLATED,3603,5906,62,59.1,2020-09,2026-07,-11%
/french-verb-construire.html,verb-conjugation (lang-verb-X),TEMPLATED,3598,5834,69,52.1,2020-09,2026-09,+23%
/french-verb-apprendre.html,verb-conjugation (lang-verb-X),TEMPLATED,3590,6261,72,52.0,2020-09,2026-09,+35%
/spanish-verb-arrancar.html,verb-conjugation (lang-verb-X),TEMPLATED,3581,5630,64,58.7,2020-09,2026-08,+43%
/holiday-phrases.html,OTHER / bespoke,bespoke,3571,7223,70,61.6,2020-09,2026-09,+189%
/french-pics.html,course tools,bespoke,3548,6397,70,50.7,2020-09,2026-09,+87%
/14Oct-daily-italian-lesson.html,daily-italian-lesson (dated),TEMPLATED,3512,5315,61,58.5,2020-09,2026-09,+143%
/spanish-verb-gemir.html,verb-conjugation (lang-verb-X),TEMPLATED,3485,5743,70,52.0,2020-09,2026-09,+81%
/french-verb-remplacer.html,verb-conjugation (lang-verb-X),TEMPLATED,3454,5829,66,56.6,2020-09,2026-09,+94%
/spanish-verb-actuar.html,verb-conjugation (lang-verb-X),TEMPLATED,3414,5517,54,69.7,2020-11,2026-09,+183%
/reflexive-verbs.html,OTHER / bespoke,bespoke,3412,6310,59,57.8,2020-09,2026-04,-37%
/make-sentences.html,course tools,bespoke,3396,7399,70,52.2,2020-09,2026-09,+92%
/spanish-verb-mudar.html,verb-conjugation (lang-verb-X),TEMPLATED,3361,5974,68,50.2,2020-09,2026-08,+17%
/spanish-verb-lanzar.html,verb-conjugation (lang-verb-X),TEMPLATED,3359,6017,68,51.7,2020-09,2026-09,+75%
/fsi-german-course.html,course landing,bespoke,3356,6665,70,59.9,2020-09,2026-09,+277%
/2Nov-daily-italian-lesson.html,daily-italian-lesson (dated),TEMPLATED,3349,7344,72,48.5,2020-09,2026-08,+31%
/fsi-french-course.html,course landing,bespoke,3321,7156,72,52.7,2020-09,2026-09,+167%
/italian-for-bad.html,X-for-word lessons,TEMPLATED-ish,3297,5122,67,53.2,2020-09,2026-09,+153%
/italian-for-noisy.html,X-for-word lessons,TEMPLATED-ish,3291,7109,71,52.2,2020-09,2026-09,+185%
/why-did-michel-thomas-neglect-the-woman-student-on-his-total-french-course.html,course landing,bespoke,3265,4031,67,49.5,2020-09,2026-09,+26%
/rapid-conjugation-of-spanish-verbs.html,verbs/grammar (bespoke),bespoke,3255,13761,73,50.1,2020-09,2026-09,+121%
/spanish-verb-congelar.html,verb-conjugation (lang-verb-X),TEMPLATED,3222,5432,61,59.7,2020-11,2026-09,+232%
/french-verb-vomir.html,verb-conjugation (lang-verb-X),TEMPLATED,3217,5270,63,52.7,2020-09,2026-08,-3%
/french-verb-agir.html,verb-conjugation (lang-verb-X),TEMPLATED,3214,5151,65,50.2,2020-09,2026-09,+58%
/spanish-verb-juzgar.html,verb-conjugation (lang-verb-X),TEMPLATED,3212,4982,69,47.2,2020-09,2026-08,+46%
/french-verb-promettre.html,verb-conjugation (lang-verb-X),TEMPLATED,3211,5158,56,65.5,2020-09,2026-09,-45%
/spanish-verb-rezar.html,verb-conjugation (lang-verb-X),TEMPLATED,3207,5366,65,50.1,2020-09,2026-05,+3%
/learn-french-newsletter.html,course landing,bespoke,3195,4839,59,54.2,2020-09,2026-08,+5%
/french-word-of-the-day.html,word-of-day (other),bespoke,3165,8182,72,53.6,2020-09,2026-09,+148%
/spanish-verb-proteger.html,verb-conjugation (lang-verb-X),TEMPLATED,3160,5285,67,50.2,2020-09,2026-09,+42%
/spanish-verb-aplaudir.html,verb-conjugation (lang-verb-X),TEMPLATED,3159,5187,64,50.1,2020-09,2026-09,-17%
/french-verb-geler.html,verb-conjugation (lang-verb-X),TEMPLATED,3151,5213,65,49.2,2020-09,2026-09,+24%
/spanish-verb-comprender.html,verb-conjugation (lang-verb-X),TEMPLATED,3148,4973,47,71.5,2020-10,2026-04,-48%
/11May-daily-italian-lesson.html,daily-italian-lesson (dated),TEMPLATED,3136,4893,66,47.5,2020-09,2026-07,+16%
/spanish-verb-sembrar.html,verb-conjugation (lang-verb-X),TEMPLATED,3127,5226,66,48.9,2020-09,2026-09,+60%
/spanish-verb-herir.html,verb-conjugation (lang-verb-X),TEMPLATED,3115,5366,68,47.9,2020-09,2026-09,+49%
/french-verb-tuer.html,verb-conjugation (lang-verb-X),TEMPLATED,3111,4993,69,46.4,2020-09,2026-09,+96%
/spanish-verb-hundir.html,verb-conjugation (lang-verb-X),TEMPLATED,3094,7018,70,46.9,2020-09,2026-09,+22%
/spanish-verb-agradecer.html,verb-conjugation (lang-verb-X),TEMPLATED,3064,4153,35,102.1,2021-06,2026-04,+619%
/spanish-verb-sorprender.html,verb-conjugation (lang-verb-X),TEMPLATED,3051,4588,58,53.5,2020-12,2026-07,+28%
/french-verb-se-trouver.html,verb-conjugation (lang-verb-X),TEMPLATED,3025,4816,68,45.1,2020-09,2026-09,-0%
/french-verb-decouvrir.html,verb-conjugation (lang-verb-X),TEMPLATED,3023,5092,65,46.5,2020-09,2026-09,+3%
/10Dec-daily-italian-lesson.html,daily-italian-lesson (dated),TEMPLATED,3022,5485,62,50.4,2020-09,2026-09,-25%
/french-verb-maintenir.html,verb-conjugation (lang-verb-X),TEMPLATED,3021,3737,32,104.2,2020-09,2026-09,+407%
/french-verb-contenir.html,verb-conjugation (lang-verb-X),TEMPLATED,3009,3481,32,103.8,2020-09,2026-09,+439%
/spanish-verb-nacer.html,verb-conjugation (lang-verb-X),TEMPLATED,3008,4831,62,51.0,2020-09,2026-09,+16%
/4Oct-daily-italian-lesson.html,daily-italian-lesson (dated),TEMPLATED,2995,5463,71,44.0,2020-09,2026-09,+37%
/spanish-verb-rendir.html,verb-conjugation (lang-verb-X),TEMPLATED,2990,4624,58,53.4,2020-10,2026-09,+131%
/french-verb-casser.html,verb-conjugation (lang-verb-X),TEMPLATED,2981,4269,67,44.5,2020-09,2026-09,+25%
/spanish-verb-acostar.html,verb-conjugation (lang-verb-X),TEMPLATED,2971,5335,65,49.5,2020-09,2026-09,+87%
/spanish-verb-quemar.html,verb-conjugation (lang-verb-X),TEMPLATED,2966,4973,63,47.1,2020-09,2025-11,+25%
/german-flashcard.html,course tools,bespoke,2965,7218,70,55.9,2020-09,2026-09,+188%
/ser-and-estar-in-spanish.html,verbs/grammar (bespoke),bespoke,2946,7515,73,43.3,2020-09,2026-09,+37%
/spanish-verb-fallecer.html,verb-conjugation (lang-verb-X),TEMPLATED,2938,4361,65,46.6,2020-09,2026-08,+126%
/spanish-verb-excluir.html,verb-conjugation (lang-verb-X),TEMPLATED,2937,3621,34,104.9,2021-04,2026-08,+525%
/15Mar-daily-italian-lesson.html,daily-italian-lesson (dated),TEMPLATED,2885,4782,51,64.1,2020-09,2026-06,-56%
/1Mar-daily-german-lesson.html,lesson (other),bespoke,2879,3153,27,120.0,2020-11,2026-07,+502%
/8Sep-daily-italian-lesson.html,daily-italian-lesson (dated),TEMPLATED,2875,3650,59,51.3,2020-09,2026-09,+102%
/french-verb-eviter.html,verb-conjugation (lang-verb-X),TEMPLATED,2832,3557,33,88.5,2020-09,2026-09,-31%
/spanish-verb-competir.html,verb-conjugation (lang-verb-X),TEMPLATED,2828,4545,47,65.8,2021-10,2026-09,+122%
/french-verb-pendre.html,verb-conjugation (lang-verb-X),TEMPLATED,2826,4878,57,51.4,2020-09,2026-09,-17%
/french-verb-repeter.html,verb-conjugation (lang-verb-X),TEMPLATED,2812,4499,53,58.6,2020-09,2026-09,+118%
/spanish-verb-imponer.html,verb-conjugation (lang-verb-X),TEMPLATED,2786,5497,65,45.7,2020-09,2026-09,+21%
/spanish-verb-asumir.html,verb-conjugation (lang-verb-X),TEMPLATED,2781,4313,57,49.7,2021-04,2026-05,+137%
/spanish-verb-roncar.html,verb-conjugation (lang-verb-X),TEMPLATED,2768,4120,54,57.7,2020-09,2026-09,+264%
/spanish-verb-confiar.html,verb-conjugation (lang-verb-X),TEMPLATED,2764,4660,64,45.3,2020-09,2026-09,+41%
/spanish-verb-sentir.html,verb-conjugation (lang-verb-X),TEMPLATED,2758,4617,63,44.5,2020-09,2026-04,+10%
/french-flashcard.html,course tools,bespoke,2741,7448,70,51.7,2020-09,2026-09,+114%
/spanish-verb-exponer.html,verb-conjugation (lang-verb-X),TEMPLATED,2735,5047,68,44.1,2020-09,2026-09,+82%
/spanish-verb-adelgazar.html,verb-conjugation (lang-verb-X),TEMPLATED,2724,5052,67,43.2,2020-09,2026-06,+26%
/spanish-verb-desvestir.html,verb-conjugation (lang-verb-X),TEMPLATED,2708,4207,58,49.2,2020-10,2026-09,+115%
/25Oct-daily-italian-lesson.html,daily-italian-lesson (dated),TEMPLATED,2693,4088,56,48.1,2020-09,2026-08,+52%
/6Mar-daily-italian-lesson.html,daily-italian-lesson (dated),TEMPLATED,2678,4984,68,41.8,2020-09,2026-09,+55%
/spanish-verb-admitir.html,verb-conjugation (lang-verb-X),TEMPLATED,2675,4998,60,47.8,2020-09,2026-09,-10%
/french-for-boat.html,X-for-word lessons,TEMPLATED-ish,2672,4864,58,48.6,2020-09,2025-12,-2%
/spanish-verb-constituir.html,verb-conjugation (lang-verb-X),TEMPLATED,2672,3289,27,133.6,2020-09,2026-09,+891%
/spanish-bescherelle.html,OTHER / bespoke,bespoke,2656,4523,69,40.2,2020-09,2026-09,+49%
/learn-spanish-verb-books.html,course landing,bespoke,2638,3209,11,263.8,2025-11,2026-09,-76%
/masculine-gender.html,verbs/grammar (bespoke),bespoke,2637,6143,67,79.9,2020-09,2026-09,-12%
/french-verb-peler.html,verb-conjugation (lang-verb-X),TEMPLATED,2630,4159,61,43.1,2020-09,2026-08,+76%
/learn-spanish-pics.html,course tools,bespoke,2624,5587,62,46.0,2020-09,2026-09,-28%
/learn-spanish-ebook.html,course tools,bespoke,2605,7756,72,53.2,2020-09,2026-09,+200%
/french-verb-souhaiter.html,verb-conjugation (lang-verb-X),TEMPLATED,2604,4079,57,45.7,2020-09,2026-09,+43%
/spanish-verb-acudir.html,verb-conjugation (lang-verb-X),TEMPLATED,2595,4741,62,44.0,2021-03,2026-09,+84%
/24Jun-daily-italian-lesson.html,daily-italian-lesson (dated),TEMPLATED,2585,3563,60,43.8,2020-09,2026-08,+29%
/learn-spanish-like-crazy.html,course landing,bespoke,2573,6223,62,66.0,2020-09,2026-09,+292%
/spanish-for-say.html,X-for-word lessons,TEMPLATED-ish,2571,5064,62,46.7,2020-09,2026-09,-21%
/13Oct-daily-italian-lesson.html,daily-italian-lesson (dated),TEMPLATED,2557,3365,56,46.5,2020-09,2026-09,+37%
/spanish-verb-extender.html,verb-conjugation (lang-verb-X),TEMPLATED,2531,4123,62,41.5,2020-09,2026-09,+42%
/spanish-for-take.html,X-for-word lessons,TEMPLATED-ish,2530,4431,68,40.2,2020-09,2026-09,+43%
/spanish-verb-analizar.html,verb-conjugation (lang-verb-X),TEMPLATED,2510,3746,53,50.2,2020-09,2026-06,+96%
/spanish-for-wave.html,X-for-word lessons,TEMPLATED-ish,2506,3794,41,64.3,2023-04,2026-09,+117%
/french-verb-colorier.html,verb-conjugation (lang-verb-X),TEMPLATED,2489,3626,58,42.9,2020-09,2026-07,+41%
/spanish-verb-transferir.html,verb-conjugation (lang-verb-X),TEMPLATED,2488,4062,60,44.4,2020-09,2026-09,+77%
/spanish-verb-guiar.html,verb-conjugation (lang-verb-X),TEMPLATED,2486,4110,63,41.4,2020-09,2026-09,+42%
/french-verb-exiger.html,verb-conjugation (lang-verb-X),TEMPLATED,2473,4371,61,42.6,2020-09,2026-09,+32%
/french-football.html,OTHER / bespoke,bespoke,2467,4238,57,45.7,2020-09,2026-09,+22%
/spanish-verb-enfatizar.html,verb-conjugation (lang-verb-X),TEMPLATED,2465,3301,23,154.1,2021-07,2026-07,+616%
/spanish-verb-plantar.html,verb-conjugation (lang-verb-X),TEMPLATED,2450,4267,60,44.5,2020-09,2026-09,+57%
/31Oct-daily-italian-lesson.html,daily-italian-lesson (dated),TEMPLATED,2443,4167,66,42.9,2020-09,2026-09,+49%
/french-lesson-dialogues.html,lesson (other),bespoke,2435,3909,46,59.4,2020-09,2025-11,-67%
/spanish-verb-ahogar.html,verb-conjugation (lang-verb-X),TEMPLATED,2423,3890,54,46.6,2021-08,2026-09,+140%
/french-verb-sauver.html,verb-conjugation (lang-verb-X),TEMPLATED,2413,4133,63,39.6,2020-10,2026-09,+9%
/french-verb-tendre.html,verb-conjugation (lang-verb-X),TEMPLATED,2387,3334,62,39.8,2020-09,2026-08,+67%
/spanish-verb-remover.html,verb-conjugation (lang-verb-X),TEMPLATED,2384,3843,59,41.1,2020-09,2026-09,+65%
/spanish-verb-merecer.html,verb-conjugation (lang-verb-X),TEMPLATED,2376,2988,20,182.8,2021-06,2026-07,+1323%
/fiesta-de-san-fermin.html,OTHER / bespoke,bespoke,2367,4022,60,40.8,2020-09,2026-07,+73%
/champs-elysees.html,OTHER / bespoke,bespoke,2329,2027,59,39.5,2020-09,2026-07,+15%
/spanish-verb-evaluar.html,verb-conjugation (lang-verb-X),TEMPLATED,2320,3823,60,40.7,2020-09,2026-08,+71%
/spanish-verb-atribuir.html,verb-conjugation (lang-verb-X),TEMPLATED,2308,3479,32,121.5,2020-09,2026-03,+859%
/spanish-verb-convenir.html,verb-conjugation (lang-verb-X),TEMPLATED,2300,4262,63,39.7,2020-09,2026-09,+45%
/learn-italian-blog.html,blog,bespoke,2287,5656,68,54.5,2020-09,2026-09,+122%
/spanish-verb-suspender.html,verb-conjugation (lang-verb-X),TEMPLATED,2284,3683,55,42.3,2020-09,2026-05,+33%
/german-proverb-of-the-day.html,proverb (other),bespoke,2275,6267,66,56.9,2020-09,2026-09,+208%
/spanish-for-stop.html,X-for-word lessons,TEMPLATED-ish,2269,6559,70,56.7,2020-09,2026-09,+212%
/french-for-advise.html,X-for-word lessons,TEMPLATED-ish,2267,5997,65,63.0,2020-09,2026-09,+237%
/spanish-verb-atacar.html,verb-conjugation (lang-verb-X),TEMPLATED,2265,4892,67,39.1,2020-09,2026-08,+23%
/french-newsletter.html,OTHER / bespoke,bespoke,2255,9113,70,53.7,2020-09,2026-09,+232%
/spanish-verb-meter.html,verb-conjugation (lang-verb-X),TEMPLATED,2254,3654,53,45.1,2020-09,2026-05,-42%
/1Oct-daily-italian-lesson.html,daily-italian-lesson (dated),TEMPLATED,2224,5868,70,37.7,2020-09,2026-08,+51%
/french-verb-se-oublier.html,verb-conjugation (lang-verb-X),TEMPLATED,2203,3479,51,44.1,2020-09,2026-09,+60%
/spanish-verb-intervenir.html,verb-conjugation (lang-verb-X),TEMPLATED,2201,3372,59,40.0,2020-09,2026-08,+72%
/spanish-verb-bostezar.html,verb-conjugation (lang-verb-X),TEMPLATED,2188,3706,52,47.6,2021-04,2026-09,+178%
/spanish-memory-trigger.html,OTHER / bespoke,bespoke,2183,6603,66,48.5,2020-09,2026-09,+141%
/french-verb-selectionner.html,verb-conjugation (lang-verb-X),TEMPLATED,2178,2405,10,311.1,2020-09,2026-09,-66%
/spanish-verb-carecer.html,verb-conjugation (lang-verb-X),TEMPLATED,2175,3279,54,41.8,2020-09,2026-06,+78%
/spanish-verb-chocar.html,verb-conjugation (lang-verb-X),TEMPLATED,2159,3612,58,40.0,2020-09,2026-09,+8%
/spanish-verb-depender.html,verb-conjugation (lang-verb-X),TEMPLATED,2158,3774,55,42.3,2020-09,2026-04,+45%
/28Aug-daily-italian-lesson.html,daily-italian-lesson (dated),TEMPLATED,2143,2401,48,45.6,2020-09,2026-08,+139%
/french-memory-trigger.html,OTHER / bespoke,bespoke,2140,5994,64,62.9,2020-09,2026-09,+231%
/french-travel-word.html,OTHER / bespoke,bespoke,2137,5931,65,50.9,2020-09,2026-09,+233%
/spanish-verb-impedir.html,verb-conjugation (lang-verb-X),TEMPLATED,2135,5170,56,47.4,2020-09,2026-09,+11%
/spanish-verb-sacudir.html,verb-conjugation (lang-verb-X),TEMPLATED,2135,3076,44,50.8,2020-11,2026-09,+136%
/french-verb-verser.html,verb-conjugation (lang-verb-X),TEMPLATED,2134,3876,58,38.8,2020-09,2026-09,+11%
/spanish-verb-pellizcar.html,verb-conjugation (lang-verb-X),TEMPLATED,2131,2760,14,177.6,2022-08,2026-09,+331%
/spanish-verb-ser.html,verb-conjugation (lang-verb-X),TEMPLATED,2123,4627,62,46.2,2020-09,2026-09,+121%
/4Dec-daily-italian-lesson.html,daily-italian-lesson (dated),TEMPLATED,2114,3298,47,47.0,2020-09,2026-05,-3%
/spanish-verb-influir.html,verb-conjugation (lang-verb-X),TEMPLATED,2113,3338,51,43.1,2021-10,2026-09,+53%
/spanish-verb-posponer.html,verb-conjugation (lang-verb-X),TEMPLATED,2109,4196,64,37.7,2020-09,2026-09,+93%
/learn-languages.html,OTHER / bespoke,bespoke,2076,4702,55,48.3,2020-09,2026-08,-43%
/spanish-verb-pretender.html,verb-conjugation (lang-verb-X),TEMPLATED,2069,2993,53,41.4,2020-10,2026-07,+93%
/spanish-travel-word.html,OTHER / bespoke,bespoke,2065,6419,66,64.5,2020-09,2026-09,+240%
/7Mar-daily-italian-lesson.html,daily-italian-lesson (dated),TEMPLATED,2047,3681,49,51.2,2020-09,2026-08,+27%
/spanish-for-arrive.html,X-for-word lessons,TEMPLATED-ish,2039,3262,49,47.4,2020-09,2025-11,-38%
/spanish-verb-consumir.html,verb-conjugation (lang-verb-X),TEMPLATED,2027,2898,53,39.0,2020-09,2026-09,+62%
/chinese-memory-triggers.html,OTHER / bespoke,bespoke,2023,6337,68,63.2,2020-09,2026-09,+315%
/spanish-verb-tejer.html,verb-conjugation (lang-verb-X),TEMPLATED,2019,3075,51,40.4,2020-12,2026-08,+101%
/15Jan-daily-italian-lesson.html,daily-italian-lesson (dated),TEMPLATED,2012,2904,46,45.7,2020-09,2026-09,+110%
/verb-tenses.html,OTHER / bespoke,bespoke,2011,3045,54,37.9,2020-09,2026-03,+4%
/tu-and-vous.html,OTHER / bespoke,bespoke,2005,2677,42,48.9,2020-09,2026-07,+115%
/language-lesson.html,lesson (other),bespoke,1951,3248,37,69.7,2020-09,2025-10,-74%
/spanish-verb-fingir.html,verb-conjugation (lang-verb-X),TEMPLATED,1950,3707,54,43.3,2020-09,2026-09,+29%
/spanish-verb-envejecer.html,verb-conjugation (lang-verb-X),TEMPLATED,1945,2166,8,324.2,2021-06,2026-03,+242%
/spanish-verb-conceder.html,verb-conjugation (lang-verb-X),TEMPLATED,1941,3788,54,44.1,2020-09,2026-09,+142%
/spanish-proverb.html,proverb (other),bespoke,1939,4520,64,34.6,2020-09,2026-05,+45%
/spanish-verb-comparecer.html,verb-conjugation (lang-verb-X),TEMPLATED,1926,2101,6,321.0,2025-12,2026-09,-62%
/learn-spanish-sentences.html,course tools,bespoke,1921,4305,62,32.6,2020-09,2025-11,+20%
/french-verb-voler.html,verb-conjugation (lang-verb-X),TEMPLATED,1921,4148,61,36.9,2020-09,2026-09,+58%
/german-feminine.html,OTHER / bespoke,bespoke,1903,3076,31,73.2,2020-09,2026-09,-26%
/spanish-verb-temer.html,verb-conjugation (lang-verb-X),TEMPLATED,1899,3124,42,48.7,2021-03,2026-09,+160%
/encyclopedia-britannica.html,OTHER / bespoke,bespoke,1895,3006,50,38.7,2020-09,2026-01,-3%
/spanish-verb-tragar.html,verb-conjugation (lang-verb-X),TEMPLATED,1881,3084,55,40.0,2020-09,2026-09,+69%
/spanish-verb-abogar.html,verb-conjugation (lang-verb-X),TEMPLATED,1877,3272,36,64.7,2021-01,2026-09,+141%
/french-verb-couvrir.html,verb-conjugation (lang-verb-X),TEMPLATED,1877,3032,41,49.4,2020-09,2026-09,+31%
/spanish-verb-moler.html,verb-conjugation (lang-verb-X),TEMPLATED,1870,3094,47,40.7,2020-09,2026-09,+117%
/french-verb-segmenter.html,verb-conjugation (lang-verb-X),TEMPLATED,1870,2055,5,467.5,2020-09,2026-03,-9%
/spanish-vocab-turbobooster.html,course tools,bespoke,1869,5738,61,56.6,2020-09,2026-09,+240%
/spanish-por-para.html,verbs/grammar (bespoke),bespoke,1865,4424,61,38.1,2020-11,2026-05,+90%
/learn-spanish-newsletter.html,course landing,bespoke,1858,2228,56,33.2,2020-09,2026-08,+23%
/spanish-verb-empobrecer.html,verb-conjugation (lang-verb-X),TEMPLATED,1858,1959,4,464.5,2025-12,2026-03,-8%
/13Apr-daily-italian-lesson.html,daily-italian-lesson (dated),TEMPLATED,1837,3198,54,36.7,2020-09,2026-09,+12%
/1Mar-daily-italian-lesson.html,daily-italian-lesson (dated),TEMPLATED,1833,3182,59,33.9,2020-09,2026-08,+84%
/french-verb-amener.html,verb-conjugation (lang-verb-X),TEMPLATED,1823,3203,43,48.0,2021-03,2026-06,+45%
/spanish-for-flour.html,X-for-word lessons,TEMPLATED-ish,1812,3230,42,47.7,2021-08,2026-09,+117%
/spanish-verb-desaparecer.html,verb-conjugation (lang-verb-X),TEMPLATED,1810,2939,46,43.1,2020-09,2026-06,+98%
/french-verb-couter.html,verb-conjugation (lang-verb-X),TEMPLATED,1807,3459,49,42.0,2021-06,2026-05,+117%
/spanish-verb-reconstruir.html,verb-conjugation (lang-verb-X),TEMPLATED,1801,1877,4,450.2,2025-12,2026-03,-8%
/german-for-fish.html,X-for-word lessons,TEMPLATED-ish,1786,2355,38,48.3,2020-10,2025-12,+114%
/16.french-word-a-day.html,french-word-a-day (N.),TEMPLATED,1786,1050,43,41.5,2020-09,2026-09,+59%
/french-sentences.html,course tools,bespoke,1778,3853,58,35.6,2020-09,2026-07,+78%
/french-for-pea.html,X-for-word lessons,TEMPLATED-ish,1770,4754,66,36.1,2020-10,2026-09,+63%
/welsh-memory-trigger.html,OTHER / bespoke,bespoke,1764,5709,64,56.9,2020-09,2026-09,+247%
/french-verb-completer.html,verb-conjugation (lang-verb-X),TEMPLATED,1761,3020,40,48.9,2020-09,2026-09,+119%
/french-verb-etendre.html,verb-conjugation (lang-verb-X),TEMPLATED,1761,2962,49,41.9,2020-09,2026-09,+43%
/french-verb-feter.html,verb-conjugation (lang-verb-X),TEMPLATED,1758,2743,42,46.3,2020-12,2026-09,+182%
/spanish-verb-lidiar.html,verb-conjugation (lang-verb-X),TEMPLATED,1754,3877,49,39.9,2021-01,2026-09,+22%
/flashcard.html,course tools,bespoke,1735,4423,60,32.1,2020-09,2026-05,-4%
/french-verb-punir.html,verb-conjugation (lang-verb-X),TEMPLATED,1719,3125,49,44.1,2020-09,2026-09,-21%
/spanish-verb-abarcar.html,verb-conjugation (lang-verb-X),TEMPLATED,1719,2796,27,86.0,2020-09,2026-09,-44%
/spanish-verb-confundir.html,verb-conjugation (lang-verb-X),TEMPLATED,1711,2532,54,34.9,2020-09,2026-07,+45%
/10Jan-daily-italian-lesson.html,daily-italian-lesson (dated),TEMPLATED,1699,2822,52,35.4,2020-09,2026-09,+10%
/french-verb-concevoir.html,verb-conjugation (lang-verb-X),TEMPLATED,1697,3042,54,36.9,2020-09,2026-09,+39%
/spanish-for-mother.html,X-for-word lessons,TEMPLATED-ish,1696,4787,49,73.7,2021-04,2026-09,+402%
/27Oct-daily-italian-lesson.html,daily-italian-lesson (dated),TEMPLATED,1688,2576,49,35.9,2020-09,2026-09,-7%
/10.french-word-a-day.html,french-word-a-day (N.),TEMPLATED,1679,831,46,37.3,2020-09,2026-09,+36%
/4Mar-daily-italian-lesson.html,daily-italian-lesson (dated),TEMPLATED,1676,3602,48,38.1,2020-09,2026-07,+37%
/14.french-word-a-day.html,french-word-a-day (N.),TEMPLATED,1674,887,44,38.0,2020-09,2025-06,+48%
/5Jun-daily-italian-lesson.html,daily-italian-lesson (dated),TEMPLATED,1669,2781,39,46.4,2020-09,2026-07,+123%
/spanish-verb-acercar.html,verb-conjugation (lang-verb-X),TEMPLATED,1664,3186,56,34.7,2020-09,2026-08,+44%
/spanish-verb-actualizar.html,verb-conjugation (lang-verb-X),TEMPLATED,1658,2787,41,48.8,2021-05,2026-09,+148%
/15.french-word-a-day.html,french-word-a-day (N.),TEMPLATED,1636,914,44,37.2,2020-09,2026-09,+22%
/french-verb-balayer.html,verb-conjugation (lang-verb-X),TEMPLATED,1623,2612,40,43.9,2020-09,2026-06,+57%
/german-word-of-the-day.html,word-of-day (other),bespoke,1618,3806,61,36.8,2020-09,2026-08,+101%
/spanish-verb-advertir.html,verb-conjugation (lang-verb-X),TEMPLATED,1617,3392,52,35.9,2020-10,2026-04,+40%
/french-word-lache.html,OTHER / bespoke,bespoke,1617,1604,24,67.4,2021-04,2026-09,+35%
/french-verb-repartir.html,verb-conjugation (lang-verb-X),TEMPLATED,1614,2993,42,44.8,2020-11,2026-08,+99%
/18.french-word-a-day.html,french-word-a-day (N.),TEMPLATED,1609,774,40,40.2,2020-09,2025-06,+41%
/fifteenth-birthday.html,OTHER / bespoke,bespoke,1584,2366,43,40.6,2021-01,2026-09,-1%
/12.french-word-a-day.html,french-word-a-day (N.),TEMPLATED,1574,636,42,37.5,2020-10,2025-06,+32%
/spanish-verb-decidir.html,verb-conjugation (lang-verb-X),TEMPLATED,1548,2631,26,77.4,2020-12,2026-09,+217%
/spanish-verb-calificar.html,verb-conjugation (lang-verb-X),TEMPLATED,1548,2605,42,38.7,2020-10,2026-08,+35%
/french-verb-ramener.html,verb-conjugation (lang-verb-X),TEMPLATED,1546,2831,43,41.8,2020-09,2026-09,+85%
/17Oct-daily-italian-lesson.html,daily-italian-lesson (dated),TEMPLATED,1546,1942,43,37.7,2020-09,2026-09,+96%
/11.french-word-a-day.html,french-word-a-day (N.),TEMPLATED,1542,980,42,36.7,2020-10,2025-06,+31%
/spanish-verb-hacer.html,verb-conjugation (lang-verb-X),TEMPLATED,1537,3852,56,37.5,2020-09,2026-09,+78%
/13.french-word-a-day.html,french-word-a-day (N.),TEMPLATED,1527,612,45,33.9,2020-09,2026-09,+15%
/german-for-journey.html,X-for-word lessons,TEMPLATED-ish,1517,2836,47,36.1,2020-09,2026-09,+8%
/spanish-verb-ligar.html,verb-conjugation (lang-verb-X),TEMPLATED,1515,2417,29,58.3,2021-08,2026-09,+122%
/french-verb-souligner.html,verb-conjugation (lang-verb-X),TEMPLATED,1513,2306,31,52.2,2020-10,2026-08,+119%
/second-language-benefits.html,OTHER / bespoke,bespoke,1507,4401,53,65.5,2020-12,2026-09,+222%
/french-for-invade.html,X-for-word lessons,TEMPLATED-ish,1500,1311,45,35.7,2020-09,2025-11,+31%
/italian-flashcard.html,course tools,bespoke,1498,5983,66,44.1,2020-11,2026-09,+158%
/german-for-garlic.html,X-for-word lessons,TEMPLATED-ish,1496,2428,33,53.4,2021-09,2026-09,+175%
/spanish-verb-pinchar.html,verb-conjugation (lang-verb-X),TEMPLATED,1493,2558,10,213.3,2024-04,2026-07,-60%
/26.french-word-a-day.html,french-word-a-day (N.),TEMPLATED,1490,682,42,35.5,2020-09,2024-09,+1%
/spanish-verb-ascender.html,verb-conjugation (lang-verb-X),TEMPLATED,1488,2750,38,45.1,2021-09,2026-09,+85%
/spanish-verb-rapar.html,verb-conjugation (lang-verb-X),TEMPLATED,1479,3222,37,61.6,2021-02,2026-09,+147%
/french-verb-tousser.html,verb-conjugation (lang-verb-X),TEMPLATED,1479,1860,37,40.0,2020-09,2026-08,+57%
/french-for-praise.html,X-for-word lessons,TEMPLATED-ish,1477,1520,25,59.1,2023-06,2026-09,+143%
/french-heat.html,OTHER / bespoke,bespoke,1470,2160,34,50.7,2020-09,2026-09,+173%
/french-verb-etablir.html,verb-conjugation (lang-verb-X),TEMPLATED,1470,2088,34,45.9,2021-05,2026-09,+125%
/4.french-word-a-day.html,french-word-a-day (N.),TEMPLATED,1465,564,42,34.9,2020-09,2026-09,+10%
/8.french-word-a-day.html,french-word-a-day (N.),TEMPLATED,1464,766,41,35.7,2020-09,2024-09,+36%
/7.french-word-a-day.html,french-word-a-day (N.),TEMPLATED,1461,511,41,36.5,2020-09,2026-09,+10%
/french-verb-sejourner.html,verb-conjugation (lang-verb-X),TEMPLATED,1459,1631,36,42.9,2020-09,2026-09,+104%
/spanish-verb-colar.html,verb-conjugation (lang-verb-X),TEMPLATED,1448,3349,40,49.9,2021-01,2026-09,+142%
/6.french-word-a-day.html,french-word-a-day (N.),TEMPLATED,1436,394,45,31.9,2020-09,2025-06,+3%
/17.french-word-a-day.html,french-word-a-day (N.),TEMPLATED,1434,594,41,35.0,2020-09,2025-06,+15%
/spanish-verb-teclear.html,verb-conjugation (lang-verb-X),TEMPLATED,1433,2199,34,47.8,2022-03,2026-09,+146%
/enjoy-in-Spanish.html,X-for-word lessons,TEMPLATED-ish,1432,2601,33,51.1,2020-09,2026-09,+162%
/28.french-word-a-day.html,french-word-a-day (N.),TEMPLATED,1429,616,38,37.6,2020-09,2024-08,+35%
/french-verb-celebrer.html,verb-conjugation (lang-verb-X),TEMPLATED,1426,2284,34,41.9,2023-01,2026-09,+31%
/spanish-verb-consistir.html,verb-conjugation (lang-verb-X),TEMPLATED,1424,2543,46,33.1,2020-09,2026-08,+27%
/22.french-word-a-day.html,french-word-a-day (N.),TEMPLATED,1420,687,38,37.4,2020-09,2024-09,+29%
/modern-foreign-languages.html,OTHER / bespoke,bespoke,1415,4830,56,50.5,2020-09,2026-09,+203%
/20.french-word-a-day.html,french-word-a-day (N.),TEMPLATED,1408,619,43,32.7,2020-09,2024-09,+6%
/french-tips.html,OTHER / bespoke,bespoke,1404,5529,66,43.9,2020-11,2026-09,+155%
/french-verb-pecher.html,verb-conjugation (lang-verb-X),TEMPLATED,1381,2325,29,55.2,2020-09,2026-09,+136%
/student-of-french.html,OTHER / bespoke,bespoke,1380,3279,36,62.7,2020-09,2025-11,-47%
/spanish-verb-referir.html,verb-conjugation (lang-verb-X),TEMPLATED,1377,2588,47,33.6,2021-02,2026-09,+29%
/9.french-word-a-day.html,french-word-a-day (N.),TEMPLATED,1374,690,38,36.2,2020-10,2025-06,+21%
/french-verb-soutenir.html,verb-conjugation (lang-verb-X),TEMPLATED,1370,1990,26,54.8,2020-09,2026-09,+126%
/language-learning-flashcard.html,course tools,bespoke,1360,4996,57,54.4,2020-09,2026-09,+179%
/french-verb-rappeler.html,verb-conjugation (lang-verb-X),TEMPLATED,1352,1462,17,79.5,2020-09,2026-07,+189%
/privacy-policy.html,(not in sitemap),?,1351,2941,44,48.2,2020-12,2026-06,+108%
/5.french-word-a-day.html,french-word-a-day (N.),TEMPLATED,1344,488,39,34.5,2020-09,2024-08,+14%
/23.french-word-a-day.html,french-word-a-day (N.),TEMPLATED,1342,469,41,32.7,2020-09,2024-08,+17%
/cucumber-in-german.html,OTHER / bespoke,bespoke,1337,2353,46,35.2,2021-12,2026-06,+116%
/german-for-pillow.html,X-for-word lessons,TEMPLATED-ish,1333,1951,40,41.7,2021-06,2026-09,+147%
/19.french-word-a-day.html,french-word-a-day (N.),TEMPLATED,1323,475,39,33.9,2020-09,2024-09,+10%
/french-verb-interdire.html,verb-conjugation (lang-verb-X),TEMPLATED,1322,1057,26,50.8,2020-09,2026-05,+67%
/30.french-word-a-day.html,french-word-a-day (N.),TEMPLATED,1319,347,40,33.0,2020-09,2024-08,+19%
/z-tech-pictures-too-fast.html,OTHER / bespoke,bespoke,1304,4891,55,81.5,2020-12,2026-09,+48%
/21.french-word-a-day.html,french-word-a-day (N.),TEMPLATED,1296,546,39,33.2,2020-09,2025-11,+14%
/spanish-for-snow.html,X-for-word lessons,TEMPLATED-ish,1295,4106,47,76.2,2020-12,2026-09,+130%
/24.french-word-a-day.html,french-word-a-day (N.),TEMPLATED,1295,725,34,38.1,2020-09,2024-09,+47%
/25Mar-daily-italian-lesson.html,daily-italian-lesson (dated),TEMPLATED,1288,2933,48,33.9,2020-09,2026-09,-0%
/french-verb-conjugation.html,verb-conjugation (lang-verb-X),TEMPLATED,1281,1192,37,34.6,2020-09,2025-09,+13%
/spanish-verb-desviar.html,verb-conjugation (lang-verb-X),TEMPLATED,1271,2073,27,60.5,2020-11,2026-09,+52%
/spanish-proverb-of-the-day.html,proverb (other),bespoke,1265,3050,44,42.2,2020-09,2026-08,+102%
/spanish-verb-invertir.html,verb-conjugation (lang-verb-X),TEMPLATED,1263,2048,24,57.4,2021-11,2026-09,+193%
/french-verb-suer.html,verb-conjugation (lang-verb-X),TEMPLATED,1262,5127,61,42.1,2020-09,2026-09,+48%
/french-verb-produire.html,verb-conjugation (lang-verb-X),TEMPLATED,1256,2133,33,46.5,2020-10,2026-09,+127%
/german-travel-word.html,OTHER / bespoke,bespoke,1255,5404,61,48.3,2020-10,2026-09,+224%
/spanish-verb-ingresar.html,verb-conjugation (lang-verb-X),TEMPLATED,1249,1768,35,43.1,2020-10,2026-08,+108%
/french-verb-balancer.html,verb-conjugation (lang-verb-X),TEMPLATED,1235,1041,26,47.5,2020-09,2026-06,-26%
/french-verb-effrayer.html,verb-conjugation (lang-verb-X),TEMPLATED,1229,1673,39,36.1,2020-10,2026-07,+61%
/german-for-weather.html,X-for-word lessons,TEMPLATED-ish,1227,2072,35,43.8,2021-04,2026-04,+153%
/1.french-word-a-day.html,french-word-a-day (N.),TEMPLATED,1227,301,41,29.9,2020-09,2025-07,-4%
/25.french-word-a-day.html,french-word-a-day (N.),TEMPLATED,1224,553,35,35.0,2020-09,2024-08,+10%
/20Nov-daily-italian-lesson.html,daily-italian-lesson (dated),TEMPLATED,1220,1015,21,58.1,2020-09,2025-04,-73%
/2.french-word-a-day.html,french-word-a-day (N.),TEMPLATED,1202,401,39,30.8,2020-09,2024-10,-2%
/spanish-verb-rociar.html,verb-conjugation (lang-verb-X),TEMPLATED,1199,1985,39,37.5,2021-04,2026-09,+127%
/french-verb-telephoner.html,verb-conjugation (lang-verb-X),TEMPLATED,1199,1808,38,36.3,2020-09,2026-03,+20%
/learn-german-2.html,course landing,bespoke,1196,4513,51,92.0,2020-09,2026-09,+191%
/27.french-word-a-day.html,french-word-a-day (N.),TEMPLATED,1194,311,37,32.3,2020-09,2024-08,+9%
/spanish-verb-haber.html,verb-conjugation (lang-verb-X),TEMPLATED,1193,2990,40,47.7,2020-10,2026-09,+57%
/spanish-verb-demorar.html,verb-conjugation (lang-verb-X),TEMPLATED,1191,3456,48,41.1,2020-09,2026-09,+59%
/29.french-word-a-day.html,french-word-a-day (N.),TEMPLATED,1191,444,34,35.0,2020-09,2024-08,+33%
/26Aug-daily-italian-lesson.html,daily-italian-lesson (dated),TEMPLATED,1182,1722,30,40.8,2021-01,2026-07,+27%
/spanish-verb-disuadir.html,verb-conjugation (lang-verb-X),TEMPLATED,1169,3346,47,35.4,2020-09,2026-09,+38%
/spanish-verb-apretar.html,verb-conjugation (lang-verb-X),TEMPLATED,1164,2393,24,61.3,2020-12,2026-09,+170%
/learn-two-languages.html,OTHER / bespoke,bespoke,1155,1555,31,41.2,2020-10,2026-07,+72%
/spanish-verb-anclar.html,verb-conjugation (lang-verb-X),TEMPLATED,1155,1542,22,60.8,2022-04,2026-08,+48%
/spanish-verb-flipar.html,verb-conjugation (lang-verb-X),TEMPLATED,1143,1891,28,52.0,2021-01,2026-09,+153%
/spanish-verb-cavar.html,verb-conjugation (lang-verb-X),TEMPLATED,1123,2578,37,41.6,2021-01,2026-09,+154%
/spanish-verb-educar.html,verb-conjugation (lang-verb-X),TEMPLATED,1121,1687,28,44.8,2020-09,2026-09,+147%
/spanish-verb-variar.html,verb-conjugation (lang-verb-X),TEMPLATED,1120,2399,39,38.6,2020-09,2026-04,+65%
/french-verb-effacer.html,verb-conjugation (lang-verb-X),TEMPLATED,1120,1569,27,44.8,2021-02,2026-08,+129%
/french-verb-habiller.html,verb-conjugation (lang-verb-X),TEMPLATED,1120,1190,21,53.3,2020-09,2026-06,+103%
/french-verb-traverser.html,verb-conjugation (lang-verb-X),TEMPLATED,1119,1788,27,56.0,2021-07,2026-08,+182%
/french-verb-lower-baisser.html,verb-conjugation (lang-verb-X),TEMPLATED,1115,1115,23,48.5,2023-07,2026-09,+120%
/french-verb-enseigner.html,verb-conjugation (lang-verb-X),TEMPLATED,1109,2075,36,37.0,2021-02,2026-09,+107%
/french-verb-parier-sur.html,verb-conjugation (lang-verb-X),TEMPLATED,1109,931,15,73.9,2021-04,2026-08,+85%
/21Jun-daily-italian-lesson.html,daily-italian-lesson (dated),TEMPLATED,1104,1594,19,64.9,2024-08,2026-09,+85%
/french-verb-echanger.html,verb-conjugation (lang-verb-X),TEMPLATED,1098,1641,32,37.9,2020-10,2026-09,+51%
/spanish-verb-avanzar.html,verb-conjugation (lang-verb-X),TEMPLATED,1094,1367,22,52.1,2023-05,2026-05,+89%
/french-verb-tricoter.html,verb-conjugation (lang-verb-X),TEMPLATED,1074,1546,21,53.7,2021-10,2026-05,+75%
/7Oct-daily-italian-lesson.html,daily-italian-lesson (dated),TEMPLATED,1074,1454,27,43.0,2020-10,2026-07,+150%
/french-verb-se-delasser.html,verb-conjugation (lang-verb-X),TEMPLATED,1070,1922,38,36.9,2020-10,2026-08,+93%
/13Sep-daily-italian-lesson.html,daily-italian-lesson (dated),TEMPLATED,1060,1912,23,53.0,2020-09,2026-09,+72%
/french-verb-menacer.html,verb-conjugation (lang-verb-X),TEMPLATED,1060,1309,27,40.8,2020-09,2026-06,+86%
/3.french-word-a-day.html,french-word-a-day (N.),TEMPLATED,1053,805,33,32.9,2020-10,2024-08,-1%
/spanish-verb-emprender.html,verb-conjugation (lang-verb-X),TEMPLATED,1050,1996,23,52.5,2023-07,2026-09,+150%
/spanish-verb-distribuir.html,verb-conjugation (lang-verb-X),TEMPLATED,1048,1707,38,32.8,2020-09,2025-09,-36%
/french-verb-grandir.html,verb-conjugation (lang-verb-X),TEMPLATED,1038,1578,20,64.9,2021-03,2026-07,+69%
/8Mar-daily-italian-lesson.html,daily-italian-lesson (dated),TEMPLATED,1030,1690,13,93.6,2021-08,2026-09,+223%
/french-expression-en-avoir-marre-de.html,OTHER / bespoke,bespoke,1029,1167,15,68.6,2020-09,2026-09,+26%
/french-verb-eteindre.html,verb-conjugation (lang-verb-X),TEMPLATED,1028,1681,29,41.1,2021-01,2026-05,+86%
/german-pics.html,course tools,bespoke,1027,3275,52,28.5,2020-09,2025-09,-14%
/spanish-verb-demoler.html,verb-conjugation (lang-verb-X),TEMPLATED,1027,1558,10,205.4,2022-09,2026-09,+594%
/learn-french-blog-archive-2007-08.html,blog,bespoke,1024,7161,61,60.2,2020-09,2026-09,+295%
/spanish-verb-adherir.html,verb-conjugation (lang-verb-X),TEMPLATED,1014,2692,43,30.7,2020-09,2026-07,+35%
/spanish-verb-serrar.html,verb-conjugation (lang-verb-X),TEMPLATED,1008,1872,26,50.4,2020-12,2026-08,+90%
/23Nov-daily-italian-lesson.html,daily-italian-lesson (dated),TEMPLATED,990,1125,26,39.6,2020-09,2026-08,+13%
/french-verb-tutoyer.html,verb-conjugation (lang-verb-X),TEMPLATED,987,1669,30,38.0,2020-09,2026-09,+71%
/spanish-verb-ofender.html,verb-conjugation (lang-verb-X),TEMPLATED,987,1145,24,44.9,2022-03,2026-01,+85%
/spanish-verb-estremecer.html,verb-conjugation (lang-verb-X),TEMPLATED,977,2387,33,40.7,2022-01,2026-09,+53%
/spanish-verb-molar.html,verb-conjugation (lang-verb-X),TEMPLATED,974,2012,36,34.8,2020-09,2026-09,+88%
/12Aug-daily-italian-lesson.html,daily-italian-lesson (dated),TEMPLATED,968,1005,29,33.4,2021-01,2026-09,+17%
/french-verb-entreprendre.html,verb-conjugation (lang-verb-X),TEMPLATED,962,2297,29,48.1,2020-10,2026-09,+180%
/french-verb-decevoir.html,verb-conjugation (lang-verb-X),TEMPLATED,959,1592,21,59.9,2021-05,2026-07,+119%
/spanish-verb-fluctuar.html,verb-conjugation (lang-verb-X),TEMPLATED,944,1656,23,59.0,2022-06,2026-08,+39%
/spanish-verb-absorber.html,verb-conjugation (lang-verb-X),TEMPLATED,938,1945,41,32.3,2020-09,2025-11,+25%
/spanish-verb-deslizar.html,verb-conjugation (lang-verb-X),TEMPLATED,937,1839,32,39.0,2022-03,2026-06,+86%
/spanish-for-suitcase-maleta.html,X-for-word lessons,TEMPLATED-ish,932,1691,31,42.4,2021-05,2026-04,+133%
/spanish-verb-disponer.html,verb-conjugation (lang-verb-X),TEMPLATED,927,1373,25,42.1,2020-09,2026-09,+88%
/spanish-verb-tronar.html,verb-conjugation (lang-verb-X),TEMPLATED,921,1378,25,40.0,2020-09,2026-08,+67%
/spanish-verb-menear.html,verb-conjugation (lang-verb-X),TEMPLATED,919,1563,24,48.4,2021-02,2026-09,+60%
/french-verb-rajeunir.html,verb-conjugation (lang-verb-X),TEMPLATED,917,970,23,41.7,2021-02,2026-09,+87%
/13Jan-daily-italian-lesson.html,daily-italian-lesson (dated),TEMPLATED,912,2177,40,29.4,2020-09,2026-06,-1%
/french-verb-conjuguer.html,verb-conjugation (lang-verb-X),TEMPLATED,908,1739,34,33.6,2020-09,2025-10,-10%
/learn-spanish-ebook-full.html,course tools,bespoke,907,1113,17,53.4,2023-07,2026-07,+33%
/spanish-verb-amanecer.html,verb-conjugation (lang-verb-X),TEMPLATED,885,1614,30,34.0,2021-06,2025-09,+30%
/french-verb-deviner.html,verb-conjugation (lang-verb-X),TEMPLATED,879,1530,34,31.4,2020-09,2025-06,+31%
/french-verb-se-abimer.html,verb-conjugation (lang-verb-X),TEMPLATED,877,1253,19,62.6,2020-12,2026-09,+99%
/french-verb-sonder.html,verb-conjugation (lang-verb-X),TEMPLATED,874,1191,29,39.7,2021-02,2026-09,+126%
/spanish-verb-descender.html,verb-conjugation (lang-verb-X),TEMPLATED,864,1905,35,30.9,2020-09,2026-09,+50%
/19Dec-daily-italian-lesson.html,daily-italian-lesson (dated),TEMPLATED,855,1426,18,53.4,2021-04,2026-09,+73%
/spanish-verb-otorgar.html,verb-conjugation (lang-verb-X),TEMPLATED,850,1514,25,47.2,2021-05,2026-09,+157%
/spanish-verbs-list.html,OTHER / bespoke,bespoke,849,1822,38,29.3,2020-09,2025-11,+8%
/spanish-verb-helar.html,verb-conjugation (lang-verb-X),TEMPLATED,834,1356,28,33.4,2021-12,2026-09,+41%
/french-verb-emmener.html,verb-conjugation (lang-verb-X),TEMPLATED,832,2175,37,32.0,2020-09,2026-04,+55%
/spanish-verb-amenazar.html,verb-conjugation (lang-verb-X),TEMPLATED,831,1500,24,41.5,2021-05,2026-09,+91%
/spanish-verb-concebir.html,verb-conjugation (lang-verb-X),TEMPLATED,829,1801,32,33.2,2021-10,2026-09,+32%
/25Jan-daily-italian-lesson.html,daily-italian-lesson (dated),TEMPLATED,821,993,4,273.7,2021-08,2026-07,
/spanish-verb-escupir.html,verb-conjugation (lang-verb-X),TEMPLATED,818,1271,31,34.1,2020-12,2026-07,+63%
/spanish-verb-tatuar.html,verb-conjugation (lang-verb-X),TEMPLATED,803,1079,18,57.4,2020-11,2026-09,+85%
/pimsleur.html,OTHER / bespoke,bespoke,789,748,18,43.8,2020-09,2026-02,+9%
/daily-spanish-lesson-code.html,lesson (other),bespoke,787,2853,35,41.4,2020-09,2026-05,+123%
/learn-spanish-course.html,course landing,bespoke,782,2884,47,27.9,2020-09,2026-09,+25%
/french-verb-changer.html,verb-conjugation (lang-verb-X),TEMPLATED,780,1034,24,41.1,2021-02,2026-07,+156%
/french-verb-savourer.html,verb-conjugation (lang-verb-X),TEMPLATED,777,1417,27,37.0,2022-06,2026-09,+124%
/spanish-verb-recostar.html,verb-conjugation (lang-verb-X),TEMPLATED,774,1156,25,35.2,2020-10,2025-06,+5%
/spanish-verb-interferir.html,verb-conjugation (lang-verb-X),TEMPLATED,773,1516,30,32.2,2021-06,2026-02,+44%
/french-verb-terminer.html,verb-conjugation (lang-verb-X),TEMPLATED,772,1492,28,33.6,2020-09,2026-09,+39%
/french-verb-usurper.html,verb-conjugation (lang-verb-X),TEMPLATED,771,2242,37,35.0,2020-10,2026-09,+25%
/spanish-verb-surgir.html,verb-conjugation (lang-verb-X),TEMPLATED,761,1268,27,34.6,2021-04,2026-09,+81%
/spanish-verb-patear.html,verb-conjugation (lang-verb-X),TEMPLATED,759,1259,26,33.0,2021-02,2026-09,+78%
/spanish-verb-alzar.html,verb-conjugation (lang-verb-X),TEMPLATED,758,1398,29,31.6,2021-03,2025-07,+74%
/french-verb-echouer.html,verb-conjugation (lang-verb-X),TEMPLATED,756,1691,28,39.8,2020-10,2026-08,+121%
/french-for-lay.html,X-for-word lessons,TEMPLATED-ish,755,1661,28,37.8,2021-04,2025-12,+0%
/french-verb-lier.html,verb-conjugation (lang-verb-X),TEMPLATED,755,1401,27,47.2,2020-12,2026-07,+168%
/spanish-verb-oponer.html,verb-conjugation (lang-verb-X),TEMPLATED,746,1241,27,32.4,2020-09,2026-09,+32%
/french-for-wait-for.html,X-for-word lessons,TEMPLATED-ish,745,661,27,29.8,2020-09,2025-05,+9%
/11Dec-daily-italian-lesson.html,daily-italian-lesson (dated),TEMPLATED,742,714,22,35.3,2020-09,2026-07,+6%
/13May-daily-italian-lesson.html,daily-italian-lesson (dated),TEMPLATED,737,1123,8,105.3,2024-02,2026-08,+257%
/spanish-verb-invadir.html,verb-conjugation (lang-verb-X),TEMPLATED,732,1301,21,40.7,2022-01,2026-09,+87%
/21Nov-daily-italian-lesson.html,daily-italian-lesson (dated),TEMPLATED,714,751,25,34.0,2020-09,2026-09,+66%
/fsi-french-01.html,OTHER / bespoke,bespoke,709,1519,18,39.4,2023-05,2024-10,-1%
/spanish-verb-alentar.html,verb-conjugation (lang-verb-X),TEMPLATED,704,1603,18,58.7,2020-12,2026-09,+85%
/french-for-seize.html,X-for-word lessons,TEMPLATED-ish,698,242,16,43.6,2022-12,2026-06,+119%
/french-for-treat.html,X-for-word lessons,TEMPLATED-ish,696,471,17,40.9,2020-09,2026-08,+94%
/spanish-verb-restregar.html,verb-conjugation (lang-verb-X),TEMPLATED,695,699,16,46.3,2021-10,2026-09,+56%
/9Jan-daily-italian-lesson.html,daily-italian-lesson (dated),TEMPLATED,694,1075,25,33.0,2021-11,2026-09,+85%
/spanish-verb-culpar.html,verb-conjugation (lang-verb-X),TEMPLATED,692,1463,26,36.4,2021-01,2026-09,+80%
/spanish-verb-expedir.html,verb-conjugation (lang-verb-X),TEMPLATED,691,2781,36,43.2,2020-09,2026-09,+37%
/french-verb-cocufier.html,verb-conjugation (lang-verb-X),TEMPLATED,689,676,8,86.1,2025-12,2026-09,+47%
/french-verb-congeler.html,verb-conjugation (lang-verb-X),TEMPLATED,686,1196,16,52.8,2021-07,2026-09,+225%
/king-of-the-world.html,OTHER / bespoke,bespoke,683,2412,29,48.8,2020-09,2025-09,+4%
/french-verb-admettre.html,verb-conjugation (lang-verb-X),TEMPLATED,683,907,24,32.5,2020-09,2026-07,+13%
/french-for-betray.html,X-for-word lessons,TEMPLATED-ish,682,590,14,48.7,2020-11,2026-09,+120%
/spanish-verb-resistir.html,verb-conjugation (lang-verb-X),TEMPLATED,678,1072,18,45.2,2021-04,2026-07,+157%
/remembering-words.html,OTHER / bespoke,bespoke,677,1232,17,48.4,2021-04,2026-07,+109%
/11Apr-daily-italian-lesson.html,daily-italian-lesson (dated),TEMPLATED,676,1116,15,48.3,2022-11,2026-09,+93%
/moonwalking-with-einstein.html,OTHER / bespoke,bespoke,676,637,12,67.6,2024-05,2026-05,+41%
/french-for-water.html,X-for-word lessons,TEMPLATED-ish,671,462,21,32.0,2020-09,2025-09,+24%
/french-for-weaken.html,X-for-word lessons,TEMPLATED-ish,669,696,9,74.3,2020-10,2021-10,+79%
/french-verb-trebucher.html,verb-conjugation (lang-verb-X),TEMPLATED,668,3409,47,37.1,2020-09,2026-06,-11%
/spanish-verb-empatar.html,verb-conjugation (lang-verb-X),TEMPLATED,668,1568,20,47.7,2020-11,2026-07,+165%
/7Jun-daily-italian-lesson.html,daily-italian-lesson (dated),TEMPLATED,658,1181,17,47.0,2021-04,2026-07,+194%
/spanish-flashcard.html,course tools,bespoke,653,2650,42,28.4,2020-09,2026-05,+21%
/french-verb-expliquer.html,verb-conjugation (lang-verb-X),TEMPLATED,649,1361,17,81.1,2021-03,2025-06,+51%
/french-verb-collectionner.html,verb-conjugation (lang-verb-X),TEMPLATED,646,947,30,25.8,2020-09,2025-08,-4%
/daily-italian-lesson-code.html,lesson (other),bespoke,636,2152,30,48.9,2021-04,2025-11,+57%
/learn-german-sentences.html,course tools,bespoke,633,2577,40,39.6,2021-01,2025-12,+110%
/french-verb-conclure.html,verb-conjugation (lang-verb-X),TEMPLATED,626,282,14,44.7,2020-09,2026-09,+77%
/19Jun-daily-italian-lesson.html,daily-italian-lesson (dated),TEMPLATED,624,1345,28,34.7,2020-09,2026-06,+67%
/spanish-verb-desobedecer.html,verb-conjugation (lang-verb-X),TEMPLATED,617,791,23,29.4,2022-09,2025-06,+39%
/spanish-verb-renovar.html,verb-conjugation (lang-verb-X),TEMPLATED,615,869,20,41.0,2020-11,2025-10,+87%
/french-for-bite.html,X-for-word lessons,TEMPLATED-ish,613,386,15,40.9,2020-11,2026-08,+54%
/earworms.html,OTHER / bespoke,bespoke,604,668,17,35.5,2020-09,2026-05,+40%
/french-verb-debrouiller.html,verb-conjugation (lang-verb-X),TEMPLATED,603,496,22,28.7,2021-01,2026-09,+48%
/german-for-duck.html,X-for-word lessons,TEMPLATED-ish,598,521,11,54.4,2021-04,2025-10,+55%
/french-verb-tilt-basculer.html,verb-conjugation (lang-verb-X),TEMPLATED,596,859,11,66.2,2023-08,2026-07,+111%
/14Dec-daily-italian-lesson.html,daily-italian-lesson (dated),TEMPLATED,595,1472,23,35.0,2022-04,2026-06,+108%
/french-verb-se-brancher.html,verb-conjugation (lang-verb-X),TEMPLATED,591,2472,30,49.2,2020-09,2026-08,+72%
/french-for-fight.html,X-for-word lessons,TEMPLATED-ish,590,900,16,42.1,2024-03,2026-04,+57%
/french-verb-confondre.html,verb-conjugation (lang-verb-X),TEMPLATED,585,1165,24,36.6,2020-09,2026-07,+58%
/24Aug-daily-italian-lesson.html,daily-italian-lesson (dated),TEMPLATED,579,2486,9,115.8,2025-01,2026-09,+45%
/french-verb-guerir.html,verb-conjugation (lang-verb-X),TEMPLATED,579,408,12,48.2,2020-09,2026-04,+62%
/colours-in-french.html,OTHER / bespoke,bespoke,578,1217,23,30.4,2020-09,2025-04,-27%
/spanish-verb-bautizar.html,verb-conjugation (lang-verb-X),TEMPLATED,578,573,14,44.5,2022-05,2026-04,+130%
/one-little-correction-mur-and-mr.html,OTHER / bespoke,bespoke,576,1940,25,38.4,2021-06,2025-12,-25%
/german-proverb.html,proverb (other),bespoke,570,1123,23,35.6,2020-11,2025-12,+111%
/learn-german-newsletter.html,course landing,bespoke,570,687,22,33.5,2020-09,2026-07,+75%
/french-verb-omettre.html,verb-conjugation (lang-verb-X),TEMPLATED,564,2504,33,37.6,2020-09,2025-11,-6%
/french-verb-sembler.html,verb-conjugation (lang-verb-X),TEMPLATED,562,680,21,31.2,2021-06,2026-09,+40%
/7Jan-daily-italian-lesson.html,daily-italian-lesson (dated),TEMPLATED,555,978,8,79.3,2021-05,2026-08,+127%
/15Sep-daily-italian-lesson.html,daily-italian-lesson (dated),TEMPLATED,552,1495,28,32.5,2020-09,2026-09,-24%
/french-verb-achever.html,verb-conjugation (lang-verb-X),TEMPLATED,550,1294,20,39.3,2021-02,2026-09,+71%
/german-for-railway-track.html,X-for-word lessons,TEMPLATED-ish,550,1022,18,50.0,2020-09,2026-07,+180%
/french-verb-voguer.html,verb-conjugation (lang-verb-X),TEMPLATED,549,655,14,42.2,2022-01,2026-09,+21%
/become-fluent.html,OTHER / bespoke,bespoke,548,489,18,30.4,2020-09,2024-05,-32%
/french-verb-fesser.html,verb-conjugation (lang-verb-X),TEMPLATED,544,690,12,77.7,2022-10,2026-09,+72%
/french-verb-advenir.html,verb-conjugation (lang-verb-X),TEMPLATED,543,1030,13,49.4,2021-05,2026-08,+142%
/14Apr-daily-italian-lesson.html,daily-italian-lesson (dated),TEMPLATED,542,1954,33,36.1,2020-09,2026-09,+107%
/french-for-decorate.html,X-for-word lessons,TEMPLATED-ish,538,359,15,35.9,2020-10,2026-02,+15%
/italian-for-game.html,X-for-word lessons,TEMPLATED-ish,537,760,15,41.3,2022-04,2026-05,+98%
/french-verb-confirmer.html,verb-conjugation (lang-verb-X),TEMPLATED,531,1044,11,66.4,2021-05,2026-09,+147%
/spanish-verb-consentir.html,verb-conjugation (lang-verb-X),TEMPLATED,531,661,12,53.1,2022-07,2026-09,+50%
/italian-for-dog.html,X-for-word lessons,TEMPLATED-ish,529,514,12,44.1,2021-02,2026-06,+155%
/spanish-verb-emitir.html,verb-conjugation (lang-verb-X),TEMPLATED,524,937,21,30.8,2021-04,2025-04,+33%
/spanish-verb-senalar.html,verb-conjugation (lang-verb-X),TEMPLATED,524,868,17,40.3,2021-08,2026-09,+85%
/french-verb-luire.html,verb-conjugation (lang-verb-X),TEMPLATED,519,753,14,51.9,2021-11,2026-09,+29%
/31.french-word-a-day.html,french-word-a-day (N.),TEMPLATED,519,34,19,27.3,2020-10,2024-07,-25%
/spanish-verb-enriquecer.html,verb-conjugation (lang-verb-X),TEMPLATED,515,926,12,57.2,2021-06,2026-05,+100%
/french-for-shorten.html,X-for-word lessons,TEMPLATED-ish,514,429,5,102.8,2024-12,2026-07,+101%
/french-verb-mendier.html,verb-conjugation (lang-verb-X),TEMPLATED,510,593,10,63.8,2021-11,2026-07,+123%
/spanish-verb-ahorcar.html,verb-conjugation (lang-verb-X),TEMPLATED,509,787,11,63.6,2022-08,2026-09,+84%
/french-for-swim-nager.html,X-for-word lessons,TEMPLATED-ish,508,965,21,33.9,2020-10,2026-09,+87%
/french-for-melt.html,X-for-word lessons,TEMPLATED-ish,508,333,11,46.2,2023-06,2026-07,+220%
/french-verb-coller.html,verb-conjugation (lang-verb-X),TEMPLATED,507,1267,21,36.2,2020-09,2026-08,+129%
/french-lesson-dialogue-10.html,lesson (other),bespoke,503,628,13,38.7,2020-09,2023-12,+4%
/spanish-verb-insinuar.html,verb-conjugation (lang-verb-X),TEMPLATED,502,1158,24,35.9,2021-11,2026-09,+95%
/french-for-dirty.html,X-for-word lessons,TEMPLATED-ish,499,404,13,38.4,2021-08,2026-01,+27%
/french-verb-cloitrer.html,verb-conjugation (lang-verb-X),TEMPLATED,498,791,5,124.5,2024-02,2026-08,-32%
/michel-thomas-spanish-course.html,course landing,bespoke,497,2296,29,49.7,2020-09,2026-07,+51%
/16Oct-daily-italian-lesson.html,daily-italian-lesson (dated),TEMPLATED,495,1043,16,45.0,2020-10,2026-09,+52%
/spanish-verb-cegar.html,verb-conjugation (lang-verb-X),TEMPLATED,493,988,13,54.8,2020-11,2026-09,+104%
/spanish-verb-requerir.html,verb-conjugation (lang-verb-X),TEMPLATED,481,1207,21,30.1,2021-04,2026-04,+38%
/11Jan-daily-italian-lesson.html,daily-italian-lesson (dated),TEMPLATED,480,900,21,34.3,2020-11,2026-09,+87%
/french-word-potele.html,OTHER / bespoke,bespoke,471,210,9,52.3,2020-09,2026-09,+179%
/french-verb-suspendre.html,verb-conjugation (lang-verb-X),TEMPLATED,469,993,13,58.6,2021-02,2026-09,+133%
/french-verb-percevoir.html,verb-conjugation (lang-verb-X),TEMPLATED,468,534,20,29.2,2020-09,2026-04,+25%
/16Jul-daily-italian-lesson.html,daily-italian-lesson (dated),TEMPLATED,467,294,18,29.2,2020-09,2025-05,-1%
/michel-thomas-was-a-genius.html,OTHER / bespoke,bespoke,461,2046,26,35.5,2020-09,2025-09,-9%
/5Jul-daily-italian-lesson.html,daily-italian-lesson (dated),TEMPLATED,457,646,10,50.8,2021-08,2026-06,+127%
/spanish-verb-bromear.html,verb-conjugation (lang-verb-X),TEMPLATED,456,1162,20,35.1,2021-01,2025-09,+84%
/18.html,spanish word-of-day (N.html),TEMPLATED,456,48,18,25.3,2021-05,2025-11,+17%
/spanish-verb-memorizar.html,verb-conjugation (lang-verb-X),TEMPLATED,455,578,16,30.3,2023-05,2026-02,+41%
/memorization-i-think-you-missed-the-point.html,OTHER / bespoke,bespoke,454,1821,24,41.3,2020-09,2025-11,+27%
/spanish-verb-liar.html,verb-conjugation (lang-verb-X),TEMPLATED,454,429,12,45.4,2022-11,2026-09,+58%
/french-verb-posseder.html,verb-conjugation (lang-verb-X),TEMPLATED,441,993,22,25.9,2020-09,2025-04,-21%
/french-verb-bondir.html,verb-conjugation (lang-verb-X),TEMPLATED,440,1215,14,62.9,2022-03,2026-07,+209%
/spanish-verb-embarazar.html,verb-conjugation (lang-verb-X),TEMPLATED,439,839,11,48.8,2023-05,2026-09,+48%
/19.html,spanish word-of-day (N.html),TEMPLATED,439,129,16,27.4,2021-04,2025-10,-2%
/french-verb-considerer.html,verb-conjugation (lang-verb-X),TEMPLATED,436,706,14,43.6,2020-09,2026-06,+34%
/spanish-verb-dirigir.html,verb-conjugation (lang-verb-X),TEMPLATED,435,1039,20,39.5,2020-10,2026-09,+107%
/free-german-lessons.html,lesson (other),bespoke,430,958,21,26.9,2020-09,2025-10,-10%
/french-verb-pretendre.html,verb-conjugation (lang-verb-X),TEMPLATED,430,870,16,33.1,2020-09,2026-09,-28%
/email-confirmation.html,OTHER / bespoke,bespoke,429,3704,47,42.9,2020-12,2026-09,+190%
/french-verb-tisser.html,verb-conjugation (lang-verb-X),TEMPLATED,429,661,11,47.7,2023-11,2026-09,+129%
/23.html,spanish word-of-day (N.html),TEMPLATED,429,151,17,26.8,2021-04,2024-10,-14%
/16Mar-daily-italian-lesson.html,daily-italian-lesson (dated),TEMPLATED,427,653,11,47.4,2022-08,2026-08,+152%
/spanish-verb-sobrevivir.html,verb-conjugation (lang-verb-X),TEMPLATED,426,509,12,47.3,2022-04,2026-04,+53%
/21.html,spanish word-of-day (N.html),TEMPLATED,425,172,16,26.6,2021-04,2025-11,+20%
/french-verb-caresser.html,verb-conjugation (lang-verb-X),TEMPLATED,422,1051,11,70.3,2021-06,2026-09,+26%
/spanish-verb-atracar.html,verb-conjugation (lang-verb-X),TEMPLATED,419,575,6,209.5,2022-08,2026-08,
/spanish-verb-situar.html,verb-conjugation (lang-verb-X),TEMPLATED,416,598,15,41.6,2020-11,2026-09,+83%
/24.html,spanish word-of-day (N.html),TEMPLATED,414,48,16,25.9,2021-04,2024-08,-14%
/spanish-verb-revestir.html,verb-conjugation (lang-verb-X),TEMPLATED,410,1435,20,41.0,2020-09,2025-11,+63%
/accent-engages-the-minds-of-idealists-only.html,OTHER / bespoke,bespoke,410,1261,16,45.6,2020-09,2026-07,+49%
/thank-you.html,OTHER / bespoke,bespoke,408,2007,26,40.8,2020-09,2025-11,+33%
/28.html,spanish word-of-day (N.html),TEMPLATED,408,52,16,25.5,2021-04,2025-04,-13%
/8.html,spanish word-of-day (N.html),TEMPLATED,406,191,16,27.1,2021-05,2024-10,-2%
/spanish-verb-acontecer.html,verb-conjugation (lang-verb-X),TEMPLATED,405,932,15,57.9,2021-05,2026-09,+37%
/17.html,spanish word-of-day (N.html),TEMPLATED,400,0,16,25.0,2021-04,2024-07,-22%
/spanish-verb-jorobar.html,verb-conjugation (lang-verb-X),TEMPLATED,397,634,14,36.1,2021-01,2026-01,+43%
/french-verb-scintiller.html,verb-conjugation (lang-verb-X),TEMPLATED,394,534,9,56.3,2021-09,2026-06,+127%
/spanish-verb-ocultar.html,verb-conjugation (lang-verb-X),TEMPLATED,392,840,11,56.0,2023-02,2026-09,+31%
/muhammad-ali-cartoon.html,OTHER / bespoke,bespoke,390,691,18,32.5,2020-09,2025-12,+145%
/french-verb-ronger.html,verb-conjugation (lang-verb-X),TEMPLATED,389,550,7,64.8,2023-04,2026-09,+4%
/spanish-verb-rehuir.html,verb-conjugation (lang-verb-X),TEMPLATED,389,315,6,64.8,2023-09,2026-09,+141%
/italian-order-page.html,OTHER / bespoke,bespoke,386,1545,28,35.1,2021-01,2025-03,+46%
/doctor.html,OTHER / bespoke,bespoke,383,2334,34,34.8,2020-09,2025-09,-27%
/french-verb-subventionner.html,verb-conjugation (lang-verb-X),TEMPLATED,382,1784,22,42.4,2020-09,2026-08,+13%
/12.html,spanish word-of-day (N.html),TEMPLATED,381,38,16,23.8,2021-04,2024-07,-23%
/spanish-lesson-free.html,lesson (other),bespoke,378,784,14,42.0,2021-12,2025-11,+119%
/spanish-verb-alcanzar.html,verb-conjugation (lang-verb-X),TEMPLATED,377,669,15,31.4,2022-11,2025-08,+77%
/french-verb-noyer.html,verb-conjugation (lang-verb-X),TEMPLATED,377,585,11,47.1,2022-05,2026-07,+181%
/20Mar-daily-italian-lesson.html,daily-italian-lesson (dated),TEMPLATED,375,1020,13,46.9,2020-11,2026-09,+252%
/16.html,spanish word-of-day (N.html),TEMPLATED,375,139,15,25.0,2021-05,2024-08,-16%
/french-verb-valider.html,verb-conjugation (lang-verb-X),TEMPLATED,373,396,3,124.3,2026-07,2026-09,
/spanish-verb-digerir.html,verb-conjugation (lang-verb-X),TEMPLATED,372,648,13,46.5,2022-01,2026-06,+161%
/spanish-verb-embestir.html,verb-conjugation (lang-verb-X),TEMPLATED,370,508,9,61.7,2020-10,2026-07,+47%
/spanish-verb-proceder.html,verb-conjugation (lang-verb-X),TEMPLATED,368,829,19,30.7,2021-03,2025-05,+37%
/french-verb-se-calmer.html,verb-conjugation (lang-verb-X),TEMPLATED,368,464,15,28.3,2020-09,2026-08,+16%
/french-verb-crever.html,verb-conjugation (lang-verb-X),TEMPLATED,363,582,10,60.5,2021-01,2026-08,+133%
/9Sep-daily-italian-lesson.html,daily-italian-lesson (dated),TEMPLATED,363,567,6,72.6,2021-09,2026-07,+85%
/20Apr-daily-italian-lesson.html,daily-italian-lesson (dated),TEMPLATED,361,385,3,120.3,2025-10,2026-06,
/french-verb-evanouir.html,verb-conjugation (lang-verb-X),TEMPLATED,360,558,11,51.4,2022-04,2026-08,+176%
/15.html,spanish word-of-day (N.html),TEMPLATED,360,41,14,25.7,2021-05,2024-09,-1%
/22Sep-daily-italian-lesson.html,daily-italian-lesson (dated),TEMPLATED,358,798,13,39.8,2021-07,2026-09,+46%
/french-verb-teinter.html,verb-conjugation (lang-verb-X),TEMPLATED,358,189,10,39.8,2021-07,2026-09,+32%
/michel-thomass-accent.html,OTHER / bespoke,bespoke,357,383,1,357.0,2026-06,2026-06,
/13.html,spanish word-of-day (N.html),TEMPLATED,350,116,13,26.9,2021-04,2026-09,+10%
/french-verb-transfuser.html,verb-conjugation (lang-verb-X),TEMPLATED,349,1464,23,31.7,2020-09,2024-12,-13%
/french-verb-barrer.html,verb-conjugation (lang-verb-X),TEMPLATED,349,608,7,69.8,2021-02,2026-08,+53%
/french-verb-bercer.html,verb-conjugation (lang-verb-X),TEMPLATED,348,581,8,69.6,2021-06,2026-09,+91%
/welsh-for-money.html,OTHER / bespoke,bespoke,348,313,5,87.0,2021-04,2026-06,+510%
/29Nov-daily-italian-lesson.html,daily-italian-lesson (dated),TEMPLATED,343,681,4,85.8,2026-04,2026-07,+77%
/french-verb-synchroniser.html,verb-conjugation (lang-verb-X),TEMPLATED,341,2076,26,42.6,2020-09,2026-08,+21%
/french-verb-deranger.html,verb-conjugation (lang-verb-X),TEMPLATED,340,807,11,42.5,2021-03,2026-09,+70%
/22Jun-daily-italian-lesson.html,daily-italian-lesson (dated),TEMPLATED,336,740,9,56.0,2021-06,2026-09,+105%
/spanish-verb-plegar.html,verb-conjugation (lang-verb-X),TEMPLATED,336,739,12,56.0,2021-11,2026-07,+309%
/23Oct-daily-italian-lesson.html,daily-italian-lesson (dated),TEMPLATED,336,545,2,168.0,2026-05,2026-06,
/google67553bdafcb12079.html,(not in sitemap),?,335,1737,23,41.9,2020-09,2025-11,+22%
/22.html,spanish word-of-day (N.html),TEMPLATED,335,0,13,25.8,2021-04,2025-11,+4%
/15Oct-daily-italian-lesson.html,daily-italian-lesson (dated),TEMPLATED,333,760,17,33.3,2020-10,2024-11,-4%
/french-for-fill.html,X-for-word lessons,TEMPLATED-ish,333,749,17,30.3,2020-09,2025-12,+100%
/spanish-verb-aborrecer.html,verb-conjugation (lang-verb-X),TEMPLATED,333,582,14,33.3,2020-09,2025-12,+73%
/french-verb-detendre.html,verb-conjugation (lang-verb-X),TEMPLATED,331,673,13,41.4,2021-01,2026-09,+141%
/14.html,spanish word-of-day (N.html),TEMPLATED,330,78,13,25.4,2021-04,2026-09,-14%
/french-verb-s-amuser.html,verb-conjugation (lang-verb-X),TEMPLATED,329,157,8,41.1,2020-09,2025-11,+6%
/prof.html,OTHER / bespoke,bespoke,327,2186,30,36.3,2020-09,2025-09,-6%
/11.html,spanish word-of-day (N.html),TEMPLATED,327,100,12,27.2,2021-04,2024-07,-2%
/30May-daily-italian-lesson.html,daily-italian-lesson (dated),TEMPLATED,325,856,10,46.4,2021-05,2026-08,+84%
/spanish-verb-estrellar.html,verb-conjugation (lang-verb-X),TEMPLATED,325,789,12,54.2,2021-01,2026-07,+201%
/12Jan-daily-italian-lesson.html,daily-italian-lesson (dated),TEMPLATED,325,500,10,40.6,2021-09,2025-12,+48%
/27.html,spanish word-of-day (N.html),TEMPLATED,322,0,13,24.8,2021-04,2024-08,-16%
/french-verb-se-gouverner.html,verb-conjugation (lang-verb-X),TEMPLATED,321,408,5,80.2,2023-08,2026-08,+33%
/french-verb-tordre.html,verb-conjugation (lang-verb-X),TEMPLATED,321,337,13,29.2,2021-05,2026-07,+31%
/spanish-verb-combatir.html,verb-conjugation (lang-verb-X),TEMPLATED,319,668,14,35.4,2022-04,2025-04,+54%
/french-verb-sceller.html,verb-conjugation (lang-verb-X),TEMPLATED,318,536,6,79.5,2025-04,2026-09,-46%
/french-verb-vexer.html,verb-conjugation (lang-verb-X),TEMPLATED,318,499,9,53.0,2021-10,2026-02,+34%
/french-for-shut-up.html,X-for-word lessons,TEMPLATED-ish,318,271,7,45.4,2021-07,2026-06,+87%
/incredible-method.html,OTHER / bespoke,bespoke,317,2184,30,35.2,2020-09,2025-09,-3%
/5.html,spanish word-of-day (N.html),TEMPLATED,317,0,13,24.4,2021-05,2024-07,-25%
/french-verb-capturer.html,verb-conjugation (lang-verb-X),TEMPLATED,314,818,16,31.4,2021-01,2026-08,+93%
/french-verb-subsister.html,verb-conjugation (lang-verb-X),TEMPLATED,313,1173,18,39.1,2020-09,2026-08,+25%
/20.html,spanish word-of-day (N.html),TEMPLATED,313,184,12,26.1,2021-05,2024-08,+5%
/french-verb-se-taquiner.html,verb-conjugation (lang-verb-X),TEMPLATED,312,654,9,52.0,2021-08,2026-08,+100%
/28Oct-daily-italian-lesson.html,daily-italian-lesson (dated),TEMPLATED,310,1325,20,34.4,2020-09,2026-09,-5%
/10Jun-daily-italian-lesson.html,daily-italian-lesson (dated),TEMPLATED,309,531,3,103.0,2026-05,2026-07,
/spanish-for-understand.html,X-for-word lessons,TEMPLATED-ish,309,472,8,44.1,2022-06,2025-11,+118%
/10Aug-daily-italian-lesson.html,daily-italian-lesson (dated),TEMPLATED,307,2002,26,34.1,2020-09,2026-07,+25%
/french-verb-crayonner.html,verb-conjugation (lang-verb-X),TEMPLATED,307,399,4,76.8,2025-10,2026-08,+92%
/teach-to-pass-for-a-native.html,OTHER / bespoke,bespoke,304,1304,16,38.0,2021-06,2025-09,+3%
/spanish-verb-entregar.html,verb-conjugation (lang-verb-X),TEMPLATED,304,507,12,43.4,2021-02,2026-08,+96%
/1Jun-daily-italian-lesson.html,daily-italian-lesson (dated),TEMPLATED,302,333,8,43.1,2021-01,2026-01,+77%
/9.html,spanish word-of-day (N.html),TEMPLATED,302,160,15,23.2,2021-03,2024-10,-6%
/6Feb-daily-italian-lesson.html,daily-italian-lesson (dated),TEMPLATED,300,687,12,42.9,2021-02,2026-07,+138%
/spanish-verb-disminuir.html,verb-conjugation (lang-verb-X),TEMPLATED,300,374,5,60.0,2025-10,2026-08,+15%
/french-proverb.html,proverb (other),bespoke,299,1931,33,27.2,2020-09,2025-11,+37%
/1Sep-daily-italian-lesson.html,daily-italian-lesson (dated),TEMPLATED,298,687,7,49.7,2021-05,2026-09,+33%
/french-for-moan.html,X-for-word lessons,TEMPLATED-ish,298,364,7,49.7,2023-03,2026-07,+258%
/french-verb-se-accuser.html,verb-conjugation (lang-verb-X),TEMPLATED,297,292,10,42.4,2020-09,2026-08,+153%
/4.html,spanish word-of-day (N.html),TEMPLATED,297,68,11,27.0,2021-05,2024-08,+10%
/spanish-lesson.html,lesson (other),bespoke,296,810,16,32.9,2020-12,2025-12,+64%
/spanish-verb-enternecer.html,verb-conjugation (lang-verb-X),TEMPLATED,296,531,8,74.0,2022-06,2026-07,+47%
/french-for-succeed-end-up.html,X-for-word lessons,TEMPLATED-ish,296,258,5,59.2,2025-01,2026-07,+100%
/26.html,spanish word-of-day (N.html),TEMPLATED,292,57,10,29.2,2021-05,2026-04,+10%
/french-for-avoid.html,X-for-word lessons,TEMPLATED-ish,291,455,9,36.4,2021-09,2026-09,+62%
/spanish-for-agree.html,X-for-word lessons,TEMPLATED-ish,291,223,8,36.4,2021-12,2025-11,+94%
/language-is-hard-he-makes-it-as-simple-as-possible.html,OTHER / bespoke,bespoke,289,953,10,72.2,2023-09,2026-07,+47%
/french-verb-taper.html,verb-conjugation (lang-verb-X),TEMPLATED,286,548,14,31.8,2020-11,2026-09,+74%
/italian-for-sister.html,X-for-word lessons,TEMPLATED-ish,286,230,6,47.7,2024-11,2025-08,+33%
/french-for-take-away.html,X-for-word lessons,TEMPLATED-ish,285,376,11,31.7,2021-03,2025-11,+48%
/french-word-preservatif.html,OTHER / bespoke,bespoke,285,302,4,71.2,2021-12,2026-05,+300%
/spanish-verb-segar.html,verb-conjugation (lang-verb-X),TEMPLATED,283,1139,19,47.2,2020-09,2026-08,+28%
/24Jan-daily-italian-lesson.html,daily-italian-lesson (dated),TEMPLATED,283,402,6,56.6,2023-01,2026-08,+170%
/spanish-verb-aplicar.html,verb-conjugation (lang-verb-X),TEMPLATED,281,463,14,25.5,2020-12,2025-08,+22%
/french-verb-decourager.html,verb-conjugation (lang-verb-X),TEMPLATED,279,451,3,93.0,2026-04,2026-08,
/french-verb-sevrer.html,verb-conjugation (lang-verb-X),TEMPLATED,279,350,3,93.0,2026-06,2026-09,
/french-verb-se-retablir.html,verb-conjugation (lang-verb-X),TEMPLATED,279,261,6,46.5,2023-05,2026-09,+236%
/the-dutch-and-russian-courses-are-taught-by-native-speakers.html,course landing,bespoke,278,1575,23,39.7,2020-09,2025-09,+3%
/23Apr-daily-italian-lesson.html,daily-italian-lesson (dated),TEMPLATED,277,1584,21,39.6,2020-09,2024-03,-13%
/spanish-verb-salpimentar.html,verb-conjugation (lang-verb-X),TEMPLATED,276,484,6,138.0,2020-12,2026-07,
/french.html,OTHER / bespoke,bespoke,271,1214,18,33.9,2020-09,2024-03,-5%
/french-verb-informer.html,verb-conjugation (lang-verb-X),TEMPLATED,270,174,5,54.0,2020-10,2026-06,+29%
/french-verb-siffler.html,verb-conjugation (lang-verb-X),TEMPLATED,269,283,4,67.2,2020-10,2026-06,+440%
/french-verb-tatouer.html,verb-conjugation (lang-verb-X),TEMPLATED,268,401,6,53.6,2022-11,2026-09,-13%
/french-verb-vagabonder.html,verb-conjugation (lang-verb-X),TEMPLATED,268,359,4,89.3,2021-08,2026-09,
/french-word-carbone.html,OTHER / bespoke,bespoke,268,166,4,67.0,2025-10,2026-03,+3%
/7Dec-daily-italian-lesson.html,daily-italian-lesson (dated),TEMPLATED,266,401,5,66.5,2020-10,2026-08,+433%
/french-for-also.html,X-for-word lessons,TEMPLATED-ish,265,1133,20,26.5,2021-03,2025-09,+43%
/spanish-verb-sustituir.html,verb-conjugation (lang-verb-X),TEMPLATED,265,811,11,44.2,2021-07,2026-07,+208%
/4Jun-daily-italian-lesson.html,daily-italian-lesson (dated),TEMPLATED,265,539,12,33.1,2020-09,2026-01,+30%
/3Dec-daily-italian-lesson.html,daily-italian-lesson (dated),TEMPLATED,264,455,6,44.0,2021-07,2023-09,+134%
/printing-circumflex.html,OTHER / bespoke,bespoke,263,1937,26,37.6,2020-09,2025-09,-3%
/french-verb-inquieter.html,verb-conjugation (lang-verb-X),TEMPLATED,263,525,13,37.6,2021-02,2026-06,+88%
/french-verb-centupler.html,verb-conjugation (lang-verb-X),TEMPLATED,262,1213,19,32.8,2020-09,2024-03,-2%
/french-verb-grever.html,verb-conjugation (lang-verb-X),TEMPLATED,260,356,3,86.7,2026-06,2026-08,
/10.html,spanish word-of-day (N.html),TEMPLATED,260,40,12,23.6,2021-05,2024-02,-23%
/conjugation-spanish-verbs.html,(not in sitemap),?,258,891,16,32.2,2021-03,2025-09,+39%
/7.html,spanish word-of-day (N.html),TEMPLATED,258,0,11,23.5,2021-05,2024-06,-23%
/25.html,spanish word-of-day (N.html),TEMPLATED,254,47,10,25.4,2021-06,2024-06,-6%
/french-verb-debloquer.html,verb-conjugation (lang-verb-X),TEMPLATED,253,359,4,63.2,2025-07,2026-08,+41%
/french-verb-dedier.html,verb-conjugation (lang-verb-X),TEMPLATED,251,434,6,62.8,2021-05,2026-09,+18%
/5Feb-daily-italian-lesson.html,daily-italian-lesson (dated),TEMPLATED,251,353,4,62.8,2021-07,2026-07,+114%
/23Mar-daily-italian-lesson.html,daily-italian-lesson (dated),TEMPLATED,251,347,7,41.8,2021-06,2026-07,+126%
/spanish-verb-aparecer.html,verb-conjugation (lang-verb-X),TEMPLATED,250,571,10,41.7,2022-05,2026-09,+121%
/french-verb-se-elargir.html,verb-conjugation (lang-verb-X),TEMPLATED,249,451,4,83.0,2025-09,2026-08,
/french-verb-citer.html,verb-conjugation (lang-verb-X),TEMPLATED,247,270,5,61.8,2021-08,2026-07,+186%
/spanish-verb-renegar.html,verb-conjugation (lang-verb-X),TEMPLATED,246,472,5,61.5,2025-06,2026-06,+8%
/language-learning-demo.html,OTHER / bespoke,bespoke,244,356,6,61.0,2021-11,2025-11,-11%
/french-verb-vaciller.html,verb-conjugation (lang-verb-X),TEMPLATED,243,290,2,121.5,2026-06,2026-08,
/spanish-verb-aterrorizar.html,verb-conjugation (lang-verb-X),TEMPLATED,243,184,7,48.6,2023-04,2026-07,+151%
/1.html,spanish word-of-day (N.html),TEMPLATED,243,0,11,22.1,2021-04,2023-07,-28%
/french-verb-superviser.html,verb-conjugation (lang-verb-X),TEMPLATED,242,407,4,80.7,2021-10,2026-08,
/2Oct-daily-italian-lesson.html,daily-italian-lesson (dated),TEMPLATED,240,498,6,60.0,2021-07,2026-07,+100%
/spanish-verb-adjudicar.html,verb-conjugation (lang-verb-X),TEMPLATED,238,330,5,59.5,2022-09,2026-09,+31%
/french-verb-simuler.html,verb-conjugation (lang-verb-X),TEMPLATED,238,228,3,79.3,2025-12,2026-07,
/french-colours.html,OTHER / bespoke,bespoke,237,506,11,26.3,2020-09,2024-09,+8%
/15Apr-daily-italian-lesson.html,daily-italian-lesson (dated),TEMPLATED,237,370,3,79.0,2026-06,2026-08,
/french-verb-elire.html,verb-conjugation (lang-verb-X),TEMPLATED,237,92,4,59.2,2021-08,2026-04,+55%
/french-word-diabete.html,OTHER / bespoke,bespoke,235,176,6,39.2,2020-10,2021-10,+42%
/french-verb-conserver.html,verb-conjugation (lang-verb-X),TEMPLATED,233,575,8,46.6,2021-02,2026-09,-5%
/spanish-verb-fatigar.html,verb-conjugation (lang-verb-X),TEMPLATED,233,256,5,58.2,2025-09,2026-04,+26%
/french-verb-visualiser.html,verb-conjugation (lang-verb-X),TEMPLATED,232,252,4,77.3,2024-02,2026-08,
/6.html,spanish word-of-day (N.html),TEMPLATED,231,0,9,25.7,2021-06,2024-06,-9%
/french-verb-rabaisser.html,verb-conjugation (lang-verb-X),TEMPLATED,230,88,6,38.3,2020-09,2021-09,-24%
/3.html,spanish word-of-day (N.html),TEMPLATED,229,0,10,22.9,2021-05,2023-07,-27%
/19May-daily-italian-lesson.html,daily-italian-lesson (dated),TEMPLATED,228,434,4,76.0,2025-05,2026-06,
/french-verb-pagayer.html,verb-conjugation (lang-verb-X),TEMPLATED,228,214,5,57.0,2022-06,2026-07,+512%
/spanish-verb-martillear.html,verb-conjugation (lang-verb-X),TEMPLATED,227,360,6,56.8,2021-02,2025-11,+111%
/spanish-verb-exhibir.html,verb-conjugation (lang-verb-X),TEMPLATED,225,458,9,37.5,2023-05,2026-04,+104%
/11Jun-daily-italian-lesson.html,daily-italian-lesson (dated),TEMPLATED,225,296,4,56.2,2021-07,2026-03,+71%
/german-for-flight.html,X-for-word lessons,TEMPLATED-ish,224,470,10,28.0,2022-07,2025-12,+73%
/spanish-verb-contravenir.html,verb-conjugation (lang-verb-X),TEMPLATED,223,877,16,27.9,2020-10,2025-10,+6%
/10Oct-daily-italian-lesson.html,daily-italian-lesson (dated),TEMPLATED,223,756,7,74.3,2021-05,2026-07,
/french-verb-pincer.html,verb-conjugation (lang-verb-X),TEMPLATED,223,285,5,55.8,2021-08,2026-07,+229%
/french-verb-regner.html,verb-conjugation (lang-verb-X),TEMPLATED,221,512,10,44.2,2023-04,2026-08,+176%
/french-for-tilt-pencher.html,X-for-word lessons,TEMPLATED-ish,220,306,3,73.3,2025-06,2026-06,
/2.html,spanish word-of-day (N.html),TEMPLATED,220,0,10,22.0,2021-06,2024-07,-10%
/french-verb-transporter.html,verb-conjugation (lang-verb-X),TEMPLATED,219,383,7,43.8,2020-12,2026-07,+144%
/spanish-verb-convertir.html,verb-conjugation (lang-verb-X),TEMPLATED,218,443,9,36.3,2020-11,2026-04,+141%
/french-verb-debiter.html,verb-conjugation (lang-verb-X),TEMPLATED,218,322,1,218.0,2026-05,2026-05,
/13Dec-daily-italian-lesson.html,daily-italian-lesson (dated),TEMPLATED,216,257,1,216.0,2026-07,2026-07,
/french-verb-se-empresser.html,verb-conjugation (lang-verb-X),TEMPLATED,214,251,4,71.3,2022-08,2026-07,
/welsh-for-enough.html,OTHER / bespoke,bespoke,214,192,3,71.3,2025-05,2025-11,
/french-verb-secouer.html,verb-conjugation (lang-verb-X),TEMPLATED,210,481,7,42.0,2021-06,2026-09,+183%
/spanish-verb-explosionar.html,verb-conjugation (lang-verb-X),TEMPLATED,209,656,12,41.8,2021-01,2026-09,+19%
/24Mar-daily-italian-lesson.html,daily-italian-lesson (dated),TEMPLATED,208,707,6,52.0,2021-01,2026-06,+252%
/french-verb-siroter.html,verb-conjugation (lang-verb-X),TEMPLATED,208,349,5,69.3,2024-05,2026-08,
/daily-spanish-verb.html,verbs/grammar (bespoke),bespoke,207,797,12,29.6,2023-08,2025-07,+64%
/spanish-order-page.html,OTHER / bespoke,bespoke,204,1922,34,22.7,2020-12,2025-10,+8%
/translation-service.html,(not in sitemap),?,204,980,4,51.0,2020-09,2020-12,+8%
/french-verb-hoqueter.html,verb-conjugation (lang-verb-X),TEMPLATED,203,365,6,40.6,2024-11,2026-04,+79%
/michel-thomas-portuguese.html,OTHER / bespoke,bespoke,203,256,2,101.5,2026-06,2026-07,
/17Apr-daily-italian-lesson.html,daily-italian-lesson (dated),TEMPLATED,203,151,3,67.7,2025-10,2026-07,
/22Apr-daily-italian-lesson.html,daily-italian-lesson (dated),TEMPLATED,202,370,5,50.5,2022-04,2026-08,+106%
/german-for-time.html,X-for-word lessons,TEMPLATED-ish,201,150,5,40.2,2021-02,2026-09,+17%
/6May-daily-italian-lesson.html,daily-italian-lesson (dated),TEMPLATED,200,690,8,66.7,2021-07,2026-08,
/spanish-verb-anochecer.html,verb-conjugation (lang-verb-X),TEMPLATED,200,300,7,50.0,2021-03,2026-02,+86%
/french-for-search.html,X-for-word lessons,TEMPLATED-ish,200,213,1,200.0,2026-06,2026-06,
/about-michel-thomas-polish-accent-and-about-accent-in-general.html,OTHER / bespoke,bespoke,200,150,2,100.0,2026-06,2026-07,
/french-lesson-dialogue-20.html,lesson (other),bespoke,199,278,8,28.4,2021-05,2025-07,+48%
/12May-daily-italian-lesson.html,daily-italian-lesson (dated),TEMPLATED,199,214,6,39.8,2024-11,2025-11,+41%
/spanish-verb-ablandar.html,verb-conjugation (lang-verb-X),TEMPLATED,198,1137,13,99.0,2021-01,2026-09,
/german-for-food.html,X-for-word lessons,TEMPLATED-ish,198,501,10,24.8,2020-10,2025-09,+15%
/french-verb-se-remuer.html,verb-conjugation (lang-verb-X),TEMPLATED,198,397,5,66.0,2022-07,2026-07,
/french-verb-sprinter.html,verb-conjugation (lang-verb-X),TEMPLATED,198,250,4,99.0,2021-10,2026-07,
/29Dec-daily-italian-lesson.html,daily-italian-lesson (dated),TEMPLATED,197,316,8,32.8,2020-10,2026-06,+35%
/24Dec-daily-italian-lesson.html,daily-italian-lesson (dated),TEMPLATED,196,337,3,98.0,2025-06,2026-06,
/french-lesson-dialogue-2.html,lesson (other),bespoke,196,115,6,32.7,2020-09,2025-11,+0%
/200_Words_a_Day-learn-languages-newzine12.html,OTHER / bespoke,bespoke,195,116,4,48.8,2024-12,2025-03,-16%
/15Jun-daily-italian-lesson.html,daily-italian-lesson (dated),TEMPLATED,194,323,3,64.7,2021-01,2026-08,
/french-verb-cartonner.html,verb-conjugation (lang-verb-X),TEMPLATED,194,268,4,97.0,2021-07,2026-07,
/spanish-verb-exceder.html,verb-conjugation (lang-verb-X),TEMPLATED,193,458,10,32.2,2021-11,2025-11,+80%
/8Feb-daily-italian-lesson.html,daily-italian-lesson (dated),TEMPLATED,193,182,3,64.3,2025-05,2026-08,
/10Feb-daily-italian-lesson.html,daily-italian-lesson (dated),TEMPLATED,191,181,3,63.7,2025-05,2025-11,
/french-verb-evoluer.html,verb-conjugation (lang-verb-X),TEMPLATED,191,84,5,38.2,2020-09,2021-08,-45%
/20Dec-daily-italian-lesson.html,daily-italian-lesson (dated),TEMPLATED,189,417,8,31.5,2022-09,2023-12,+105%
/french-verb-soudoyer.html,verb-conjugation (lang-verb-X),TEMPLATED,188,338,7,47.0,2021-07,2026-06,+227%
/14Jul-daily-italian-lesson.html,daily-italian-lesson (dated),TEMPLATED,187,87,8,26.7,2021-05,2026-09,+51%
/french-verb-creuser.html,verb-conjugation (lang-verb-X),TEMPLATED,186,344,5,46.5,2021-03,2026-09,-26%
/challenge-on-memorization.html,OTHER / bespoke,bespoke,186,241,2,93.0,2025-11,2026-07,
/brilliant-method-with-one-small-catch.html,OTHER / bespoke,bespoke,186,0,2,93.0,2026-06,2026-07,
/french-verb-entrouvrir.html,verb-conjugation (lang-verb-X),TEMPLATED,182,38,3,91.0,2022-06,2026-07,
/chartres.html,OTHER / bespoke,bespoke,180,1083,9,60.0,2022-12,2026-09,
/french-verb-choper.html,verb-conjugation (lang-verb-X),TEMPLATED,180,340,6,45.0,2022-02,2026-09,+14%
/french-for-tuck.html,X-for-word lessons,TEMPLATED-ish,180,167,3,60.0,2023-03,2025-11,
/31Jul-daily-italian-lesson.html,daily-italian-lesson (dated),TEMPLATED,180,117,4,45.0,2024-12,2025-03,-24%
/20Feb-daily-italian-lesson.html,daily-italian-lesson (dated),TEMPLATED,177,241,2,88.5,2026-07,2026-08,
/french-verb-se-illuminer.html,verb-conjugation (lang-verb-X),TEMPLATED,177,46,3,88.5,2024-08,2026-07,
/french-verb-chiffrer.html,verb-conjugation (lang-verb-X),TEMPLATED,176,218,3,88.0,2021-02,2026-07,
/easter-in-france.html,OTHER / bespoke,bespoke,176,192,3,58.7,2021-04,2021-10,
/french-verb-captiver.html,verb-conjugation (lang-verb-X),TEMPLATED,175,388,5,87.5,2022-01,2026-08,
/spanish-verb-piar.html,verb-conjugation (lang-verb-X),TEMPLATED,172,134,4,57.3,2024-11,2026-08,
/how-your-mind-works-and-michel-thomas.html,OTHER / bespoke,bespoke,171,97,2,85.5,2025-12,2026-07,
/18Mar-daily-italian-lesson.html,daily-italian-lesson (dated),TEMPLATED,170,434,4,56.7,2022-05,2026-07,
/french-verb-causer.html,verb-conjugation (lang-verb-X),TEMPLATED,169,267,9,33.8,2020-12,2026-06,+63%
/28May-daily-italian-lesson.html,daily-italian-lesson (dated),TEMPLATED,167,373,4,55.7,2023-12,2026-07,
/french-verb-couver.html,verb-conjugation (lang-verb-X),TEMPLATED,167,299,4,83.5,2023-03,2026-08,
/french-verb-chambouler.html,verb-conjugation (lang-verb-X),TEMPLATED,167,52,5,41.8,2021-08,2026-09,-30%
/french-verb-stipuler.html,verb-conjugation (lang-verb-X),TEMPLATED,165,333,4,82.5,2021-10,2026-08,
/2Jan-daily-italian-lesson.html,daily-italian-lesson (dated),TEMPLATED,165,260,4,41.2,2024-12,2025-03,+1%
/french-verb-instruire.html,verb-conjugation (lang-verb-X),TEMPLATED,165,258,4,82.5,2022-07,2026-07,
/10Sep-daily-italian-lesson.html,daily-italian-lesson (dated),TEMPLATED,165,190,2,82.5,2022-07,2026-07,
/15Aug-daily-italian-lesson.html,daily-italian-lesson (dated),TEMPLATED,164,103,5,41.0,2021-07,2025-06,+19%
/french-order-page.html,OTHER / bespoke,bespoke,163,1151,22,40.8,2021-06,2025-11,+179%
/29.html,spanish word-of-day (N.html),TEMPLATED,162,0,7,23.1,2021-04,2023-04,-4%
/spanish-verb-profundizar.html,verb-conjugation (lang-verb-X),TEMPLATED,161,285,4,53.7,2025-01,2025-05,
/french-verb-chiffonner.html,verb-conjugation (lang-verb-X),TEMPLATED,161,277,3,80.5,2023-02,2026-08,
/6Oct-daily-italian-lesson.html,daily-italian-lesson (dated),TEMPLATED,161,223,2,80.5,2026-07,2026-08,
/french-verb-ensorceler.html,verb-conjugation (lang-verb-X),TEMPLATED,160,392,6,80.0,2022-04,2026-08,
/french-verb-suspecter.html,verb-conjugation (lang-verb-X),TEMPLATED,159,372,6,53.0,2021-10,2026-08,
/french-verb-contempler.html,verb-conjugation (lang-verb-X),TEMPLATED,159,258,5,53.0,2021-05,2026-07,
/french-verb-parsemer.html,verb-conjugation (lang-verb-X),TEMPLATED,159,114,4,53.0,2024-05,2026-05,
/18Aug-daily-italian-lesson.html,daily-italian-lesson (dated),TEMPLATED,158,431,4,52.7,2021-07,2026-04,
/french-for-save-up.html,X-for-word lessons,TEMPLATED-ish,158,212,6,26.3,2020-09,2024-01,+16%
/29Jun-daily-italian-lesson.html,daily-italian-lesson (dated),TEMPLATED,157,276,3,78.5,2023-08,2026-07,
/french-verb-consoler.html,verb-conjugation (lang-verb-X),TEMPLATED,155,644,11,38.8,2021-07,2026-08,+98%
/french-verb-rompre.html,verb-conjugation (lang-verb-X),TEMPLATED,155,86,4,38.8,2020-09,2025-11,+77%
/4Apr-daily-italian-lesson.html,daily-italian-lesson (dated),TEMPLATED,153,317,7,30.6,2024-04,2026-05,+41%
/french-verb-sympathiser.html,verb-conjugation (lang-verb-X),TEMPLATED,153,142,3,76.5,2022-11,2026-07,
/spanish-verb-trinchar.html,verb-conjugation (lang-verb-X),TEMPLATED,152,179,1,152.0,2026-07,2026-07,
/30Dec-daily-italian-lesson.html,daily-italian-lesson (dated),TEMPLATED,151,214,2,75.5,2026-07,2026-08,
/german-for-grandson.html,X-for-word lessons,TEMPLATED-ish,151,203,2,151.0,2023-07,2026-06,
/italian-for-mistake.html,X-for-word lessons,TEMPLATED-ish,151,167,2,75.5,2026-02,2026-04,
/french-verb-fendre.html,verb-conjugation (lang-verb-X),TEMPLATED,150,344,10,37.5,2020-09,2025-12,+78%
/learning-rate-1.html,OTHER / bespoke,bespoke,149,100,2,74.5,2021-04,2025-11,
/spanish-verb-suscribir.html,verb-conjugation (lang-verb-X),TEMPLATED,148,516,7,74.0,2023-04,2026-04,
/french-verb-celer.html,verb-conjugation (lang-verb-X),TEMPLATED,148,357,4,148.0,2021-04,2026-07,
/spanish-verb-aliar.html,verb-conjugation (lang-verb-X),TEMPLATED,147,630,10,36.8,2022-11,2026-09,+94%
/french-verb-transgresser.html,verb-conjugation (lang-verb-X),TEMPLATED,147,237,3,73.5,2024-11,2025-11,
/french-for-go-bad.html,X-for-word lessons,TEMPLATED-ish,147,140,2,73.5,2024-08,2026-07,
/8Aug-daily-italian-lesson.html,daily-italian-lesson (dated),TEMPLATED,146,366,4,73.0,2021-05,2026-07,
/french-verb-chatouiller.html,verb-conjugation (lang-verb-X),TEMPLATED,145,397,8,48.3,2023-01,2026-08,
/spanish-verb-rasgar.html,verb-conjugation (lang-verb-X),TEMPLATED,145,353,6,48.3,2021-08,2026-09,
/german-memory-trigger.html,OTHER / bespoke,bespoke,142,330,7,35.5,2021-08,2025-09,+96%
/french-verb-coffrer.html,verb-conjugation (lang-verb-X),TEMPLATED,142,300,7,28.4,2022-02,2025-12,+82%
/14Aug-daily-italian-lesson.html,daily-italian-lesson (dated),TEMPLATED,142,216,3,71.0,2025-06,2026-07,
/french-verb-ventiler.html,verb-conjugation (lang-verb-X),TEMPLATED,142,171,1,142.0,2026-07,2026-07,
/english-accent.html,OTHER / bespoke,bespoke,140,907,10,46.7,2022-12,2025-09,
/bird-flu.html,OTHER / bespoke,bespoke,139,350,5,46.3,2021-06,2025-11,
/spanish-verb-resollar.html,verb-conjugation (lang-verb-X),TEMPLATED,139,298,6,46.3,2020-12,2025-11,
/french-verb-se-simplifier.html,verb-conjugation (lang-verb-X),TEMPLATED,139,155,5,34.8,2021-07,2025-03,-4%
/italian-for-shirt.html,X-for-word lessons,TEMPLATED-ish,139,83,4,34.8,2023-08,2025-08,+166%
/recruitment-exceltra.html,(not in sitemap),?,138,123,4,34.5,2020-10,2021-01,-18%
/french-vocab-turbobooster.html,course tools,bespoke,137,337,3,68.5,2025-09,2025-11,
/french-for-steal.html,X-for-word lessons,TEMPLATED-ish,137,143,3,45.7,2025-03,2025-08,
/language-learning-updates.html,OTHER / bespoke,bespoke,134,699,7,33.5,2022-11,2025-09,+16%
/28Jun-daily-italian-lesson.html,daily-italian-lesson (dated),TEMPLATED,133,498,4,66.5,2023-01,2026-07,
/french-verb-deteindre.html,verb-conjugation (lang-verb-X),TEMPLATED,133,315,4,133.0,2021-07,2026-07,
/Upload-swf-learning-rate-1-movie-3.html,OTHER / bespoke,bespoke,132,136,1,132.0,2021-04,2021-04,
/french-verb-capituler.html,verb-conjugation (lang-verb-X),TEMPLATED,131,493,12,21.8,2021-01,2024-05,-18%
/french-verb-chamailler.html,verb-conjugation (lang-verb-X),TEMPLATED,131,452,9,65.5,2021-01,2026-07,
/spanish-verb-desterrar.html,verb-conjugation (lang-verb-X),TEMPLATED,131,425,10,26.2,2020-12,2026-09,+57%
/8May-daily-italian-lesson.html,daily-italian-lesson (dated),TEMPLATED,131,253,3,65.5,2021-05,2026-07,
/french-verb-surestimer.html,verb-conjugation (lang-verb-X),TEMPLATED,131,251,3,131.0,2021-10,2026-07,
/spanish-verb-reprimir.html,verb-conjugation (lang-verb-X),TEMPLATED,131,184,5,43.7,2022-04,2025-11,
/french-verb-replier.html,verb-conjugation (lang-verb-X),TEMPLATED,131,149,3,43.7,2024-11,2026-08,
/french-verb-colorer.html,verb-conjugation (lang-verb-X),TEMPLATED,129,572,11,25.8,2021-02,2026-02,+20%
/spanish-for-delay-demora.html,X-for-word lessons,TEMPLATED-ish,129,244,5,32.2,2023-10,2025-09,+48%
/great-but-dutch.html,OTHER / bespoke,bespoke,129,33,2,64.5,2026-07,2026-09,
/french-verb-cocher.html,verb-conjugation (lang-verb-X),TEMPLATED,128,292,3,128.0,2021-02,2026-06,
/Upload-swf-learning-rate-1-movie.html,OTHER / bespoke,bespoke,128,132,1,128.0,2021-04,2021-04,
/french-word-condamnation.html,OTHER / bespoke,bespoke,128,52,4,32.0,2021-02,2021-10,+17%
/spanish-verb-comedirse.html,verb-conjugation (lang-verb-X),TEMPLATED,127,320,6,42.3,2020-09,2026-08,
/spanish-verb-indultar.html,verb-conjugation (lang-verb-X),TEMPLATED,127,317,5,63.5,2021-01,2025-11,
/french-verb-sous-estimer.html,verb-conjugation (lang-verb-X),TEMPLATED,127,302,4,63.5,2022-09,2026-09,
/french-verb-censurer.html,verb-conjugation (lang-verb-X),TEMPLATED,127,241,3,127.0,2023-01,2026-07,
/spanish-verb-remorder.html,verb-conjugation (lang-verb-X),TEMPLATED,127,0,2,63.5,2026-07,2026-09,
/french-verb-surpayer.html,verb-conjugation (lang-verb-X),TEMPLATED,126,150,1,126.0,2026-07,2026-07,
/french-verb-terroriser.html,verb-conjugation (lang-verb-X),TEMPLATED,125,205,3,62.5,2022-11,2026-08,
/2Dec-daily-italian-lesson.html,daily-italian-lesson (dated),TEMPLATED,124,300,3,124.0,2023-12,2026-07,
/20Sep-daily-italian-lesson.html,daily-italian-lesson (dated),TEMPLATED,123,253,2,123.0,2025-12,2026-07,
/french-verb-titiller.html,verb-conjugation (lang-verb-X),TEMPLATED,123,238,3,61.5,2025-06,2026-08,
/6Jan-daily-italian-lesson.html,daily-italian-lesson (dated),TEMPLATED,123,165,1,123.0,2026-07,2026-07,
/french-verb-carboniser.html,verb-conjugation (lang-verb-X),TEMPLATED,123,105,3,61.5,2021-07,2026-07,
/spanish-verb-esterilizar.html,verb-conjugation (lang-verb-X),TEMPLATED,122,79,3,40.7,2024-05,2025-11,
/french-verb-tondre.html,verb-conjugation (lang-verb-X),TEMPLATED,121,285,5,40.3,2021-06,2026-09,
/spanish-verb-yuxtaponer.html,verb-conjugation (lang-verb-X),TEMPLATED,121,237,3,60.5,2023-09,2026-09,
/french-lesson-dialogue-1.html,lesson (other),bespoke,121,221,4,60.5,2020-10,2025-12,
/22Mar-daily-italian-lesson.html,daily-italian-lesson (dated),TEMPLATED,121,174,1,121.0,2026-06,2026-06,
/german-for-weather-is-wetter.html,X-for-word lessons,TEMPLATED-ish,121,157,2,60.5,2025-10,2025-11,
/french-verb-deboiter.html,verb-conjugation (lang-verb-X),TEMPLATED,121,149,1,121.0,2026-07,2026-07,
/french-verb-traumatiser.html,verb-conjugation (lang-verb-X),TEMPLATED,120,44,4,30.0,2024-07,2025-10,+35%
/french-verb-surchauffer.html,verb-conjugation (lang-verb-X),TEMPLATED,119,269,3,119.0,2020-10,2026-07,
/french-verb-conspirer.html,verb-conjugation (lang-verb-X),TEMPLATED,118,161,1,118.0,2026-07,2026-07,
/unforgettable-languages.html,OTHER / bespoke,bespoke,118,0,3,39.3,2024-09,2025-12,
/french-for-pump-up.html,X-for-word lessons,TEMPLATED-ish,117,165,1,117.0,2026-03,2026-03,
/spanish-with-michel-thomas.html,OTHER / bespoke,bespoke,117,144,1,117.0,2026-07,2026-07,
/french-verb-blanchir.html,verb-conjugation (lang-verb-X),TEMPLATED,116,315,4,58.0,2022-06,2026-06,
/french-verb-cerner.html,verb-conjugation (lang-verb-X),TEMPLATED,116,114,3,116.0,2021-01,2026-07,
/french-verb-aboyer.html,verb-conjugation (lang-verb-X),TEMPLATED,115,377,6,38.3,2021-05,2026-08,
/french-verb-cirer.html,verb-conjugation (lang-verb-X),TEMPLATED,114,164,4,114.0,2022-02,2026-07,
/french-verb-corrompre.html,verb-conjugation (lang-verb-X),TEMPLATED,114,0,4,28.5,2020-10,2021-06,+38%
/31Mar-daily-italian-lesson.html,daily-italian-lesson (dated),TEMPLATED,113,223,1,113.0,2026-04,2026-04,
/french-verb-subordonner.html,verb-conjugation (lang-verb-X),TEMPLATED,113,152,2,56.5,2025-10,2026-08,
/i-like-michel.html,OTHER / bespoke,bespoke,113,89,3,37.7,2024-11,2025-12,
/german-for-rain-is-der-regen.html,X-for-word lessons,TEMPLATED-ish,113,0,1,113.0,2026-07,2026-07,
/24travel-spanish.html,travel-word (Ntravel),TEMPLATED,113,0,2,56.5,2025-05,2025-11,
/24May-daily-italian-lesson.html,daily-italian-lesson (dated),TEMPLATED,112,160,1,112.0,2026-07,2026-07,
/31Dec-daily-italian-lesson.html,daily-italian-lesson (dated),TEMPLATED,112,158,3,56.0,2025-06,2025-11,
/21Jul-daily-italian-lesson.html,daily-italian-lesson (dated),TEMPLATED,112,149,1,112.0,2026-07,2026-07,
/survey-quick-trips.html,OTHER / bespoke,bespoke,111,293,2,111.0,2025-09,2026-07,
/5May-daily-italian-lesson.html,daily-italian-lesson (dated),TEMPLATED,111,171,1,111.0,2026-07,2026-07,
/french-verb-zigzaguer.html,verb-conjugation (lang-verb-X),TEMPLATED,111,157,1,111.0,2026-07,2026-07,
/7Sep-daily-italian-lesson.html,daily-italian-lesson (dated),TEMPLATED,111,151,1,111.0,2026-07,2026-07,
/23Jul-daily-italian-lesson.html,daily-italian-lesson (dated),TEMPLATED,111,131,3,37.0,2024-12,2026-09,
/french-verb-saboter.html,verb-conjugation (lang-verb-X),TEMPLATED,111,122,5,27.8,2024-07,2026-09,+13%
/mercedes.html,OTHER / bespoke,bespoke,111,73,3,37.0,2020-10,2025-11,
/25Nov-daily-italian-lesson.html,daily-italian-lesson (dated),TEMPLATED,110,163,1,110.0,2026-07,2026-07,
/french-verb-standardiser.html,verb-conjugation (lang-verb-X),TEMPLATED,110,147,1,110.0,2026-07,2026-07,
/accent-engages-the-minds-of-idealists-only-comment-form.html,(not in sitemap),?,110,72,2,55.0,2025-11,2026-08,
/french-verb-demettre.html,verb-conjugation (lang-verb-X),TEMPLATED,109,153,1,109.0,2026-07,2026-07,
/25Jul-daily-italian-lesson.html,daily-italian-lesson (dated),TEMPLATED,109,146,1,109.0,2026-07,2026-07,
/26May-daily-italian-lesson.html,daily-italian-lesson (dated),TEMPLATED,109,65,4,27.2,2020-11,2021-12,+32%
/michel-thomas-students.html,OTHER / bespoke,bespoke,109,0,1,109.0,2026-07,2026-07,
/interesting-if-misguided-review.html,OTHER / bespoke,bespoke,108,0,1,108.0,2026-07,2026-07,
/french-verb-diriger.html,verb-conjugation (lang-verb-X),TEMPLATED,107,400,8,35.7,2021-06,2025-01,
/french-verb-restreindre.html,verb-conjugation (lang-verb-X),TEMPLATED,107,344,7,35.7,2021-04,2026-08,
/4Nov-daily-italian-lesson.html,daily-italian-lesson (dated),TEMPLATED,107,189,2,107.0,2022-11,2026-07,
/16Apr-daily-italian-lesson.html,daily-italian-lesson (dated),TEMPLATED,106,158,1,106.0,2026-07,2026-07,
/18Jan-daily-italian-lesson.html,daily-italian-lesson (dated),TEMPLATED,106,154,1,106.0,2026-07,2026-07,
/20Jul-daily-italian-lesson.html,daily-italian-lesson (dated),TEMPLATED,106,154,1,106.0,2026-07,2026-07,
/13Feb-daily-italian-lesson.html,daily-italian-lesson (dated),TEMPLATED,106,150,1,106.0,2026-07,2026-07,
/13Jun-daily-italian-lesson.html,daily-italian-lesson (dated),TEMPLATED,106,86,3,35.3,2021-06,2025-11,
/french-verb-surexciter.html,verb-conjugation (lang-verb-X),TEMPLATED,104,141,1,104.0,2026-07,2026-07,
/michel-thomas-french1.html,OTHER / bespoke,bespoke,104,0,1,104.0,2026-07,2026-07,
/5Aug-daily-italian-lesson.html,daily-italian-lesson (dated),TEMPLATED,103,139,1,103.0,2026-07,2026-07,
/30.html,spanish word-of-day (N.html),TEMPLATED,103,0,4,25.8,2021-04,2023-09,-13%
/french-verb-atteler.html,verb-conjugation (lang-verb-X),TEMPLATED,103,0,1,103.0,2026-07,2026-07,
/1Jan-daily-italian-lesson.html,daily-italian-lesson (dated),TEMPLATED,102,271,2,102.0,2026-06,2026-07,
/10Jul-daily-italian-lesson.html,daily-italian-lesson (dated),TEMPLATED,102,202,2,102.0,2021-07,2026-07,
/18Sep-daily-italian-lesson.html,daily-italian-lesson (dated),TEMPLATED,102,153,1,102.0,2026-07,2026-07,
/3Sep-daily-italian-lesson.html,daily-italian-lesson (dated),TEMPLATED,102,149,1,102.0,2026-07,2026-07,
/french-verb-chauffer.html,verb-conjugation (lang-verb-X),TEMPLATED,102,121,6,25.5,2021-02,2025-03,+27%
/25spanish-proverb-a-day.html,proverb-a-day (Nlang),TEMPLATED,102,0,1,102.0,2026-07,2026-07,
/obj-class-other.html,OTHER / bespoke,bespoke,102,0,1,102.0,2026-07,2026-07,
/24Jul-daily-italian-lesson.html,daily-italian-lesson (dated),TEMPLATED,101,148,1,101.0,2026-07,2026-07,
/26Jan-daily-italian-lesson.html,daily-italian-lesson (dated),TEMPLATED,101,145,1,101.0,2026-07,2026-07,
/french-verb-begayer.html,verb-conjugation (lang-verb-X),TEMPLATED,100,271,6,33.3,2021-05,2026-09,
/regarding-michel-thomas-accent.html,OTHER / bespoke,bespoke,100,0,1,100.0,2026-07,2026-07,
/michel-thomas-accent.html,OTHER / bespoke,bespoke,100,0,1,100.0,2026-07,2026-07,
/french-verb-apitoyer.html,verb-conjugation (lang-verb-X),TEMPLATED,99,470,6,33.0,2021-05,2026-05,
/21Sep-daily-italian-lesson.html,daily-italian-lesson (dated),TEMPLATED,99,200,3,49.5,2021-08,2026-02,
/french-verb-croquer.html,verb-conjugation (lang-verb-X),TEMPLATED,99,199,3,33.0,2021-08,2025-07,
/8Oct-daily-italian-lesson.html,daily-italian-lesson (dated),TEMPLATED,99,140,1,99.0,2026-07,2026-07,
/love-michel-thomas.html,OTHER / bespoke,bespoke,99,0,1,99.0,2026-07,2026-07,
/french-for-blaze.html,X-for-word lessons,TEMPLATED-ish,99,0,1,99.0,2026-07,2026-07,
/french-verb-attendrir.html,verb-conjugation (lang-verb-X),TEMPLATED,99,0,1,99.0,2026-07,2026-07,
/26Jun-daily-italian-lesson.html,daily-italian-lesson (dated),TEMPLATED,98,146,1,98.0,2026-07,2026-07,
/17Nov-daily-italian-lesson.html,daily-italian-lesson (dated),TEMPLATED,98,144,1,98.0,2026-07,2026-07,
/spanish-for-stain.html,X-for-word lessons,TEMPLATED-ish,97,284,5,32.3,2022-12,2025-09,
/14May-daily-italian-lesson.html,daily-italian-lesson (dated),TEMPLATED,96,253,4,32.0,2024-12,2025-03,
/french-for-bend-courber.html,X-for-word lessons,TEMPLATED-ish,96,156,5,24.0,2023-12,2025-06,+59%
/spanish-for-thus.html,X-for-word lessons,TEMPLATED-ish,95,226,3,47.5,2021-03,2025-12,
/french-verb-surexposer.html,verb-conjugation (lang-verb-X),TEMPLATED,95,139,2,47.5,2025-10,2025-11,
/french-verb-touiller.html,verb-conjugation (lang-verb-X),TEMPLATED,94,200,3,47.0,2021-06,2025-11,
/spanish-for-accompany.html,X-for-word lessons,TEMPLATED-ish,94,0,3,31.3,2022-05,2026-09,
/spanish-verb-rebanar.html,verb-conjugation (lang-verb-X),TEMPLATED,92,278,7,30.7,2021-02,2026-09,
/spanish-verb-desfallecer.html,verb-conjugation (lang-verb-X),TEMPLATED,90,525,4,90.0,2023-06,2026-07,
/language-arts-lesson-plan.html,lesson (other),bespoke,90,503,10,30.0,2021-06,2026-09,
/michiel-thomas-spanish-courses-are-excellent-tools-for-the-spanish-student-comment-form.html,(not in sitemap),?,90,97,1,90.0,2025-05,2025-05,
/spanish-verb-ingerir.html,verb-conjugation (lang-verb-X),TEMPLATED,90,71,2,45.0,2025-03,2025-05,
/18Jul-daily-italian-lesson.html,daily-italian-lesson (dated),TEMPLATED,89,459,10,22.2,2022-03,2026-01,-18%
/spanish-verb-sosegar.html,verb-conjugation (lang-verb-X),TEMPLATED,89,257,4,44.5,2020-11,2025-07,
/italian-pronunciation-guide.html,OTHER / bespoke,bespoke,89,71,3,29.7,2023-12,2025-04,
/16Dec-daily-italian-lesson.html,daily-italian-lesson (dated),TEMPLATED,86,104,1,86.0,2026-08,2026-08,
/french-verb-soulager.html,verb-conjugation (lang-verb-X),TEMPLATED,85,217,3,42.5,2024-04,2025-06,
/12Dec-daily-italian-lesson.html,daily-italian-lesson (dated),TEMPLATED,85,205,4,28.3,2020-10,2025-04,
/200_Words_a_Day-backissues.html,(not in sitemap),?,84,47,4,21.0,2020-09,2024-07,+0%
/200_Words_a_Day-learn-languages-newzine48.html,OTHER / bespoke,bespoke,84,37,4,21.0,2023-05,2023-08,+21%
/z-tech-download-installation.html,OTHER / bespoke,bespoke,83,0,3,27.7,2023-04,2025-08,
/german-order-page.html,OTHER / bespoke,bespoke,82,364,6,41.0,2021-08,2024-11,
/belgian-accent-more-than-french-accent.html,OTHER / bespoke,bespoke,82,102,1,82.0,2025-11,2025-11,
/thank-you-comment-form.html,(not in sitemap),?,81,92,1,81.0,2025-11,2025-11,
/skiing-in-italy.html,OTHER / bespoke,bespoke,81,0,3,27.0,2021-03,2021-07,
/french-verb-vaporiser.html,verb-conjugation (lang-verb-X),TEMPLATED,80,307,4,40.0,2021-08,2026-08,
/french-for-demonstrate.html,X-for-word lessons,TEMPLATED-ish,80,0,1,80.0,2026-06,2026-06,
/language-learning-survey-1.html,OTHER / bespoke,bespoke,79,648,12,26.3,2020-12,2026-08,
/french-verb-visionner.html,verb-conjugation (lang-verb-X),TEMPLATED,79,227,4,39.5,2024-01,2026-08,
/french-verb-timbrer.html,verb-conjugation (lang-verb-X),TEMPLATED,79,168,3,39.5,2022-06,2026-08,
/learn-italian-newsletter.html,(not in sitemap),?,78,0,3,26.0,2020-10,2020-12,
/Site-Licence.html,(not in sitemap),?,77,887,4,25.7,2020-09,2020-12,
/daily-german-lesson.html,lesson (other),bespoke,77,277,5,38.5,2023-07,2025-07,
/spanish-verb-garantizar.html,verb-conjugation (lang-verb-X),TEMPLATED,77,158,2,77.0,2021-05,2026-01,
/tips-and-tricks.html,OTHER / bespoke,bespoke,77,153,4,25.7,2021-02,2025-09,
/7Apr-daily-italian-lesson.html,daily-italian-lesson (dated),TEMPLATED,77,121,2,38.5,2022-06,2025-11,
/paypal-payment-cxl.html,OTHER / bespoke,bespoke,77,0,2,38.5,2021-05,2025-11,
/16Jun-daily-italian-lesson.html,daily-italian-lesson (dated),TEMPLATED,76,1026,20,19.0,2021-06,2025-12,+0%
/30Jan-daily-italian-lesson.html,daily-italian-lesson (dated),TEMPLATED,76,614,5,76.0,2026-03,2026-08,
/french-verb-vibrer.html,verb-conjugation (lang-verb-X),TEMPLATED,76,153,3,38.0,2020-12,2025-12,
/22Aug-daily-italian-lesson.html,daily-italian-lesson (dated),TEMPLATED,76,103,2,38.0,2023-08,2023-09,
/french-for-cut.html,X-for-word lessons,TEMPLATED-ish,76,0,1,76.0,2026-06,2026-06,
/27Jun-daily-italian-lesson.html,daily-italian-lesson (dated),TEMPLATED,75,266,4,37.5,2022-01,2025-12,
/french-verb-se-confirmer.html,verb-conjugation (lang-verb-X),TEMPLATED,75,186,4,37.5,2022-04,2026-08,
/french-for-blind.html,X-for-word lessons,TEMPLATED-ish,75,129,4,37.5,2020-12,2025-03,
/michel-thomas-course-is-great.html,course landing,bespoke,75,92,1,75.0,2025-11,2025-11,
/french-verb-tremper.html,verb-conjugation (lang-verb-X),TEMPLATED,74,216,2,74.0,2021-12,2026-06,
/french-verb-reconduire.html,verb-conjugation (lang-verb-X),TEMPLATED,74,135,2,37.0,2021-03,2023-07,
/spanish-verb-fabricar.html,verb-conjugation (lang-verb-X),TEMPLATED,73,252,5,36.5,2021-08,2026-09,
/french-verb-transcender.html,verb-conjugation (lang-verb-X),TEMPLATED,73,73,2,73.0,2025-11,2026-06,
/french-verb-superposer.html,verb-conjugation (lang-verb-X),TEMPLATED,73,57,2,36.5,2021-07,2025-12,
/excelerated-learning.html,OTHER / bespoke,bespoke,71,676,5,35.5,2021-03,2025-09,
/french-for-authorize.html,X-for-word lessons,TEMPLATED-ish,71,265,4,23.7,2020-10,2021-01,
/11Aug-daily-italian-lesson.html,daily-italian-lesson (dated),TEMPLATED,71,178,3,71.0,2021-08,2025-11,
/french-verb-courtiser.html,verb-conjugation (lang-verb-X),TEMPLATED,71,44,3,23.7,2021-07,2024-03,
/31.html,spanish word-of-day (N.html),TEMPLATED,71,0,3,23.7,2021-07,2024-01,
/6Jun-daily-italian-lesson.html,daily-italian-lesson (dated),TEMPLATED,70,615,6,70.0,2020-09,2026-05,
/1Feb-daily-italian-lesson.html,daily-italian-lesson (dated),TEMPLATED,70,217,3,70.0,2024-05,2025-11,
/14french-proverb-a-day.html,proverb-a-day (Nlang),TEMPLATED,70,80,1,70.0,2025-11,2025-11,
/18Nov-daily-italian-lesson.html,daily-italian-lesson (dated),TEMPLATED,69,89,1,69.0,2025-11,2025-11,
/french-verb-soupconner.html,verb-conjugation (lang-verb-X),TEMPLATED,68,307,4,68.0,2022-01,2025-12,
/french-for-counteract.html,X-for-word lessons,TEMPLATED-ish,68,148,2,68.0,2020-12,2025-11,
/french-for-flatten.html,X-for-word lessons,TEMPLATED-ish,68,132,2,34.0,2020-10,2020-11,
/learn-spanish-newsletter-subscription.html,course landing,bespoke,68,0,1,68.0,2026-05,2026-05,
/20Jun-daily-italian-lesson.html,daily-italian-lesson (dated),TEMPLATED,66,88,1,66.0,2025-11,2025-11,
/french-verb-subdivide-subdiviser.html,verb-conjugation (lang-verb-X),TEMPLATED,66,83,1,66.0,2025-11,2025-11,
/french-verb-cogner.html,verb-conjugation (lang-verb-X),TEMPLATED,65,331,5,32.5,2022-02,2026-02,
/1Apr-daily-italian-lesson.html,daily-italian-lesson (dated),TEMPLATED,65,88,2,65.0,2025-12,2026-03,
/22Oct-daily-italian-lesson.html,daily-italian-lesson (dated),TEMPLATED,65,83,1,65.0,2025-11,2025-11,
/25May-daily-italian-lesson.html,daily-italian-lesson (dated),TEMPLATED,64,437,4,64.0,2025-12,2026-07,
/french-verb-se-petrifier.html,verb-conjugation (lang-verb-X),TEMPLATED,64,264,4,32.0,2021-03,2021-08,
/spanish-verb-realizar.html,verb-conjugation (lang-verb-X),TEMPLATED,64,77,1,64.0,2025-11,2025-11,
/23travel-german.html,travel-word (Ntravel),TEMPLATED,64,0,2,32.0,2022-07,2025-11,
/5Apr-daily-italian-lesson.html,daily-italian-lesson (dated),TEMPLATED,63,240,4,31.5,2024-12,2025-03,
/22Jan-daily-italian-lesson.html,daily-italian-lesson (dated),TEMPLATED,63,88,1,63.0,2025-11,2025-11,
/Spanish-sentence-0.html,OTHER / bespoke,bespoke,63,76,1,63.0,2025-11,2025-11,
/200_Words_a_Day-learn-languages-newzine5.html,OTHER / bespoke,bespoke,63,75,1,63.0,2025-11,2025-11,
/language-cdrom-answer-6.html,OTHER / bespoke,bespoke,62,76,1,62.0,2025-11,2025-11,
/french-for-groan.html,X-for-word lessons,TEMPLATED-ish,62,0,1,62.0,2026-04,2026-04,
/spanish-verb-encargar.html,verb-conjugation (lang-verb-X),TEMPLATED,61,138,3,61.0,2021-04,2026-04,
/german-for-to-want-is-wollen.html,X-for-word lessons,TEMPLATED-ish,61,75,1,61.0,2025-11,2025-11,
/learn-spanish-word-of-day.html,course landing,bespoke,61,67,1,61.0,2021-04,2021-04,
/welsh-order-page.html,OTHER / bespoke,bespoke,60,135,2,60.0,2024-05,2025-11,
/french-for-stun.html,X-for-word lessons,TEMPLATED-ish,60,51,3,30.0,2020-09,2021-08,
/no-title-other-than-mr-comment-form.html,(not in sitemap),?,60,0,1,60.0,2025-11,2025-11,
/spanish-verb-despachar.html,verb-conjugation (lang-verb-X),TEMPLATED,59,473,7,29.5,2021-01,2026-01,
/30Jul-daily-italian-lesson.html,daily-italian-lesson (dated),TEMPLATED,59,216,2,59.0,2021-11,2026-04,
/20Aug-daily-italian-lesson.html,daily-italian-lesson (dated),TEMPLATED,59,128,2,59.0,2021-07,2025-11,
/18Dec-daily-italian-lesson.html,daily-italian-lesson (dated),TEMPLATED,59,84,1,59.0,2025-11,2025-11,
/8Jan-daily-italian-lesson.html,daily-italian-lesson (dated),TEMPLATED,59,77,1,59.0,2025-11,2025-11,
/french-verb-se-fortifier.html,verb-conjugation (lang-verb-X),TEMPLATED,59,75,1,59.0,2025-10,2025-10,
/Spanish-sentence-6.html,OTHER / bespoke,bespoke,59,71,1,59.0,2025-11,2025-11,
/22.german-word-a-day.html,german-word-a-day (N.),TEMPLATED,59,71,1,59.0,2025-11,2025-11,
/german-for-baggage-gepack.html,X-for-word lessons,TEMPLATED-ish,58,238,2,58.0,2025-09,2025-12,
/translation.html,OTHER / bespoke,bespoke,58,133,2,58.0,2025-09,2025-12,
/23Feb-daily-italian-lesson.html,daily-italian-lesson (dated),TEMPLATED,58,84,1,58.0,2025-11,2025-11,
/french-verb-transposer.html,verb-conjugation (lang-verb-X),TEMPLATED,58,69,1,58.0,2025-10,2025-10,
/8spanish-proverb-a-day.html,proverb-a-day (Nlang),TEMPLATED,58,0,1,58.0,2025-11,2025-11,
/reconsideration.html,OTHER / bespoke,bespoke,58,0,1,58.0,2025-11,2025-11,
/french-verb-temoigner.html,verb-conjugation (lang-verb-X),TEMPLATED,57,332,4,28.5,2020-10,2026-04,
/french-verb-foncer.html,verb-conjugation (lang-verb-X),TEMPLATED,57,222,4,28.5,2021-07,2025-04,
/french-verb-vehiculer.html,verb-conjugation (lang-verb-X),TEMPLATED,57,170,3,57.0,2021-09,2026-08,
/3Oct-daily-italian-lesson.html,daily-italian-lesson (dated),TEMPLATED,57,91,1,57.0,2025-12,2025-12,
/3Jun-daily-italian-lesson.html,daily-italian-lesson (dated),TEMPLATED,57,81,1,57.0,2025-11,2025-11,
/21May-daily-italian-lesson.html,daily-italian-lesson (dated),TEMPLATED,57,76,1,57.0,2026-08,2026-08,
/14spanish-proverb-a-day.html,proverb-a-day (Nlang),TEMPLATED,57,0,1,57.0,2025-11,2025-11,
/7.german-word-a-day.html,german-word-a-day (N.),TEMPLATED,57,0,1,57.0,2025-11,2025-11,
/15french-proverb-a-day.html,proverb-a-day (Nlang),TEMPLATED,57,0,1,57.0,2025-11,2025-11,
/15.german-word-a-day.html,german-word-a-day (N.),TEMPLATED,57,0,1,57.0,2025-11,2025-11,
/french-verb-sabrer.html,verb-conjugation (lang-verb-X),TEMPLATED,56,186,3,28.0,2021-07,2026-08,
/test-2.html,OTHER / bespoke,bespoke,56,0,1,56.0,2025-11,2025-11,
/7travel-german.html,travel-word (Ntravel),TEMPLATED,55,0,1,55.0,2025-11,2025-11,
/french-verb-trembler.html,verb-conjugation (lang-verb-X),TEMPLATED,54,335,5,27.0,2022-10,2026-08,
/spanish-verb-autorizar.html,verb-conjugation (lang-verb-X),TEMPLATED,54,299,7,27.0,2022-05,2026-09,
/spanish-verb-colocar.html,verb-conjugation (lang-verb-X),TEMPLATED,54,179,3,54.0,2023-08,2026-08,
/28Dec-daily-italian-lesson.html,daily-italian-lesson (dated),TEMPLATED,54,79,1,54.0,2026-08,2026-08,
/9Jul-daily-italian-lesson.html,daily-italian-lesson (dated),TEMPLATED,54,53,2,54.0,2021-07,2025-09,
/what-sore-puss-comments.html,OTHER / bespoke,bespoke,54,0,1,54.0,2025-12,2025-12,
/24.german-word-a-day.html,german-word-a-day (N.),TEMPLATED,54,0,1,54.0,2025-11,2025-11,
/31travel-french.html,travel-word (Ntravel),TEMPLATED,54,0,1,54.0,2025-11,2025-11,
/28Sep-daily-italian-lesson.html,daily-italian-lesson (dated),TEMPLATED,53,157,2,53.0,2022-06,2025-12,
/french-verb-cavaler.html,verb-conjugation (lang-verb-X),TEMPLATED,53,149,4,53.0,2023-01,2025-12,
/spanish-verb-aducir.html,verb-conjugation (lang-verb-X),TEMPLATED,53,124,2,53.0,2023-10,2025-11,
/20Jan-daily-italian-lesson.html,daily-italian-lesson (dated),TEMPLATED,53,72,1,53.0,2026-08,2026-08,
/french-for-wrestle.html,X-for-word lessons,TEMPLATED-ish,53,0,1,53.0,2025-04,2025-04,
/29Feb-daily-italian-lesson.html,daily-italian-lesson (dated),TEMPLATED,53,0,1,53.0,2025-11,2025-11,
/20travel-french.html,travel-word (Ntravel),TEMPLATED,53,0,1,53.0,2025-11,2025-11,
/spanish-verb-reptar.html,verb-conjugation (lang-verb-X),TEMPLATED,52,413,8,26.0,2021-02,2026-02,
/spanish-verb-bajar.html,verb-conjugation (lang-verb-X),TEMPLATED,52,209,5,26.0,2020-09,2026-09,
/25Feb-daily-italian-lesson.html,daily-italian-lesson (dated),TEMPLATED,52,72,1,52.0,2025-11,2025-11,
/french-verb-scolariser.html,verb-conjugation (lang-verb-X),TEMPLATED,52,57,2,52.0,2020-09,2025-12,
/french-for-mislead.html,X-for-word lessons,TEMPLATED-ish,52,53,2,26.0,2024-06,2024-07,
/z-tech-laptop-fan.html,OTHER / bespoke,bespoke,52,49,2,26.0,2022-03,2024-05,
/king-of-the-world-comment-form.html,(not in sitemap),?,52,0,1,52.0,2025-10,2025-10,
/fsi-french-05.html,OTHER / bespoke,bespoke,52,0,1,52.0,2025-11,2025-11,
/french-idioms.html,OTHER / bespoke,bespoke,52,0,1,52.0,2025-11,2025-11,
/22spanish-proverb-a-day.html,proverb-a-day (Nlang),TEMPLATED,52,0,1,52.0,2025-11,2025-11,
/8travel-german.html,travel-word (Ntravel),TEMPLATED,52,0,1,52.0,2025-11,2025-11,
/13.german-word-a-day.html,german-word-a-day (N.),TEMPLATED,52,0,1,52.0,2025-11,2025-11,
/fsi-french-06.html,OTHER / bespoke,bespoke,52,0,1,52.0,2025-11,2025-11,
/spanish-verb-paladear.html,verb-conjugation (lang-verb-X),TEMPLATED,51,282,5,51.0,2021-02,2025-10,
/4Aug-daily-italian-lesson.html,daily-italian-lesson (dated),TEMPLATED,51,49,2,25.5,2021-07,2021-12,
/language-is-hard-he-makes-it-as-simple-as-possible-comment-form.html,(not in sitemap),?,51,0,1,51.0,2025-11,2025-11,
/italian-for-grandmother.html,X-for-word lessons,TEMPLATED-ish,51,0,1,51.0,2025-11,2025-11,
/spanish-verb-preceder.html,verb-conjugation (lang-verb-X),TEMPLATED,50,377,7,25.0,2021-03,2025-03,
/french-for-agree.html,X-for-word lessons,TEMPLATED-ish,50,310,6,25.0,2020-09,2024-08,
/french-verb-crisper.html,verb-conjugation (lang-verb-X),TEMPLATED,50,133,2,50.0,2021-03,2025-11,
/obj-qt-claims.html,OTHER / bespoke,bespoke,50,71,1,50.0,2025-11,2025-11,
/french-for-crush.html,X-for-word lessons,TEMPLATED-ish,50,49,2,25.0,2021-08,2023-03,
/brilliant-method-with-one-small-catch-comment-form.html,(not in sitemap),?,50,0,1,50.0,2025-11,2025-11,
/csp2DlcbO.html,OTHER / bespoke,bespoke,50,0,1,50.0,2025-11,2025-11,
/michel-thomas-isnt-the-teacher-speaking-on-the-discs-comment-form.html,(not in sitemap),?,50,0,1,50.0,2025-11,2025-11,
/italian-accent-comment-form.html,(not in sitemap),?,50,0,1,50.0,2026-08,2026-08,
/i-like-michel-comment-form.html,(not in sitemap),?,50,0,1,50.0,2025-11,2025-11,
/german-for-sender.html,X-for-word lessons,TEMPLATED-ish,49,275,6,24.5,2020-09,2021-05,
/french-verb-symboliser.html,verb-conjugation (lang-verb-X),TEMPLATED,49,156,5,24.5,2021-11,2024-12,
/french-verb-statuer.html,verb-conjugation (lang-verb-X),TEMPLATED,49,116,2,49.0,2024-10,2026-08,
/his-spanish-accent-is-dreadful.html,OTHER / bespoke,bespoke,49,0,2,24.5,2024-11,2024-12,
/comments-on-the-spanish-version-of-michel-thomas-comment-form.html,(not in sitemap),?,49,0,1,49.0,2025-11,2025-11,
/4Feb-daily-italian-lesson.html,daily-italian-lesson (dated),TEMPLATED,49,0,2,24.5,2020-11,2021-11,
/report3-fp.html,OTHER / bespoke,bespoke,49,0,1,49.0,2025-11,2025-11,
/29travel-spanish.html,travel-word (Ntravel),TEMPLATED,49,0,1,49.0,2025-11,2025-11,
/spanish-verb-segregar.html,verb-conjugation (lang-verb-X),TEMPLATED,48,346,3,48.0,2026-06,2026-08,
/test.html,OTHER / bespoke,bespoke,48,74,1,48.0,2025-11,2025-11,
/his-spanish-accent-is-dreadful-comment-form.html,(not in sitemap),?,48,0,1,48.0,2025-11,2025-11,
/argentine-food.html,OTHER / bespoke,bespoke,48,0,1,48.0,2021-02,2021-02,
/everything-everyone-has-said-is-correct-but--comment-form.html,(not in sitemap),?,48,0,1,48.0,2025-11,2025-11,
/spanish-verb-desollar.html,verb-conjugation (lang-verb-X),TEMPLATED,48,0,1,48.0,2025-06,2025-06,
/worst-words-upload-wmv.html,OTHER / bespoke,bespoke,48,0,1,48.0,2025-11,2025-11,
/27travel-german.html,travel-word (Ntravel),TEMPLATED,48,0,1,48.0,2025-11,2025-11,
/report5-fp.html,OTHER / bespoke,bespoke,48,0,1,48.0,2025-11,2025-11,
/french-verb-contrecarrer.html,verb-conjugation (lang-verb-X),TEMPLATED,47,180,3,47.0,2022-03,2025-11,
/obj-qt-trust.html,OTHER / bespoke,bespoke,47,0,2,23.5,2021-05,2021-06,
/mickey-ts-accent-comment-form.html,(not in sitemap),?,47,0,1,47.0,2026-08,2026-08,
/200_Words_a_Day-learn-languages-newzine19.html,OTHER / bespoke,bespoke,47,0,1,47.0,2025-11,2025-11,
/french-verb-toaster.html,verb-conjugation (lang-verb-X),TEMPLATED,46,52,2,46.0,2022-04,2025-06,
/regarding-your-michel-thomas-review-comment-form.html,(not in sitemap),?,46,0,1,46.0,2025-11,2025-11,
/lseb-dwnld.html,OTHER / bespoke,bespoke,46,0,1,46.0,2025-11,2025-11,
/michel-thomas-portuguese-comment-form.html,(not in sitemap),?,46,0,1,46.0,2025-11,2025-11,
/26Feb-daily-italian-lesson.html,daily-italian-lesson (dated),TEMPLATED,46,0,1,46.0,2025-11,2025-11,
/michel-thomass-accent-comment-form.html,(not in sitemap),?,46,0,1,46.0,2026-08,2026-08,
/obj-pr-other.html,OTHER / bespoke,bespoke,46,0,1,46.0,2025-10,2025-10,
/17Feb-daily-italian-lesson.html,daily-italian-lesson (dated),TEMPLATED,45,178,3,45.0,2024-12,2025-03,
/spanish-verb-aviar.html,verb-conjugation (lang-verb-X),TEMPLATED,44,242,5,44.0,2020-11,2025-08,
/french-verb-suffoquer.html,verb-conjugation (lang-verb-X),TEMPLATED,44,104,3,44.0,2021-10,2026-08,
/who-remembers-the-critic-comment-form.html,(not in sitemap),?,44,0,1,44.0,2026-08,2026-08,
/french-for-notice.html,X-for-word lessons,TEMPLATED-ish,44,0,1,44.0,2025-07,2025-07,
/spanish-verb-tiritar.html,verb-conjugation (lang-verb-X),TEMPLATED,43,255,4,43.0,2022-02,2025-07,
/spanish-verb-deponer.html,verb-conjugation (lang-verb-X),TEMPLATED,43,245,5,43.0,2020-09,2026-09,
/test-swf-uploads.html,OTHER / bespoke,bespoke,42,73,1,42.0,2021-02,2021-02,
/spanish-for-pregnant-is-embarazada.html,X-for-word lessons,TEMPLATED-ish,42,68,1,42.0,2025-07,2025-07,
/24Apr-daily-italian-lesson.html,daily-italian-lesson (dated),TEMPLATED,42,54,1,42.0,2023-09,2023-09,
/french-verb-tresser.html,verb-conjugation (lang-verb-X),TEMPLATED,42,39,2,42.0,2023-12,2025-07,
/german-for-weather-is-wetter-comment-form.html,(not in sitemap),?,42,0,2,21.0,2022-07,2022-08,
/spanish-verb-sollozar.html,verb-conjugation (lang-verb-X),TEMPLATED,41,137,3,41.0,2025-03,2025-05,
/2Aug-daily-italian-lesson.html,daily-italian-lesson (dated),TEMPLATED,41,35,3,20.5,2021-05,2022-08,
/french-for-set-up.html,X-for-word lessons,TEMPLATED-ish,41,0,2,20.5,2023-09,2024-01,
/31Jan-daily-italian-lesson.html,daily-italian-lesson (dated),TEMPLATED,41,0,2,20.5,2020-11,2022-11,
/french-for-inundate.html,X-for-word lessons,TEMPLATED-ish,40,0,1,40.0,2025-07,2025-07,
/french-for-suffocate.html,X-for-word lessons,TEMPLATED-ish,39,70,1,39.0,2025-03,2025-03,
/21Apr-daily-italian-lesson.html,daily-italian-lesson (dated),TEMPLATED,38,263,4,38.0,2021-01,2025-12,
/french-for-bring-near.html,X-for-word lessons,TEMPLATED-ish,38,0,1,38.0,2025-07,2025-07,
/french-for-read.html,X-for-word lessons,TEMPLATED-ish,38,0,1,38.0,2025-07,2025-07,
/4Jan-daily-italian-lesson.html,daily-italian-lesson (dated),TEMPLATED,37,110,2,37.0,2021-06,2021-12,
/otesting.html,OTHER / bespoke,bespoke,37,0,1,37.0,2022-01,2022-01,
/26Oct-daily-italian-lesson.html,daily-italian-lesson (dated),TEMPLATED,36,160,2,36.0,2021-07,2025-12,
/26Apr-daily-italian-lesson.html,daily-italian-lesson (dated),TEMPLATED,36,65,1,36.0,2024-04,2024-04,
/french-verb-consentir.html,verb-conjugation (lang-verb-X),TEMPLATED,35,127,2,35.0,2024-03,2025-06,
/27.german-word-a-day.html,german-word-a-day (N.),TEMPLATED,35,43,1,35.0,2024-03,2024-03,
/e-flashcardz.html,course tools,bespoke,35,0,1,35.0,2021-06,2021-06,
/german-for-typical.html,X-for-word lessons,TEMPLATED-ish,33,386,6,33.0,2020-09,2025-09,
/21Oct-daily-italian-lesson.html,daily-italian-lesson (dated),TEMPLATED,32,198,2,32.0,2021-05,2026-07,
/french-verb-tituber.html,verb-conjugation (lang-verb-X),TEMPLATED,32,49,1,32.0,2024-11,2024-11,
/french-for-convene.html,X-for-word lessons,TEMPLATED-ish,31,162,3,31.0,2020-11,2026-09,
/12Feb-daily-italian-lesson.html,daily-italian-lesson (dated),TEMPLATED,29,144,3,29.0,2022-07,2022-10,
/welsh-flashcard.html,course tools,bespoke,29,120,2,29.0,2020-11,2021-09,
/french-verb-sucrer.html,verb-conjugation (lang-verb-X),TEMPLATED,29,107,2,29.0,2021-07,2024-10,
/22Nov-daily-italian-lesson.html,daily-italian-lesson (dated),TEMPLATED,29,83,2,29.0,2021-04,2025-12,
/23.german-word-a-day.html,german-word-a-day (N.),TEMPLATED,29,51,1,29.0,2023-06,2023-06,
/14Sep-daily-italian-lesson.html,daily-italian-lesson (dated),TEMPLATED,29,0,1,29.0,2021-12,2021-12,
/z-tech-missing-font.html,OTHER / bespoke,bespoke,29,0,1,29.0,2024-05,2024-05,
/spanish-verb-acantonar.html,verb-conjugation (lang-verb-X),TEMPLATED,28,326,6,28.0,2021-01,2025-01,
/french-verb-somnoler.html,verb-conjugation (lang-verb-X),TEMPLATED,28,210,3,28.0,2021-07,2024-09,
/spanish-verb-amplificar.html,verb-conjugation (lang-verb-X),TEMPLATED,28,98,2,28.0,2020-09,2022-08,
/10Nov-daily-italian-lesson.html,daily-italian-lesson (dated),TEMPLATED,28,49,1,28.0,2021-07,2021-07,
/13Jul-daily-italian-lesson.html,daily-italian-lesson (dated),TEMPLATED,28,36,1,28.0,2026-09,2026-09,
/200_Words_a_Day-learn-languages-newzine37.html,OTHER / bespoke,bespoke,28,0,1,28.0,2024-05,2024-05,
/5travel-german.html,travel-word (Ntravel),TEMPLATED,28,0,1,28.0,2022-06,2022-06,
/french-for-condemn.html,X-for-word lessons,TEMPLATED-ish,28,0,1,28.0,2026-09,2026-09,
/12Apr-daily-italian-lesson.html,daily-italian-lesson (dated),TEMPLATED,27,62,1,27.0,2021-07,2021-07,
/french-verb-seller.html,verb-conjugation (lang-verb-X),TEMPLATED,27,59,1,27.0,2021-07,2021-07,
/9Aug-daily-italian-lesson.html,daily-italian-lesson (dated),TEMPLATED,27,34,1,27.0,2026-09,2026-09,
/french-for-rot.html,X-for-word lessons,TEMPLATED-ish,27,0,1,27.0,2024-08,2024-08,
/french-verb-chuter.html,verb-conjugation (lang-verb-X),TEMPLATED,26,429,7,26.0,2021-07,2024-02,
/french-verb-classer.html,verb-conjugation (lang-verb-X),TEMPLATED,26,121,2,26.0,2021-02,2021-09,
/spanish-for-city-is-ciudad.html,X-for-word lessons,TEMPLATED-ish,26,49,1,26.0,2024-05,2024-05,
/french-verb-ondoyer.html,verb-conjugation (lang-verb-X),TEMPLATED,26,47,2,26.0,2024-05,2026-09,
/french-verb-charmer.html,verb-conjugation (lang-verb-X),TEMPLATED,25,226,5,25.0,2021-07,2025-11,
/french-verb-tricher.html,verb-conjugation (lang-verb-X),TEMPLATED,25,95,3,25.0,2021-12,2026-09,
/obj-class-advanced-lesson.html,lesson (other),bespoke,25,48,1,25.0,2024-11,2024-11,
/french-verb-sautiller.html,verb-conjugation (lang-verb-X),TEMPLATED,25,36,1,25.0,2026-09,2026-09,
/french-for-spoil.html,X-for-word lessons,TEMPLATED-ish,25,0,1,25.0,2024-08,2024-08,
/french-verb-confronter.html,verb-conjugation (lang-verb-X),TEMPLATED,25,0,1,25.0,2026-09,2026-09,
/obj-pr-trust.html,OTHER / bespoke,bespoke,25,0,1,25.0,2024-12,2024-12,
/free-spanish-cd-rom.html,(not in sitemap),?,24,653,6,24.0,2020-09,2021-02,
/spanish-verb-caracterizar.html,verb-conjugation (lang-verb-X),TEMPLATED,24,374,7,24.0,2021-05,2025-05,
/french-for-control.html,X-for-word lessons,TEMPLATED-ish,24,281,5,24.0,2020-09,2022-01,
/language-learning-book-review.html,OTHER / bespoke,bespoke,24,185,3,24.0,2020-11,2021-01,
/french-verb-surevaluer.html,verb-conjugation (lang-verb-X),TEMPLATED,24,95,2,24.0,2021-10,2022-06,
/11Oct-daily-italian-lesson.html,daily-italian-lesson (dated),TEMPLATED,24,86,2,24.0,2024-04,2025-12,
/4travel-german.html,travel-word (Ntravel),TEMPLATED,24,54,1,24.0,2022-09,2022-09,
/french-verb-structurer.html,verb-conjugation (lang-verb-X),TEMPLATED,24,32,2,24.0,2020-09,2026-09,
/28Jan-daily-italian-lesson.html,daily-italian-lesson (dated),TEMPLATED,24,0,1,24.0,2023-01,2023-01,
/200_Words_a_Day-learn-languages-newzine47.html,OTHER / bespoke,bespoke,24,0,1,24.0,2024-11,2024-11,
/18Oct-daily-italian-lesson.html,daily-italian-lesson (dated),TEMPLATED,24,0,1,24.0,2026-09,2026-09,
/z-tech-cpu-activity.html,OTHER / bespoke,bespoke,24,0,1,24.0,2024-05,2024-05,
/start-with-michel-thomas-to-gain-confidence-speaking.html,OTHER / bespoke,bespoke,24,0,1,24.0,2026-09,2026-09,
/6Sep-daily-italian-lesson.html,daily-italian-lesson (dated),TEMPLATED,24,0,1,24.0,2021-07,2021-07,
/french-verb-sous-traiter.html,verb-conjugation (lang-verb-X),TEMPLATED,24,0,1,24.0,2026-09,2026-09,
/spanish-verb-abigarrar.html,verb-conjugation (lang-verb-X),TEMPLATED,23,993,21,23.0,2020-09,2025-10,
/french-verb-socialiser.html,verb-conjugation (lang-verb-X),TEMPLATED,23,461,8,23.0,2021-07,2026-09,
/daily-verb-lessons.html,(not in sitemap),?,23,333,5,23.0,2020-09,2021-01,
/french-verb-remmener.html,verb-conjugation (lang-verb-X),TEMPLATED,23,86,2,23.0,2024-05,2026-09,
/french-for-provoke.html,X-for-word lessons,TEMPLATED-ish,23,64,1,23.0,2022-09,2022-09,
/spanish-verb-adolecer.html,verb-conjugation (lang-verb-X),TEMPLATED,23,52,2,23.0,2021-08,2024-04,
/4Jul-daily-italian-lesson.html,daily-italian-lesson (dated),TEMPLATED,23,34,2,23.0,2021-08,2023-07,
/200_Words_a_Day-learn-languages-newzine24.html,OTHER / bespoke,bespoke,23,0,1,23.0,2024-05,2024-05,
/someone-who-learnt-french-using-michel-tomass-cds.html,OTHER / bespoke,bespoke,23,0,1,23.0,2024-11,2024-11,
/french-verb-souiller.html,verb-conjugation (lang-verb-X),TEMPLATED,23,0,1,23.0,2021-07,2021-07,
/26Jul-daily-italian-lesson.html,daily-italian-lesson (dated),TEMPLATED,22,179,2,22.0,2024-07,2026-05,
/french-verb-specialiser.html,verb-conjugation (lang-verb-X),TEMPLATED,22,68,2,22.0,2021-10,2023-04,
/3Jan-daily-italian-lesson.html,daily-italian-lesson (dated),TEMPLATED,22,58,1,22.0,2021-07,2021-07,
/18Feb-daily-italian-lesson.html,daily-italian-lesson (dated),TEMPLATED,22,38,2,22.0,2024-01,2026-09,
/26Sep-daily-italian-lesson.html,daily-italian-lesson (dated),TEMPLATED,22,0,1,22.0,2022-12,2022-12,
/20.german-word-a-day.html,german-word-a-day (N.),TEMPLATED,22,0,1,22.0,2023-06,2023-06,
/14Nov-daily-italian-lesson.html,daily-italian-lesson (dated),TEMPLATED,22,0,1,22.0,2021-08,2021-08,
/1Aug-daily-italian-lesson.html,daily-italian-lesson (dated),TEMPLATED,21,340,4,21.0,2022-08,2026-06,
/spanish-verb-socorrer.html,verb-conjugation (lang-verb-X),TEMPLATED,21,110,3,21.0,2022-03,2024-06,
/french-verb-reapprendre.html,verb-conjugation (lang-verb-X),TEMPLATED,21,101,2,21.0,2022-08,2024-07,
/french-for-champion.html,X-for-word lessons,TEMPLATED-ish,21,56,2,21.0,2023-02,2023-03,
/french-verb-surentrainer.html,verb-conjugation (lang-verb-X),TEMPLATED,21,48,2,21.0,2023-11,2024-10,
/why-the-confusion.html,OTHER / bespoke,bespoke,21,0,1,21.0,2022-05,2022-05,
/french-for-chew.html,X-for-word lessons,TEMPLATED-ish,21,0,1,21.0,2024-07,2024-07,
/11Jul-daily-italian-lesson.html,daily-italian-lesson (dated),TEMPLATED,21,0,1,21.0,2023-01,2023-01,
/7Nov-daily-italian-lesson.html,daily-italian-lesson (dated),TEMPLATED,21,0,1,21.0,2021-06,2021-06,
/french-verb-taxer.html,verb-conjugation (lang-verb-X),TEMPLATED,21,0,1,21.0,2023-01,2023-01,
/spanish-verb-desmentir.html,verb-conjugation (lang-verb-X),TEMPLATED,20,359,8,20.0,2022-05,2023-12,
/23Aug-daily-italian-lesson.html,daily-italian-lesson (dated),TEMPLATED,20,149,3,20.0,2021-06,2025-12,
/french-for-lighten.html,X-for-word lessons,TEMPLATED-ish,20,0,1,20.0,2023-11,2023-11,
/learn-ascii.html,OTHER / bespoke,bespoke,20,0,1,20.0,2024-01,2024-01,
/21Aug-daily-italian-lesson.html,daily-italian-lesson (dated),TEMPLATED,18,41,1,18.0,2023-08,2023-08,
/2Sep-daily-italian-lesson.html,daily-italian-lesson (dated),TEMPLATED,17,41,2,17.0,2022-07,2022-09,
/25french-proverb-a-day.html,proverb-a-day (Nlang),TEMPLATED,17,0,1,17.0,2022-08,2022-08,
/french-verb-debarquer.html,verb-conjugation (lang-verb-X),TEMPLATED,16,166,4,16.0,2022-07,2025-03,
/michels-accent.html,OTHER / bespoke,bespoke,16,42,2,16.0,2022-06,2022-07,
/20travel-spanish.html,travel-word (Ntravel),TEMPLATED,16,0,1,16.0,2023-08,2023-08,
/2Apr-daily-italian-lesson.html,daily-italian-lesson (dated),TEMPLATED,15,167,4,15.0,2022-06,2025-04,
/language-learning.xml,(not in sitemap),?,0,1218293,73,0,2020-09,2026-09,
/L9Ejn5e5.xml,(not in sitemap),?,0,23803,73,0,2020-09,2026-09,
/learn-italian-newsletter-confirmation.html,(not in sitemap),?,0,884,5,0,2020-09,2021-01,
/language-learning-reviews.html,OTHER / bespoke,bespoke,0,414,2,0,2026-04,2026-05,
/language-course.html,course landing,bespoke,0,344,4,0,2021-04,2025-11,
/french-verb-choquer.html,verb-conjugation (lang-verb-X),TEMPLATED,0,315,6,0,2021-02,2025-02,
/french-newsletter-subscription.html,OTHER / bespoke,bespoke,0,299,3,0,2020-09,2020-11,
/french-verb-claquer.html,verb-conjugation (lang-verb-X),TEMPLATED,0,298,5,0,2022-02,2025-04,
/french-verb-enfoncer.html,verb-conjugation (lang-verb-X),TEMPLATED,0,283,3,0,2022-04,2026-04,
/eurostar.html,OTHER / bespoke,bespoke,0,270,3,0,2020-11,2025-09,
/french-for-attribute.html,X-for-word lessons,TEMPLATED-ish,0,261,4,0,2020-09,2021-08,
/french-verb-venger.html,verb-conjugation (lang-verb-X),TEMPLATED,0,260,4,0,2022-04,2025-06,
/spanish-verb-desmerecer.html,verb-conjugation (lang-verb-X),TEMPLATED,0,259,5,0,2021-04,2023-06,
/spanish-verb-habituar.html,verb-conjugation (lang-verb-X),TEMPLATED,0,244,4,0,2020-11,2024-11,
/spanish-verb-ensordecer.html,verb-conjugation (lang-verb-X),TEMPLATED,0,210,3,0,2022-02,2025-06,
/french-verb-zozoter.html,verb-conjugation (lang-verb-X),TEMPLATED,0,210,4,0,2021-07,2025-06,
/language-software.html,OTHER / bespoke,bespoke,0,208,2,0,2021-12,2025-09,
/30Mar-daily-italian-lesson.html,daily-italian-lesson (dated),TEMPLATED,0,201,2,0,2024-06,2026-06,
/spanish-verb-fortalecer.html,verb-conjugation (lang-verb-X),TEMPLATED,0,190,3,0,2021-06,2025-06,
/electronic-flashcard-instructions.html,(not in sitemap),?,0,184,3,0,2020-09,2020-12,
/french-verb-chevaucher.html,verb-conjugation (lang-verb-X),TEMPLATED,0,169,3,0,2021-02,2024-02,
/french-verb-baptiser.html,verb-conjugation (lang-verb-X),TEMPLATED,0,163,3,0,2021-02,2024-02,
/spanish-for-musket.html,X-for-word lessons,TEMPLATED-ish,0,162,1,0,2025-09,2025-09,
/improve-class.html,OTHER / bespoke,bespoke,0,159,1,0,2025-09,2025-09,
/language-fluency.html,OTHER / bespoke,bespoke,0,157,1,0,2025-09,2025-09,
/25Apr-daily-italian-lesson.html,daily-italian-lesson (dated),TEMPLATED,0,154,1,0,2026-06,2026-06,
/spanish-verb-afligir.html,verb-conjugation (lang-verb-X),TEMPLATED,0,152,3,0,2023-10,2026-09,
/z-tech-save-database.html,OTHER / bespoke,bespoke,0,152,1,0,2025-09,2025-09,
/spanish-verb-restringir.html,verb-conjugation (lang-verb-X),TEMPLATED,0,148,2,0,2022-10,2025-10,
/2Jun-daily-italian-lesson.html,daily-italian-lesson (dated),TEMPLATED,0,142,1,0,2026-07,2026-07,
/french-for-jeer.html,X-for-word lessons,TEMPLATED-ish,0,142,3,0,2022-02,2023-07,
/19Jul-daily-italian-lesson.html,daily-italian-lesson (dated),TEMPLATED,0,141,1,0,2026-07,2026-07,
/spanish-verb-favorecer.html,verb-conjugation (lang-verb-X),TEMPLATED,0,140,2,0,2021-06,2025-06,
/german-for-head-is-der-kopf.html,X-for-word lessons,TEMPLATED-ish,0,137,3,0,2022-07,2022-10,
/french-menu.html,OTHER / bespoke,bespoke,0,134,1,0,2025-09,2025-09,
/french-verb-surplomber.html,verb-conjugation (lang-verb-X),TEMPLATED,0,132,2,0,2021-10,2025-10,
/french-for-calculate.html,X-for-word lessons,TEMPLATED-ish,0,130,2,0,2021-08,2025-06,
/spanish-verb-escurrir.html,verb-conjugation (lang-verb-X),TEMPLATED,0,128,2,0,2024-04,2025-04,
/french-verb-conjurer.html,verb-conjugation (lang-verb-X),TEMPLATED,0,126,2,0,2022-02,2023-02,
/french-verb-bazarder.html,verb-conjugation (lang-verb-X),TEMPLATED,0,126,2,0,2021-01,2023-01,
/french-idioms-using-air.html,OTHER / bespoke,bespoke,0,119,2,0,2020-09,2020-12,
/spanish-verb-encabezar.html,verb-conjugation (lang-verb-X),TEMPLATED,0,118,2,0,2022-05,2023-05,
/french-verb-tranquilliser.html,verb-conjugation (lang-verb-X),TEMPLATED,0,112,2,0,2022-02,2022-12,
/french-for-drag.html,X-for-word lessons,TEMPLATED-ish,0,112,1,0,2021-04,2021-04,
/french-verb-colporter.html,verb-conjugation (lang-verb-X),TEMPLATED,0,111,2,0,2023-01,2024-01,
/french-verb-stabiliser.html,verb-conjugation (lang-verb-X),TEMPLATED,0,105,2,0,2021-10,2023-10,
/spanish-verb-infligir.html,verb-conjugation (lang-verb-X),TEMPLATED,0,105,2,0,2021-10,2024-10,
/french-verb-deboiser.html,verb-conjugation (lang-verb-X),TEMPLATED,0,102,2,0,2026-08,2026-09,
/french-verb-cicatriser.html,verb-conjugation (lang-verb-X),TEMPLATED,0,93,2,0,2022-02,2024-02,
/poder.html,OTHER / bespoke,bespoke,0,92,1,0,2021-04,2021-04,
/23May-daily-italian-lesson.html,daily-italian-lesson (dated),TEMPLATED,0,91,1,0,2025-12,2025-12,
/7Jul-daily-italian-lesson.html,daily-italian-lesson (dated),TEMPLATED,0,89,1,0,2025-07,2025-07,
/spanish-verb-abnegar.html,verb-conjugation (lang-verb-X),TEMPLATED,0,88,2,0,2022-11,2024-11,
/2May-daily-italian-lesson.html,daily-italian-lesson (dated),TEMPLATED,0,87,1,0,2025-12,2025-12,
/16May-daily-italian-lesson.html,daily-italian-lesson (dated),TEMPLATED,0,87,1,0,2023-12,2023-12,
/french-verb-consumer.html,verb-conjugation (lang-verb-X),TEMPLATED,0,85,2,0,2023-03,2024-02,
/29Aug-daily-italian-lesson.html,daily-italian-lesson (dated),TEMPLATED,0,83,1,0,2025-12,2025-12,
/27Apr-daily-italian-lesson.html,daily-italian-lesson (dated),TEMPLATED,0,83,1,0,2025-12,2025-12,
/spanish-verb-complicar.html,verb-conjugation (lang-verb-X),TEMPLATED,0,81,2,0,2022-08,2023-08,
/28Mar-daily-italian-lesson.html,daily-italian-lesson (dated),TEMPLATED,0,81,1,0,2022-01,2022-01,
/french-verb-baliser.html,verb-conjugation (lang-verb-X),TEMPLATED,0,81,1,0,2022-02,2022-02,
/spanish-verb-rebozar.html,verb-conjugation (lang-verb-X),TEMPLATED,0,76,1,0,2025-05,2025-05,
/french-for-stir-up-attiser.html,X-for-word lessons,TEMPLATED-ish,0,75,1,0,2025-06,2025-06,
/terrible-students.html,OTHER / bespoke,bespoke,0,75,2,0,2022-11,2023-07,
/1May-daily-italian-lesson.html,daily-italian-lesson (dated),TEMPLATED,0,73,1,0,2022-01,2022-01,
/11Nov-daily-italian-lesson.html,daily-italian-lesson (dated),TEMPLATED,0,73,1,0,2025-07,2025-07,
/french-for-contest.html,X-for-word lessons,TEMPLATED-ish,0,72,1,0,2020-12,2020-12,
/italian-accent.html,OTHER / bespoke,bespoke,0,71,1,0,2025-06,2025-06,
/spanish-verb-pervertir.html,verb-conjugation (lang-verb-X),TEMPLATED,0,69,1,0,2025-07,2025-07,
/language-course-upgrade.html,(not in sitemap),?,0,66,1,0,2020-12,2020-12,
/french-verb-caracteriser.html,verb-conjugation (lang-verb-X),TEMPLATED,0,66,1,0,2023-01,2023-01,
/7Feb-daily-italian-lesson.html,daily-italian-lesson (dated),TEMPLATED,0,65,1,0,2026-08,2026-08,
/27Jul-daily-italian-lesson.html,daily-italian-lesson (dated),TEMPLATED,0,63,1,0,2021-07,2021-07,
/french-verb-steriliser.html,verb-conjugation (lang-verb-X),TEMPLATED,0,63,1,0,2021-10,2021-10,
/french-for-topple.html,X-for-word lessons,TEMPLATED-ish,0,63,1,0,2020-12,2020-12,
/french-for-make-angry.html,X-for-word lessons,TEMPLATED-ish,0,63,1,0,2025-03,2025-03,
/25Sep-daily-italian-lesson.html,daily-italian-lesson (dated),TEMPLATED,0,63,1,0,2026-08,2026-08,
/french-verb-stationner.html,verb-conjugation (lang-verb-X),TEMPLATED,0,62,1,0,2021-10,2021-10,
/french-for-bypass.html,X-for-word lessons,TEMPLATED-ish,0,61,1,0,2020-12,2020-12,
/28Apr-daily-italian-lesson.html,daily-italian-lesson (dated),TEMPLATED,0,60,1,0,2021-07,2021-07,
/30Nov-daily-italian-lesson.html,daily-italian-lesson (dated),TEMPLATED,0,60,1,0,2021-04,2021-04,
/software-version-5-25-upgrade.html,(not in sitemap),?,0,60,1,0,2020-12,2020-12,
/16Jan-daily-italian-lesson.html,daily-italian-lesson (dated),TEMPLATED,0,59,1,0,2021-07,2021-07,
/french-for-lean-adosser.html,X-for-word lessons,TEMPLATED-ish,0,58,1,0,2021-07,2021-07,
/french-verb-culbuter.html,verb-conjugation (lang-verb-X),TEMPLATED,0,58,1,0,2021-08,2021-08,
/french-verb-travestir.html,verb-conjugation (lang-verb-X),TEMPLATED,0,56,1,0,2021-07,2021-07,
/french-verb-troubler.html,verb-conjugation (lang-verb-X),TEMPLATED,0,56,1,0,2020-12,2020-12,
/spanish-verb-jerarquizar.html,verb-conjugation (lang-verb-X),TEMPLATED,0,56,1,0,2021-05,2021-05,
/french-verb-snober.html,verb-conjugation (lang-verb-X),TEMPLATED,0,56,1,0,2022-09,2022-09,
/french-for-incline.html,X-for-word lessons,TEMPLATED-ish,0,55,1,0,2024-08,2024-08,
/french-verb-totaliser.html,verb-conjugation (lang-verb-X),TEMPLATED,0,55,1,0,2021-11,2021-11,
/spanish-verb-suceder.html,verb-conjugation (lang-verb-X),TEMPLATED,0,55,1,0,2024-05,2024-05,
/3May-daily-italian-lesson.html,daily-italian-lesson (dated),TEMPLATED,0,54,1,0,2021-06,2021-06,
/french-verb-televiser.html,verb-conjugation (lang-verb-X),TEMPLATED,0,54,1,0,2021-11,2021-11,
/french-verb-flamboyer.html,verb-conjugation (lang-verb-X),TEMPLATED,0,53,1,0,2024-05,2024-05,
/french-for-smear.html,X-for-word lessons,TEMPLATED-ish,0,53,1,0,2022-10,2022-10,
/spanish-verb-investir.html,verb-conjugation (lang-verb-X),TEMPLATED,0,52,1,0,2023-10,2023-10,
/french-verb-cautionner.html,verb-conjugation (lang-verb-X),TEMPLATED,0,52,1,0,2023-01,2023-01,
/french-verb-sous-evaluer.html,verb-conjugation (lang-verb-X),TEMPLATED,0,52,1,0,2021-09,2021-09,
/french-verb-carotter.html,verb-conjugation (lang-verb-X),TEMPLATED,0,50,1,0,2025-01,2025-01,
/french-verb-triompher.html,verb-conjugation (lang-verb-X),TEMPLATED,0,49,1,0,2021-12,2021-12,
/french-verb-se-emmeler.html,verb-conjugation (lang-verb-X),TEMPLATED,0,49,1,0,2024-08,2024-08,
/11Feb-daily-italian-lesson.html,daily-italian-lesson (dated),TEMPLATED,0,48,1,0,2023-03,2023-03,
/french-verb-ceinturer.html,verb-conjugation (lang-verb-X),TEMPLATED,0,48,1,0,2023-01,2023-01,
/french-for-lay-eggs.html,X-for-word lessons,TEMPLATED-ish,0,48,1,0,2023-03,2023-03,
/french-for-make-up.html,X-for-word lessons,TEMPLATED-ish,0,48,1,0,2022-05,2022-05,
/27Jan-daily-italian-lesson.html,daily-italian-lesson (dated),TEMPLATED,0,47,1,0,2021-07,2021-07,
/french-verb-subdiviser.html,verb-conjugation (lang-verb-X),TEMPLATED,0,46,1,0,2022-10,2022-10,
/french-verb-delayer.html,verb-conjugation (lang-verb-X),TEMPLATED,0,45,1,0,2024-05,2024-05,
/17Jan-daily-italian-lesson.html,daily-italian-lesson (dated),TEMPLATED,0,43,1,0,2023-01,2023-01,
/german-for-mouth-is-der-mund-.html,X-for-word lessons,TEMPLATED-ish,0,42,1,0,2022-12,2022-12,
/15Nov-daily-italian-lesson.html,daily-italian-lesson (dated),TEMPLATED,0,41,1,0,2023-12,2023-12,
/9Dec-daily-italian-lesson.html,daily-italian-lesson (dated),TEMPLATED,0,40,1,0,2023-12,2023-12,
/spanish-for-sugar.html,X-for-word lessons,TEMPLATED-ish,0,40,1,0,2023-12,2023-12,
/spanish-verb-guarecer.html,verb-conjugation (lang-verb-X),TEMPLATED,0,39,1,0,2023-06,2023-06,
/accent-not-important-comment-form.html,(not in sitemap),?,0,39,1,0,2022-12,2022-12,
/18Jun-daily-italian-lesson.html,daily-italian-lesson (dated),TEMPLATED,0,36,1,0,2023-06,2023-06,
/8Dec-daily-italian-lesson.html,daily-italian-lesson (dated),TEMPLATED,0,36,1,0,2023-12,2023-12,
/french-verb-abrutir.html,verb-conjugation (lang-verb-X),TEMPLATED,0,36,1,0,2022-06,2022-06,
/french-verb-embrayer.html,verb-conjugation (lang-verb-X),TEMPLATED,0,0,0,0,,,
/french-word-flou.html,OTHER / bespoke,bespoke,0,0,0,0,,,
/200_Words_a_Day-learn-languages-newzine31.html,OTHER / bespoke,bespoke,0,0,0,0,,,
/french-verb-vanter.html,verb-conjugation (lang-verb-X),TEMPLATED,0,0,0,0,,,
/27french-proverb-a-day.html,proverb-a-day (Nlang),TEMPLATED,0,0,0,0,,,
/spanish-verb-puntuar.html,verb-conjugation (lang-verb-X),TEMPLATED,0,0,0,0,,,
/french-verb-se-ecrier.html,verb-conjugation (lang-verb-X),TEMPLATED,0,0,0,0,,,
/french-verb-cureter.html,verb-conjugation (lang-verb-X),TEMPLATED,0,0,0,0,,,
/french-for-duck-is-le-canard-.html,X-for-word lessons,TEMPLATED-ish,0,0,0,0,,,
/french-for-fly-is-la-mouche-.html,X-for-word lessons,TEMPLATED-ish,0,0,0,0,,,
/french-for-sigh.html,X-for-word lessons,TEMPLATED-ish,0,0,0,0,,,
/27May-daily-italian-lesson.html,daily-italian-lesson (dated),TEMPLATED,0,0,0,0,,,
/french-verb-syndiquer.html,verb-conjugation (lang-verb-X),TEMPLATED,0,0,0,0,,,
/french-for-wardrobe-is-une-armoire.html,X-for-word lessons,TEMPLATED-ish,0,0,0,0,,,
/french-verb-astreindre.html,verb-conjugation (lang-verb-X),TEMPLATED,0,0,0,0,,,
/spanish-verb-cumplir.html,verb-conjugation (lang-verb-X),TEMPLATED,0,0,0,0,,,
/200_Words_a_Day-learn-languages-newzine41.html,OTHER / bespoke,bespoke,0,0,0,0,,,
/french-for-delight.html,X-for-word lessons,TEMPLATED-ish,0,0,0,0,,,
/spanish-verb-trasegar.html,verb-conjugation (lang-verb-X),TEMPLATED,0,0,0,0,,,
/30Jun-daily-italian-lesson.html,daily-italian-lesson (dated),TEMPLATED,0,0,0,0,,,
/french-verb-amplifier.html,verb-conjugation (lang-verb-X),TEMPLATED,0,0,0,0,,,
/spanish-verb-recochinearse.html,verb-conjugation (lang-verb-X),TEMPLATED,0,0,0,0,,,
/french-verb-synthetiser.html,verb-conjugation (lang-verb-X),TEMPLATED,0,0,0,0,,,
/13travel-french.html,travel-word (Ntravel),TEMPLATED,0,0,0,0,,,
/16Feb-daily-italian-lesson.html,daily-italian-lesson (dated),TEMPLATED,0,0,0,0,,,
/french-verb-taveler.html,verb-conjugation (lang-verb-X),TEMPLATED,0,0,0,0,,,
/5Jan-daily-italian-lesson.html,daily-italian-lesson (dated),TEMPLATED,0,0,0,0,,,
/z-tech-screen-resolution.html,OTHER / bespoke,bespoke,0,0,0,0,,,
/28Jul-daily-italian-lesson.html,daily-italian-lesson (dated),TEMPLATED,0,0,0,0,,,
/german-for-parents-is-die-eltern.html,X-for-word lessons,TEMPLATED-ish,0,0,0,0,,,
/19Feb-daily-italian-lesson.html,daily-italian-lesson (dated),TEMPLATED,0,0,0,0,,,
/french-idiom-affaire.html,OTHER / bespoke,bespoke,0,0,0,0,,,
/french-verb-se-approprier.html,verb-conjugation (lang-verb-X),TEMPLATED,0,0,0,0,,,
/french-for-explode.html,X-for-word lessons,TEMPLATED-ish,0,0,0,0,,,
/french-verb-transvaser.html,verb-conjugation (lang-verb-X),TEMPLATED,0,0,0,0,,,
/3Aug-daily-italian-lesson.html,daily-italian-lesson (dated),TEMPLATED,0,0,0,0,,,
/14Feb-daily-italian-lesson.html,daily-italian-lesson (dated),TEMPLATED,0,0,0,0,,,
/french-verb-deperir.html,verb-conjugation (lang-verb-X),TEMPLATED,0,0,0,0,,,
/9Feb-daily-italian-lesson.html,daily-italian-lesson (dated),TEMPLATED,0,0,0,0,,,
/french-verb-tyranniser.html,verb-conjugation (lang-verb-X),TEMPLATED,0,0,0,0,,,
/french-verb-sous-titrer.html,verb-conjugation (lang-verb-X),TEMPLATED,0,0,0,0,,,
/27Mar-daily-italian-lesson.html,daily-italian-lesson (dated),TEMPLATED,0,0,0,0,,,
