OLD URL,Action,NEW URL,Family,Template,Entry visits,GSC clicks,GSC impressions,Backlinks,Indexed?,Assets,QA status,Notes
/,KEEP,/,home,mixed,518040,,,,,11,,h1_count=2
/1-jun-blog-sample.html,HOLD,,blog,bespoke,0,,,,,11,,no entry traffic in 6yr
/1.french-word-a-day.html,KEEP,/1.french-word-a-day.html,french-word-a-day (N.),TEMPLATED,1227,,,,,0,,h1_count=0
/1.german-word-a-day.html,HOLD,,german-word-a-day (N.),TEMPLATED,0,,,,,0,,h1_count=0
/1.html,KEEP,/1.html,spanish word-of-day (N.html),TEMPLATED,243,,,,,1,,h1_count=0
/10.french-word-a-day.html,KEEP,/10.french-word-a-day.html,french-word-a-day (N.),TEMPLATED,1679,,,,,0,,h1_count=0
/10.german-word-a-day.html,HOLD,,german-word-a-day (N.),TEMPLATED,0,,,,,0,,h1_count=0
/10.html,KEEP,/10.html,spanish word-of-day (N.html),TEMPLATED,260,,,,,1,,h1_count=0
/10Apr-daily-italian-lesson.html,HOLD,,daily-italian-lesson (dated),TEMPLATED,0,,,,,1,,no entry traffic in 6yr; h1_count=0; TrafficWave
/10Aug-daily-italian-lesson.html,KEEP,/10Aug-daily-italian-lesson.html,daily-italian-lesson (dated),TEMPLATED,307,,,,,1,,h1_count=0; TrafficWave
/10Dec-daily-italian-lesson.html,KEEP,/10Dec-daily-italian-lesson.html,daily-italian-lesson (dated),TEMPLATED,3022,,,,,1,,h1_count=0; TrafficWave
/10Feb-daily-italian-lesson.html,KEEP,/10Feb-daily-italian-lesson.html,daily-italian-lesson (dated),TEMPLATED,191,,,,,1,,h1_count=0; TrafficWave
/10Jan-daily-italian-lesson.html,KEEP,/10Jan-daily-italian-lesson.html,daily-italian-lesson (dated),TEMPLATED,1699,,,,,1,,h1_count=0; TrafficWave
/10Jul-daily-italian-lesson.html,KEEP,/10Jul-daily-italian-lesson.html,daily-italian-lesson (dated),TEMPLATED,102,,,,,1,,h1_count=0; TrafficWave
/10Jun-daily-italian-lesson.html,KEEP,/10Jun-daily-italian-lesson.html,daily-italian-lesson (dated),TEMPLATED,309,,,,,1,,h1_count=0; TrafficWave
/10Mar-daily-italian-lesson.html,KEEP,/10Mar-daily-italian-lesson.html,daily-italian-lesson (dated),TEMPLATED,7475,,,,,1,,h1_count=0; TrafficWave
/10May-daily-italian-lesson.html,HOLD,,daily-italian-lesson (dated),TEMPLATED,0,,,,,1,,no entry traffic in 6yr; h1_count=0; TrafficWave
/10Nov-daily-italian-lesson.html,KEEP,/10Nov-daily-italian-lesson.html,daily-italian-lesson (dated),TEMPLATED,28,,,,,1,,h1_count=0; TrafficWave
/10Oct-daily-italian-lesson.html,KEEP,/10Oct-daily-italian-lesson.html,daily-italian-lesson (dated),TEMPLATED,223,,,,,1,,h1_count=0; TrafficWave
/10Sep-daily-italian-lesson.html,KEEP,/10Sep-daily-italian-lesson.html,daily-italian-lesson (dated),TEMPLATED,165,,,,,1,,h1_count=0; TrafficWave
/10french-proverb-a-day.html,HOLD,,proverb-a-day (Nlang),TEMPLATED,0,,,,,0,,h1_count=0
/10german-proverb-a-day.html,HOLD,,proverb-a-day (Nlang),TEMPLATED,0,,,,,0,,h1_count=0
/10spanish-proverb-a-day.html,HOLD,,proverb-a-day (Nlang),TEMPLATED,0,,,,,0,,h1_count=0
/10travel-german.html,HOLD,,travel-word (Ntravel),TEMPLATED,0,,,,,0,,h1_count=0
/10travel-spanish.html,HOLD,,travel-word (Ntravel),TEMPLATED,0,,,,,0,,h1_count=0
/11.french-word-a-day.html,KEEP,/11.french-word-a-day.html,french-word-a-day (N.),TEMPLATED,1542,,,,,0,,h1_count=0
/11.german-word-a-day.html,HOLD,,german-word-a-day (N.),TEMPLATED,0,,,,,0,,h1_count=0
/11.html,KEEP,/11.html,spanish word-of-day (N.html),TEMPLATED,327,,,,,0,,h1_count=0
/11Apr-daily-italian-lesson.html,KEEP,/11Apr-daily-italian-lesson.html,daily-italian-lesson (dated),TEMPLATED,676,,,,,1,,h1_count=0; TrafficWave
/11Aug-daily-italian-lesson.html,KEEP,/11Aug-daily-italian-lesson.html,daily-italian-lesson (dated),TEMPLATED,71,,,,,1,,h1_count=0; TrafficWave
/11Dec-daily-italian-lesson.html,KEEP,/11Dec-daily-italian-lesson.html,daily-italian-lesson (dated),TEMPLATED,742,,,,,1,,h1_count=0; TrafficWave
/11Feb-daily-italian-lesson.html,HOLD,,daily-italian-lesson (dated),TEMPLATED,0,,,,,1,,no entry traffic in 6yr; h1_count=0; TrafficWave
/11Jan-daily-italian-lesson.html,KEEP,/11Jan-daily-italian-lesson.html,daily-italian-lesson (dated),TEMPLATED,480,,,,,1,,h1_count=0; TrafficWave
/11Jul-daily-italian-lesson.html,KEEP,/11Jul-daily-italian-lesson.html,daily-italian-lesson (dated),TEMPLATED,21,,,,,1,,h1_count=0; TrafficWave
/11Jun-daily-italian-lesson.html,KEEP,/11Jun-daily-italian-lesson.html,daily-italian-lesson (dated),TEMPLATED,225,,,,,1,,h1_count=0; TrafficWave
/11Mar-daily-italian-lesson.html,KEEP,/11Mar-daily-italian-lesson.html,daily-italian-lesson (dated),TEMPLATED,5391,,,,,1,,h1_count=0; TrafficWave
/11May-daily-italian-lesson.html,KEEP,/11May-daily-italian-lesson.html,daily-italian-lesson (dated),TEMPLATED,3136,,,,,1,,h1_count=0; TrafficWave
/11Nov-daily-italian-lesson.html,HOLD,,daily-italian-lesson (dated),TEMPLATED,0,,,,,1,,no entry traffic in 6yr; h1_count=0; TrafficWave
/11Oct-daily-italian-lesson.html,KEEP,/11Oct-daily-italian-lesson.html,daily-italian-lesson (dated),TEMPLATED,24,,,,,1,,h1_count=0; TrafficWave
/11Sep-daily-italian-lesson.html,KEEP,/11Sep-daily-italian-lesson.html,daily-italian-lesson (dated),TEMPLATED,13198,,,,,1,,h1_count=0; TrafficWave
/11french-proverb-a-day.html,HOLD,,proverb-a-day (Nlang),TEMPLATED,0,,,,,0,,h1_count=0
/11german-proverb-a-day.html,HOLD,,proverb-a-day (Nlang),TEMPLATED,0,,,,,0,,h1_count=0
/11spanish-proverb-a-day.html,HOLD,,proverb-a-day (Nlang),TEMPLATED,0,,,,,0,,h1_count=0
/11travel-spanish.html,HOLD,,travel-word (Ntravel),TEMPLATED,0,,,,,0,,h1_count=0
/12.french-word-a-day.html,KEEP,/12.french-word-a-day.html,french-word-a-day (N.),TEMPLATED,1574,,,,,0,,h1_count=0
/12.german-word-a-day.html,HOLD,,german-word-a-day (N.),TEMPLATED,0,,,,,0,,h1_count=0
/12.html,KEEP,/12.html,spanish word-of-day (N.html),TEMPLATED,381,,,,,0,,h1_count=0
/12Apr-daily-italian-lesson.html,KEEP,/12Apr-daily-italian-lesson.html,daily-italian-lesson (dated),TEMPLATED,27,,,,,1,,h1_count=0; TrafficWave
/12Aug-daily-italian-lesson.html,KEEP,/12Aug-daily-italian-lesson.html,daily-italian-lesson (dated),TEMPLATED,968,,,,,1,,h1_count=0; TrafficWave
/12Dec-daily-italian-lesson.html,KEEP,/12Dec-daily-italian-lesson.html,daily-italian-lesson (dated),TEMPLATED,85,,,,,1,,h1_count=0; TrafficWave
/12Feb-daily-italian-lesson.html,KEEP,/12Feb-daily-italian-lesson.html,daily-italian-lesson (dated),TEMPLATED,29,,,,,1,,h1_count=0; TrafficWave
/12Jan-daily-italian-lesson.html,KEEP,/12Jan-daily-italian-lesson.html,daily-italian-lesson (dated),TEMPLATED,325,,,,,1,,h1_count=0; TrafficWave
/12Jul-daily-italian-lesson.html,HOLD,,daily-italian-lesson (dated),TEMPLATED,0,,,,,1,,no entry traffic in 6yr; h1_count=0; TrafficWave
/12Jun-daily-italian-lesson.html,HOLD,,daily-italian-lesson (dated),TEMPLATED,0,,,,,1,,no entry traffic in 6yr; h1_count=0; TrafficWave
/12Mar-daily-italian-lesson.html,KEEP,/12Mar-daily-italian-lesson.html,daily-italian-lesson (dated),TEMPLATED,4212,,,,,1,,h1_count=0; TrafficWave
/12May-daily-italian-lesson.html,KEEP,/12May-daily-italian-lesson.html,daily-italian-lesson (dated),TEMPLATED,199,,,,,1,,h1_count=0; TrafficWave
/12Nov-daily-italian-lesson.html,HOLD,,daily-italian-lesson (dated),TEMPLATED,0,,,,,1,,no entry traffic in 6yr; h1_count=0; TrafficWave
/12Oct-daily-italian-lesson.html,KEEP,/12Oct-daily-italian-lesson.html,daily-italian-lesson (dated),TEMPLATED,7457,,,,,1,,h1_count=0; TrafficWave
/12Sep-daily-italian-lesson.html,HOLD,,daily-italian-lesson (dated),TEMPLATED,0,,,,,1,,no entry traffic in 6yr; h1_count=0; TrafficWave
/12french-proverb-a-day.html,HOLD,,proverb-a-day (Nlang),TEMPLATED,0,,,,,0,,h1_count=0
/12german-proverb-a-day.html,HOLD,,proverb-a-day (Nlang),TEMPLATED,0,,,,,0,,h1_count=0
/12spanish-proverb-a-day.html,HOLD,,proverb-a-day (Nlang),TEMPLATED,0,,,,,0,,h1_count=0
/12travel-german.html,HOLD,,travel-word (Ntravel),TEMPLATED,0,,,,,0,,h1_count=0
/12travel-spanish.html,HOLD,,travel-word (Ntravel),TEMPLATED,0,,,,,0,,h1_count=0
/13.french-word-a-day.html,KEEP,/13.french-word-a-day.html,french-word-a-day (N.),TEMPLATED,1527,,,,,0,,h1_count=0
/13.german-word-a-day.html,HOLD,,german-word-a-day (N.),TEMPLATED,52,,,,,0,,h1_count=0
/13.html,KEEP,/13.html,spanish word-of-day (N.html),TEMPLATED,350,,,,,0,,h1_count=0
/13Apr-daily-italian-lesson.html,KEEP,/13Apr-daily-italian-lesson.html,daily-italian-lesson (dated),TEMPLATED,1837,,,,,1,,h1_count=0; TrafficWave
/13Aug-daily-italian-lesson.html,HOLD,,daily-italian-lesson (dated),TEMPLATED,0,,,,,1,,no entry traffic in 6yr; h1_count=0; TrafficWave
/13Dec-daily-italian-lesson.html,KEEP,/13Dec-daily-italian-lesson.html,daily-italian-lesson (dated),TEMPLATED,216,,,,,1,,h1_count=0; TrafficWave
/13Feb-daily-italian-lesson.html,KEEP,/13Feb-daily-italian-lesson.html,daily-italian-lesson (dated),TEMPLATED,106,,,,,1,,h1_count=0; TrafficWave
/13Jan-daily-italian-lesson.html,KEEP,/13Jan-daily-italian-lesson.html,daily-italian-lesson (dated),TEMPLATED,912,,,,,1,,h1_count=0; TrafficWave
/13Jul-daily-italian-lesson.html,KEEP,/13Jul-daily-italian-lesson.html,daily-italian-lesson (dated),TEMPLATED,28,,,,,1,,h1_count=0; TrafficWave
/13Jun-daily-italian-lesson.html,KEEP,/13Jun-daily-italian-lesson.html,daily-italian-lesson (dated),TEMPLATED,106,,,,,1,,h1_count=0; TrafficWave
/13Mar-daily-italian-lesson.html,KEEP,/13Mar-daily-italian-lesson.html,daily-italian-lesson (dated),TEMPLATED,8664,,,,,1,,h1_count=0; TrafficWave
/13May-daily-italian-lesson.html,KEEP,/13May-daily-italian-lesson.html,daily-italian-lesson (dated),TEMPLATED,737,,,,,1,,h1_count=0; TrafficWave
/13Nov-daily-italian-lesson.html,HOLD,,daily-italian-lesson (dated),TEMPLATED,0,,,,,1,,no entry traffic in 6yr; h1_count=0; TrafficWave
/13Oct-daily-italian-lesson.html,KEEP,/13Oct-daily-italian-lesson.html,daily-italian-lesson (dated),TEMPLATED,2557,,,,,1,,h1_count=0; TrafficWave
/13Sep-daily-italian-lesson.html,KEEP,/13Sep-daily-italian-lesson.html,daily-italian-lesson (dated),TEMPLATED,1060,,,,,1,,h1_count=0; TrafficWave
/13french-proverb-a-day.html,HOLD,,proverb-a-day (Nlang),TEMPLATED,0,,,,,0,,h1_count=0
/13german-proverb-a-day.html,HOLD,,proverb-a-day (Nlang),TEMPLATED,0,,,,,0,,h1_count=0
/13spanish-proverb-a-day.html,HOLD,,proverb-a-day (Nlang),TEMPLATED,0,,,,,0,,h1_count=0
/13travel-french.html,HOLD,,travel-word (Ntravel),TEMPLATED,0,,,,,0,,h1_count=0
/13travel-german.html,HOLD,,travel-word (Ntravel),TEMPLATED,0,,,,,0,,h1_count=0
/13travel-spanish.html,HOLD,,travel-word (Ntravel),TEMPLATED,0,,,,,0,,h1_count=0
/14.french-word-a-day.html,KEEP,/14.french-word-a-day.html,french-word-a-day (N.),TEMPLATED,1674,,,,,0,,h1_count=0
/14.german-word-a-day.html,HOLD,,german-word-a-day (N.),TEMPLATED,0,,,,,0,,h1_count=0
/14.html,KEEP,/14.html,spanish word-of-day (N.html),TEMPLATED,330,,,,,0,,h1_count=0
/14Apr-daily-italian-lesson.html,KEEP,/14Apr-daily-italian-lesson.html,daily-italian-lesson (dated),TEMPLATED,542,,,,,1,,h1_count=0; TrafficWave
/14Aug-daily-italian-lesson.html,KEEP,/14Aug-daily-italian-lesson.html,daily-italian-lesson (dated),TEMPLATED,142,,,,,1,,h1_count=0; TrafficWave
/14Dec-daily-italian-lesson.html,KEEP,/14Dec-daily-italian-lesson.html,daily-italian-lesson (dated),TEMPLATED,595,,,,,1,,h1_count=0; TrafficWave
/14Feb-daily-italian-lesson.html,HOLD,,daily-italian-lesson (dated),TEMPLATED,0,,,,,1,,no entry traffic in 6yr; h1_count=0; TrafficWave
/14Jan-daily-italian-lesson.html,KEEP,/14Jan-daily-italian-lesson.html,daily-italian-lesson (dated),TEMPLATED,7037,,,,,1,,h1_count=0; TrafficWave
/14Jul-daily-italian-lesson.html,KEEP,/14Jul-daily-italian-lesson.html,daily-italian-lesson (dated),TEMPLATED,187,,,,,1,,h1_count=0; TrafficWave
/14Jun-daily-italian-lesson.html,HOLD,,daily-italian-lesson (dated),TEMPLATED,0,,,,,1,,no entry traffic in 6yr; h1_count=0; TrafficWave
/14Mar-daily-italian-lesson.html,KEEP,/14Mar-daily-italian-lesson.html,daily-italian-lesson (dated),TEMPLATED,12209,,,,,1,,h1_count=0; TrafficWave
/14May-daily-italian-lesson.html,KEEP,/14May-daily-italian-lesson.html,daily-italian-lesson (dated),TEMPLATED,96,,,,,1,,h1_count=0; TrafficWave
/14Nov-daily-italian-lesson.html,KEEP,/14Nov-daily-italian-lesson.html,daily-italian-lesson (dated),TEMPLATED,22,,,,,1,,h1_count=0; TrafficWave
/14Oct-daily-italian-lesson.html,KEEP,/14Oct-daily-italian-lesson.html,daily-italian-lesson (dated),TEMPLATED,3512,,,,,1,,h1_count=0; TrafficWave
/14Sep-daily-italian-lesson.html,KEEP,/14Sep-daily-italian-lesson.html,daily-italian-lesson (dated),TEMPLATED,29,,,,,1,,h1_count=0; TrafficWave
/14french-proverb-a-day.html,HOLD,,proverb-a-day (Nlang),TEMPLATED,70,,,,,0,,h1_count=0
/14german-proverb-a-day.html,HOLD,,proverb-a-day (Nlang),TEMPLATED,0,,,,,0,,h1_count=0
/14spanish-proverb-a-day.html,HOLD,,proverb-a-day (Nlang),TEMPLATED,57,,,,,0,,h1_count=0
/14travel-french.html,HOLD,,travel-word (Ntravel),TEMPLATED,0,,,,,0,,h1_count=0
/14travel-german.html,HOLD,,travel-word (Ntravel),TEMPLATED,0,,,,,0,,h1_count=0
/14travel-spanish.html,HOLD,,travel-word (Ntravel),TEMPLATED,0,,,,,0,,h1_count=0
/15.french-word-a-day.html,KEEP,/15.french-word-a-day.html,french-word-a-day (N.),TEMPLATED,1636,,,,,0,,h1_count=0
/15.german-word-a-day.html,HOLD,,german-word-a-day (N.),TEMPLATED,57,,,,,0,,h1_count=0
/15.html,KEEP,/15.html,spanish word-of-day (N.html),TEMPLATED,360,,,,,0,,h1_count=0
/15Apr-daily-italian-lesson.html,KEEP,/15Apr-daily-italian-lesson.html,daily-italian-lesson (dated),TEMPLATED,237,,,,,1,,h1_count=0; TrafficWave
/15Aug-daily-italian-lesson.html,KEEP,/15Aug-daily-italian-lesson.html,daily-italian-lesson (dated),TEMPLATED,164,,,,,1,,h1_count=0; TrafficWave
/15Dec-daily-italian-lesson.html,HOLD,,daily-italian-lesson (dated),TEMPLATED,0,,,,,1,,no entry traffic in 6yr; h1_count=0; TrafficWave
/15Feb-daily-italian-lesson.html,KEEP,/15Feb-daily-italian-lesson.html,daily-italian-lesson (dated),TEMPLATED,4350,,,,,1,,h1_count=0; TrafficWave
/15Jan-daily-italian-lesson.html,KEEP,/15Jan-daily-italian-lesson.html,daily-italian-lesson (dated),TEMPLATED,2012,,,,,1,,h1_count=0; TrafficWave
/15Jul-daily-italian-lesson.html,KEEP,/15Jul-daily-italian-lesson.html,daily-italian-lesson (dated),TEMPLATED,9126,,,,,1,,h1_count=0; TrafficWave
/15Jun-daily-italian-lesson.html,KEEP,/15Jun-daily-italian-lesson.html,daily-italian-lesson (dated),TEMPLATED,194,,,,,1,,h1_count=0; TrafficWave
/15Mar-daily-italian-lesson.html,KEEP,/15Mar-daily-italian-lesson.html,daily-italian-lesson (dated),TEMPLATED,2885,,,,,1,,h1_count=0; TrafficWave
/15May-daily-italian-lesson.html,HOLD,,daily-italian-lesson (dated),TEMPLATED,0,,,,,1,,no entry traffic in 6yr; h1_count=0; TrafficWave
/15Nov-daily-italian-lesson.html,HOLD,,daily-italian-lesson (dated),TEMPLATED,0,,,,,1,,no entry traffic in 6yr; h1_count=0; TrafficWave
/15Oct-daily-italian-lesson.html,KEEP,/15Oct-daily-italian-lesson.html,daily-italian-lesson (dated),TEMPLATED,333,,,,,1,,h1_count=0; TrafficWave
/15Sep-daily-italian-lesson.html,KEEP,/15Sep-daily-italian-lesson.html,daily-italian-lesson (dated),TEMPLATED,552,,,,,1,,h1_count=0; TrafficWave
/15french-proverb-a-day.html,HOLD,,proverb-a-day (Nlang),TEMPLATED,57,,,,,0,,h1_count=0
/15german-proverb-a-day.html,HOLD,,proverb-a-day (Nlang),TEMPLATED,0,,,,,0,,h1_count=0
/15spanish-proverb-a-day.html,HOLD,,proverb-a-day (Nlang),TEMPLATED,0,,,,,0,,h1_count=0
/15travel-french.html,HOLD,,travel-word (Ntravel),TEMPLATED,0,,,,,0,,h1_count=0
/15travel-german.html,HOLD,,travel-word (Ntravel),TEMPLATED,0,,,,,0,,h1_count=0
/15travel-spanish.html,HOLD,,travel-word (Ntravel),TEMPLATED,0,,,,,0,,h1_count=0
/16.french-word-a-day.html,KEEP,/16.french-word-a-day.html,french-word-a-day (N.),TEMPLATED,1786,,,,,0,,h1_count=0
/16.german-word-a-day.html,HOLD,,german-word-a-day (N.),TEMPLATED,0,,,,,0,,h1_count=0
/16.html,KEEP,/16.html,spanish word-of-day (N.html),TEMPLATED,375,,,,,0,,h1_count=0
/16Apr-daily-italian-lesson.html,KEEP,/16Apr-daily-italian-lesson.html,daily-italian-lesson (dated),TEMPLATED,106,,,,,1,,h1_count=0; TrafficWave
/16Aug-daily-italian-lesson.html,HOLD,,daily-italian-lesson (dated),TEMPLATED,0,,,,,1,,no entry traffic in 6yr; h1_count=0; TrafficWave
/16Dec-daily-italian-lesson.html,KEEP,/16Dec-daily-italian-lesson.html,daily-italian-lesson (dated),TEMPLATED,86,,,,,1,,h1_count=0; TrafficWave
/16Dec-trial.html,HOLD,,OTHER / bespoke,bespoke,0,,,,,0,,no entry traffic in 6yr; h1_count=0; TrafficWave
/16Feb-daily-italian-lesson.html,HOLD,,daily-italian-lesson (dated),TEMPLATED,0,,,,,1,,no entry traffic in 6yr; h1_count=0; TrafficWave
/16Jan-daily-italian-lesson.html,HOLD,,daily-italian-lesson (dated),TEMPLATED,0,,,,,1,,no entry traffic in 6yr; h1_count=0; TrafficWave
/16Jul-daily-italian-lesson.html,KEEP,/16Jul-daily-italian-lesson.html,daily-italian-lesson (dated),TEMPLATED,467,,,,,1,,h1_count=0; TrafficWave
/16Jun-daily-italian-lesson.html,KEEP,/16Jun-daily-italian-lesson.html,daily-italian-lesson (dated),TEMPLATED,76,,,,,1,,h1_count=0; TrafficWave
/16Mar-daily-italian-lesson.html,KEEP,/16Mar-daily-italian-lesson.html,daily-italian-lesson (dated),TEMPLATED,427,,,,,1,,h1_count=0; TrafficWave
/16May-daily-italian-lesson.html,HOLD,,daily-italian-lesson (dated),TEMPLATED,0,,,,,1,,no entry traffic in 6yr; h1_count=0; TrafficWave
/16Nov-daily-italian-lesson.html,KEEP,/16Nov-daily-italian-lesson.html,daily-italian-lesson (dated),TEMPLATED,6004,,,,,1,,h1_count=0; TrafficWave
/16Oct-daily-italian-lesson.html,KEEP,/16Oct-daily-italian-lesson.html,daily-italian-lesson (dated),TEMPLATED,495,,,,,1,,h1_count=0; TrafficWave
/16Sep-daily-italian-lesson.html,KEEP,/16Sep-daily-italian-lesson.html,daily-italian-lesson (dated),TEMPLATED,6124,,,,,1,,h1_count=0; TrafficWave
/16french-proverb-a-day.html,HOLD,,proverb-a-day (Nlang),TEMPLATED,0,,,,,0,,h1_count=0
/16german-proverb-a-day.html,HOLD,,proverb-a-day (Nlang),TEMPLATED,0,,,,,0,,h1_count=0
/16spanish-proverb-a-day.html,HOLD,,proverb-a-day (Nlang),TEMPLATED,0,,,,,0,,h1_count=0
/16travel-french.html,HOLD,,travel-word (Ntravel),TEMPLATED,0,,,,,0,,h1_count=0
/16travel-german.html,HOLD,,travel-word (Ntravel),TEMPLATED,0,,,,,0,,h1_count=0
/16travel-spanish.html,HOLD,,travel-word (Ntravel),TEMPLATED,0,,,,,0,,h1_count=0
/17.french-word-a-day.html,KEEP,/17.french-word-a-day.html,french-word-a-day (N.),TEMPLATED,1434,,,,,0,,h1_count=0
/17.german-word-a-day.html,HOLD,,german-word-a-day (N.),TEMPLATED,0,,,,,0,,h1_count=0
/17.html,KEEP,/17.html,spanish word-of-day (N.html),TEMPLATED,400,,,,,0,,h1_count=0
/17Apr-daily-italian-lesson.html,KEEP,/17Apr-daily-italian-lesson.html,daily-italian-lesson (dated),TEMPLATED,203,,,,,1,,h1_count=0; TrafficWave
/17Aug-daily-italian-lesson.html,HOLD,,daily-italian-lesson (dated),TEMPLATED,0,,,,,1,,no entry traffic in 6yr; h1_count=0; TrafficWave
/17Dec-daily-italian-lesson.html,HOLD,,daily-italian-lesson (dated),TEMPLATED,0,,,,,1,,no entry traffic in 6yr; h1_count=0; TrafficWave
/17Feb-daily-italian-lesson.html,KEEP,/17Feb-daily-italian-lesson.html,daily-italian-lesson (dated),TEMPLATED,45,,,,,1,,h1_count=0; TrafficWave
/17Jan-daily-italian-lesson.html,HOLD,,daily-italian-lesson (dated),TEMPLATED,0,,,,,1,,no entry traffic in 6yr; h1_count=0; TrafficWave
/17Jul-daily-italian-lesson.html,KEEP,/17Jul-daily-italian-lesson.html,daily-italian-lesson (dated),TEMPLATED,7185,,,,,1,,h1_count=0; TrafficWave
/17Jun-daily-italian-lesson.html,HOLD,,daily-italian-lesson (dated),TEMPLATED,0,,,,,1,,no entry traffic in 6yr; h1_count=0; TrafficWave
/17Mar-daily-italian-lesson.html,KEEP,/17Mar-daily-italian-lesson.html,daily-italian-lesson (dated),TEMPLATED,7600,,,,,1,,h1_count=0; TrafficWave
/17May-daily-italian-lesson.html,HOLD,,daily-italian-lesson (dated),TEMPLATED,0,,,,,1,,no entry traffic in 6yr; h1_count=0; TrafficWave
/17Nov-daily-italian-lesson.html,KEEP,/17Nov-daily-italian-lesson.html,daily-italian-lesson (dated),TEMPLATED,98,,,,,1,,h1_count=0; TrafficWave
/17Oct-daily-italian-lesson.html,KEEP,/17Oct-daily-italian-lesson.html,daily-italian-lesson (dated),TEMPLATED,1546,,,,,1,,h1_count=0; TrafficWave
/17Sep-daily-italian-lesson.html,HOLD,,daily-italian-lesson (dated),TEMPLATED,0,,,,,1,,no entry traffic in 6yr; h1_count=0; TrafficWave
/17french-proverb-a-day.html,HOLD,,proverb-a-day (Nlang),TEMPLATED,0,,,,,0,,h1_count=0
/17german-proverb-a-day.html,HOLD,,proverb-a-day (Nlang),TEMPLATED,0,,,,,0,,h1_count=0
/17spanish-proverb-a-day.html,HOLD,,proverb-a-day (Nlang),TEMPLATED,0,,,,,0,,h1_count=0
/17travel-french.html,HOLD,,travel-word (Ntravel),TEMPLATED,0,,,,,0,,h1_count=0
/17travel-german.html,HOLD,,travel-word (Ntravel),TEMPLATED,0,,,,,0,,h1_count=0
/17travel-spanish.html,HOLD,,travel-word (Ntravel),TEMPLATED,0,,,,,0,,h1_count=0
/18.french-word-a-day.html,KEEP,/18.french-word-a-day.html,french-word-a-day (N.),TEMPLATED,1609,,,,,0,,h1_count=0
/18.german-word-a-day.html,HOLD,,german-word-a-day (N.),TEMPLATED,0,,,,,0,,h1_count=0
/18.html,KEEP,/18.html,spanish word-of-day (N.html),TEMPLATED,456,,,,,0,,h1_count=0
/18Apr-daily-italian-lesson.html,HOLD,,daily-italian-lesson (dated),TEMPLATED,0,,,,,1,,no entry traffic in 6yr; h1_count=0; TrafficWave
/18Aug-daily-italian-lesson.html,KEEP,/18Aug-daily-italian-lesson.html,daily-italian-lesson (dated),TEMPLATED,158,,,,,1,,h1_count=0; TrafficWave
/18Dec-daily-italian-lesson.html,KEEP,/18Dec-daily-italian-lesson.html,daily-italian-lesson (dated),TEMPLATED,59,,,,,1,,h1_count=0; TrafficWave
/18Feb-daily-italian-lesson.html,KEEP,/18Feb-daily-italian-lesson.html,daily-italian-lesson (dated),TEMPLATED,22,,,,,1,,h1_count=0; TrafficWave
/18Jan-daily-italian-lesson.html,KEEP,/18Jan-daily-italian-lesson.html,daily-italian-lesson (dated),TEMPLATED,106,,,,,1,,h1_count=0; TrafficWave
/18Jul-daily-italian-lesson.html,KEEP,/18Jul-daily-italian-lesson.html,daily-italian-lesson (dated),TEMPLATED,89,,,,,1,,h1_count=0; TrafficWave
/18Jun-daily-italian-lesson.html,HOLD,,daily-italian-lesson (dated),TEMPLATED,0,,,,,1,,no entry traffic in 6yr; h1_count=0; TrafficWave
/18Mar-daily-italian-lesson.html,KEEP,/18Mar-daily-italian-lesson.html,daily-italian-lesson (dated),TEMPLATED,170,,,,,1,,h1_count=0; TrafficWave
/18May-daily-italian-lesson.html,HOLD,,daily-italian-lesson (dated),TEMPLATED,0,,,,,1,,no entry traffic in 6yr; h1_count=0; TrafficWave
/18Nov-daily-italian-lesson.html,KEEP,/18Nov-daily-italian-lesson.html,daily-italian-lesson (dated),TEMPLATED,69,,,,,1,,h1_count=0; TrafficWave
/18Oct-daily-italian-lesson.html,KEEP,/18Oct-daily-italian-lesson.html,daily-italian-lesson (dated),TEMPLATED,24,,,,,1,,h1_count=0; TrafficWave
/18Sep-daily-italian-lesson.html,KEEP,/18Sep-daily-italian-lesson.html,daily-italian-lesson (dated),TEMPLATED,102,,,,,1,,h1_count=0; TrafficWave
/18french-proverb-a-day.html,HOLD,,proverb-a-day (Nlang),TEMPLATED,0,,,,,0,,h1_count=0
/18german-proverb-a-day.html,HOLD,,proverb-a-day (Nlang),TEMPLATED,0,,,,,0,,h1_count=0
/18spanish-proverb-a-day.html,HOLD,,proverb-a-day (Nlang),TEMPLATED,0,,,,,0,,h1_count=0
/18travel-french.html,HOLD,,travel-word (Ntravel),TEMPLATED,0,,,,,0,,h1_count=0
/18travel-german.html,HOLD,,travel-word (Ntravel),TEMPLATED,0,,,,,0,,h1_count=0
/18travel-spanish.html,HOLD,,travel-word (Ntravel),TEMPLATED,0,,,,,0,,h1_count=0
/19.french-word-a-day.html,KEEP,/19.french-word-a-day.html,french-word-a-day (N.),TEMPLATED,1323,,,,,0,,h1_count=0
/19.german-word-a-day.html,HOLD,,german-word-a-day (N.),TEMPLATED,0,,,,,0,,h1_count=0
/19.html,KEEP,/19.html,spanish word-of-day (N.html),TEMPLATED,439,,,,,1,,h1_count=0
/19Apr-daily-italian-lesson.html,HOLD,,daily-italian-lesson (dated),TEMPLATED,0,,,,,1,,no entry traffic in 6yr; h1_count=0; TrafficWave
/19Aug-daily-italian-lesson.html,HOLD,,daily-italian-lesson (dated),TEMPLATED,0,,,,,1,,no entry traffic in 6yr; h1_count=0; TrafficWave
/19Dec-daily-italian-lesson.html,KEEP,/19Dec-daily-italian-lesson.html,daily-italian-lesson (dated),TEMPLATED,855,,,,,1,,h1_count=0; TrafficWave
/19Feb-daily-italian-lesson.html,HOLD,,daily-italian-lesson (dated),TEMPLATED,0,,,,,1,,no entry traffic in 6yr; h1_count=0; TrafficWave
/19Jan-daily-italian-lesson.html,HOLD,,daily-italian-lesson (dated),TEMPLATED,0,,,,,1,,no entry traffic in 6yr; h1_count=0; TrafficWave
/19Jul-daily-italian-lesson.html,HOLD,,daily-italian-lesson (dated),TEMPLATED,0,,,,,1,,no entry traffic in 6yr; h1_count=0; TrafficWave
/19Jun-daily-italian-lesson.html,KEEP,/19Jun-daily-italian-lesson.html,daily-italian-lesson (dated),TEMPLATED,624,,,,,1,,h1_count=0; TrafficWave
/19Mar-daily-italian-lesson.html,KEEP,/19Mar-daily-italian-lesson.html,daily-italian-lesson (dated),TEMPLATED,7687,,,,,1,,h1_count=0; TrafficWave
/19May-daily-italian-lesson.html,KEEP,/19May-daily-italian-lesson.html,daily-italian-lesson (dated),TEMPLATED,228,,,,,1,,h1_count=0; TrafficWave
/19Nov-daily-italian-lesson.html,HOLD,,daily-italian-lesson (dated),TEMPLATED,0,,,,,1,,no entry traffic in 6yr; h1_count=0; TrafficWave
/19Oct-daily-italian-lesson.html,HOLD,,daily-italian-lesson (dated),TEMPLATED,0,,,,,1,,no entry traffic in 6yr; h1_count=0; TrafficWave
/19Sep-daily-italian-lesson.html,HOLD,,daily-italian-lesson (dated),TEMPLATED,0,,,,,1,,no entry traffic in 6yr; h1_count=0; TrafficWave
/19french-proverb-a-day.html,HOLD,,proverb-a-day (Nlang),TEMPLATED,0,,,,,0,,h1_count=0
/19german-proverb-a-day.html,HOLD,,proverb-a-day (Nlang),TEMPLATED,0,,,,,0,,h1_count=0
/19spanish-proverb-a-day.html,HOLD,,proverb-a-day (Nlang),TEMPLATED,0,,,,,0,,h1_count=0
/19travel-french.html,HOLD,,travel-word (Ntravel),TEMPLATED,0,,,,,0,,h1_count=0
/19travel-german.html,HOLD,,travel-word (Ntravel),TEMPLATED,0,,,,,0,,h1_count=0
/19travel-spanish.html,HOLD,,travel-word (Ntravel),TEMPLATED,0,,,,,0,,h1_count=0
/1Apr-daily-italian-lesson.html,KEEP,/1Apr-daily-italian-lesson.html,daily-italian-lesson (dated),TEMPLATED,65,,,,,1,,h1_count=0; TrafficWave
/1Aug-daily-italian-lesson.html,KEEP,/1Aug-daily-italian-lesson.html,daily-italian-lesson (dated),TEMPLATED,21,,,,,1,,h1_count=0; TrafficWave
/1Dec-daily-italian-lesson.html,KEEP,/1Dec-daily-italian-lesson.html,daily-italian-lesson (dated),TEMPLATED,6642,,,,,0,,h1_count=0; TrafficWave
/1Feb-daily-italian-lesson.html,KEEP,/1Feb-daily-italian-lesson.html,daily-italian-lesson (dated),TEMPLATED,70,,,,,1,,h1_count=0; TrafficWave
/1Jan-daily-italian-lesson.html,KEEP,/1Jan-daily-italian-lesson.html,daily-italian-lesson (dated),TEMPLATED,102,,,,,1,,h1_count=0; TrafficWave
/1Jul-daily-italian-lesson.html,HOLD,,daily-italian-lesson (dated),TEMPLATED,0,,,,,1,,no entry traffic in 6yr; h1_count=0; TrafficWave
/1Jun-daily-italian-lesson.html,KEEP,/1Jun-daily-italian-lesson.html,daily-italian-lesson (dated),TEMPLATED,302,,,,,1,,h1_count=0; TrafficWave
/1Mar-daily-german-lesson.html,KEEP,/1Mar-daily-german-lesson.html,lesson (other),bespoke,2879,,,,,1,,h1_count=0; TrafficWave
/1Mar-daily-italian-lesson.html,KEEP,/1Mar-daily-italian-lesson.html,daily-italian-lesson (dated),TEMPLATED,1833,,,,,1,,h1_count=0; TrafficWave
/1May-daily-italian-lesson.html,HOLD,,daily-italian-lesson (dated),TEMPLATED,0,,,,,1,,no entry traffic in 6yr; h1_count=0; TrafficWave
/1Nov-daily-italian-lesson.html,KEEP,/1Nov-daily-italian-lesson.html,daily-italian-lesson (dated),TEMPLATED,6485,,,,,0,,h1_count=0; TrafficWave
/1Oct-daily-italian-lesson.html,KEEP,/1Oct-daily-italian-lesson.html,daily-italian-lesson (dated),TEMPLATED,2224,,,,,1,,h1_count=0; TrafficWave
/1Sep-daily-italian-lesson.html,KEEP,/1Sep-daily-italian-lesson.html,daily-italian-lesson (dated),TEMPLATED,298,,,,,1,,h1_count=0; TrafficWave
/1spanish-proverb-a-day.html,HOLD,,proverb-a-day (Nlang),TEMPLATED,0,,,,,0,,h1_count=0
/2.french-word-a-day.html,KEEP,/2.french-word-a-day.html,french-word-a-day (N.),TEMPLATED,1202,,,,,0,,h1_count=0
/2.german-word-a-day.html,HOLD,,german-word-a-day (N.),TEMPLATED,0,,,,,0,,h1_count=0
/2.html,KEEP,/2.html,spanish word-of-day (N.html),TEMPLATED,220,,,,,0,,h1_count=0
/20.french-word-a-day.html,KEEP,/20.french-word-a-day.html,french-word-a-day (N.),TEMPLATED,1408,,,,,0,,h1_count=0
/20.german-word-a-day.html,HOLD,,german-word-a-day (N.),TEMPLATED,22,,,,,0,,h1_count=0
/20.html,KEEP,/20.html,spanish word-of-day (N.html),TEMPLATED,313,,,,,0,,h1_count=0
/200_Words_a_Day-backissues.html,301,/ezine,(not in sitemap),?,84,,,,,0,,301 target (hub TBD); no canonical
/200_Words_a_Day-learn-languages-newzine1.html,HOLD,,OTHER / bespoke,bespoke,0,,,,,2,,no entry traffic in 6yr; h1_count=0; no canonical
/200_Words_a_Day-learn-languages-newzine10.html,HOLD,,OTHER / bespoke,bespoke,0,,,,,1,,no entry traffic in 6yr; h1_count=0; no canonical
/200_Words_a_Day-learn-languages-newzine11.html,HOLD,,OTHER / bespoke,bespoke,0,,,,,1,,no entry traffic in 6yr; h1_count=0; no canonical
/200_Words_a_Day-learn-languages-newzine12.html,KEEP,/200_Words_a_Day-learn-languages-newzine12.html,OTHER / bespoke,bespoke,195,,,,,1,,h1_count=0; no canonical
/200_Words_a_Day-learn-languages-newzine13.html,HOLD,,OTHER / bespoke,bespoke,0,,,,,1,,no entry traffic in 6yr; h1_count=0; no canonical
/200_Words_a_Day-learn-languages-newzine14.html,HOLD,,OTHER / bespoke,bespoke,0,,,,,1,,no entry traffic in 6yr; h1_count=0; no canonical
/200_Words_a_Day-learn-languages-newzine15.html,HOLD,,OTHER / bespoke,bespoke,0,,,,,4,,no entry traffic in 6yr; h1_count=0; no canonical
/200_Words_a_Day-learn-languages-newzine16.html,HOLD,,OTHER / bespoke,bespoke,0,,,,,2,,no entry traffic in 6yr; h1_count=0; no canonical
/200_Words_a_Day-learn-languages-newzine17.html,HOLD,,OTHER / bespoke,bespoke,0,,,,,2,,no entry traffic in 6yr; h1_count=0; no canonical
/200_Words_a_Day-learn-languages-newzine18.html,HOLD,,OTHER / bespoke,bespoke,0,,,,,3,,no entry traffic in 6yr; h1_count=0; no canonical
/200_Words_a_Day-learn-languages-newzine19.html,KEEP,/200_Words_a_Day-learn-languages-newzine19.html,OTHER / bespoke,bespoke,47,,,,,1,,h1_count=0; no canonical
/200_Words_a_Day-learn-languages-newzine2.html,HOLD,,OTHER / bespoke,bespoke,0,,,,,2,,no entry traffic in 6yr; h1_count=0; no canonical
/200_Words_a_Day-learn-languages-newzine20.html,HOLD,,OTHER / bespoke,bespoke,0,,,,,1,,no entry traffic in 6yr; h1_count=0; no canonical
/200_Words_a_Day-learn-languages-newzine21.html,HOLD,,OTHER / bespoke,bespoke,0,,,,,1,,no entry traffic in 6yr; h1_count=0; no canonical
/200_Words_a_Day-learn-languages-newzine22.html,HOLD,,OTHER / bespoke,bespoke,0,,,,,1,,no entry traffic in 6yr; h1_count=0; no canonical
/200_Words_a_Day-learn-languages-newzine23.html,HOLD,,OTHER / bespoke,bespoke,0,,,,,1,,no entry traffic in 6yr; h1_count=0; no canonical
/200_Words_a_Day-learn-languages-newzine24.html,KEEP,/200_Words_a_Day-learn-languages-newzine24.html,OTHER / bespoke,bespoke,23,,,,,1,,h1_count=0; no canonical
/200_Words_a_Day-learn-languages-newzine26.html,HOLD,,OTHER / bespoke,bespoke,0,,,,,1,,no entry traffic in 6yr; h1_count=0; no canonical
/200_Words_a_Day-learn-languages-newzine27.html,HOLD,,OTHER / bespoke,bespoke,0,,,,,1,,no entry traffic in 6yr; h1_count=0; no canonical
/200_Words_a_Day-learn-languages-newzine28.html,HOLD,,OTHER / bespoke,bespoke,0,,,,,1,,no entry traffic in 6yr; h1_count=0; no canonical
/200_Words_a_Day-learn-languages-newzine29.html,HOLD,,OTHER / bespoke,bespoke,0,,,,,1,,no entry traffic in 6yr; h1_count=0; no canonical
/200_Words_a_Day-learn-languages-newzine3.html,HOLD,,OTHER / bespoke,bespoke,0,,,,,2,,no entry traffic in 6yr; h1_count=0; no canonical
/200_Words_a_Day-learn-languages-newzine30.html,HOLD,,OTHER / bespoke,bespoke,0,,,,,1,,no entry traffic in 6yr; h1_count=0; no canonical
/200_Words_a_Day-learn-languages-newzine31.html,HOLD,,OTHER / bespoke,bespoke,0,,,,,1,,no entry traffic in 6yr; h1_count=0; no canonical
/200_Words_a_Day-learn-languages-newzine32.html,HOLD,,OTHER / bespoke,bespoke,0,,,,,1,,no entry traffic in 6yr; h1_count=0; no canonical
/200_Words_a_Day-learn-languages-newzine33.html,HOLD,,OTHER / bespoke,bespoke,0,,,,,1,,no entry traffic in 6yr; h1_count=0; no canonical
/200_Words_a_Day-learn-languages-newzine34.html,HOLD,,OTHER / bespoke,bespoke,0,,,,,1,,no entry traffic in 6yr; h1_count=0; no canonical
/200_Words_a_Day-learn-languages-newzine35.html,HOLD,,OTHER / bespoke,bespoke,0,,,,,1,,no entry traffic in 6yr; h1_count=0; no canonical
/200_Words_a_Day-learn-languages-newzine36.html,HOLD,,OTHER / bespoke,bespoke,0,,,,,1,,no entry traffic in 6yr; h1_count=0; no canonical
/200_Words_a_Day-learn-languages-newzine37.html,KEEP,/200_Words_a_Day-learn-languages-newzine37.html,OTHER / bespoke,bespoke,28,,,,,1,,h1_count=0; no canonical
/200_Words_a_Day-learn-languages-newzine38.html,HOLD,,OTHER / bespoke,bespoke,0,,,,,1,,no entry traffic in 6yr; h1_count=0; no canonical
/200_Words_a_Day-learn-languages-newzine39.html,HOLD,,OTHER / bespoke,bespoke,0,,,,,1,,no entry traffic in 6yr; h1_count=0; no canonical
/200_Words_a_Day-learn-languages-newzine4.html,HOLD,,OTHER / bespoke,bespoke,0,,,,,2,,no entry traffic in 6yr; h1_count=0; no canonical
/200_Words_a_Day-learn-languages-newzine40.html,HOLD,,OTHER / bespoke,bespoke,0,,,,,1,,no entry traffic in 6yr; h1_count=0; no canonical
/200_Words_a_Day-learn-languages-newzine41.html,HOLD,,OTHER / bespoke,bespoke,0,,,,,1,,no entry traffic in 6yr; h1_count=0; no canonical
/200_Words_a_Day-learn-languages-newzine42.html,HOLD,,OTHER / bespoke,bespoke,0,,,,,1,,no entry traffic in 6yr; h1_count=0; no canonical
/200_Words_a_Day-learn-languages-newzine43.html,HOLD,,OTHER / bespoke,bespoke,0,,,,,1,,no entry traffic in 6yr; h1_count=0; no canonical
/200_Words_a_Day-learn-languages-newzine44.html,HOLD,,OTHER / bespoke,bespoke,0,,,,,1,,no entry traffic in 6yr; h1_count=0; no canonical
/200_Words_a_Day-learn-languages-newzine45.html,HOLD,,OTHER / bespoke,bespoke,0,,,,,1,,no entry traffic in 6yr; h1_count=0; no canonical
/200_Words_a_Day-learn-languages-newzine46.html,HOLD,,OTHER / bespoke,bespoke,0,,,,,1,,no entry traffic in 6yr; h1_count=0; no canonical
/200_Words_a_Day-learn-languages-newzine47.html,KEEP,/200_Words_a_Day-learn-languages-newzine47.html,OTHER / bespoke,bespoke,24,,,,,1,,h1_count=0; no canonical
/200_Words_a_Day-learn-languages-newzine48.html,KEEP,/200_Words_a_Day-learn-languages-newzine48.html,OTHER / bespoke,bespoke,84,,,,,1,,h1_count=0; no canonical
/200_Words_a_Day-learn-languages-newzine5.html,KEEP,/200_Words_a_Day-learn-languages-newzine5.html,OTHER / bespoke,bespoke,63,,,,,3,,h1_count=0; no canonical
/200_Words_a_Day-learn-languages-newzine6.html,HOLD,,OTHER / bespoke,bespoke,0,,,,,3,,no entry traffic in 6yr; h1_count=0; no canonical
/200_Words_a_Day-learn-languages-newzine7.html,HOLD,,OTHER / bespoke,bespoke,0,,,,,3,,no entry traffic in 6yr; h1_count=0; no canonical
/200_Words_a_Day-learn-languages-newzine8.html,HOLD,,OTHER / bespoke,bespoke,0,,,,,3,,no entry traffic in 6yr; h1_count=0; no canonical
/200_Words_a_Day-learn-languages-newzine9.html,HOLD,,OTHER / bespoke,bespoke,0,,,,,4,,no entry traffic in 6yr; h1_count=0; no canonical
/200words-a-day-technical-help.html,KEEP,/200words-a-day-technical-help.html,OTHER / bespoke,bespoke,17994,,,,,11,,h1_count=0
/200words-a-dayEx01.html,HOLD,,OTHER / bespoke,bespoke,0,,,,,1,,no entry traffic in 6yr; h1_count=0
/200words-a-dayEx02.html,HOLD,,OTHER / bespoke,bespoke,0,,,,,1,,no entry traffic in 6yr; h1_count=0
/200words-a-dayEx03.html,HOLD,,OTHER / bespoke,bespoke,0,,,,,1,,no entry traffic in 6yr; h1_count=0
/200words-a-dayEx04.html,HOLD,,OTHER / bespoke,bespoke,0,,,,,1,,no entry traffic in 6yr; h1_count=0
/200words-a-dayEx05.html,HOLD,,OTHER / bespoke,bespoke,0,,,,,1,,no entry traffic in 6yr; h1_count=0
/200words-a-dayEx06.html,HOLD,,OTHER / bespoke,bespoke,0,,,,,1,,no entry traffic in 6yr; h1_count=0
/200words-a-daytest.html,HOLD,,OTHER / bespoke,bespoke,0,,,,,2,,no entry traffic in 6yr; h1_count=0
/200words-a-daytest2.html,HOLD,,OTHER / bespoke,bespoke,0,,,,,2,,no entry traffic in 6yr; h1_count=0
/20Apr-daily-italian-lesson.html,KEEP,/20Apr-daily-italian-lesson.html,daily-italian-lesson (dated),TEMPLATED,361,,,,,1,,h1_count=0; TrafficWave
/20Aug-daily-italian-lesson.html,KEEP,/20Aug-daily-italian-lesson.html,daily-italian-lesson (dated),TEMPLATED,59,,,,,1,,h1_count=0; TrafficWave
/20Dec-daily-italian-lesson.html,KEEP,/20Dec-daily-italian-lesson.html,daily-italian-lesson (dated),TEMPLATED,189,,,,,1,,h1_count=0; TrafficWave
/20Feb-daily-italian-lesson.html,KEEP,/20Feb-daily-italian-lesson.html,daily-italian-lesson (dated),TEMPLATED,177,,,,,1,,h1_count=0; TrafficWave
/20Jan-daily-italian-lesson.html,KEEP,/20Jan-daily-italian-lesson.html,daily-italian-lesson (dated),TEMPLATED,53,,,,,1,,h1_count=0; TrafficWave
/20Jul-daily-italian-lesson.html,KEEP,/20Jul-daily-italian-lesson.html,daily-italian-lesson (dated),TEMPLATED,106,,,,,1,,h1_count=0; TrafficWave
/20Jun-daily-italian-lesson.html,KEEP,/20Jun-daily-italian-lesson.html,daily-italian-lesson (dated),TEMPLATED,66,,,,,1,,h1_count=0; TrafficWave
/20Mar-daily-italian-lesson.html,KEEP,/20Mar-daily-italian-lesson.html,daily-italian-lesson (dated),TEMPLATED,375,,,,,1,,h1_count=0; TrafficWave
/20May-daily-italian-lesson.html,HOLD,,daily-italian-lesson (dated),TEMPLATED,0,,,,,0,,no entry traffic in 6yr; h1_count=0; TrafficWave
/20Nov-daily-italian-lesson.html,KEEP,/20Nov-daily-italian-lesson.html,daily-italian-lesson (dated),TEMPLATED,1220,,,,,1,,h1_count=0; TrafficWave
/20Oct-daily-italian-lesson.html,HOLD,,daily-italian-lesson (dated),TEMPLATED,0,,,,,1,,no entry traffic in 6yr; h1_count=0; TrafficWave
/20Sep-daily-italian-lesson.html,KEEP,/20Sep-daily-italian-lesson.html,daily-italian-lesson (dated),TEMPLATED,123,,,,,0,,h1_count=0; TrafficWave
/20french-proverb-a-day.html,HOLD,,proverb-a-day (Nlang),TEMPLATED,0,,,,,0,,h1_count=0
/20german-proverb-a-day.html,HOLD,,proverb-a-day (Nlang),TEMPLATED,0,,,,,0,,h1_count=0
/20spanish-proverb-a-day.html,HOLD,,proverb-a-day (Nlang),TEMPLATED,0,,,,,0,,h1_count=0
/20travel-french.html,HOLD,,travel-word (Ntravel),TEMPLATED,53,,,,,0,,h1_count=0
/20travel-german.html,HOLD,,travel-word (Ntravel),TEMPLATED,0,,,,,0,,h1_count=0
/20travel-spanish.html,HOLD,,travel-word (Ntravel),TEMPLATED,16,,,,,0,,h1_count=0
/21.french-word-a-day.html,KEEP,/21.french-word-a-day.html,french-word-a-day (N.),TEMPLATED,1296,,,,,0,,h1_count=0
/21.html,KEEP,/21.html,spanish word-of-day (N.html),TEMPLATED,425,,,,,0,,h1_count=0
/21Apr-daily-italian-lesson.html,KEEP,/21Apr-daily-italian-lesson.html,daily-italian-lesson (dated),TEMPLATED,38,,,,,1,,h1_count=0; TrafficWave
/21Aug-daily-italian-lesson.html,KEEP,/21Aug-daily-italian-lesson.html,daily-italian-lesson (dated),TEMPLATED,18,,,,,1,,h1_count=0; TrafficWave
/21Dec-daily-italian-lesson.html,HOLD,,daily-italian-lesson (dated),TEMPLATED,0,,,,,1,,no entry traffic in 6yr; h1_count=0; TrafficWave
/21Feb-daily-italian-lesson.html,HOLD,,daily-italian-lesson (dated),TEMPLATED,0,,,,,1,,no entry traffic in 6yr; h1_count=0; TrafficWave
/21Jan-daily-italian-lesson.html,HOLD,,daily-italian-lesson (dated),TEMPLATED,0,,,,,1,,no entry traffic in 6yr; h1_count=0; TrafficWave
/21Jul-daily-italian-lesson.html,KEEP,/21Jul-daily-italian-lesson.html,daily-italian-lesson (dated),TEMPLATED,112,,,,,1,,h1_count=0; TrafficWave
/21Jun-daily-italian-lesson.html,KEEP,/21Jun-daily-italian-lesson.html,daily-italian-lesson (dated),TEMPLATED,1104,,,,,1,,h1_count=0; TrafficWave
/21Mar-daily-italian-lesson.html,KEEP,/21Mar-daily-italian-lesson.html,daily-italian-lesson (dated),TEMPLATED,4927,,,,,1,,h1_count=0; TrafficWave
/21May-daily-italian-lesson.html,KEEP,/21May-daily-italian-lesson.html,daily-italian-lesson (dated),TEMPLATED,57,,,,,1,,h1_count=0; TrafficWave
/21Nov-daily-italian-lesson.html,KEEP,/21Nov-daily-italian-lesson.html,daily-italian-lesson (dated),TEMPLATED,714,,,,,1,,h1_count=0; TrafficWave
/21Oct-daily-italian-lesson.html,KEEP,/21Oct-daily-italian-lesson.html,daily-italian-lesson (dated),TEMPLATED,32,,,,,1,,h1_count=0; TrafficWave
/21Sep-daily-italian-lesson.html,KEEP,/21Sep-daily-italian-lesson.html,daily-italian-lesson (dated),TEMPLATED,99,,,,,1,,h1_count=0; TrafficWave
/21french-proverb-a-day.html,HOLD,,proverb-a-day (Nlang),TEMPLATED,0,,,,,0,,h1_count=0
/21german-proverb-a-day.html,HOLD,,proverb-a-day (Nlang),TEMPLATED,0,,,,,0,,h1_count=0
/21spanish-proverb-a-day.html,HOLD,,proverb-a-day (Nlang),TEMPLATED,0,,,,,0,,h1_count=0
/21travel-spanish.html,HOLD,,travel-word (Ntravel),TEMPLATED,0,,,,,0,,h1_count=0
/22.french-word-a-day.html,KEEP,/22.french-word-a-day.html,french-word-a-day (N.),TEMPLATED,1420,,,,,0,,h1_count=0
/22.german-word-a-day.html,HOLD,,german-word-a-day (N.),TEMPLATED,59,,,,,0,,h1_count=0
/22.html,KEEP,/22.html,spanish word-of-day (N.html),TEMPLATED,335,,,,,0,,h1_count=0
/22Apr-daily-italian-lesson.html,KEEP,/22Apr-daily-italian-lesson.html,daily-italian-lesson (dated),TEMPLATED,202,,,,,1,,h1_count=0; TrafficWave
/22Apr-french-word.html,HOLD,,OTHER / bespoke,bespoke,0,,,,,5,,no entry traffic in 6yr
/22Aug-daily-italian-lesson.html,KEEP,/22Aug-daily-italian-lesson.html,daily-italian-lesson (dated),TEMPLATED,76,,,,,1,,h1_count=0; TrafficWave
/22Dec-daily-italian-lesson.html,HOLD,,daily-italian-lesson (dated),TEMPLATED,0,,,,,1,,no entry traffic in 6yr; h1_count=0; TrafficWave
/22Feb-daily-italian-lesson.html,HOLD,,daily-italian-lesson (dated),TEMPLATED,0,,,,,1,,no entry traffic in 6yr; h1_count=0; TrafficWave
/22Jan-daily-french-lesson.html,REVIEW,,(unknown),,0,,,,,0,,no entry traffic in 6yr; HTTP 404 in crawl
/22Jan-daily-italian-lesson.html,KEEP,/22Jan-daily-italian-lesson.html,daily-italian-lesson (dated),TEMPLATED,63,,,,,1,,h1_count=0; TrafficWave
/22Jul-daily-italian-lesson.html,HOLD,,daily-italian-lesson (dated),TEMPLATED,0,,,,,1,,no entry traffic in 6yr; h1_count=0; TrafficWave
/22Jun-daily-italian-lesson.html,KEEP,/22Jun-daily-italian-lesson.html,daily-italian-lesson (dated),TEMPLATED,336,,,,,1,,h1_count=0; TrafficWave
/22Mar-daily-italian-lesson.html,KEEP,/22Mar-daily-italian-lesson.html,daily-italian-lesson (dated),TEMPLATED,121,,,,,1,,h1_count=0; TrafficWave
/22May-daily-italian-lesson.html,HOLD,,daily-italian-lesson (dated),TEMPLATED,0,,,,,1,,no entry traffic in 6yr; h1_count=0; TrafficWave
/22Nov-daily-italian-lesson.html,KEEP,/22Nov-daily-italian-lesson.html,daily-italian-lesson (dated),TEMPLATED,29,,,,,1,,h1_count=0; TrafficWave
/22Oct-daily-italian-lesson.html,KEEP,/22Oct-daily-italian-lesson.html,daily-italian-lesson (dated),TEMPLATED,65,,,,,1,,h1_count=0; TrafficWave
/22Sep-daily-italian-lesson.html,KEEP,/22Sep-daily-italian-lesson.html,daily-italian-lesson (dated),TEMPLATED,358,,,,,1,,h1_count=0; TrafficWave
/22german-proverb-a-day.html,HOLD,,proverb-a-day (Nlang),TEMPLATED,0,,,,,0,,h1_count=0
/22spanish-proverb-a-day.html,HOLD,,proverb-a-day (Nlang),TEMPLATED,52,,,,,0,,h1_count=0
/22travel-spanish.html,HOLD,,travel-word (Ntravel),TEMPLATED,0,,,,,0,,h1_count=0
/23.french-word-a-day.html,KEEP,/23.french-word-a-day.html,french-word-a-day (N.),TEMPLATED,1342,,,,,0,,h1_count=0
/23.german-word-a-day.html,HOLD,,german-word-a-day (N.),TEMPLATED,29,,,,,0,,h1_count=0
/23.html,KEEP,/23.html,spanish word-of-day (N.html),TEMPLATED,429,,,,,0,,h1_count=0
/23Apr-daily-italian-lesson.html,KEEP,/23Apr-daily-italian-lesson.html,daily-italian-lesson (dated),TEMPLATED,277,,,,,1,,h1_count=0; TrafficWave
/23Aug-daily-italian-lesson.html,KEEP,/23Aug-daily-italian-lesson.html,daily-italian-lesson (dated),TEMPLATED,20,,,,,1,,h1_count=0; TrafficWave
/23Dec-daily-italian-lesson.html,KEEP,/23Dec-daily-italian-lesson.html,daily-italian-lesson (dated),TEMPLATED,4245,,,,,1,,h1_count=0; TrafficWave
/23Feb-daily-italian-lesson.html,KEEP,/23Feb-daily-italian-lesson.html,daily-italian-lesson (dated),TEMPLATED,58,,,,,1,,h1_count=0; TrafficWave
/23Jan-daily-french-lesson.html,REVIEW,,(unknown),,0,,,,,0,,no entry traffic in 6yr; HTTP 404 in crawl
/23Jan-daily-italian-lesson.html,HOLD,,daily-italian-lesson (dated),TEMPLATED,0,,,,,1,,no entry traffic in 6yr; h1_count=0; TrafficWave
/23Jul-daily-italian-lesson.html,KEEP,/23Jul-daily-italian-lesson.html,daily-italian-lesson (dated),TEMPLATED,111,,,,,1,,h1_count=0; TrafficWave
/23Jun-daily-italian-lesson.html,HOLD,,daily-italian-lesson (dated),TEMPLATED,0,,,,,1,,no entry traffic in 6yr; h1_count=0; TrafficWave
/23Mar-daily-italian-lesson.html,KEEP,/23Mar-daily-italian-lesson.html,daily-italian-lesson (dated),TEMPLATED,251,,,,,1,,h1_count=0; TrafficWave
/23May-daily-italian-lesson.html,HOLD,,daily-italian-lesson (dated),TEMPLATED,0,,,,,1,,no entry traffic in 6yr; h1_count=0; TrafficWave
/23Nov-daily-italian-lesson.html,KEEP,/23Nov-daily-italian-lesson.html,daily-italian-lesson (dated),TEMPLATED,990,,,,,1,,h1_count=0; TrafficWave
/23Oct-daily-italian-lesson.html,KEEP,/23Oct-daily-italian-lesson.html,daily-italian-lesson (dated),TEMPLATED,336,,,,,1,,h1_count=0; TrafficWave
/23Sep-daily-italian-lesson.html,HOLD,,daily-italian-lesson (dated),TEMPLATED,0,,,,,1,,no entry traffic in 6yr; h1_count=0; TrafficWave
/23french-proverb-a-day.html,HOLD,,proverb-a-day (Nlang),TEMPLATED,0,,,,,0,,h1_count=0
/23german-proverb-a-day.html,HOLD,,proverb-a-day (Nlang),TEMPLATED,0,,,,,0,,h1_count=0
/23spanish-proverb-a-day.html,HOLD,,proverb-a-day (Nlang),TEMPLATED,0,,,,,0,,h1_count=0
/23travel-french.html,HOLD,,travel-word (Ntravel),TEMPLATED,0,,,,,0,,h1_count=0
/23travel-german.html,HOLD,,travel-word (Ntravel),TEMPLATED,64,,,,,0,,h1_count=0
/23travel-spanish.html,HOLD,,travel-word (Ntravel),TEMPLATED,0,,,,,0,,h1_count=0
/24.french-word-a-day.html,KEEP,/24.french-word-a-day.html,french-word-a-day (N.),TEMPLATED,1295,,,,,0,,h1_count=0
/24.german-word-a-day.html,HOLD,,german-word-a-day (N.),TEMPLATED,54,,,,,0,,h1_count=0
/24.html,KEEP,/24.html,spanish word-of-day (N.html),TEMPLATED,414,,,,,0,,h1_count=0
/24Apr-daily-italian-lesson.html,KEEP,/24Apr-daily-italian-lesson.html,daily-italian-lesson (dated),TEMPLATED,42,,,,,1,,h1_count=0; TrafficWave
/24Aug-daily-italian-lesson.html,KEEP,/24Aug-daily-italian-lesson.html,daily-italian-lesson (dated),TEMPLATED,579,,,,,1,,h1_count=0; TrafficWave
/24Dec-daily-italian-lesson.html,KEEP,/24Dec-daily-italian-lesson.html,daily-italian-lesson (dated),TEMPLATED,196,,,,,1,,h1_count=0; TrafficWave
/24Feb-daily-italian-lesson.html,KEEP,/24Feb-daily-italian-lesson.html,daily-italian-lesson (dated),TEMPLATED,3712,,,,,1,,h1_count=0; TrafficWave
/24Jan-daily-italian-lesson.html,KEEP,/24Jan-daily-italian-lesson.html,daily-italian-lesson (dated),TEMPLATED,283,,,,,1,,h1_count=0; TrafficWave
/24Jul-daily-italian-lesson.html,KEEP,/24Jul-daily-italian-lesson.html,daily-italian-lesson (dated),TEMPLATED,101,,,,,1,,h1_count=0; TrafficWave
/24Jun-daily-italian-lesson.html,KEEP,/24Jun-daily-italian-lesson.html,daily-italian-lesson (dated),TEMPLATED,2585,,,,,1,,h1_count=0; TrafficWave
/24Mar-daily-italian-lesson.html,KEEP,/24Mar-daily-italian-lesson.html,daily-italian-lesson (dated),TEMPLATED,208,,,,,1,,h1_count=0; TrafficWave
/24May-daily-italian-lesson.html,KEEP,/24May-daily-italian-lesson.html,daily-italian-lesson (dated),TEMPLATED,112,,,,,1,,h1_count=0; TrafficWave
/24Nov-daily-italian-lesson.html,HOLD,,daily-italian-lesson (dated),TEMPLATED,0,,,,,1,,no entry traffic in 6yr; h1_count=0; TrafficWave
/24Oct-daily-italian-lesson.html,KEEP,/24Oct-daily-italian-lesson.html,daily-italian-lesson (dated),TEMPLATED,6969,,,,,1,,h1_count=0; TrafficWave
/24Sep-daily-italian-lesson.html,HOLD,,daily-italian-lesson (dated),TEMPLATED,0,,,,,1,,no entry traffic in 6yr; h1_count=0; TrafficWave
/24french-proverb-a-day.html,HOLD,,proverb-a-day (Nlang),TEMPLATED,0,,,,,0,,h1_count=0
/24german-proverb-a-day.html,HOLD,,proverb-a-day (Nlang),TEMPLATED,0,,,,,0,,h1_count=0
/24spanish-proverb-a-day.html,HOLD,,proverb-a-day (Nlang),TEMPLATED,0,,,,,0,,h1_count=0
/24travel-french.html,HOLD,,travel-word (Ntravel),TEMPLATED,0,,,,,0,,h1_count=0
/24travel-german.html,HOLD,,travel-word (Ntravel),TEMPLATED,0,,,,,0,,h1_count=0
/24travel-spanish.html,HOLD,,travel-word (Ntravel),TEMPLATED,113,,,,,0,,h1_count=0
/25-tip-of-the-day.html,HOLD,,OTHER / bespoke,bespoke,0,,,,,10,,no entry traffic in 6yr; h1_count=0
/25.french-word-a-day.html,KEEP,/25.french-word-a-day.html,french-word-a-day (N.),TEMPLATED,1224,,,,,0,,h1_count=0
/25.german-word-a-day.html,HOLD,,german-word-a-day (N.),TEMPLATED,0,,,,,0,,h1_count=0
/25.html,KEEP,/25.html,spanish word-of-day (N.html),TEMPLATED,254,,,,,0,,h1_count=0
/25Apr-daily-italian-lesson.html,HOLD,,daily-italian-lesson (dated),TEMPLATED,0,,,,,1,,no entry traffic in 6yr; h1_count=0; TrafficWave
/25Aug-daily-italian-lesson.html,HOLD,,daily-italian-lesson (dated),TEMPLATED,0,,,,,1,,no entry traffic in 6yr; h1_count=0; TrafficWave
/25Dec-daily-italian-lesson.html,HOLD,,daily-italian-lesson (dated),TEMPLATED,0,,,,,1,,no entry traffic in 6yr; h1_count=0; TrafficWave
/25Feb-daily-italian-lesson.html,KEEP,/25Feb-daily-italian-lesson.html,daily-italian-lesson (dated),TEMPLATED,52,,,,,1,,h1_count=0; TrafficWave
/25Jan-daily-italian-lesson.html,KEEP,/25Jan-daily-italian-lesson.html,daily-italian-lesson (dated),TEMPLATED,821,,,,,1,,h1_count=0; TrafficWave
/25Jul-daily-italian-lesson.html,KEEP,/25Jul-daily-italian-lesson.html,daily-italian-lesson (dated),TEMPLATED,109,,,,,1,,h1_count=0; TrafficWave
/25Jun-daily-italian-lesson.html,HOLD,,daily-italian-lesson (dated),TEMPLATED,0,,,,,1,,no entry traffic in 6yr; h1_count=0; TrafficWave
/25Mar-daily-italian-lesson.html,KEEP,/25Mar-daily-italian-lesson.html,daily-italian-lesson (dated),TEMPLATED,1288,,,,,1,,h1_count=0; TrafficWave
/25May-daily-italian-lesson.html,KEEP,/25May-daily-italian-lesson.html,daily-italian-lesson (dated),TEMPLATED,64,,,,,1,,h1_count=0; TrafficWave
/25Nov-daily-italian-lesson.html,KEEP,/25Nov-daily-italian-lesson.html,daily-italian-lesson (dated),TEMPLATED,110,,,,,1,,h1_count=0; TrafficWave
/25Oct-daily-italian-lesson.html,KEEP,/25Oct-daily-italian-lesson.html,daily-italian-lesson (dated),TEMPLATED,2693,,,,,1,,h1_count=0; TrafficWave
/25Sep-daily-italian-lesson.html,HOLD,,daily-italian-lesson (dated),TEMPLATED,0,,,,,1,,no entry traffic in 6yr; h1_count=0; TrafficWave
/25french-proverb-a-day.html,HOLD,,proverb-a-day (Nlang),TEMPLATED,17,,,,,0,,h1_count=0
/25german-proverb-a-day.html,HOLD,,proverb-a-day (Nlang),TEMPLATED,0,,,,,0,,h1_count=0
/25spanish-proverb-a-day.html,HOLD,,proverb-a-day (Nlang),TEMPLATED,102,,,,,0,,h1_count=0
/25travel-french.html,HOLD,,travel-word (Ntravel),TEMPLATED,0,,,,,0,,h1_count=0
/25travel-spanish.html,HOLD,,travel-word (Ntravel),TEMPLATED,0,,,,,0,,h1_count=0
/26.french-word-a-day.html,KEEP,/26.french-word-a-day.html,french-word-a-day (N.),TEMPLATED,1490,,,,,0,,h1_count=0
/26.german-word-a-day.html,HOLD,,german-word-a-day (N.),TEMPLATED,0,,,,,0,,h1_count=0
/26.html,KEEP,/26.html,spanish word-of-day (N.html),TEMPLATED,292,,,,,0,,h1_count=0
/26.spanish-proverb-a-day.html,HOLD,,proverb (other),bespoke,0,,,,,0,,no entry traffic in 6yr; h1_count=0
/26Apr-daily-italian-lesson.html,KEEP,/26Apr-daily-italian-lesson.html,daily-italian-lesson (dated),TEMPLATED,36,,,,,1,,h1_count=0; TrafficWave
/26Aug-daily-italian-lesson.html,KEEP,/26Aug-daily-italian-lesson.html,daily-italian-lesson (dated),TEMPLATED,1182,,,,,1,,h1_count=0; TrafficWave
/26Dec-daily-italian-lesson.html,HOLD,,daily-italian-lesson (dated),TEMPLATED,0,,,,,1,,no entry traffic in 6yr; h1_count=0; TrafficWave
/26Feb-daily-italian-lesson.html,KEEP,/26Feb-daily-italian-lesson.html,daily-italian-lesson (dated),TEMPLATED,46,,,,,1,,h1_count=0; TrafficWave
/26Jan-daily-italian-lesson.html,KEEP,/26Jan-daily-italian-lesson.html,daily-italian-lesson (dated),TEMPLATED,101,,,,,2,,h1_count=0; TrafficWave
/26Jul-daily-italian-lesson.html,KEEP,/26Jul-daily-italian-lesson.html,daily-italian-lesson (dated),TEMPLATED,22,,,,,1,,h1_count=0; TrafficWave
/26Jun-daily-italian-lesson.html,KEEP,/26Jun-daily-italian-lesson.html,daily-italian-lesson (dated),TEMPLATED,98,,,,,1,,h1_count=0; TrafficWave
/26Mar-daily-italian-lesson.html,HOLD,,daily-italian-lesson (dated),TEMPLATED,0,,,,,1,,no entry traffic in 6yr; h1_count=0; TrafficWave
/26May-daily-italian-lesson.html,KEEP,/26May-daily-italian-lesson.html,daily-italian-lesson (dated),TEMPLATED,109,,,,,1,,h1_count=0; TrafficWave
/26Nov-daily-italian-lesson.html,HOLD,,daily-italian-lesson (dated),TEMPLATED,0,,,,,1,,no entry traffic in 6yr; h1_count=0; TrafficWave
/26Oct-daily-italian-lesson.html,KEEP,/26Oct-daily-italian-lesson.html,daily-italian-lesson (dated),TEMPLATED,36,,,,,1,,h1_count=0; TrafficWave
/26Sep-daily-italian-lesson.html,KEEP,/26Sep-daily-italian-lesson.html,daily-italian-lesson (dated),TEMPLATED,22,,,,,1,,h1_count=0; TrafficWave
/26french-proverb-a-day.html,HOLD,,proverb-a-day (Nlang),TEMPLATED,0,,,,,0,,h1_count=0
/26german-proverb-a-day.html,HOLD,,proverb-a-day (Nlang),TEMPLATED,0,,,,,0,,h1_count=0
/26spanish-proverb-a-day.html,HOLD,,proverb-a-day (Nlang),TEMPLATED,0,,,,,0,,h1_count=0
/26travel-french.html,HOLD,,travel-word (Ntravel),TEMPLATED,0,,,,,0,,h1_count=0
/26travel-german.html,HOLD,,travel-word (Ntravel),TEMPLATED,0,,,,,0,,h1_count=0
/26travel-spanish.html,HOLD,,travel-word (Ntravel),TEMPLATED,0,,,,,0,,h1_count=0
/27.french-word-a-day.html,KEEP,/27.french-word-a-day.html,french-word-a-day (N.),TEMPLATED,1194,,,,,0,,h1_count=0
/27.german-word-a-day.html,HOLD,,german-word-a-day (N.),TEMPLATED,35,,,,,0,,h1_count=0
/27.html,KEEP,/27.html,spanish word-of-day (N.html),TEMPLATED,322,,,,,0,,h1_count=0
/27Apr-daily-italian-lesson.html,HOLD,,daily-italian-lesson (dated),TEMPLATED,0,,,,,1,,no entry traffic in 6yr; h1_count=0; TrafficWave
/27Aug-daily-italian-lesson.html,HOLD,,daily-italian-lesson (dated),TEMPLATED,0,,,,,1,,no entry traffic in 6yr; h1_count=0; TrafficWave
/27Dec-daily-italian-lesson.html,HOLD,,daily-italian-lesson (dated),TEMPLATED,0,,,,,1,,no entry traffic in 6yr; h1_count=0; TrafficWave
/27Feb-daily-italian-lesson.html,KEEP,/27Feb-daily-italian-lesson.html,daily-italian-lesson (dated),TEMPLATED,4127,,,,,1,,h1_count=0; TrafficWave
/27Jan-daily-italian-lesson.html,HOLD,,daily-italian-lesson (dated),TEMPLATED,0,,,,,1,,no entry traffic in 6yr; h1_count=0; TrafficWave
/27Jul-daily-italian-lesson.html,HOLD,,daily-italian-lesson (dated),TEMPLATED,0,,,,,1,,no entry traffic in 6yr; h1_count=0; TrafficWave
/27Jun-daily-italian-lesson.html,KEEP,/27Jun-daily-italian-lesson.html,daily-italian-lesson (dated),TEMPLATED,75,,,,,1,,h1_count=0; TrafficWave
/27Mar-daily-italian-lesson.html,HOLD,,daily-italian-lesson (dated),TEMPLATED,0,,,,,1,,no entry traffic in 6yr; h1_count=0; TrafficWave
/27May-daily-italian-lesson.html,HOLD,,daily-italian-lesson (dated),TEMPLATED,0,,,,,1,,no entry traffic in 6yr; h1_count=0; TrafficWave
/27Nov-daily-italian-lesson.html,HOLD,,daily-italian-lesson (dated),TEMPLATED,0,,,,,1,,no entry traffic in 6yr; h1_count=0; TrafficWave
/27Oct-daily-italian-lesson.html,KEEP,/27Oct-daily-italian-lesson.html,daily-italian-lesson (dated),TEMPLATED,1688,,,,,1,,h1_count=0; TrafficWave
/27Sep-daily-italian-lesson.html,HOLD,,daily-italian-lesson (dated),TEMPLATED,0,,,,,1,,no entry traffic in 6yr; h1_count=0; TrafficWave
/27french-proverb-a-day.html,HOLD,,proverb-a-day (Nlang),TEMPLATED,0,,,,,0,,h1_count=0
/27german-proverb-a-day.html,HOLD,,proverb-a-day (Nlang),TEMPLATED,0,,,,,0,,h1_count=0
/27spanish-proverb-a-day.html,HOLD,,proverb-a-day (Nlang),TEMPLATED,0,,,,,0,,h1_count=0
/27travel-french.html,HOLD,,travel-word (Ntravel),TEMPLATED,0,,,,,0,,h1_count=0
/27travel-german.html,HOLD,,travel-word (Ntravel),TEMPLATED,48,,,,,0,,h1_count=0
/27travel-spanish.html,HOLD,,travel-word (Ntravel),TEMPLATED,0,,,,,0,,h1_count=0
/28.french-word-a-day.html,KEEP,/28.french-word-a-day.html,french-word-a-day (N.),TEMPLATED,1429,,,,,0,,h1_count=0
/28.german-word-a-day.html,HOLD,,german-word-a-day (N.),TEMPLATED,0,,,,,0,,h1_count=0
/28.html,KEEP,/28.html,spanish word-of-day (N.html),TEMPLATED,408,,,,,0,,h1_count=0
/28Apr-daily-italian-lesson.html,HOLD,,daily-italian-lesson (dated),TEMPLATED,0,,,,,1,,no entry traffic in 6yr; h1_count=0; TrafficWave
/28Aug-daily-italian-lesson.html,KEEP,/28Aug-daily-italian-lesson.html,daily-italian-lesson (dated),TEMPLATED,2143,,,,,1,,h1_count=0; TrafficWave
/28Dec-daily-italian-lesson.html,KEEP,/28Dec-daily-italian-lesson.html,daily-italian-lesson (dated),TEMPLATED,54,,,,,1,,h1_count=0; TrafficWave
/28Feb-daily-italian-lesson.html,KEEP,/28Feb-daily-italian-lesson.html,daily-italian-lesson (dated),TEMPLATED,14809,,,,,1,,h1_count=0; TrafficWave
/28Jan-daily-italian-lesson.html,KEEP,/28Jan-daily-italian-lesson.html,daily-italian-lesson (dated),TEMPLATED,24,,,,,1,,h1_count=0; TrafficWave
/28Jul-daily-italian-lesson.html,HOLD,,daily-italian-lesson (dated),TEMPLATED,0,,,,,1,,no entry traffic in 6yr; h1_count=0; TrafficWave
/28Jun-daily-italian-lesson.html,KEEP,/28Jun-daily-italian-lesson.html,daily-italian-lesson (dated),TEMPLATED,133,,,,,1,,h1_count=0; TrafficWave
/28Mar-daily-italian-lesson.html,HOLD,,daily-italian-lesson (dated),TEMPLATED,0,,,,,1,,no entry traffic in 6yr; h1_count=0; TrafficWave
/28May-daily-italian-lesson.html,KEEP,/28May-daily-italian-lesson.html,daily-italian-lesson (dated),TEMPLATED,167,,,,,1,,h1_count=0; TrafficWave
/28Nov-daily-italian-lesson.html,HOLD,,daily-italian-lesson (dated),TEMPLATED,0,,,,,1,,no entry traffic in 6yr; h1_count=0; TrafficWave
/28Oct-daily-italian-lesson.html,KEEP,/28Oct-daily-italian-lesson.html,daily-italian-lesson (dated),TEMPLATED,310,,,,,1,,h1_count=0; TrafficWave
/28Sep-daily-italian-lesson.html,KEEP,/28Sep-daily-italian-lesson.html,daily-italian-lesson (dated),TEMPLATED,53,,,,,1,,h1_count=0; TrafficWave
/28french-proverb-a-day.html,HOLD,,proverb-a-day (Nlang),TEMPLATED,0,,,,,0,,h1_count=0
/28german-proverb-a-day.html,HOLD,,proverb-a-day (Nlang),TEMPLATED,0,,,,,0,,h1_count=0
/28spanish-proverb-a-day.html,HOLD,,proverb-a-day (Nlang),TEMPLATED,0,,,,,0,,h1_count=0
/28travel-french.html,HOLD,,travel-word (Ntravel),TEMPLATED,0,,,,,0,,h1_count=0
/28travel-german.html,HOLD,,travel-word (Ntravel),TEMPLATED,0,,,,,0,,h1_count=0
/28travel-spanish.html,HOLD,,travel-word (Ntravel),TEMPLATED,0,,,,,0,,h1_count=0
/29.french-word-a-day.html,KEEP,/29.french-word-a-day.html,french-word-a-day (N.),TEMPLATED,1191,,,,,0,,h1_count=0
/29.german-word-a-day.html,HOLD,,german-word-a-day (N.),TEMPLATED,0,,,,,0,,h1_count=0
/29.html,KEEP,/29.html,spanish word-of-day (N.html),TEMPLATED,162,,,,,0,,h1_count=0
/29Apr-daily-italian-lesson.html,HOLD,,daily-italian-lesson (dated),TEMPLATED,0,,,,,1,,no entry traffic in 6yr; h1_count=0; TrafficWave
/29Aug-daily-italian-lesson.html,HOLD,,daily-italian-lesson (dated),TEMPLATED,0,,,,,1,,no entry traffic in 6yr; h1_count=0; TrafficWave
/29Dec-daily-italian-lesson.html,KEEP,/29Dec-daily-italian-lesson.html,daily-italian-lesson (dated),TEMPLATED,197,,,,,1,,h1_count=0; TrafficWave
/29Feb-daily-italian-lesson.html,KEEP,/29Feb-daily-italian-lesson.html,daily-italian-lesson (dated),TEMPLATED,53,,,,,1,,h1_count=0; TrafficWave
/29Jan-daily-italian-lesson.html,HOLD,,daily-italian-lesson (dated),TEMPLATED,0,,,,,1,,no entry traffic in 6yr; h1_count=0; TrafficWave
/29Jul-daily-italian-lesson.html,KEEP,/29Jul-daily-italian-lesson.html,daily-italian-lesson (dated),TEMPLATED,4172,,,,,1,,h1_count=0; TrafficWave
/29Jun-daily-italian-lesson.html,KEEP,/29Jun-daily-italian-lesson.html,daily-italian-lesson (dated),TEMPLATED,157,,,,,1,,h1_count=0; TrafficWave
/29Mar-daily-italian-lesson.html,HOLD,,daily-italian-lesson (dated),TEMPLATED,0,,,,,1,,no entry traffic in 6yr; h1_count=0; TrafficWave
/29May-daily-italian-lesson.html,HOLD,,daily-italian-lesson (dated),TEMPLATED,0,,,,,0,,no entry traffic in 6yr; h1_count=0; TrafficWave
/29Nov-daily-italian-lesson.html,KEEP,/29Nov-daily-italian-lesson.html,daily-italian-lesson (dated),TEMPLATED,343,,,,,1,,h1_count=0; TrafficWave
/29Oct-daily-italian-lesson.html,KEEP,/29Oct-daily-italian-lesson.html,daily-italian-lesson (dated),TEMPLATED,8348,,,,,1,,h1_count=0; TrafficWave
/29Sep-daily-italian-lesson.html,KEEP,/29Sep-daily-italian-lesson.html,daily-italian-lesson (dated),TEMPLATED,3671,,,,,1,,h1_count=0; TrafficWave
/29french-proverb-a-day.html,HOLD,,proverb-a-day (Nlang),TEMPLATED,0,,,,,0,,h1_count=0
/29german-proverb-a-day.html,HOLD,,proverb-a-day (Nlang),TEMPLATED,0,,,,,0,,h1_count=0
/29spanish-proverb-a-day.html,HOLD,,proverb-a-day (Nlang),TEMPLATED,0,,,,,0,,h1_count=0
/29travel-french.html,HOLD,,travel-word (Ntravel),TEMPLATED,0,,,,,0,,h1_count=0
/29travel-german.html,HOLD,,travel-word (Ntravel),TEMPLATED,0,,,,,0,,h1_count=0
/29travel-spanish.html,HOLD,,travel-word (Ntravel),TEMPLATED,49,,,,,0,,h1_count=0
/2Apr-daily-italian-lesson.html,KEEP,/2Apr-daily-italian-lesson.html,daily-italian-lesson (dated),TEMPLATED,15,,,,,1,,h1_count=0; TrafficWave
/2Aug-daily-italian-lesson.html,KEEP,/2Aug-daily-italian-lesson.html,daily-italian-lesson (dated),TEMPLATED,41,,,,,1,,h1_count=0; TrafficWave
/2Dec-daily-italian-lesson.html,KEEP,/2Dec-daily-italian-lesson.html,daily-italian-lesson (dated),TEMPLATED,124,,,,,1,,h1_count=0; TrafficWave
/2Feb-daily-italian-lesson.html,HOLD,,daily-italian-lesson (dated),TEMPLATED,0,,,,,1,,no entry traffic in 6yr; h1_count=0; TrafficWave
/2Jan-daily-italian-lesson.html,KEEP,/2Jan-daily-italian-lesson.html,daily-italian-lesson (dated),TEMPLATED,165,,,,,1,,h1_count=0; TrafficWave
/2Jul-daily-italian-lesson.html,KEEP,/2Jul-daily-italian-lesson.html,daily-italian-lesson (dated),TEMPLATED,4200,,,,,1,,h1_count=0; TrafficWave
/2Jun-daily-italian-lesson.html,HOLD,,daily-italian-lesson (dated),TEMPLATED,0,,,,,1,,no entry traffic in 6yr; h1_count=0; TrafficWave
/2Mar-daily-italian-lesson.html,KEEP,/2Mar-daily-italian-lesson.html,daily-italian-lesson (dated),TEMPLATED,4700,,,,,1,,h1_count=0; TrafficWave
/2May-daily-italian-lesson.html,HOLD,,daily-italian-lesson (dated),TEMPLATED,0,,,,,0,,no entry traffic in 6yr; h1_count=0; TrafficWave
/2Nov-daily-italian-lesson.html,KEEP,/2Nov-daily-italian-lesson.html,daily-italian-lesson (dated),TEMPLATED,3349,,,,,0,,h1_count=0; TrafficWave
/2Oct-daily-italian-lesson.html,KEEP,/2Oct-daily-italian-lesson.html,daily-italian-lesson (dated),TEMPLATED,240,,,,,1,,h1_count=0; TrafficWave
/2Sep-daily-italian-lesson.html,KEEP,/2Sep-daily-italian-lesson.html,daily-italian-lesson (dated),TEMPLATED,17,,,,,1,,h1_count=0; TrafficWave
/2french-proverb-a-day.html,HOLD,,proverb-a-day (Nlang),TEMPLATED,0,,,,,0,,h1_count=0
/2german-proverb-a-day.html,HOLD,,proverb-a-day (Nlang),TEMPLATED,0,,,,,0,,h1_count=0
/2spanish-proverb-a-day.html,HOLD,,proverb-a-day (Nlang),TEMPLATED,0,,,,,0,,h1_count=0
/2travel-german.html,HOLD,,travel-word (Ntravel),TEMPLATED,0,,,,,0,,h1_count=0
/2travel-spanish.html,HOLD,,travel-word (Ntravel),TEMPLATED,0,,,,,0,,h1_count=0
/3.french-word-a-day.html,KEEP,/3.french-word-a-day.html,french-word-a-day (N.),TEMPLATED,1053,,,,,0,,h1_count=0
/3.german-word-a-day.html,HOLD,,german-word-a-day (N.),TEMPLATED,0,,,,,0,,h1_count=0
/3.html,KEEP,/3.html,spanish word-of-day (N.html),TEMPLATED,229,,,,,0,,h1_count=0
/30.french-word-a-day.html,KEEP,/30.french-word-a-day.html,french-word-a-day (N.),TEMPLATED,1319,,,,,0,,h1_count=0
/30.german-word-a-day.html,HOLD,,german-word-a-day (N.),TEMPLATED,0,,,,,0,,h1_count=0
/30.html,KEEP,/30.html,spanish word-of-day (N.html),TEMPLATED,103,,,,,0,,h1_count=0
/30Apr-daily-italian-lesson.html,HOLD,,daily-italian-lesson (dated),TEMPLATED,0,,,,,1,,no entry traffic in 6yr; h1_count=0; TrafficWave
/30Aug-daily-italian-lesson.html,HOLD,,daily-italian-lesson (dated),TEMPLATED,0,,,,,1,,no entry traffic in 6yr; h1_count=0; TrafficWave
/30Dec-daily-italian-lesson.html,KEEP,/30Dec-daily-italian-lesson.html,daily-italian-lesson (dated),TEMPLATED,151,,,,,1,,h1_count=0; TrafficWave
/30Jan-daily-italian-lesson.html,KEEP,/30Jan-daily-italian-lesson.html,daily-italian-lesson (dated),TEMPLATED,76,,,,,1,,h1_count=0; TrafficWave
/30Jul-daily-italian-lesson.html,KEEP,/30Jul-daily-italian-lesson.html,daily-italian-lesson (dated),TEMPLATED,59,,,,,1,,h1_count=0; TrafficWave
/30Jun-daily-italian-lesson.html,HOLD,,daily-italian-lesson (dated),TEMPLATED,0,,,,,1,,no entry traffic in 6yr; h1_count=0; TrafficWave
/30Mar-daily-italian-lesson.html,HOLD,,daily-italian-lesson (dated),TEMPLATED,0,,,,,1,,no entry traffic in 6yr; h1_count=0; TrafficWave
/30May-daily-italian-lesson.html,KEEP,/30May-daily-italian-lesson.html,daily-italian-lesson (dated),TEMPLATED,325,,,,,1,,h1_count=0; TrafficWave
/30Nov-daily-italian-lesson.html,HOLD,,daily-italian-lesson (dated),TEMPLATED,0,,,,,1,,no entry traffic in 6yr; h1_count=0; TrafficWave
/30Oct-daily-italian-lesson.html,HOLD,,daily-italian-lesson (dated),TEMPLATED,0,,,,,1,,no entry traffic in 6yr; h1_count=0; TrafficWave
/30Sep-daily-italian-lesson.html,KEEP,/30Sep-daily-italian-lesson.html,daily-italian-lesson (dated),TEMPLATED,4490,,,,,1,,h1_count=0; TrafficWave
/30french-proverb-a-day.html,HOLD,,proverb-a-day (Nlang),TEMPLATED,0,,,,,0,,h1_count=0
/30german-proverb-a-day.html,HOLD,,proverb-a-day (Nlang),TEMPLATED,0,,,,,0,,h1_count=0
/30spanish-proverb-a-day.html,HOLD,,proverb-a-day (Nlang),TEMPLATED,0,,,,,0,,h1_count=0
/30travel-french.html,HOLD,,travel-word (Ntravel),TEMPLATED,0,,,,,0,,h1_count=0
/30travel-german.html,HOLD,,travel-word (Ntravel),TEMPLATED,0,,,,,0,,h1_count=0
/30travel-spanish.html,HOLD,,travel-word (Ntravel),TEMPLATED,0,,,,,0,,h1_count=0
/31.french-word-a-day.html,KEEP,/31.french-word-a-day.html,french-word-a-day (N.),TEMPLATED,519,,,,,0,,h1_count=0
/31.german-word-a-day.html,HOLD,,german-word-a-day (N.),TEMPLATED,0,,,,,0,,h1_count=0
/31.html,KEEP,/31.html,spanish word-of-day (N.html),TEMPLATED,71,,,,,0,,h1_count=0
/31Aug-daily-italian-lesson.html,HOLD,,daily-italian-lesson (dated),TEMPLATED,0,,,,,1,,no entry traffic in 6yr; h1_count=0; TrafficWave
/31Dec-daily-italian-lesson.html,KEEP,/31Dec-daily-italian-lesson.html,daily-italian-lesson (dated),TEMPLATED,112,,,,,1,,h1_count=0; TrafficWave
/31Jan-daily-italian-lesson.html,KEEP,/31Jan-daily-italian-lesson.html,daily-italian-lesson (dated),TEMPLATED,41,,,,,1,,h1_count=0; TrafficWave
/31Jul-daily-italian-lesson.html,KEEP,/31Jul-daily-italian-lesson.html,daily-italian-lesson (dated),TEMPLATED,180,,,,,1,,h1_count=0; TrafficWave
/31Mar-daily-italian-lesson.html,KEEP,/31Mar-daily-italian-lesson.html,daily-italian-lesson (dated),TEMPLATED,113,,,,,1,,h1_count=0; TrafficWave
/31May-daily-italian-lesson.html,HOLD,,daily-italian-lesson (dated),TEMPLATED,0,,,,,1,,no entry traffic in 6yr; h1_count=0; TrafficWave
/31Oct-daily-italian-lesson.html,KEEP,/31Oct-daily-italian-lesson.html,daily-italian-lesson (dated),TEMPLATED,2443,,,,,1,,h1_count=0; TrafficWave
/31french-proverb-a-day.html,HOLD,,proverb-a-day (Nlang),TEMPLATED,0,,,,,0,,h1_count=0
/31german-proverb-a-day.html,HOLD,,proverb-a-day (Nlang),TEMPLATED,0,,,,,0,,h1_count=0
/31spanish-proverb-a-day.html,HOLD,,proverb-a-day (Nlang),TEMPLATED,0,,,,,0,,h1_count=0
/31travel-french.html,HOLD,,travel-word (Ntravel),TEMPLATED,54,,,,,0,,h1_count=0
/31travel-german.html,HOLD,,travel-word (Ntravel),TEMPLATED,0,,,,,0,,h1_count=0
/31travel-spanish.html,HOLD,,travel-word (Ntravel),TEMPLATED,0,,,,,0,,h1_count=0
/3Apr-daily-italian-lesson.html,HOLD,,daily-italian-lesson (dated),TEMPLATED,0,,,,,1,,no entry traffic in 6yr; h1_count=0; TrafficWave
/3Aug-daily-italian-lesson.html,HOLD,,daily-italian-lesson (dated),TEMPLATED,0,,,,,1,,no entry traffic in 6yr; h1_count=0; TrafficWave
/3Dec-daily-italian-lesson.html,KEEP,/3Dec-daily-italian-lesson.html,daily-italian-lesson (dated),TEMPLATED,264,,,,,1,,h1_count=0; TrafficWave
/3Feb-daily-italian-lesson.html,KEEP,/3Feb-daily-italian-lesson.html,daily-italian-lesson (dated),TEMPLATED,6254,,,,,1,,h1_count=0; TrafficWave
/3Jan-daily-italian-lesson.html,KEEP,/3Jan-daily-italian-lesson.html,daily-italian-lesson (dated),TEMPLATED,22,,,,,1,,h1_count=0; TrafficWave
/3Jul-daily-italian-lesson.html,HOLD,,daily-italian-lesson (dated),TEMPLATED,0,,,,,1,,no entry traffic in 6yr; h1_count=0; TrafficWave
/3Jun-daily-italian-lesson.html,KEEP,/3Jun-daily-italian-lesson.html,daily-italian-lesson (dated),TEMPLATED,57,,,,,1,,h1_count=0; TrafficWave
/3Mar-daily-italian-lesson.html,KEEP,/3Mar-daily-italian-lesson.html,daily-italian-lesson (dated),TEMPLATED,6203,,,,,1,,h1_count=0; TrafficWave
/3Mar-daily-spanish-lesson.html,REVIEW,,(unknown),,0,,,,,0,,no entry traffic in 6yr; HTTP 404 in crawl
/3May-daily-italian-lesson.html,HOLD,,daily-italian-lesson (dated),TEMPLATED,0,,,,,1,,no entry traffic in 6yr; h1_count=0; TrafficWave
/3Nov-daily-italian-lesson.html,KEEP,/3Nov-daily-italian-lesson.html,daily-italian-lesson (dated),TEMPLATED,5104,,,,,0,,h1_count=0; TrafficWave
/3Oct-daily-italian-lesson.html,KEEP,/3Oct-daily-italian-lesson.html,daily-italian-lesson (dated),TEMPLATED,57,,,,,1,,h1_count=0; TrafficWave
/3Sep-daily-italian-lesson.html,KEEP,/3Sep-daily-italian-lesson.html,daily-italian-lesson (dated),TEMPLATED,102,,,,,1,,h1_count=0; TrafficWave
/3french-proverb-a-day.html,HOLD,,proverb-a-day (Nlang),TEMPLATED,0,,,,,0,,h1_count=0
/3german-proverb-a-day.html,HOLD,,proverb-a-day (Nlang),TEMPLATED,0,,,,,0,,h1_count=0
/3spanish-proverb-a-day.html,HOLD,,proverb-a-day (Nlang),TEMPLATED,0,,,,,0,,h1_count=0
/3travel-german.html,HOLD,,travel-word (Ntravel),TEMPLATED,0,,,,,0,,h1_count=0
/3travel-spanish.html,HOLD,,travel-word (Ntravel),TEMPLATED,0,,,,,0,,h1_count=0
/4.french-word-a-day.html,KEEP,/4.french-word-a-day.html,french-word-a-day (N.),TEMPLATED,1465,,,,,0,,h1_count=0
/4.german-word-a-day.html,HOLD,,german-word-a-day (N.),TEMPLATED,0,,,,,0,,h1_count=0
/4.html,KEEP,/4.html,spanish word-of-day (N.html),TEMPLATED,297,,,,,0,,h1_count=0
/4Apr-daily-italian-lesson.html,KEEP,/4Apr-daily-italian-lesson.html,daily-italian-lesson (dated),TEMPLATED,153,,,,,1,,h1_count=0; TrafficWave
/4Aug-daily-italian-lesson.html,KEEP,/4Aug-daily-italian-lesson.html,daily-italian-lesson (dated),TEMPLATED,51,,,,,1,,h1_count=0; TrafficWave
/4Dec-daily-italian-lesson.html,KEEP,/4Dec-daily-italian-lesson.html,daily-italian-lesson (dated),TEMPLATED,2114,,,,,1,,h1_count=0; TrafficWave
/4Feb-daily-italian-lesson.html,KEEP,/4Feb-daily-italian-lesson.html,daily-italian-lesson (dated),TEMPLATED,49,,,,,1,,h1_count=0; TrafficWave
/4Jan-daily-italian-lesson.html,KEEP,/4Jan-daily-italian-lesson.html,daily-italian-lesson (dated),TEMPLATED,37,,,,,1,,h1_count=0; TrafficWave
/4Jul-daily-italian-lesson.html,KEEP,/4Jul-daily-italian-lesson.html,daily-italian-lesson (dated),TEMPLATED,23,,,,,1,,h1_count=0; TrafficWave
/4Jun-daily-italian-lesson.html,KEEP,/4Jun-daily-italian-lesson.html,daily-italian-lesson (dated),TEMPLATED,265,,,,,1,,h1_count=0; TrafficWave
/4Mar-daily-italian-lesson.html,KEEP,/4Mar-daily-italian-lesson.html,daily-italian-lesson (dated),TEMPLATED,1676,,,,,1,,h1_count=0; TrafficWave
/4Mar-daily-spanish-lesson.html,REVIEW,,(unknown),,0,,,,,0,,no entry traffic in 6yr; HTTP 404 in crawl
/4May-daily-italian-lesson.html,HOLD,,daily-italian-lesson (dated),TEMPLATED,0,,,,,1,,no entry traffic in 6yr; h1_count=0; TrafficWave
/4Nov-daily-italian-lesson.html,KEEP,/4Nov-daily-italian-lesson.html,daily-italian-lesson (dated),TEMPLATED,107,,,,,1,,h1_count=0; TrafficWave
/4Oct-daily-italian-lesson.html,KEEP,/4Oct-daily-italian-lesson.html,daily-italian-lesson (dated),TEMPLATED,2995,,,,,1,,h1_count=0; TrafficWave
/4Sep-daily-italian-lesson.html,KEEP,/4Sep-daily-italian-lesson.html,daily-italian-lesson (dated),TEMPLATED,7339,,,,,1,,h1_count=0; TrafficWave
/4french-proverb-a-day.html,HOLD,,proverb-a-day (Nlang),TEMPLATED,0,,,,,0,,h1_count=0
/4german-proverb-a-day.html,HOLD,,proverb-a-day (Nlang),TEMPLATED,0,,,,,0,,h1_count=0
/4spanish-proverb-a-day.html,HOLD,,proverb-a-day (Nlang),TEMPLATED,0,,,,,0,,h1_count=0
/4travel-german.html,HOLD,,travel-word (Ntravel),TEMPLATED,24,,,,,0,,h1_count=0
/4travel-spanish.html,HOLD,,travel-word (Ntravel),TEMPLATED,0,,,,,0,,h1_count=0
/5.french-word-a-day.html,KEEP,/5.french-word-a-day.html,french-word-a-day (N.),TEMPLATED,1344,,,,,0,,h1_count=0
/5.german-word-a-day.html,HOLD,,german-word-a-day (N.),TEMPLATED,0,,,,,0,,h1_count=0
/5.html,KEEP,/5.html,spanish word-of-day (N.html),TEMPLATED,317,,,,,0,,h1_count=0
/5Apr-daily-italian-lesson.html,KEEP,/5Apr-daily-italian-lesson.html,daily-italian-lesson (dated),TEMPLATED,63,,,,,1,,h1_count=0; TrafficWave
/5Aug-daily-italian-lesson.html,KEEP,/5Aug-daily-italian-lesson.html,daily-italian-lesson (dated),TEMPLATED,103,,,,,1,,h1_count=0; TrafficWave
/5Dec-daily-italian-lesson.html,HOLD,,daily-italian-lesson (dated),TEMPLATED,0,,,,,1,,no entry traffic in 6yr; h1_count=0; TrafficWave
/5Feb-daily-italian-lesson.html,KEEP,/5Feb-daily-italian-lesson.html,daily-italian-lesson (dated),TEMPLATED,251,,,,,1,,h1_count=0; TrafficWave
/5Jan-daily-italian-lesson.html,HOLD,,daily-italian-lesson (dated),TEMPLATED,0,,,,,1,,no entry traffic in 6yr; h1_count=0; TrafficWave
/5Jul-daily-italian-lesson.html,KEEP,/5Jul-daily-italian-lesson.html,daily-italian-lesson (dated),TEMPLATED,457,,,,,1,,h1_count=0; TrafficWave
/5Jun-daily-italian-lesson.html,KEEP,/5Jun-daily-italian-lesson.html,daily-italian-lesson (dated),TEMPLATED,1669,,,,,1,,h1_count=0; TrafficWave
/5Mar-daily-italian-lesson.html,KEEP,/5Mar-daily-italian-lesson.html,daily-italian-lesson (dated),TEMPLATED,11070,,,,,1,,h1_count=0; TrafficWave
/5May-daily-italian-lesson.html,KEEP,/5May-daily-italian-lesson.html,daily-italian-lesson (dated),TEMPLATED,111,,,,,1,,h1_count=0; TrafficWave
/5Nov-daily-italian-lesson.html,HOLD,,daily-italian-lesson (dated),TEMPLATED,0,,,,,1,,no entry traffic in 6yr; h1_count=0; TrafficWave
/5Oct-daily-italian-lesson.html,HOLD,,daily-italian-lesson (dated),TEMPLATED,0,,,,,1,,no entry traffic in 6yr; h1_count=0; TrafficWave
/5Sep-daily-italian-lesson.html,HOLD,,daily-italian-lesson (dated),TEMPLATED,0,,,,,1,,no entry traffic in 6yr; h1_count=0; TrafficWave
/5french-proverb-a-day.html,HOLD,,proverb-a-day (Nlang),TEMPLATED,0,,,,,0,,h1_count=0
/5german-proverb-a-day.html,HOLD,,proverb-a-day (Nlang),TEMPLATED,0,,,,,0,,h1_count=0
/5spanish-proverb-a-day.html,HOLD,,proverb-a-day (Nlang),TEMPLATED,0,,,,,0,,h1_count=0
/5travel-german.html,HOLD,,travel-word (Ntravel),TEMPLATED,28,,,,,0,,h1_count=0
/5travel-spanish.html,HOLD,,travel-word (Ntravel),TEMPLATED,0,,,,,0,,h1_count=0
/6.french-word-a-day.html,KEEP,/6.french-word-a-day.html,french-word-a-day (N.),TEMPLATED,1436,,,,,0,,h1_count=0
/6.german-word-a-day.html,HOLD,,german-word-a-day (N.),TEMPLATED,0,,,,,0,,h1_count=0
/6.html,KEEP,/6.html,spanish word-of-day (N.html),TEMPLATED,231,,,,,0,,h1_count=0
/6Apr-daily-italian-lesson.html,HOLD,,daily-italian-lesson (dated),TEMPLATED,0,,,,,1,,no entry traffic in 6yr; h1_count=0; TrafficWave
/6Aug-daily-italian-lesson.html,HOLD,,daily-italian-lesson (dated),TEMPLATED,0,,,,,1,,no entry traffic in 6yr; h1_count=0; TrafficWave
/6Dec-daily-italian-lesson.html,KEEP,/6Dec-daily-italian-lesson.html,daily-italian-lesson (dated),TEMPLATED,13067,,,,,1,,h1_count=0; TrafficWave
/6Feb-daily-italian-lesson.html,KEEP,/6Feb-daily-italian-lesson.html,daily-italian-lesson (dated),TEMPLATED,300,,,,,1,,h1_count=0; TrafficWave
/6Jan-daily-italian-lesson.html,KEEP,/6Jan-daily-italian-lesson.html,daily-italian-lesson (dated),TEMPLATED,123,,,,,1,,h1_count=0; TrafficWave
/6Jul-daily-italian-lesson.html,HOLD,,daily-italian-lesson (dated),TEMPLATED,0,,,,,1,,no entry traffic in 6yr; h1_count=0; TrafficWave
/6Jun-daily-italian-lesson.html,KEEP,/6Jun-daily-italian-lesson.html,daily-italian-lesson (dated),TEMPLATED,70,,,,,1,,h1_count=0; TrafficWave
/6Mar-daily-italian-lesson.html,KEEP,/6Mar-daily-italian-lesson.html,daily-italian-lesson (dated),TEMPLATED,2678,,,,,1,,h1_count=0; TrafficWave
/6May-daily-italian-lesson.html,KEEP,/6May-daily-italian-lesson.html,daily-italian-lesson (dated),TEMPLATED,200,,,,,1,,h1_count=0; TrafficWave
/6Nov-daily-italian-lesson.html,HOLD,,daily-italian-lesson (dated),TEMPLATED,0,,,,,1,,no entry traffic in 6yr; h1_count=0; TrafficWave
/6Oct-daily-italian-lesson.html,KEEP,/6Oct-daily-italian-lesson.html,daily-italian-lesson (dated),TEMPLATED,161,,,,,1,,h1_count=0; TrafficWave
/6Sep-daily-italian-lesson.html,KEEP,/6Sep-daily-italian-lesson.html,daily-italian-lesson (dated),TEMPLATED,24,,,,,1,,h1_count=0; TrafficWave
/6french-proverb-a-day.html,HOLD,,proverb-a-day (Nlang),TEMPLATED,0,,,,,0,,h1_count=0
/6german-proverb-a-day.html,HOLD,,proverb-a-day (Nlang),TEMPLATED,0,,,,,0,,h1_count=0
/6spanish-proverb-a-day.html,HOLD,,proverb-a-day (Nlang),TEMPLATED,0,,,,,0,,h1_count=0
/6travel-german.html,HOLD,,travel-word (Ntravel),TEMPLATED,0,,,,,0,,h1_count=0
/6travel-spanish.html,HOLD,,travel-word (Ntravel),TEMPLATED,0,,,,,0,,h1_count=0
/7.french-word-a-day.html,KEEP,/7.french-word-a-day.html,french-word-a-day (N.),TEMPLATED,1461,,,,,0,,h1_count=0
/7.german-word-a-day.html,HOLD,,german-word-a-day (N.),TEMPLATED,57,,,,,0,,h1_count=0
/7.html,KEEP,/7.html,spanish word-of-day (N.html),TEMPLATED,258,,,,,0,,h1_count=0
/7Apr-daily-italian-lesson.html,KEEP,/7Apr-daily-italian-lesson.html,daily-italian-lesson (dated),TEMPLATED,77,,,,,1,,h1_count=0; TrafficWave
/7Aug-daily-italian-lesson.html,HOLD,,daily-italian-lesson (dated),TEMPLATED,0,,,,,1,,no entry traffic in 6yr; h1_count=0; TrafficWave
/7Dec-daily-italian-lesson.html,KEEP,/7Dec-daily-italian-lesson.html,daily-italian-lesson (dated),TEMPLATED,266,,,,,1,,h1_count=0; TrafficWave
/7Feb-daily-italian-lesson.html,HOLD,,daily-italian-lesson (dated),TEMPLATED,0,,,,,1,,no entry traffic in 6yr; h1_count=0; TrafficWave
/7Jan-daily-italian-lesson.html,KEEP,/7Jan-daily-italian-lesson.html,daily-italian-lesson (dated),TEMPLATED,555,,,,,1,,h1_count=0; TrafficWave
/7Jul-daily-italian-lesson.html,HOLD,,daily-italian-lesson (dated),TEMPLATED,0,,,,,1,,no entry traffic in 6yr; h1_count=0; TrafficWave
/7Jun-daily-italian-lesson.html,KEEP,/7Jun-daily-italian-lesson.html,daily-italian-lesson (dated),TEMPLATED,658,,,,,1,,h1_count=0; TrafficWave
/7Mar-daily-italian-lesson.html,KEEP,/7Mar-daily-italian-lesson.html,daily-italian-lesson (dated),TEMPLATED,2047,,,,,1,,h1_count=0; TrafficWave
/7May-daily-italian-lesson.html,HOLD,,daily-italian-lesson (dated),TEMPLATED,0,,,,,1,,no entry traffic in 6yr; h1_count=0; TrafficWave
/7Nov-daily-italian-lesson.html,KEEP,/7Nov-daily-italian-lesson.html,daily-italian-lesson (dated),TEMPLATED,21,,,,,1,,h1_count=0; TrafficWave
/7Oct-daily-italian-lesson.html,KEEP,/7Oct-daily-italian-lesson.html,daily-italian-lesson (dated),TEMPLATED,1074,,,,,1,,h1_count=0; TrafficWave
/7Sep-daily-italian-lesson.html,KEEP,/7Sep-daily-italian-lesson.html,daily-italian-lesson (dated),TEMPLATED,111,,,,,1,,h1_count=0; TrafficWave
/7spanish-proverb-a-day.html,HOLD,,proverb-a-day (Nlang),TEMPLATED,0,,,,,0,,h1_count=0
/7travel-german.html,HOLD,,travel-word (Ntravel),TEMPLATED,55,,,,,0,,h1_count=0
/7travel-spanish.html,HOLD,,travel-word (Ntravel),TEMPLATED,0,,,,,0,,h1_count=0
/8.french-word-a-day.html,KEEP,/8.french-word-a-day.html,french-word-a-day (N.),TEMPLATED,1464,,,,,0,,h1_count=0
/8.german-word-a-day.html,HOLD,,german-word-a-day (N.),TEMPLATED,0,,,,,0,,h1_count=0
/8.html,KEEP,/8.html,spanish word-of-day (N.html),TEMPLATED,406,,,,,0,,h1_count=0
/8Apr-daily-italian-lesson.html,HOLD,,daily-italian-lesson (dated),TEMPLATED,0,,,,,1,,no entry traffic in 6yr; h1_count=0; TrafficWave
/8Aug-daily-italian-lesson.html,KEEP,/8Aug-daily-italian-lesson.html,daily-italian-lesson (dated),TEMPLATED,146,,,,,1,,h1_count=0; TrafficWave
/8Dec-daily-italian-lesson.html,HOLD,,daily-italian-lesson (dated),TEMPLATED,0,,,,,1,,no entry traffic in 6yr; h1_count=0; TrafficWave
/8Feb-daily-german-lesson.html,REVIEW,,(unknown),,0,,,,,0,,no entry traffic in 6yr; HTTP 404 in crawl
/8Feb-daily-italian-lesson.html,KEEP,/8Feb-daily-italian-lesson.html,daily-italian-lesson (dated),TEMPLATED,193,,,,,1,,h1_count=0; TrafficWave
/8Jan-daily-italian-lesson.html,KEEP,/8Jan-daily-italian-lesson.html,daily-italian-lesson (dated),TEMPLATED,59,,,,,1,,h1_count=0; TrafficWave
/8Jul-daily-italian-lesson.html,HOLD,,daily-italian-lesson (dated),TEMPLATED,0,,,,,1,,no entry traffic in 6yr; h1_count=0; TrafficWave
/8Jun-daily-italian-lesson.html,HOLD,,daily-italian-lesson (dated),TEMPLATED,0,,,,,1,,no entry traffic in 6yr; h1_count=0; TrafficWave
/8Mar-daily-italian-lesson.html,KEEP,/8Mar-daily-italian-lesson.html,daily-italian-lesson (dated),TEMPLATED,1030,,,,,1,,h1_count=0; TrafficWave
/8May-daily-italian-lesson.html,KEEP,/8May-daily-italian-lesson.html,daily-italian-lesson (dated),TEMPLATED,131,,,,,1,,h1_count=0; TrafficWave
/8Nov-daily-italian-lesson.html,HOLD,,daily-italian-lesson (dated),TEMPLATED,0,,,,,0,,no entry traffic in 6yr; missing title; h1_count=; no canonical
/8Oct-daily-italian-lesson.html,KEEP,/8Oct-daily-italian-lesson.html,daily-italian-lesson (dated),TEMPLATED,99,,,,,1,,h1_count=0; TrafficWave
/8Sep-daily-italian-lesson.html,KEEP,/8Sep-daily-italian-lesson.html,daily-italian-lesson (dated),TEMPLATED,2875,,,,,1,,h1_count=0; TrafficWave
/8spanish-proverb-a-day.html,HOLD,,proverb-a-day (Nlang),TEMPLATED,58,,,,,0,,h1_count=0
/8travel-german.html,HOLD,,travel-word (Ntravel),TEMPLATED,52,,,,,0,,h1_count=0
/8travel-spanish.html,HOLD,,travel-word (Ntravel),TEMPLATED,0,,,,,0,,h1_count=0
/9.french-word-a-day.html,KEEP,/9.french-word-a-day.html,french-word-a-day (N.),TEMPLATED,1374,,,,,0,,h1_count=0
/9.german-word-a-day.html,HOLD,,german-word-a-day (N.),TEMPLATED,0,,,,,0,,h1_count=0
/9.html,KEEP,/9.html,spanish word-of-day (N.html),TEMPLATED,302,,,,,0,,h1_count=0
/9Apr-daily-italian-lesson.html,HOLD,,daily-italian-lesson (dated),TEMPLATED,0,,,,,1,,no entry traffic in 6yr; h1_count=0; TrafficWave
/9Aug-daily-italian-lesson.html,KEEP,/9Aug-daily-italian-lesson.html,daily-italian-lesson (dated),TEMPLATED,27,,,,,1,,h1_count=0; TrafficWave
/9Dec-daily-italian-lesson.html,HOLD,,daily-italian-lesson (dated),TEMPLATED,0,,,,,1,,no entry traffic in 6yr; h1_count=0; TrafficWave
/9Feb-daily-german-lesson.html,REVIEW,,(unknown),,0,,,,,0,,no entry traffic in 6yr; HTTP 404 in crawl
/9Feb-daily-italian-lesson.html,HOLD,,daily-italian-lesson (dated),TEMPLATED,0,,,,,1,,no entry traffic in 6yr; h1_count=0; TrafficWave
/9Jan-daily-italian-lesson.html,KEEP,/9Jan-daily-italian-lesson.html,daily-italian-lesson (dated),TEMPLATED,694,,,,,1,,h1_count=0; TrafficWave
/9Jul-daily-italian-lesson.html,KEEP,/9Jul-daily-italian-lesson.html,daily-italian-lesson (dated),TEMPLATED,54,,,,,1,,h1_count=0; TrafficWave
/9Jun-daily-italian-lesson.html,HOLD,,daily-italian-lesson (dated),TEMPLATED,0,,,,,1,,no entry traffic in 6yr; h1_count=0; TrafficWave
/9Mar-daily-italian-lesson.html,KEEP,/9Mar-daily-italian-lesson.html,daily-italian-lesson (dated),TEMPLATED,5899,,,,,1,,h1_count=0; TrafficWave
/9May-daily-italian-lesson.html,HOLD,,daily-italian-lesson (dated),TEMPLATED,0,,,,,1,,no entry traffic in 6yr; h1_count=0; TrafficWave
/9Nov-daily-italian-lesson.html,HOLD,,daily-italian-lesson (dated),TEMPLATED,0,,,,,0,,no entry traffic in 6yr; missing title; h1_count=; no canonical
/9Oct-daily-italian-lesson.html,HOLD,,daily-italian-lesson (dated),TEMPLATED,0,,,,,1,,no entry traffic in 6yr; h1_count=0; TrafficWave
/9Sep-daily-italian-lesson.html,KEEP,/9Sep-daily-italian-lesson.html,daily-italian-lesson (dated),TEMPLATED,363,,,,,1,,h1_count=0; TrafficWave
/9french-proverb-a-day.html,HOLD,,proverb-a-day (Nlang),TEMPLATED,0,,,,,0,,h1_count=0
/9german-proverb-a-day.html,HOLD,,proverb-a-day (Nlang),TEMPLATED,0,,,,,0,,h1_count=0
/9spanish-proverb-a-day.html,HOLD,,proverb-a-day (Nlang),TEMPLATED,0,,,,,0,,h1_count=0
/9travel-german.html,HOLD,,travel-word (Ntravel),TEMPLATED,0,,,,,0,,h1_count=0
/9travel-spanish.html,HOLD,,travel-word (Ntravel),TEMPLATED,0,,,,,0,,h1_count=0
/L9Ejn5e5.xml,REMOVE,,(not in sitemap),?,0,,,,,0,,old XML sitemap -> replaced by app/sitemap.ts; missing title; h1_count=; no canonical
/Site-Licence.html,REVIEW,,(not in sitemap),?,77,,,,,0,,non-sitemap URL w/ traffic; needs 301 target; HTTP 404 in crawl
/Spanish-sentence-0.html,KEEP,/Spanish-sentence-0.html,OTHER / bespoke,bespoke,63,,,,,1,,h1_count=0
/Spanish-sentence-1.html,HOLD,,OTHER / bespoke,bespoke,0,,,,,2,,no entry traffic in 6yr; h1_count=0
/Spanish-sentence-2.html,HOLD,,OTHER / bespoke,bespoke,0,,,,,2,,no entry traffic in 6yr; h1_count=0
/Spanish-sentence-3.html,HOLD,,OTHER / bespoke,bespoke,0,,,,,2,,no entry traffic in 6yr; h1_count=0
/Spanish-sentence-4.html,HOLD,,OTHER / bespoke,bespoke,0,,,,,2,,no entry traffic in 6yr; h1_count=0
/Spanish-sentence-5.html,HOLD,,OTHER / bespoke,bespoke,0,,,,,2,,no entry traffic in 6yr; h1_count=0
/Spanish-sentence-6.html,KEEP,/Spanish-sentence-6.html,OTHER / bespoke,bespoke,59,,,,,0,,h1_count=0
/TestUpload4-a.html,HOLD,,OTHER / bespoke,bespoke,0,,,,,2,,no entry traffic in 6yr; h1_count=0
/Upload-swf-learning-rate-1-movie-2.html,HOLD,,OTHER / bespoke,bespoke,0,,,,,0,,no entry traffic in 6yr; h1_count=0
/Upload-swf-learning-rate-1-movie-3.html,KEEP,/Upload-swf-learning-rate-1-movie-3.html,OTHER / bespoke,bespoke,132,,,,,0,,h1_count=0
/Upload-swf-learning-rate-1-movie.html,KEEP,/Upload-swf-learning-rate-1-movie.html,OTHER / bespoke,bespoke,128,,,,,0,,h1_count=0
/Word-of-Day-JS-link.html,HOLD,,OTHER / bespoke,bespoke,0,,,,,0,,no entry traffic in 6yr; h1_count=0
/Worst-Words.html,HOLD,,OTHER / bespoke,bespoke,0,,,,,0,,no entry traffic in 6yr; h1_count=0
/about-michel-thomas-polish-accent-and-about-accent-in-general-comment-form.html,301,/about-michel-thomas-polish-accent-and-about-accent-in-general.html,(unknown),,0,,,,,1,,SBI comment artifact -> 301 to parent; no canonical
/about-michel-thomas-polish-accent-and-about-accent-in-general.html,KEEP,/about-michel-thomas-polish-accent-and-about-accent-in-general.html,OTHER / bespoke,bespoke,200,,,,,0,,h1_count=2
/accelerated-learning.html,KEEP,/accelerated-learning.html,OTHER / bespoke,bespoke,5774,,,,,10,,
/accent-engages-the-minds-of-idealists-only-comment-form.html,301,/accent-engages-the-minds-of-idealists-only.html,(not in sitemap),?,110,,,,,1,,SBI comment artifact -> 301 to parent; no canonical
/accent-engages-the-minds-of-idealists-only.html,KEEP,/accent-engages-the-minds-of-idealists-only.html,OTHER / bespoke,bespoke,410,,,,,0,,h1_count=2
/accent-not-important-comment-form.html,301,/accent-not-important.html,(not in sitemap),?,0,,,,,1,,SBI comment artifact -> 301 to parent; no canonical
/accent-not-important.html,HOLD,,OTHER / bespoke,bespoke,0,,,,,0,,no entry traffic in 6yr; h1_count=2
/accents-comment-form.html,301,/accents.html,(unknown),,0,,,,,1,,SBI comment artifact -> 301 to parent; no canonical
/accents.html,HOLD,,OTHER / bespoke,bespoke,0,,,,,0,,no entry traffic in 6yr; h1_count=2
/alpha.html,KEEP,/alpha.html,OTHER / bespoke,bespoke,11457,,,,,10,,h1_count=0
/argentine-food.html,KEEP,/argentine-food.html,OTHER / bespoke,bespoke,48,,,,,10,,h1_count=3
/become-fluent.html,KEEP,/become-fluent.html,OTHER / bespoke,bespoke,548,,,,,10,,h1_count=0
/belgian-accent-more-than-french-accent-comment-form.html,301,/belgian-accent-more-than-french-accent.html,(unknown),,0,,,,,1,,SBI comment artifact -> 301 to parent; no canonical
/belgian-accent-more-than-french-accent.html,KEEP,/belgian-accent-more-than-french-accent.html,OTHER / bespoke,bespoke,82,,,,,0,,h1_count=2
/bird-flu.html,KEEP,/bird-flu.html,OTHER / bespoke,bespoke,139,,,,,14,,h1_count=0
/brilliant-method-with-one-small-catch-comment-form.html,301,/brilliant-method-with-one-small-catch.html,(not in sitemap),?,50,,,,,1,,SBI comment artifact -> 301 to parent; no canonical
/brilliant-method-with-one-small-catch.html,KEEP,/brilliant-method-with-one-small-catch.html,OTHER / bespoke,bespoke,186,,,,,0,,h1_count=2
/building-is-adeilad-comment-form.html,301,/building-is-adeilad.html,(unknown),,0,,,,,1,,SBI comment artifact -> 301 to parent; no canonical
/building-is-adeilad.html,HOLD,,OTHER / bespoke,bespoke,0,,,,,1,,no entry traffic in 6yr; h1_count=2
/cart1.html,HOLD,,OTHER / bespoke,bespoke,0,,,,,10,,no entry traffic in 6yr; h1_count=0
/challenge-on-memorization-comment-form.html,301,/challenge-on-memorization.html,(unknown),,0,,,,,1,,SBI comment artifact -> 301 to parent; no canonical
/challenge-on-memorization.html,KEEP,/challenge-on-memorization.html,OTHER / bespoke,bespoke,186,,,,,0,,h1_count=2
/champs-elysees.html,KEEP,/champs-elysees.html,OTHER / bespoke,bespoke,2329,,,,,10,,h1_count=0
/chartres-comment-form.html,301,/chartres.html,(unknown),,0,,,,,1,,SBI comment artifact -> 301 to parent; no canonical
/chartres.html,KEEP,/chartres.html,OTHER / bespoke,bespoke,180,,,,,0,,h1_count=2
/chinese-mandarin-comment-form.html,301,/chinese-mandarin.html,(unknown),,0,,,,,1,,SBI comment artifact -> 301 to parent; no canonical
/chinese-mandarin.html,HOLD,,OTHER / bespoke,bespoke,0,,,,,0,,no entry traffic in 6yr; h1_count=2
/chinese-memory-triggers.html,KEEP,/chinese-memory-triggers.html,OTHER / bespoke,bespoke,2023,,,,,10,,h1_count=0
/circumflex-in-french.html,KEEP,/circumflex-in-french.html,OTHER / bespoke,bespoke,33571,,,,,7,,TrafficWave
/colours-in-french.html,KEEP,/colours-in-french.html,OTHER / bespoke,bespoke,578,,,,,12,,
/comments-on-the-spanish-version-of-michel-thomas-comment-form.html,301,/comments-on-the-spanish-version-of-michel-thomas.html,(not in sitemap),?,49,,,,,1,,SBI comment artifact -> 301 to parent; no canonical
/comments-on-the-spanish-version-of-michel-thomas.html,HOLD,,OTHER / bespoke,bespoke,0,,,,,0,,no entry traffic in 6yr; h1_count=2
/confirm.html,HOLD,,OTHER / bespoke,bespoke,0,,,,,10,,no entry traffic in 6yr; h1_count=0
/conjugation-spanish-verbs.html,REVIEW,,(not in sitemap),?,258,,,,,0,,non-sitemap URL w/ traffic; needs 301 target; HTTP 404 in crawl
/contact-us.html,KEEP,/contact-us.html,OTHER / bespoke,bespoke,45042,,,,,11,,h1_count=0
/cross-purposes-comment-form.html,301,/cross-purposes.html,(unknown),,0,,,,,1,,SBI comment artifact -> 301 to parent; no canonical
/cross-purposes.html,HOLD,,OTHER / bespoke,bespoke,0,,,,,0,,no entry traffic in 6yr; h1_count=2
/csp2DlcbO.html,KEEP,/csp2DlcbO.html,OTHER / bespoke,bespoke,50,,,,,5,,h1_count=0
/cucumber-in-german.html,KEEP,/cucumber-in-german.html,OTHER / bespoke,bespoke,1337,,,,,11,,
/daily-french-lesson-code.html,KEEP,/daily-french-lesson-code.html,lesson (other),bespoke,4404,,,,,10,,h1_count=0; rotator; embed/syndication source (decision #3)
/daily-french-lesson.html,KEEP,/daily-french-lesson.html,lesson (other),bespoke,31057,,,,,6,,rotator
/daily-german-lesson-code.html,HOLD,,lesson (other),bespoke,0,,,,,5,,no entry traffic in 6yr; h1_count=2; rotator; embed/syndication source (decision #3)
/daily-german-lesson.html,KEEP,/daily-german-lesson.html,lesson (other),bespoke,77,,,,,5,,rotator
/daily-italian-lesson-code.html,KEEP,/daily-italian-lesson-code.html,lesson (other),bespoke,636,,,,,5,,rotator; embed/syndication source (decision #3)
/daily-italian-lesson.html,KEEP,/daily-italian-lesson.html,lesson (other),bespoke,18770,,,,,6,,TrafficWave; rotator
/daily-spanish-lesson-code.html,KEEP,/daily-spanish-lesson-code.html,lesson (other),bespoke,787,,,,,5,,h1_count=2; rotator; embed/syndication source (decision #3)
/daily-spanish-lesson.html,KEEP,/daily-spanish-lesson.html,lesson (other),bespoke,41148,,,,,6,,rotator
/daily-spanish-verb.html,KEEP,/daily-spanish-verb.html,verbs/grammar (bespoke),bespoke,207,,,,,10,,
/daily-verb-lessons.html,301,/daily-lessons,(not in sitemap),?,23,,,,,10,,301 target (hub TBD); redirect chain len 1
/doctor-comment-form.html,301,/doctor.html,(unknown),,0,,,,,1,,SBI comment artifact -> 301 to parent; no canonical
/doctor.html,KEEP,/doctor.html,OTHER / bespoke,bespoke,383,,,,,0,,h1_count=2
/e-flashcardz.html,KEEP,/e-flashcardz.html,course tools,bespoke,35,,,,,14,,
/earworms.html,KEEP,/earworms.html,OTHER / bespoke,bespoke,604,,,,,10,,h1_count=0
/easter-in-france.html,KEEP,/easter-in-france.html,OTHER / bespoke,bespoke,176,,,,,11,,h1_count=3
/ebook-payment-completion.html,HOLD,,course tools,bespoke,0,,,,,10,,no entry traffic in 6yr; h1_count=0
/electronic-flashcard-instructions.html,REVIEW,,(not in sitemap),?,0,,,,,0,,non-sitemap URL w/ traffic; needs 301 target; HTTP 404 in crawl
/email-confirmation.html,KEEP,/email-confirmation.html,OTHER / bespoke,bespoke,429,,,,,5,,
/email-subscription.html,HOLD,,OTHER / bespoke,bespoke,0,,,,,0,,no entry traffic in 6yr
/encyclopedia-britannica.html,KEEP,/encyclopedia-britannica.html,OTHER / bespoke,bespoke,1895,,,,,10,,
/english-accent-comment-form.html,301,/english-accent.html,(unknown),,0,,,,,1,,SBI comment artifact -> 301 to parent; no canonical
/english-accent.html,KEEP,/english-accent.html,OTHER / bespoke,bespoke,140,,,,,0,,h1_count=2
/enjoy-in-Spanish.html,KEEP,/enjoy-in-Spanish.html,X-for-word lessons,TEMPLATED-ish,1432,,,,,11,,
/estar.html,KEEP,/estar.html,verbs/grammar (bespoke),bespoke,6053,,,,,6,,
/eurostar.html,HOLD,,OTHER / bespoke,bespoke,0,,,,,10,,no entry traffic in 6yr; h1_count=0
/everything-everyone-has-said-is-correct-but--comment-form.html,301,/everything-everyone-has-said-is-correct-but-.html,(not in sitemap),?,48,,,,,1,,SBI comment artifact -> 301 to parent; no canonical
/everything-everyone-has-said-is-correct-but-.html,HOLD,,OTHER / bespoke,bespoke,0,,,,,0,,no entry traffic in 6yr; h1_count=2
/excelerated-learning.html,KEEP,/excelerated-learning.html,OTHER / bespoke,bespoke,71,,,,,10,,h1_count=0
/fiesta-de-san-fermin.html,KEEP,/fiesta-de-san-fermin.html,OTHER / bespoke,bespoke,2367,,,,,11,,h1_count=0
/fifteenth-birthday.html,KEEP,/fifteenth-birthday.html,OTHER / bespoke,bespoke,1584,,,,,10,,
/flashcard.html,KEEP,/flashcard.html,course tools,bespoke,1735,,,,,10,,
/foreign-service-institute-fsi-french.html,KEEP,/foreign-service-institute-fsi-french.html,OTHER / bespoke,bespoke,5595,,,,,10,,
/foreign-service-institute-fsi-german.html,KEEP,/foreign-service-institute-fsi-german.html,OTHER / bespoke,bespoke,5562,,,,,10,,
/foreign-service-institute-language-course.html,KEEP,/foreign-service-institute-language-course.html,course landing,bespoke,5935,,,,,11,,
/frame-template.html,HOLD,,OTHER / bespoke,bespoke,0,,,,,0,,no entry traffic in 6yr; h1_count=0
/free-french-lessons.html,KEEP,/free-french-lessons.html,lesson (other),bespoke,8875,,,,,11,,h1_count=0; TrafficWave
/free-german-lessons.html,KEEP,/free-german-lessons.html,lesson (other),bespoke,430,,,,,12,,
/free-spanish-cd-rom.html,REVIEW,,(not in sitemap),?,24,,,,,0,,non-sitemap URL w/ traffic; needs 301 target; HTTP 404 in crawl
/free-spanish-cdrom.html,REVIEW,,(unknown),,0,,,,,0,,no entry traffic in 6yr; HTTP 404 in crawl
/free-spanish-lesson.html,KEEP,/free-spanish-lesson.html,lesson (other),bespoke,6891,,,,,10,,h1_count=0
/french-bescherelle.html,KEEP,/french-bescherelle.html,OTHER / bespoke,bespoke,6928,,,,,5,,
/french-colours.html,KEEP,/french-colours.html,OTHER / bespoke,bespoke,237,,,,,11,,
/french-comment-form.html,301,/french.html,(unknown),,0,,,,,1,,SBI comment artifact -> 301 to parent; no canonical
/french-course.html,HOLD,,course landing,bespoke,0,,,,,8,,no entry traffic in 6yr
/french-emerge.html,REVIEW,,(unknown),,0,,,,,0,,no entry traffic in 6yr; HTTP 404 in crawl
/french-expression-en-avoir-marre-de.html,KEEP,/french-expression-en-avoir-marre-de.html,OTHER / bespoke,bespoke,1029,,,,,10,,h1_count=2
/french-flashcard.html,KEEP,/french-flashcard.html,course tools,bespoke,2741,,,,,14,,PayPal
/french-football.html,KEEP,/french-football.html,OTHER / bespoke,bespoke,2467,,,,,12,,h1_count=2
/french-for-acknowledge.html,HOLD,,X-for-word lessons,TEMPLATED-ish,0,,,,,6,,no entry traffic in 6yr; h1_count=0
/french-for-advise.html,KEEP,/french-for-advise.html,X-for-word lessons,TEMPLATED-ish,2267,,,,,6,,
/french-for-agree.html,KEEP,/french-for-agree.html,X-for-word lessons,TEMPLATED-ish,50,,,,,6,,
/french-for-also.html,KEEP,/french-for-also.html,X-for-word lessons,TEMPLATED-ish,265,,,,,12,,h1_count=0
/french-for-answer.html,KEEP,/french-for-answer.html,X-for-word lessons,TEMPLATED-ish,3960,,,,,6,,
/french-for-attribute.html,HOLD,,X-for-word lessons,TEMPLATED-ish,0,,,,,6,,no entry traffic in 6yr
/french-for-authorize.html,KEEP,/french-for-authorize.html,X-for-word lessons,TEMPLATED-ish,71,,,,,6,,
/french-for-avoid.html,KEEP,/french-for-avoid.html,X-for-word lessons,TEMPLATED-ish,291,,,,,7,,
/french-for-bandage.html,HOLD,,X-for-word lessons,TEMPLATED-ish,0,,,,,6,,no entry traffic in 6yr
/french-for-beef.html,KEEP,/french-for-beef.html,X-for-word lessons,TEMPLATED-ish,3909,,,,,11,,h1_count=0
/french-for-bend-courber.html,KEEP,/french-for-bend-courber.html,X-for-word lessons,TEMPLATED-ish,96,,,,,6,,
/french-for-betray.html,KEEP,/french-for-betray.html,X-for-word lessons,TEMPLATED-ish,682,,,,,7,,
/french-for-bite.html,KEEP,/french-for-bite.html,X-for-word lessons,TEMPLATED-ish,613,,,,,7,,
/french-for-blaze.html,KEEP,/french-for-blaze.html,X-for-word lessons,TEMPLATED-ish,99,,,,,6,,
/french-for-blind.html,KEEP,/french-for-blind.html,X-for-word lessons,TEMPLATED-ish,75,,,,,6,,
/french-for-boat.html,KEEP,/french-for-boat.html,X-for-word lessons,TEMPLATED-ish,2672,,,,,11,,h1_count=0
/french-for-bring-near.html,KEEP,/french-for-bring-near.html,X-for-word lessons,TEMPLATED-ish,38,,,,,7,,
/french-for-bypass.html,HOLD,,X-for-word lessons,TEMPLATED-ish,0,,,,,6,,no entry traffic in 6yr
/french-for-calculate.html,HOLD,,X-for-word lessons,TEMPLATED-ish,0,,,,,6,,no entry traffic in 6yr
/french-for-champion.html,KEEP,/french-for-champion.html,X-for-word lessons,TEMPLATED-ish,21,,,,,7,,
/french-for-chew.html,KEEP,/french-for-chew.html,X-for-word lessons,TEMPLATED-ish,21,,,,,6,,
/french-for-condemn.html,KEEP,/french-for-condemn.html,X-for-word lessons,TEMPLATED-ish,28,,,,,7,,
/french-for-contest.html,HOLD,,X-for-word lessons,TEMPLATED-ish,0,,,,,6,,no entry traffic in 6yr
/french-for-control.html,KEEP,/french-for-control.html,X-for-word lessons,TEMPLATED-ish,24,,,,,6,,
/french-for-convene.html,KEEP,/french-for-convene.html,X-for-word lessons,TEMPLATED-ish,31,,,,,6,,
/french-for-cork.html,HOLD,,X-for-word lessons,TEMPLATED-ish,0,,,,,6,,no entry traffic in 6yr
/french-for-corrupt.html,HOLD,,X-for-word lessons,TEMPLATED-ish,0,,,,,6,,no entry traffic in 6yr
/french-for-counteract.html,KEEP,/french-for-counteract.html,X-for-word lessons,TEMPLATED-ish,68,,,,,6,,
/french-for-crush-atterrer.html,HOLD,,X-for-word lessons,TEMPLATED-ish,0,,,,,6,,no entry traffic in 6yr
/french-for-crush.html,KEEP,/french-for-crush.html,X-for-word lessons,TEMPLATED-ish,50,,,,,6,,
/french-for-cut.html,KEEP,/french-for-cut.html,X-for-word lessons,TEMPLATED-ish,76,,,,,6,,
/french-for-decorate.html,KEEP,/french-for-decorate.html,X-for-word lessons,TEMPLATED-ish,538,,,,,6,,
/french-for-delight.html,HOLD,,X-for-word lessons,TEMPLATED-ish,0,,,,,6,,no entry traffic in 6yr
/french-for-demonstrate.html,KEEP,/french-for-demonstrate.html,X-for-word lessons,TEMPLATED-ish,80,,,,,6,,
/french-for-dirty.html,KEEP,/french-for-dirty.html,X-for-word lessons,TEMPLATED-ish,499,,,,,6,,
/french-for-divert.html,HOLD,,X-for-word lessons,TEMPLATED-ish,0,,,,,6,,no entry traffic in 6yr
/french-for-drag.html,HOLD,,X-for-word lessons,TEMPLATED-ish,0,,,,,6,,no entry traffic in 6yr
/french-for-duck-is-le-canard--comment-form.html,301,/french-for-duck-is-le-canard-.html,(unknown),,0,,,,,1,,SBI comment artifact -> 301 to parent; no canonical
/french-for-duck-is-le-canard-.html,HOLD,,X-for-word lessons,TEMPLATED-ish,0,,,,,1,,no entry traffic in 6yr; h1_count=2
/french-for-emerge.html,HOLD,,X-for-word lessons,TEMPLATED-ish,0,,,,,7,,no entry traffic in 6yr
/french-for-estimate.html,HOLD,,X-for-word lessons,TEMPLATED-ish,0,,,,,6,,no entry traffic in 6yr
/french-for-explode.html,HOLD,,X-for-word lessons,TEMPLATED-ish,0,,,,,7,,no entry traffic in 6yr
/french-for-fight.html,KEEP,/french-for-fight.html,X-for-word lessons,TEMPLATED-ish,590,,,,,6,,
/french-for-fill.html,KEEP,/french-for-fill.html,X-for-word lessons,TEMPLATED-ish,333,,,,,11,,h1_count=0
/french-for-finish.html,KEEP,/french-for-finish.html,X-for-word lessons,TEMPLATED-ish,7720,,,,,6,,
/french-for-flatten.html,KEEP,/french-for-flatten.html,X-for-word lessons,TEMPLATED-ish,68,,,,,7,,
/french-for-fly-is-la-mouche--comment-form.html,301,/french-for-fly-is-la-mouche-.html,(unknown),,0,,,,,1,,SBI comment artifact -> 301 to parent; no canonical
/french-for-fly-is-la-mouche-.html,HOLD,,X-for-word lessons,TEMPLATED-ish,0,,,,,0,,no entry traffic in 6yr; h1_count=2
/french-for-fulfill.html,HOLD,,X-for-word lessons,TEMPLATED-ish,0,,,,,6,,no entry traffic in 6yr
/french-for-gash.html,HOLD,,X-for-word lessons,TEMPLATED-ish,0,,,,,6,,no entry traffic in 6yr
/french-for-go-bad.html,KEEP,/french-for-go-bad.html,X-for-word lessons,TEMPLATED-ish,147,,,,,6,,
/french-for-groan.html,KEEP,/french-for-groan.html,X-for-word lessons,TEMPLATED-ish,62,,,,,6,,
/french-for-grow-pale.html,HOLD,,X-for-word lessons,TEMPLATED-ish,0,,,,,6,,no entry traffic in 6yr
/french-for-gulp.html,HOLD,,X-for-word lessons,TEMPLATED-ish,0,,,,,6,,no entry traffic in 6yr
/french-for-hoot.html,HOLD,,X-for-word lessons,TEMPLATED-ish,0,,,,,6,,no entry traffic in 6yr
/french-for-incline.html,HOLD,,X-for-word lessons,TEMPLATED-ish,0,,,,,6,,no entry traffic in 6yr
/french-for-inundate.html,KEEP,/french-for-inundate.html,X-for-word lessons,TEMPLATED-ish,40,,,,,6,,
/french-for-invade.html,KEEP,/french-for-invade.html,X-for-word lessons,TEMPLATED-ish,1500,,,,,6,,
/french-for-jeer.html,HOLD,,X-for-word lessons,TEMPLATED-ish,0,,,,,6,,no entry traffic in 6yr
/french-for-lay-eggs.html,HOLD,,X-for-word lessons,TEMPLATED-ish,0,,,,,6,,no entry traffic in 6yr
/french-for-lay.html,KEEP,/french-for-lay.html,X-for-word lessons,TEMPLATED-ish,755,,,,,13,,h1_count=0
/french-for-lean-adosser.html,HOLD,,X-for-word lessons,TEMPLATED-ish,0,,,,,6,,no entry traffic in 6yr
/french-for-lean-appuyer.html,HOLD,,X-for-word lessons,TEMPLATED-ish,0,,,,,6,,no entry traffic in 6yr
/french-for-lighten.html,KEEP,/french-for-lighten.html,X-for-word lessons,TEMPLATED-ish,20,,,,,6,,
/french-for-lull.html,HOLD,,X-for-word lessons,TEMPLATED-ish,0,,,,,6,,no entry traffic in 6yr
/french-for-make-angry.html,HOLD,,X-for-word lessons,TEMPLATED-ish,0,,,,,6,,no entry traffic in 6yr
/french-for-make-up.html,HOLD,,X-for-word lessons,TEMPLATED-ish,0,,,,,6,,no entry traffic in 6yr
/french-for-melt.html,KEEP,/french-for-melt.html,X-for-word lessons,TEMPLATED-ish,508,,,,,7,,
/french-for-mislead.html,KEEP,/french-for-mislead.html,X-for-word lessons,TEMPLATED-ish,52,,,,,6,,
/french-for-moan.html,KEEP,/french-for-moan.html,X-for-word lessons,TEMPLATED-ish,298,,,,,7,,h1_count=0
/french-for-notice.html,KEEP,/french-for-notice.html,X-for-word lessons,TEMPLATED-ish,44,,,,,6,,
/french-for-pea.html,KEEP,/french-for-pea.html,X-for-word lessons,TEMPLATED-ish,1770,,,,,6,,
/french-for-praise.html,KEEP,/french-for-praise.html,X-for-word lessons,TEMPLATED-ish,1477,,,,,6,,
/french-for-provoke.html,KEEP,/french-for-provoke.html,X-for-word lessons,TEMPLATED-ish,23,,,,,6,,
/french-for-pump-up.html,KEEP,/french-for-pump-up.html,X-for-word lessons,TEMPLATED-ish,117,,,,,6,,
/french-for-put-up.html,HOLD,,X-for-word lessons,TEMPLATED-ish,0,,,,,1,,no entry traffic in 6yr; missing title; no canonical; TrafficWave
/french-for-raise.html,HOLD,,X-for-word lessons,TEMPLATED-ish,0,,,,,6,,no entry traffic in 6yr
/french-for-read.html,KEEP,/french-for-read.html,X-for-word lessons,TEMPLATED-ish,38,,,,,6,,
/french-for-reap.html,HOLD,,X-for-word lessons,TEMPLATED-ish,0,,,,,6,,no entry traffic in 6yr
/french-for-revive.html,HOLD,,X-for-word lessons,TEMPLATED-ish,0,,,,,6,,no entry traffic in 6yr
/french-for-rot.html,KEEP,/french-for-rot.html,X-for-word lessons,TEMPLATED-ish,27,,,,,7,,
/french-for-sausage.html,KEEP,/french-for-sausage.html,X-for-word lessons,TEMPLATED-ish,6314,,,,,12,,
/french-for-save-up.html,KEEP,/french-for-save-up.html,X-for-word lessons,TEMPLATED-ish,158,,,,,6,,
/french-for-search.html,KEEP,/french-for-search.html,X-for-word lessons,TEMPLATED-ish,200,,,,,7,,
/french-for-seize.html,KEEP,/french-for-seize.html,X-for-word lessons,TEMPLATED-ish,698,,,,,6,,
/french-for-sell-off.html,HOLD,,X-for-word lessons,TEMPLATED-ish,0,,,,,6,,no entry traffic in 6yr
/french-for-set-up.html,KEEP,/french-for-set-up.html,X-for-word lessons,TEMPLATED-ish,41,,,,,7,,
/french-for-shiver.html,HOLD,,X-for-word lessons,TEMPLATED-ish,0,,,,,7,,no entry traffic in 6yr
/french-for-shorten.html,KEEP,/french-for-shorten.html,X-for-word lessons,TEMPLATED-ish,514,,,,,6,,
/french-for-show.html,HOLD,,X-for-word lessons,TEMPLATED-ish,0,,,,,1,,no entry traffic in 6yr; h1_count=0; TrafficWave
/french-for-shut-up.html,KEEP,/french-for-shut-up.html,X-for-word lessons,TEMPLATED-ish,318,,,,,6,,
/french-for-sigh.html,HOLD,,X-for-word lessons,TEMPLATED-ish,0,,,,,6,,no entry traffic in 6yr
/french-for-slap.html,HOLD,,X-for-word lessons,TEMPLATED-ish,0,,,,,6,,no entry traffic in 6yr
/french-for-smear.html,HOLD,,X-for-word lessons,TEMPLATED-ish,0,,,,,6,,no entry traffic in 6yr; TrafficWave
/french-for-spill.html,HOLD,,X-for-word lessons,TEMPLATED-ish,0,,,,,6,,no entry traffic in 6yr
/french-for-split.html,REVIEW,,(unknown),,0,,,,,0,,no entry traffic in 6yr; HTTP 404 in crawl
/french-for-spoil.html,KEEP,/french-for-spoil.html,X-for-word lessons,TEMPLATED-ish,25,,,,,6,,
/french-for-station.html,KEEP,/french-for-station.html,X-for-word lessons,TEMPLATED-ish,6903,,,,,11,,h1_count=0
/french-for-steal.html,KEEP,/french-for-steal.html,X-for-word lessons,TEMPLATED-ish,137,,,,,6,,
/french-for-stir-up-attiser.html,HOLD,,X-for-word lessons,TEMPLATED-ish,0,,,,,1,,no entry traffic in 6yr
/french-for-stun.html,KEEP,/french-for-stun.html,X-for-word lessons,TEMPLATED-ish,60,,,,,6,,
/french-for-succeed-end-up.html,KEEP,/french-for-succeed-end-up.html,X-for-word lessons,TEMPLATED-ish,296,,,,,6,,
/french-for-suffocate.html,KEEP,/french-for-suffocate.html,X-for-word lessons,TEMPLATED-ish,39,,,,,7,,
/french-for-suitcase-is-valise.html,KEEP,/french-for-suitcase-is-valise.html,X-for-word lessons,TEMPLATED-ish,4110,,,,,11,,h1_count=0
/french-for-surround.html,HOLD,,X-for-word lessons,TEMPLATED-ish,0,,,,,6,,no entry traffic in 6yr
/french-for-swim-nager.html,KEEP,/french-for-swim-nager.html,X-for-word lessons,TEMPLATED-ish,508,,,,,11,,h1_count=0
/french-for-take-away.html,KEEP,/french-for-take-away.html,X-for-word lessons,TEMPLATED-ish,285,,,,,7,,
/french-for-tell.html,HOLD,,X-for-word lessons,TEMPLATED-ish,0,,,,,6,,no entry traffic in 6yr
/french-for-ticket.html,KEEP,/french-for-ticket.html,X-for-word lessons,TEMPLATED-ish,3954,,,,,11,,
/french-for-tilt-pencher.html,KEEP,/french-for-tilt-pencher.html,X-for-word lessons,TEMPLATED-ish,220,,,,,6,,
/french-for-topple.html,HOLD,,X-for-word lessons,TEMPLATED-ish,0,,,,,6,,no entry traffic in 6yr
/french-for-treat.html,KEEP,/french-for-treat.html,X-for-word lessons,TEMPLATED-ish,696,,,,,7,,
/french-for-tuck.html,KEEP,/french-for-tuck.html,X-for-word lessons,TEMPLATED-ish,180,,,,,6,,
/french-for-wait-for.html,KEEP,/french-for-wait-for.html,X-for-word lessons,TEMPLATED-ish,745,,,,,6,,
/french-for-wardrobe-is-une-armoire-comment-form.html,301,/french-for-wardrobe-is-une-armoire.html,(unknown),,0,,,,,1,,SBI comment artifact -> 301 to parent; no canonical
/french-for-wardrobe-is-une-armoire.html,HOLD,,X-for-word lessons,TEMPLATED-ish,0,,,,,0,,no entry traffic in 6yr; h1_count=2
/french-for-water.html,KEEP,/french-for-water.html,X-for-word lessons,TEMPLATED-ish,671,,,,,13,,PayPal
/french-for-weaken.html,KEEP,/french-for-weaken.html,X-for-word lessons,TEMPLATED-ish,669,,,,,6,,
/french-for-wrestle.html,KEEP,/french-for-wrestle.html,X-for-word lessons,TEMPLATED-ish,53,,,,,7,,
/french-heat.html,KEEP,/french-heat.html,OTHER / bespoke,bespoke,1470,,,,,11,,h1_count=0
/french-idiom-affaire.html,HOLD,,OTHER / bespoke,bespoke,0,,,,,10,,no entry traffic in 6yr
/french-idioms-using-air.html,HOLD,,OTHER / bespoke,bespoke,0,,,,,5,,no entry traffic in 6yr
/french-idioms.html,KEEP,/french-idioms.html,OTHER / bespoke,bespoke,52,,,,,10,,
/french-in-action.html,KEEP,/french-in-action.html,OTHER / bespoke,bespoke,9135,,,,,10,,
/french-language-school.html,HOLD,,OTHER / bespoke,bespoke,0,,,,,11,,no entry traffic in 6yr; h1_count=3
/french-lesson-dialogue-1.html,KEEP,/french-lesson-dialogue-1.html,lesson (other),bespoke,121,,,,,6,,
/french-lesson-dialogue-10.html,KEEP,/french-lesson-dialogue-10.html,lesson (other),bespoke,503,,,,,11,,h1_count=0
/french-lesson-dialogue-2.html,KEEP,/french-lesson-dialogue-2.html,lesson (other),bespoke,196,,,,,10,,
/french-lesson-dialogue-20.html,KEEP,/french-lesson-dialogue-20.html,lesson (other),bespoke,199,,,,,11,,
/french-lesson-dialogues.html,KEEP,/french-lesson-dialogues.html,lesson (other),bespoke,2435,,,,,11,,
/french-lesson-list.html,KEEP,/french-lesson-list.html,lesson (other),bespoke,15136,,,,,5,,
/french-memory-trigger.html,KEEP,/french-memory-trigger.html,OTHER / bespoke,bespoke,2140,,,,,12,,h1_count=0
/french-menu.html,HOLD,,OTHER / bespoke,bespoke,0,,,,,11,,no entry traffic in 6yr; h1_count=0
/french-newsletter-subscription.html,HOLD,,OTHER / bespoke,bespoke,0,,,,,10,,no entry traffic in 6yr
/french-newsletter-thanks.html,HOLD,,OTHER / bespoke,bespoke,0,,,,,10,,no entry traffic in 6yr
/french-newsletter.html,KEEP,/french-newsletter.html,OTHER / bespoke,bespoke,2255,,,,,5,,TrafficWave
/french-order-page.html,KEEP,/french-order-page.html,OTHER / bespoke,bespoke,163,,,,,9,,PayPal
/french-pics.html,KEEP,/french-pics.html,course tools,bespoke,3548,,,,,14,,h1_count=0
/french-pronunciation-guide.html,KEEP,/french-pronunciation-guide.html,OTHER / bespoke,bespoke,6372,,,,,12,,TrafficWave
/french-proverb-a-day.html,REVIEW,,(unknown),,0,,,,,0,,no entry traffic in 6yr; HTTP 404 in crawl
/french-proverb-of-the-day.html,KEEP,/french-proverb-of-the-day.html,proverb (other),bespoke,3828,,,,,10,,rotator
/french-proverb.html,KEEP,/french-proverb.html,proverb (other),bespoke,299,,,,,11,,PayPal
/french-rugby.html,KEEP,/french-rugby.html,OTHER / bespoke,bespoke,12491,,,,,6,,
/french-sentences.html,KEEP,/french-sentences.html,course tools,bespoke,1778,,,,,13,,PayPal
/french-tips.html,KEEP,/french-tips.html,OTHER / bespoke,bespoke,1404,,,,,6,,TrafficWave
/french-travel-word.html,KEEP,/french-travel-word.html,OTHER / bespoke,bespoke,2137,,,,,10,,rotator
/french-untwist.html,REVIEW,,(unknown),,0,,,,,0,,no entry traffic in 6yr; HTTP 404 in crawl
/french-verb-aboyer.html,KEEP,/french-verb-aboyer.html,verb-conjugation (lang-verb-X),TEMPLATED,115,,,,,1,,h1_count=0; TrafficWave
/french-verb-abrutir.html,HOLD,,verb-conjugation (lang-verb-X),TEMPLATED,0,,,,,1,,no entry traffic in 6yr; h1_count=0; TrafficWave
/french-verb-acheter.html,KEEP,/french-verb-acheter.html,verb-conjugation (lang-verb-X),TEMPLATED,3851,,,,,1,,h1_count=0; TrafficWave
/french-verb-achever.html,KEEP,/french-verb-achever.html,verb-conjugation (lang-verb-X),TEMPLATED,550,,,,,1,,h1_count=0; TrafficWave
/french-verb-admettre.html,KEEP,/french-verb-admettre.html,verb-conjugation (lang-verb-X),TEMPLATED,683,,,,,1,,h1_count=0; TrafficWave
/french-verb-advenir.html,KEEP,/french-verb-advenir.html,verb-conjugation (lang-verb-X),TEMPLATED,543,,,,,1,,h1_count=0; TrafficWave
/french-verb-agir.html,KEEP,/french-verb-agir.html,verb-conjugation (lang-verb-X),TEMPLATED,3214,,,,,1,,h1_count=0; TrafficWave
/french-verb-aller.html,KEEP,/french-verb-aller.html,verb-conjugation (lang-verb-X),TEMPLATED,30482,,,,,7,,
/french-verb-amener.html,KEEP,/french-verb-amener.html,verb-conjugation (lang-verb-X),TEMPLATED,1823,,,,,1,,h1_count=0; TrafficWave
/french-verb-amplifier.html,HOLD,,verb-conjugation (lang-verb-X),TEMPLATED,0,,,,,1,,no entry traffic in 6yr; h1_count=0; TrafficWave
/french-verb-apitoyer.html,KEEP,/french-verb-apitoyer.html,verb-conjugation (lang-verb-X),TEMPLATED,99,,,,,1,,h1_count=0; TrafficWave
/french-verb-apprendre.html,KEEP,/french-verb-apprendre.html,verb-conjugation (lang-verb-X),TEMPLATED,3590,,,,,1,,h1_count=0; TrafficWave
/french-verb-astreindre.html,HOLD,,verb-conjugation (lang-verb-X),TEMPLATED,0,,,,,1,,no entry traffic in 6yr; h1_count=0; TrafficWave
/french-verb-atteler.html,KEEP,/french-verb-atteler.html,verb-conjugation (lang-verb-X),TEMPLATED,103,,,,,1,,h1_count=0; TrafficWave
/french-verb-attendrir.html,KEEP,/french-verb-attendrir.html,verb-conjugation (lang-verb-X),TEMPLATED,99,,,,,1,,h1_count=0; TrafficWave
/french-verb-avoir.html,KEEP,/french-verb-avoir.html,verb-conjugation (lang-verb-X),TEMPLATED,6439,,,,,7,,
/french-verb-balancer.html,KEEP,/french-verb-balancer.html,verb-conjugation (lang-verb-X),TEMPLATED,1235,,,,,10,,
/french-verb-balayer.html,KEEP,/french-verb-balayer.html,verb-conjugation (lang-verb-X),TEMPLATED,1623,,,,,1,,h1_count=0; TrafficWave
/french-verb-baliser.html,HOLD,,verb-conjugation (lang-verb-X),TEMPLATED,0,,,,,1,,no entry traffic in 6yr; h1_count=0; TrafficWave
/french-verb-baptiser.html,HOLD,,verb-conjugation (lang-verb-X),TEMPLATED,0,,,,,1,,no entry traffic in 6yr; h1_count=0; TrafficWave
/french-verb-barrer.html,KEEP,/french-verb-barrer.html,verb-conjugation (lang-verb-X),TEMPLATED,349,,,,,1,,h1_count=0; TrafficWave
/french-verb-bazarder.html,HOLD,,verb-conjugation (lang-verb-X),TEMPLATED,0,,,,,1,,no entry traffic in 6yr; h1_count=0; TrafficWave
/french-verb-begayer.html,KEEP,/french-verb-begayer.html,verb-conjugation (lang-verb-X),TEMPLATED,100,,,,,1,,h1_count=0; TrafficWave
/french-verb-bend-basculer.html,REVIEW,,(unknown),,0,,,,,0,,no entry traffic in 6yr; HTTP 404 in crawl
/french-verb-bercer.html,KEEP,/french-verb-bercer.html,verb-conjugation (lang-verb-X),TEMPLATED,348,,,,,1,,h1_count=0; TrafficWave
/french-verb-blanchir.html,KEEP,/french-verb-blanchir.html,verb-conjugation (lang-verb-X),TEMPLATED,116,,,,,1,,h1_count=0; TrafficWave
/french-verb-bondir.html,KEEP,/french-verb-bondir.html,verb-conjugation (lang-verb-X),TEMPLATED,440,,,,,0,,h1_count=0; TrafficWave
/french-verb-capituler.html,KEEP,/french-verb-capituler.html,verb-conjugation (lang-verb-X),TEMPLATED,131,,,,,1,,h1_count=0; TrafficWave
/french-verb-captiver.html,KEEP,/french-verb-captiver.html,verb-conjugation (lang-verb-X),TEMPLATED,175,,,,,1,,h1_count=0; TrafficWave
/french-verb-capturer.html,KEEP,/french-verb-capturer.html,verb-conjugation (lang-verb-X),TEMPLATED,314,,,,,1,,h1_count=0; TrafficWave
/french-verb-caracteriser.html,HOLD,,verb-conjugation (lang-verb-X),TEMPLATED,0,,,,,1,,no entry traffic in 6yr; h1_count=0; TrafficWave
/french-verb-carboniser.html,KEEP,/french-verb-carboniser.html,verb-conjugation (lang-verb-X),TEMPLATED,123,,,,,1,,h1_count=0; TrafficWave
/french-verb-caresser.html,KEEP,/french-verb-caresser.html,verb-conjugation (lang-verb-X),TEMPLATED,422,,,,,1,,h1_count=0; TrafficWave
/french-verb-carotter.html,HOLD,,verb-conjugation (lang-verb-X),TEMPLATED,0,,,,,1,,no entry traffic in 6yr; h1_count=0; TrafficWave
/french-verb-cartonner.html,KEEP,/french-verb-cartonner.html,verb-conjugation (lang-verb-X),TEMPLATED,194,,,,,1,,h1_count=0; TrafficWave
/french-verb-casser.html,KEEP,/french-verb-casser.html,verb-conjugation (lang-verb-X),TEMPLATED,2981,,,,,1,,h1_count=0; TrafficWave
/french-verb-causer.html,KEEP,/french-verb-causer.html,verb-conjugation (lang-verb-X),TEMPLATED,169,,,,,1,,h1_count=0; TrafficWave
/french-verb-cautionner.html,HOLD,,verb-conjugation (lang-verb-X),TEMPLATED,0,,,,,1,,no entry traffic in 6yr; h1_count=0; TrafficWave
/french-verb-cavaler.html,KEEP,/french-verb-cavaler.html,verb-conjugation (lang-verb-X),TEMPLATED,53,,,,,1,,h1_count=0; TrafficWave
/french-verb-ceinturer.html,HOLD,,verb-conjugation (lang-verb-X),TEMPLATED,0,,,,,1,,no entry traffic in 6yr; h1_count=0; TrafficWave
/french-verb-celebrer.html,KEEP,/french-verb-celebrer.html,verb-conjugation (lang-verb-X),TEMPLATED,1426,,,,,1,,h1_count=0; TrafficWave
/french-verb-celer.html,KEEP,/french-verb-celer.html,verb-conjugation (lang-verb-X),TEMPLATED,148,,,,,1,,h1_count=0; TrafficWave
/french-verb-censurer.html,KEEP,/french-verb-censurer.html,verb-conjugation (lang-verb-X),TEMPLATED,127,,,,,1,,h1_count=0; TrafficWave
/french-verb-centupler.html,KEEP,/french-verb-centupler.html,verb-conjugation (lang-verb-X),TEMPLATED,262,,,,,1,,h1_count=0; TrafficWave
/french-verb-cerner.html,KEEP,/french-verb-cerner.html,verb-conjugation (lang-verb-X),TEMPLATED,116,,,,,1,,h1_count=0; TrafficWave
/french-verb-chamailler.html,KEEP,/french-verb-chamailler.html,verb-conjugation (lang-verb-X),TEMPLATED,131,,,,,1,,h1_count=0; TrafficWave
/french-verb-chambouler.html,KEEP,/french-verb-chambouler.html,verb-conjugation (lang-verb-X),TEMPLATED,167,,,,,1,,h1_count=0; TrafficWave
/french-verb-changer.html,KEEP,/french-verb-changer.html,verb-conjugation (lang-verb-X),TEMPLATED,780,,,,,0,,h1_count=0; TrafficWave
/french-verb-charmer.html,KEEP,/french-verb-charmer.html,verb-conjugation (lang-verb-X),TEMPLATED,25,,,,,1,,h1_count=0; TrafficWave
/french-verb-chatouiller.html,KEEP,/french-verb-chatouiller.html,verb-conjugation (lang-verb-X),TEMPLATED,145,,,,,1,,h1_count=0; TrafficWave
/french-verb-chauffer.html,KEEP,/french-verb-chauffer.html,verb-conjugation (lang-verb-X),TEMPLATED,102,,,,,1,,h1_count=0; TrafficWave
/french-verb-chevaucher.html,HOLD,,verb-conjugation (lang-verb-X),TEMPLATED,0,,,,,1,,no entry traffic in 6yr; h1_count=0; TrafficWave
/french-verb-chiffonner.html,KEEP,/french-verb-chiffonner.html,verb-conjugation (lang-verb-X),TEMPLATED,161,,,,,1,,h1_count=0; TrafficWave
/french-verb-chiffrer.html,KEEP,/french-verb-chiffrer.html,verb-conjugation (lang-verb-X),TEMPLATED,176,,,,,1,,h1_count=0; TrafficWave
/french-verb-choper.html,KEEP,/french-verb-choper.html,verb-conjugation (lang-verb-X),TEMPLATED,180,,,,,1,,h1_count=0; TrafficWave
/french-verb-choquer.html,HOLD,,verb-conjugation (lang-verb-X),TEMPLATED,0,,,,,1,,no entry traffic in 6yr; h1_count=0; TrafficWave
/french-verb-chuter.html,KEEP,/french-verb-chuter.html,verb-conjugation (lang-verb-X),TEMPLATED,26,,,,,1,,h1_count=0; TrafficWave
/french-verb-cicatriser.html,HOLD,,verb-conjugation (lang-verb-X),TEMPLATED,0,,,,,1,,no entry traffic in 6yr; h1_count=0; TrafficWave
/french-verb-cirer.html,KEEP,/french-verb-cirer.html,verb-conjugation (lang-verb-X),TEMPLATED,114,,,,,1,,h1_count=0; TrafficWave
/french-verb-citer.html,KEEP,/french-verb-citer.html,verb-conjugation (lang-verb-X),TEMPLATED,247,,,,,1,,h1_count=0; TrafficWave
/french-verb-claquer.html,HOLD,,verb-conjugation (lang-verb-X),TEMPLATED,0,,,,,1,,no entry traffic in 6yr; h1_count=0; TrafficWave
/french-verb-classer.html,KEEP,/french-verb-classer.html,verb-conjugation (lang-verb-X),TEMPLATED,26,,,,,1,,h1_count=0; TrafficWave
/french-verb-cloitrer.html,KEEP,/french-verb-cloitrer.html,verb-conjugation (lang-verb-X),TEMPLATED,498,,,,,1,,h1_count=0; TrafficWave
/french-verb-cocher.html,KEEP,/french-verb-cocher.html,verb-conjugation (lang-verb-X),TEMPLATED,128,,,,,1,,h1_count=0; TrafficWave
/french-verb-cocufier.html,KEEP,/french-verb-cocufier.html,verb-conjugation (lang-verb-X),TEMPLATED,689,,,,,1,,h1_count=0; TrafficWave
/french-verb-coffrer.html,KEEP,/french-verb-coffrer.html,verb-conjugation (lang-verb-X),TEMPLATED,142,,,,,1,,h1_count=0; TrafficWave
/french-verb-cogner.html,KEEP,/french-verb-cogner.html,verb-conjugation (lang-verb-X),TEMPLATED,65,,,,,1,,h1_count=0; TrafficWave
/french-verb-collectionner.html,KEEP,/french-verb-collectionner.html,verb-conjugation (lang-verb-X),TEMPLATED,646,,,,,1,,h1_count=0; TrafficWave
/french-verb-coller.html,KEEP,/french-verb-coller.html,verb-conjugation (lang-verb-X),TEMPLATED,507,,,,,1,,h1_count=0; TrafficWave
/french-verb-colorer.html,KEEP,/french-verb-colorer.html,verb-conjugation (lang-verb-X),TEMPLATED,129,,,,,1,,h1_count=0; TrafficWave
/french-verb-colorier.html,KEEP,/french-verb-colorier.html,verb-conjugation (lang-verb-X),TEMPLATED,2489,,,,,1,,h1_count=0; TrafficWave
/french-verb-colporter.html,HOLD,,verb-conjugation (lang-verb-X),TEMPLATED,0,,,,,1,,no entry traffic in 6yr; h1_count=0; TrafficWave
/french-verb-completer.html,KEEP,/french-verb-completer.html,verb-conjugation (lang-verb-X),TEMPLATED,1761,,,,,1,,h1_count=0; TrafficWave
/french-verb-comprendre.html,KEEP,/french-verb-comprendre.html,verb-conjugation (lang-verb-X),TEMPLATED,4817,,,,,1,,h1_count=0; TrafficWave
/french-verb-concevoir.html,KEEP,/french-verb-concevoir.html,verb-conjugation (lang-verb-X),TEMPLATED,1697,,,,,1,,h1_count=0; TrafficWave
/french-verb-conclure.html,KEEP,/french-verb-conclure.html,verb-conjugation (lang-verb-X),TEMPLATED,626,,,,,10,,
/french-verb-confirmer.html,KEEP,/french-verb-confirmer.html,verb-conjugation (lang-verb-X),TEMPLATED,531,,,,,1,,h1_count=0; TrafficWave
/french-verb-confondre.html,KEEP,/french-verb-confondre.html,verb-conjugation (lang-verb-X),TEMPLATED,585,,,,,1,,h1_count=0; TrafficWave
/french-verb-confronter.html,KEEP,/french-verb-confronter.html,verb-conjugation (lang-verb-X),TEMPLATED,25,,,,,1,,h1_count=0; TrafficWave
/french-verb-congeler.html,KEEP,/french-verb-congeler.html,verb-conjugation (lang-verb-X),TEMPLATED,686,,,,,1,,h1_count=0; TrafficWave
/french-verb-conjugation.html,KEEP,/french-verb-conjugation.html,verb-conjugation (lang-verb-X),TEMPLATED,1281,,,,,6,,
/french-verb-conjuguer.html,KEEP,/french-verb-conjuguer.html,verb-conjugation (lang-verb-X),TEMPLATED,908,,,,,1,,h1_count=0; TrafficWave
/french-verb-conjurer.html,HOLD,,verb-conjugation (lang-verb-X),TEMPLATED,0,,,,,1,,no entry traffic in 6yr; h1_count=0; TrafficWave
/french-verb-consentir.html,KEEP,/french-verb-consentir.html,verb-conjugation (lang-verb-X),TEMPLATED,35,,,,,1,,h1_count=0; TrafficWave
/french-verb-conserver.html,KEEP,/french-verb-conserver.html,verb-conjugation (lang-verb-X),TEMPLATED,233,,,,,1,,h1_count=0; TrafficWave
/french-verb-considerer.html,KEEP,/french-verb-considerer.html,verb-conjugation (lang-verb-X),TEMPLATED,436,,,,,1,,h1_count=0; TrafficWave
/french-verb-consoler.html,KEEP,/french-verb-consoler.html,verb-conjugation (lang-verb-X),TEMPLATED,155,,,,,1,,h1_count=0; TrafficWave
/french-verb-conspirer.html,KEEP,/french-verb-conspirer.html,verb-conjugation (lang-verb-X),TEMPLATED,118,,,,,1,,h1_count=0; TrafficWave
/french-verb-construire.html,KEEP,/french-verb-construire.html,verb-conjugation (lang-verb-X),TEMPLATED,3598,,,,,1,,h1_count=0; TrafficWave
/french-verb-consumer.html,HOLD,,verb-conjugation (lang-verb-X),TEMPLATED,0,,,,,1,,no entry traffic in 6yr; h1_count=0; TrafficWave
/french-verb-contempler.html,KEEP,/french-verb-contempler.html,verb-conjugation (lang-verb-X),TEMPLATED,159,,,,,1,,h1_count=0; TrafficWave
/french-verb-contenir.html,KEEP,/french-verb-contenir.html,verb-conjugation (lang-verb-X),TEMPLATED,3009,,,,,1,,h1_count=0; TrafficWave
/french-verb-contrecarrer.html,KEEP,/french-verb-contrecarrer.html,verb-conjugation (lang-verb-X),TEMPLATED,47,,,,,1,,h1_count=0; TrafficWave
/french-verb-corrompre.html,KEEP,/french-verb-corrompre.html,verb-conjugation (lang-verb-X),TEMPLATED,114,,,,,10,,
/french-verb-courtiser.html,KEEP,/french-verb-courtiser.html,verb-conjugation (lang-verb-X),TEMPLATED,71,,,,,1,,h1_count=0; TrafficWave
/french-verb-couter.html,KEEP,/french-verb-couter.html,verb-conjugation (lang-verb-X),TEMPLATED,1807,,,,,1,,h1_count=0; TrafficWave
/french-verb-couver.html,KEEP,/french-verb-couver.html,verb-conjugation (lang-verb-X),TEMPLATED,167,,,,,1,,h1_count=0; TrafficWave
/french-verb-couvrir.html,KEEP,/french-verb-couvrir.html,verb-conjugation (lang-verb-X),TEMPLATED,1877,,,,,1,,h1_count=0; TrafficWave
/french-verb-crayonner.html,KEEP,/french-verb-crayonner.html,verb-conjugation (lang-verb-X),TEMPLATED,307,,,,,1,,h1_count=0; TrafficWave
/french-verb-creuser.html,KEEP,/french-verb-creuser.html,verb-conjugation (lang-verb-X),TEMPLATED,186,,,,,1,,h1_count=0; TrafficWave
/french-verb-crever.html,KEEP,/french-verb-crever.html,verb-conjugation (lang-verb-X),TEMPLATED,363,,,,,1,,h1_count=0; TrafficWave
/french-verb-crisper.html,KEEP,/french-verb-crisper.html,verb-conjugation (lang-verb-X),TEMPLATED,50,,,,,1,,h1_count=0; TrafficWave
/french-verb-croquer.html,KEEP,/french-verb-croquer.html,verb-conjugation (lang-verb-X),TEMPLATED,99,,,,,1,,h1_count=0; TrafficWave
/french-verb-croustiller.html,HOLD,,verb-conjugation (lang-verb-X),TEMPLATED,0,,,,,1,,no entry traffic in 6yr; h1_count=0; TrafficWave
/french-verb-culbuter.html,HOLD,,verb-conjugation (lang-verb-X),TEMPLATED,0,,,,,1,,no entry traffic in 6yr; h1_count=0; TrafficWave
/french-verb-cureter.html,HOLD,,verb-conjugation (lang-verb-X),TEMPLATED,0,,,,,1,,no entry traffic in 6yr; h1_count=0; TrafficWave
/french-verb-debarquer.html,KEEP,/french-verb-debarquer.html,verb-conjugation (lang-verb-X),TEMPLATED,16,,,,,1,,h1_count=0; TrafficWave
/french-verb-debiter.html,KEEP,/french-verb-debiter.html,verb-conjugation (lang-verb-X),TEMPLATED,218,,,,,1,,h1_count=0; TrafficWave
/french-verb-debloquer.html,KEEP,/french-verb-debloquer.html,verb-conjugation (lang-verb-X),TEMPLATED,253,,,,,1,,h1_count=0; TrafficWave
/french-verb-deboiser.html,HOLD,,verb-conjugation (lang-verb-X),TEMPLATED,0,,,,,1,,no entry traffic in 6yr; h1_count=0; TrafficWave
/french-verb-deboiter.html,KEEP,/french-verb-deboiter.html,verb-conjugation (lang-verb-X),TEMPLATED,121,,,,,1,,h1_count=0; TrafficWave
/french-verb-debrouiller.html,KEEP,/french-verb-debrouiller.html,verb-conjugation (lang-verb-X),TEMPLATED,603,,,,,1,,h1_count=0; TrafficWave
/french-verb-decevoir.html,KEEP,/french-verb-decevoir.html,verb-conjugation (lang-verb-X),TEMPLATED,959,,,,,1,,h1_count=0; TrafficWave
/french-verb-decourager.html,KEEP,/french-verb-decourager.html,verb-conjugation (lang-verb-X),TEMPLATED,279,,,,,1,,h1_count=0; TrafficWave
/french-verb-decouvrir.html,KEEP,/french-verb-decouvrir.html,verb-conjugation (lang-verb-X),TEMPLATED,3023,,,,,1,,h1_count=0; TrafficWave
/french-verb-dedier.html,KEEP,/french-verb-dedier.html,verb-conjugation (lang-verb-X),TEMPLATED,251,,,,,1,,h1_count=0; TrafficWave
/french-verb-delayer.html,HOLD,,verb-conjugation (lang-verb-X),TEMPLATED,0,,,,,1,,no entry traffic in 6yr; h1_count=0; TrafficWave
/french-verb-demanteler.html,HOLD,,verb-conjugation (lang-verb-X),TEMPLATED,0,,,,,1,,no entry traffic in 6yr; h1_count=0; TrafficWave
/french-verb-demettre.html,KEEP,/french-verb-demettre.html,verb-conjugation (lang-verb-X),TEMPLATED,109,,,,,1,,h1_count=0; TrafficWave
/french-verb-denoyer.html,HOLD,,verb-conjugation (lang-verb-X),TEMPLATED,0,,,,,1,,no entry traffic in 6yr; h1_count=0; TrafficWave
/french-verb-deperir.html,HOLD,,verb-conjugation (lang-verb-X),TEMPLATED,0,,,,,0,,no entry traffic in 6yr; h1_count=0; TrafficWave
/french-verb-deranger.html,KEEP,/french-verb-deranger.html,verb-conjugation (lang-verb-X),TEMPLATED,340,,,,,1,,h1_count=0; TrafficWave
/french-verb-deteindre.html,KEEP,/french-verb-deteindre.html,verb-conjugation (lang-verb-X),TEMPLATED,133,,,,,1,,h1_count=0; TrafficWave
/french-verb-detendre.html,KEEP,/french-verb-detendre.html,verb-conjugation (lang-verb-X),TEMPLATED,331,,,,,1,,h1_count=0; TrafficWave
/french-verb-deviner.html,KEEP,/french-verb-deviner.html,verb-conjugation (lang-verb-X),TEMPLATED,879,,,,,1,,h1_count=0; TrafficWave
/french-verb-devoir.html,KEEP,/french-verb-devoir.html,verb-conjugation (lang-verb-X),TEMPLATED,12345,,,,,8,,
/french-verb-dire.html,KEEP,/french-verb-dire.html,verb-conjugation (lang-verb-X),TEMPLATED,5100,,,,,7,,
/french-verb-diriger.html,KEEP,/french-verb-diriger.html,verb-conjugation (lang-verb-X),TEMPLATED,107,,,,,1,,h1_count=0; TrafficWave
/french-verb-echanger.html,KEEP,/french-verb-echanger.html,verb-conjugation (lang-verb-X),TEMPLATED,1098,,,,,1,,h1_count=0; TrafficWave
/french-verb-echouer.html,KEEP,/french-verb-echouer.html,verb-conjugation (lang-verb-X),TEMPLATED,756,,,,,1,,h1_count=0; TrafficWave
/french-verb-effacer.html,KEEP,/french-verb-effacer.html,verb-conjugation (lang-verb-X),TEMPLATED,1120,,,,,0,,h1_count=0; TrafficWave
/french-verb-effrayer.html,KEEP,/french-verb-effrayer.html,verb-conjugation (lang-verb-X),TEMPLATED,1229,,,,,0,,h1_count=0; TrafficWave
/french-verb-elire.html,KEEP,/french-verb-elire.html,verb-conjugation (lang-verb-X),TEMPLATED,237,,,,,10,,
/french-verb-embrayer.html,HOLD,,verb-conjugation (lang-verb-X),TEMPLATED,0,,,,,1,,no entry traffic in 6yr; h1_count=0; TrafficWave
/french-verb-emmener.html,KEEP,/french-verb-emmener.html,verb-conjugation (lang-verb-X),TEMPLATED,832,,,,,1,,h1_count=0; TrafficWave
/french-verb-enfoncer.html,HOLD,,verb-conjugation (lang-verb-X),TEMPLATED,0,,,,,1,,no entry traffic in 6yr; h1_count=0; TrafficWave
/french-verb-enrayer.html,HOLD,,verb-conjugation (lang-verb-X),TEMPLATED,0,,,,,1,,no entry traffic in 6yr; h1_count=0; TrafficWave
/french-verb-enseigner.html,KEEP,/french-verb-enseigner.html,verb-conjugation (lang-verb-X),TEMPLATED,1109,,,,,1,,h1_count=0; TrafficWave
/french-verb-ensorceler.html,KEEP,/french-verb-ensorceler.html,verb-conjugation (lang-verb-X),TEMPLATED,160,,,,,1,,h1_count=0; TrafficWave
/french-verb-entendre.html,KEEP,/french-verb-entendre.html,verb-conjugation (lang-verb-X),TEMPLATED,9553,,,,,1,,h1_count=0; TrafficWave
/french-verb-entreprendre.html,KEEP,/french-verb-entreprendre.html,verb-conjugation (lang-verb-X),TEMPLATED,962,,,,,1,,h1_count=0; TrafficWave
/french-verb-entrouvrir.html,KEEP,/french-verb-entrouvrir.html,verb-conjugation (lang-verb-X),TEMPLATED,182,,,,,1,,h1_count=0; TrafficWave
/french-verb-etablir.html,KEEP,/french-verb-etablir.html,verb-conjugation (lang-verb-X),TEMPLATED,1470,,,,,1,,h1_count=0; TrafficWave
/french-verb-eteindre.html,KEEP,/french-verb-eteindre.html,verb-conjugation (lang-verb-X),TEMPLATED,1028,,,,,1,,h1_count=0; TrafficWave
/french-verb-etendre.html,KEEP,/french-verb-etendre.html,verb-conjugation (lang-verb-X),TEMPLATED,1761,,,,,1,,h1_count=0; TrafficWave
/french-verb-etre.html,KEEP,/french-verb-etre.html,verb-conjugation (lang-verb-X),TEMPLATED,6422,,,,,7,,
/french-verb-evanouir.html,KEEP,/french-verb-evanouir.html,verb-conjugation (lang-verb-X),TEMPLATED,360,,,,,1,,h1_count=0; TrafficWave
/french-verb-eviter.html,KEEP,/french-verb-eviter.html,verb-conjugation (lang-verb-X),TEMPLATED,2832,,,,,10,,
/french-verb-evoluer.html,KEEP,/french-verb-evoluer.html,verb-conjugation (lang-verb-X),TEMPLATED,191,,,,,10,,
/french-verb-exiger.html,KEEP,/french-verb-exiger.html,verb-conjugation (lang-verb-X),TEMPLATED,2473,,,,,1,,h1_count=0; TrafficWave
/french-verb-expliquer.html,KEEP,/french-verb-expliquer.html,verb-conjugation (lang-verb-X),TEMPLATED,649,,,,,1,,h1_count=0; TrafficWave
/french-verb-faire.html,KEEP,/french-verb-faire.html,verb-conjugation (lang-verb-X),TEMPLATED,14756,,,,,8,,
/french-verb-fendre.html,KEEP,/french-verb-fendre.html,verb-conjugation (lang-verb-X),TEMPLATED,150,,,,,11,,
/french-verb-fesser.html,KEEP,/french-verb-fesser.html,verb-conjugation (lang-verb-X),TEMPLATED,544,,,,,1,,h1_count=0
/french-verb-feter.html,KEEP,/french-verb-feter.html,verb-conjugation (lang-verb-X),TEMPLATED,1758,,,,,1,,h1_count=0; TrafficWave
/french-verb-flamboyer.html,HOLD,,verb-conjugation (lang-verb-X),TEMPLATED,0,,,,,1,,no entry traffic in 6yr; h1_count=0; TrafficWave
/french-verb-foncer.html,KEEP,/french-verb-foncer.html,verb-conjugation (lang-verb-X),TEMPLATED,57,,,,,1,,h1_count=0; TrafficWave
/french-verb-geler.html,KEEP,/french-verb-geler.html,verb-conjugation (lang-verb-X),TEMPLATED,3151,,,,,1,,h1_count=0; TrafficWave
/french-verb-grandir.html,KEEP,/french-verb-grandir.html,verb-conjugation (lang-verb-X),TEMPLATED,1038,,,,,1,,h1_count=0; TrafficWave
/french-verb-grever.html,KEEP,/french-verb-grever.html,verb-conjugation (lang-verb-X),TEMPLATED,260,,,,,1,,h1_count=0; TrafficWave
/french-verb-grommeler.html,HOLD,,verb-conjugation (lang-verb-X),TEMPLATED,0,,,,,1,,no entry traffic in 6yr; h1_count=0; TrafficWave
/french-verb-guerir.html,KEEP,/french-verb-guerir.html,verb-conjugation (lang-verb-X),TEMPLATED,579,,,,,10,,
/french-verb-habiller.html,KEEP,/french-verb-habiller.html,verb-conjugation (lang-verb-X),TEMPLATED,1120,,,,,11,,
/french-verb-hoqueter.html,KEEP,/french-verb-hoqueter.html,verb-conjugation (lang-verb-X),TEMPLATED,203,,,,,1,,h1_count=0; TrafficWave
/french-verb-informer.html,KEEP,/french-verb-informer.html,verb-conjugation (lang-verb-X),TEMPLATED,270,,,,,7,,h1_count=2; TrafficWave
/french-verb-inquieter.html,KEEP,/french-verb-inquieter.html,verb-conjugation (lang-verb-X),TEMPLATED,263,,,,,1,,h1_count=0; TrafficWave
/french-verb-instruire.html,KEEP,/french-verb-instruire.html,verb-conjugation (lang-verb-X),TEMPLATED,165,,,,,1,,h1_count=0; TrafficWave
/french-verb-interdire.html,KEEP,/french-verb-interdire.html,verb-conjugation (lang-verb-X),TEMPLATED,1322,,,,,10,,
/french-verb-lean-basculer.html,REVIEW,,(unknown),,0,,,,,0,,no entry traffic in 6yr; HTTP 404 in crawl
/french-verb-lier.html,KEEP,/french-verb-lier.html,verb-conjugation (lang-verb-X),TEMPLATED,755,,,,,1,,h1_count=0; TrafficWave
/french-verb-lower-baisser.html,KEEP,/french-verb-lower-baisser.html,verb-conjugation (lang-verb-X),TEMPLATED,1115,,,,,6,,
/french-verb-luire.html,KEEP,/french-verb-luire.html,verb-conjugation (lang-verb-X),TEMPLATED,519,,,,,1,,h1_count=0; TrafficWave
/french-verb-maintenir.html,KEEP,/french-verb-maintenir.html,verb-conjugation (lang-verb-X),TEMPLATED,3021,,,,,1,,h1_count=0; TrafficWave
/french-verb-menacer.html,KEEP,/french-verb-menacer.html,verb-conjugation (lang-verb-X),TEMPLATED,1060,,,,,1,,h1_count=0; TrafficWave
/french-verb-mendier.html,KEEP,/french-verb-mendier.html,verb-conjugation (lang-verb-X),TEMPLATED,510,,,,,1,,h1_count=0; TrafficWave
/french-verb-mener.html,KEEP,/french-verb-mener.html,verb-conjugation (lang-verb-X),TEMPLATED,5450,,,,,1,,h1_count=0; TrafficWave
/french-verb-mentir.html,KEEP,/french-verb-mentir.html,verb-conjugation (lang-verb-X),TEMPLATED,9779,,,,,1,,h1_count=0; TrafficWave
/french-verb-mettre.html,KEEP,/french-verb-mettre.html,verb-conjugation (lang-verb-X),TEMPLATED,21982,,,,,1,,h1_count=0
/french-verb-museler.html,HOLD,,verb-conjugation (lang-verb-X),TEMPLATED,0,,,,,1,,no entry traffic in 6yr; h1_count=0; TrafficWave
/french-verb-noyer.html,KEEP,/french-verb-noyer.html,verb-conjugation (lang-verb-X),TEMPLATED,377,,,,,1,,h1_count=0; TrafficWave
/french-verb-offrir.html,KEEP,/french-verb-offrir.html,verb-conjugation (lang-verb-X),TEMPLATED,16085,,,,,1,,h1_count=0; TrafficWave
/french-verb-omettre.html,KEEP,/french-verb-omettre.html,verb-conjugation (lang-verb-X),TEMPLATED,564,,,,,1,,h1_count=0; TrafficWave
/french-verb-ondoyer.html,KEEP,/french-verb-ondoyer.html,verb-conjugation (lang-verb-X),TEMPLATED,26,,,,,1,,h1_count=0; TrafficWave
/french-verb-ouvrir.html,KEEP,/french-verb-ouvrir.html,verb-conjugation (lang-verb-X),TEMPLATED,4032,,,,,0,,h1_count=0; TrafficWave
/french-verb-pagayer.html,KEEP,/french-verb-pagayer.html,verb-conjugation (lang-verb-X),TEMPLATED,228,,,,,1,,h1_count=0; TrafficWave
/french-verb-parier-sur.html,KEEP,/french-verb-parier-sur.html,verb-conjugation (lang-verb-X),TEMPLATED,1109,,,,,10,,
/french-verb-parsemer.html,KEEP,/french-verb-parsemer.html,verb-conjugation (lang-verb-X),TEMPLATED,159,,,,,1,,h1_count=0; TrafficWave
/french-verb-partir.html,KEEP,/french-verb-partir.html,verb-conjugation (lang-verb-X),TEMPLATED,10811,,,,,1,,h1_count=0; TrafficWave
/french-verb-payer.html,KEEP,/french-verb-payer.html,verb-conjugation (lang-verb-X),TEMPLATED,4694,,,,,1,,h1_count=0; TrafficWave
/french-verb-pecher.html,KEEP,/french-verb-pecher.html,verb-conjugation (lang-verb-X),TEMPLATED,1381,,,,,1,,h1_count=0; TrafficWave
/french-verb-peindre.html,KEEP,/french-verb-peindre.html,verb-conjugation (lang-verb-X),TEMPLATED,5222,,,,,1,,h1_count=0; TrafficWave
/french-verb-peler.html,KEEP,/french-verb-peler.html,verb-conjugation (lang-verb-X),TEMPLATED,2630,,,,,1,,h1_count=0; TrafficWave
/french-verb-pendre.html,KEEP,/french-verb-pendre.html,verb-conjugation (lang-verb-X),TEMPLATED,2826,,,,,1,,h1_count=0; TrafficWave
/french-verb-percevoir.html,KEEP,/french-verb-percevoir.html,verb-conjugation (lang-verb-X),TEMPLATED,468,,,,,1,,h1_count=0; TrafficWave
/french-verb-pincer.html,KEEP,/french-verb-pincer.html,verb-conjugation (lang-verb-X),TEMPLATED,223,,,,,1,,h1_count=0; TrafficWave
/french-verb-posseder.html,KEEP,/french-verb-posseder.html,verb-conjugation (lang-verb-X),TEMPLATED,441,,,,,1,,h1_count=0; TrafficWave
/french-verb-pouvoir.html,KEEP,/french-verb-pouvoir.html,verb-conjugation (lang-verb-X),TEMPLATED,11462,,,,,7,,
/french-verb-prendre.html,KEEP,/french-verb-prendre.html,verb-conjugation (lang-verb-X),TEMPLATED,16695,,,,,1,,h1_count=0; TrafficWave
/french-verb-pretendre.html,KEEP,/french-verb-pretendre.html,verb-conjugation (lang-verb-X),TEMPLATED,430,,,,,1,,h1_count=0; TrafficWave
/french-verb-produire.html,KEEP,/french-verb-produire.html,verb-conjugation (lang-verb-X),TEMPLATED,1256,,,,,1,,h1_count=0; TrafficWave
/french-verb-promettre.html,KEEP,/french-verb-promettre.html,verb-conjugation (lang-verb-X),TEMPLATED,3211,,,,,1,,h1_count=0; TrafficWave
/french-verb-punir.html,KEEP,/french-verb-punir.html,verb-conjugation (lang-verb-X),TEMPLATED,1719,,,,,1,,h1_count=0; TrafficWave
/french-verb-rabaisser.html,KEEP,/french-verb-rabaisser.html,verb-conjugation (lang-verb-X),TEMPLATED,230,,,,,10,,
/french-verb-rajeunir.html,KEEP,/french-verb-rajeunir.html,verb-conjugation (lang-verb-X),TEMPLATED,917,,,,,1,,h1_count=0; TrafficWave
/french-verb-ramener.html,KEEP,/french-verb-ramener.html,verb-conjugation (lang-verb-X),TEMPLATED,1546,,,,,1,,h1_count=0; TrafficWave
/french-verb-rappeler.html,KEEP,/french-verb-rappeler.html,verb-conjugation (lang-verb-X),TEMPLATED,1352,,,,,10,,
/french-verb-reapprendre.html,KEEP,/french-verb-reapprendre.html,verb-conjugation (lang-verb-X),TEMPLATED,21,,,,,1,,h1_count=0; TrafficWave
/french-verb-recevoir.html,KEEP,/french-verb-recevoir.html,verb-conjugation (lang-verb-X),TEMPLATED,9214,,,,,1,,h1_count=0; TrafficWave
/french-verb-reconduire.html,KEEP,/french-verb-reconduire.html,verb-conjugation (lang-verb-X),TEMPLATED,74,,,,,1,,h1_count=0; TrafficWave
/french-verb-regner.html,KEEP,/french-verb-regner.html,verb-conjugation (lang-verb-X),TEMPLATED,221,,,,,1,,h1_count=0; TrafficWave
/french-verb-remmener.html,KEEP,/french-verb-remmener.html,verb-conjugation (lang-verb-X),TEMPLATED,23,,,,,1,,h1_count=0; TrafficWave
/french-verb-remplacer.html,KEEP,/french-verb-remplacer.html,verb-conjugation (lang-verb-X),TEMPLATED,3454,,,,,1,,h1_count=0; TrafficWave
/french-verb-repartir.html,KEEP,/french-verb-repartir.html,verb-conjugation (lang-verb-X),TEMPLATED,1614,,,,,1,,h1_count=0; TrafficWave
/french-verb-repeter.html,KEEP,/french-verb-repeter.html,verb-conjugation (lang-verb-X),TEMPLATED,2812,,,,,1,,h1_count=0; TrafficWave
/french-verb-replier.html,KEEP,/french-verb-replier.html,verb-conjugation (lang-verb-X),TEMPLATED,131,,,,,1,,h1_count=0; TrafficWave
/french-verb-restreindre.html,KEEP,/french-verb-restreindre.html,verb-conjugation (lang-verb-X),TEMPLATED,107,,,,,1,,h1_count=0; TrafficWave
/french-verb-rompre.html,KEEP,/french-verb-rompre.html,verb-conjugation (lang-verb-X),TEMPLATED,155,,,,,11,,
/french-verb-ronger.html,KEEP,/french-verb-ronger.html,verb-conjugation (lang-verb-X),TEMPLATED,389,,,,,1,,h1_count=0; TrafficWave
/french-verb-s-amuser.html,KEEP,/french-verb-s-amuser.html,verb-conjugation (lang-verb-X),TEMPLATED,329,,,,,10,,
/french-verb-saboter.html,KEEP,/french-verb-saboter.html,verb-conjugation (lang-verb-X),TEMPLATED,111,,,,,1,,h1_count=0; TrafficWave
/french-verb-sabrer.html,KEEP,/french-verb-sabrer.html,verb-conjugation (lang-verb-X),TEMPLATED,56,,,,,1,,h1_count=0; TrafficWave
/french-verb-sautiller.html,KEEP,/french-verb-sautiller.html,verb-conjugation (lang-verb-X),TEMPLATED,25,,,,,1,,h1_count=0; TrafficWave
/french-verb-sauver.html,KEEP,/french-verb-sauver.html,verb-conjugation (lang-verb-X),TEMPLATED,2413,,,,,1,,h1_count=0; TrafficWave
/french-verb-savourer.html,KEEP,/french-verb-savourer.html,verb-conjugation (lang-verb-X),TEMPLATED,777,,,,,1,,h1_count=0; TrafficWave
/french-verb-sceller.html,KEEP,/french-verb-sceller.html,verb-conjugation (lang-verb-X),TEMPLATED,318,,,,,1,,h1_count=0; TrafficWave
/french-verb-scintiller.html,KEEP,/french-verb-scintiller.html,verb-conjugation (lang-verb-X),TEMPLATED,394,,,,,1,,h1_count=0; TrafficWave
/french-verb-scolariser.html,KEEP,/french-verb-scolariser.html,verb-conjugation (lang-verb-X),TEMPLATED,52,,,,,1,,h1_count=0; TrafficWave
/french-verb-se-abimer.html,KEEP,/french-verb-se-abimer.html,verb-conjugation (lang-verb-X),TEMPLATED,877,,,,,1,,h1_count=0; TrafficWave
/french-verb-se-accuser.html,KEEP,/french-verb-se-accuser.html,verb-conjugation (lang-verb-X),TEMPLATED,297,,,,,1,,h1_count=0; TrafficWave
/french-verb-se-approprier.html,HOLD,,verb-conjugation (lang-verb-X),TEMPLATED,0,,,,,1,,no entry traffic in 6yr; h1_count=0; TrafficWave
/french-verb-se-brancher.html,KEEP,/french-verb-se-brancher.html,verb-conjugation (lang-verb-X),TEMPLATED,591,,,,,1,,h1_count=0; TrafficWave
/french-verb-se-calmer.html,KEEP,/french-verb-se-calmer.html,verb-conjugation (lang-verb-X),TEMPLATED,368,,,,,1,,h1_count=0; TrafficWave
/french-verb-se-confirmer.html,KEEP,/french-verb-se-confirmer.html,verb-conjugation (lang-verb-X),TEMPLATED,75,,,,,1,,h1_count=0; TrafficWave
/french-verb-se-delasser.html,KEEP,/french-verb-se-delasser.html,verb-conjugation (lang-verb-X),TEMPLATED,1070,,,,,1,,h1_count=0; TrafficWave
/french-verb-se-delier.html,HOLD,,verb-conjugation (lang-verb-X),TEMPLATED,0,,,,,1,,no entry traffic in 6yr; h1_count=0; TrafficWave
/french-verb-se-disputer.html,KEEP,/french-verb-se-disputer.html,verb-conjugation (lang-verb-X),TEMPLATED,6985,,,,,1,,h1_count=0; TrafficWave
/french-verb-se-ecrier.html,HOLD,,verb-conjugation (lang-verb-X),TEMPLATED,0,,,,,1,,no entry traffic in 6yr; h1_count=0; TrafficWave
/french-verb-se-elargir.html,KEEP,/french-verb-se-elargir.html,verb-conjugation (lang-verb-X),TEMPLATED,249,,,,,1,,h1_count=0; TrafficWave
/french-verb-se-emmeler.html,HOLD,,verb-conjugation (lang-verb-X),TEMPLATED,0,,,,,1,,no entry traffic in 6yr; h1_count=0; TrafficWave
/french-verb-se-empresser.html,KEEP,/french-verb-se-empresser.html,verb-conjugation (lang-verb-X),TEMPLATED,214,,,,,1,,h1_count=0; TrafficWave
/french-verb-se-fortifier.html,KEEP,/french-verb-se-fortifier.html,verb-conjugation (lang-verb-X),TEMPLATED,59,,,,,1,,h1_count=0; TrafficWave
/french-verb-se-gouverner.html,KEEP,/french-verb-se-gouverner.html,verb-conjugation (lang-verb-X),TEMPLATED,321,,,,,1,,h1_count=0; TrafficWave
/french-verb-se-illuminer.html,KEEP,/french-verb-se-illuminer.html,verb-conjugation (lang-verb-X),TEMPLATED,177,,,,,1,,h1_count=0; TrafficWave
/french-verb-se-oublier.html,KEEP,/french-verb-se-oublier.html,verb-conjugation (lang-verb-X),TEMPLATED,2203,,,,,1,,h1_count=0; TrafficWave
/french-verb-se-petrifier.html,KEEP,/french-verb-se-petrifier.html,verb-conjugation (lang-verb-X),TEMPLATED,64,,,,,1,,h1_count=0; TrafficWave
/french-verb-se-raser.html,KEEP,/french-verb-se-raser.html,verb-conjugation (lang-verb-X),TEMPLATED,8872,,,,,1,,h1_count=0; TrafficWave
/french-verb-se-remuer.html,KEEP,/french-verb-se-remuer.html,verb-conjugation (lang-verb-X),TEMPLATED,198,,,,,1,,h1_count=0; TrafficWave
/french-verb-se-reposer.html,KEEP,/french-verb-se-reposer.html,verb-conjugation (lang-verb-X),TEMPLATED,12551,,,,,0,,h1_count=0; TrafficWave
/french-verb-se-retablir.html,KEEP,/french-verb-se-retablir.html,verb-conjugation (lang-verb-X),TEMPLATED,279,,,,,1,,h1_count=0; TrafficWave
/french-verb-se-simplifier.html,KEEP,/french-verb-se-simplifier.html,verb-conjugation (lang-verb-X),TEMPLATED,139,,,,,1,,h1_count=0; TrafficWave
/french-verb-se-taquiner.html,KEEP,/french-verb-se-taquiner.html,verb-conjugation (lang-verb-X),TEMPLATED,312,,,,,1,,h1_count=0; TrafficWave
/french-verb-se-trouver.html,KEEP,/french-verb-se-trouver.html,verb-conjugation (lang-verb-X),TEMPLATED,3025,,,,,1,,h1_count=0; TrafficWave
/french-verb-secouer.html,KEEP,/french-verb-secouer.html,verb-conjugation (lang-verb-X),TEMPLATED,210,,,,,1,,h1_count=0; TrafficWave
/french-verb-segmenter.html,KEEP,/french-verb-segmenter.html,verb-conjugation (lang-verb-X),TEMPLATED,1870,,,,,1,,h1_count=0; TrafficWave
/french-verb-sejourner.html,KEEP,/french-verb-sejourner.html,verb-conjugation (lang-verb-X),TEMPLATED,1459,,,,,1,,h1_count=0; TrafficWave
/french-verb-selectionner.html,KEEP,/french-verb-selectionner.html,verb-conjugation (lang-verb-X),TEMPLATED,2178,,,,,1,,h1_count=0; TrafficWave
/french-verb-seller.html,KEEP,/french-verb-seller.html,verb-conjugation (lang-verb-X),TEMPLATED,27,,,,,1,,h1_count=0; TrafficWave
/french-verb-sembler.html,KEEP,/french-verb-sembler.html,verb-conjugation (lang-verb-X),TEMPLATED,562,,,,,1,,h1_count=0; TrafficWave
/french-verb-sentir.html,KEEP,/french-verb-sentir.html,verb-conjugation (lang-verb-X),TEMPLATED,6619,,,,,1,,h1_count=0; TrafficWave
/french-verb-sevrer.html,KEEP,/french-verb-sevrer.html,verb-conjugation (lang-verb-X),TEMPLATED,279,,,,,1,,h1_count=0; TrafficWave
/french-verb-siffler.html,KEEP,/french-verb-siffler.html,verb-conjugation (lang-verb-X),TEMPLATED,269,,,,,1,,h1_count=0; TrafficWave
/french-verb-simuler.html,KEEP,/french-verb-simuler.html,verb-conjugation (lang-verb-X),TEMPLATED,238,,,,,1,,h1_count=0; TrafficWave
/french-verb-siroter.html,KEEP,/french-verb-siroter.html,verb-conjugation (lang-verb-X),TEMPLATED,208,,,,,1,,h1_count=0; TrafficWave
/french-verb-snober.html,HOLD,,verb-conjugation (lang-verb-X),TEMPLATED,0,,,,,1,,no entry traffic in 6yr; h1_count=0; TrafficWave
/french-verb-socialiser.html,KEEP,/french-verb-socialiser.html,verb-conjugation (lang-verb-X),TEMPLATED,23,,,,,1,,h1_count=0; TrafficWave
/french-verb-somnoler.html,KEEP,/french-verb-somnoler.html,verb-conjugation (lang-verb-X),TEMPLATED,28,,,,,1,,h1_count=0; TrafficWave
/french-verb-sonder.html,KEEP,/french-verb-sonder.html,verb-conjugation (lang-verb-X),TEMPLATED,874,,,,,1,,h1_count=0; TrafficWave
/french-verb-soudoyer.html,KEEP,/french-verb-soudoyer.html,verb-conjugation (lang-verb-X),TEMPLATED,188,,,,,1,,h1_count=0; TrafficWave
/french-verb-souffrir.html,KEEP,/french-verb-souffrir.html,verb-conjugation (lang-verb-X),TEMPLATED,4484,,,,,0,,h1_count=0; TrafficWave
/french-verb-souhaiter.html,KEEP,/french-verb-souhaiter.html,verb-conjugation (lang-verb-X),TEMPLATED,2604,,,,,1,,h1_count=0; TrafficWave
/french-verb-souiller.html,KEEP,/french-verb-souiller.html,verb-conjugation (lang-verb-X),TEMPLATED,23,,,,,1,,h1_count=0; TrafficWave
/french-verb-soulager.html,KEEP,/french-verb-soulager.html,verb-conjugation (lang-verb-X),TEMPLATED,85,,,,,1,,h1_count=0; TrafficWave
/french-verb-souligner.html,KEEP,/french-verb-souligner.html,verb-conjugation (lang-verb-X),TEMPLATED,1513,,,,,1,,h1_count=0; TrafficWave
/french-verb-soupconner.html,KEEP,/french-verb-soupconner.html,verb-conjugation (lang-verb-X),TEMPLATED,68,,,,,1,,h1_count=0; TrafficWave
/french-verb-sous-estimer.html,KEEP,/french-verb-sous-estimer.html,verb-conjugation (lang-verb-X),TEMPLATED,127,,,,,1,,h1_count=0; TrafficWave
/french-verb-sous-evaluer.html,HOLD,,verb-conjugation (lang-verb-X),TEMPLATED,0,,,,,1,,no entry traffic in 6yr; h1_count=0; TrafficWave
/french-verb-sous-louer.html,HOLD,,verb-conjugation (lang-verb-X),TEMPLATED,0,,,,,1,,no entry traffic in 6yr; h1_count=0; TrafficWave
/french-verb-sous-titrer.html,HOLD,,verb-conjugation (lang-verb-X),TEMPLATED,0,,,,,1,,no entry traffic in 6yr; h1_count=0; TrafficWave
/french-verb-sous-traiter.html,KEEP,/french-verb-sous-traiter.html,verb-conjugation (lang-verb-X),TEMPLATED,24,,,,,1,,h1_count=0; TrafficWave
/french-verb-soutenir.html,KEEP,/french-verb-soutenir.html,verb-conjugation (lang-verb-X),TEMPLATED,1370,,,,,1,,h1_count=0; TrafficWave
/french-verb-specialiser.html,KEEP,/french-verb-specialiser.html,verb-conjugation (lang-verb-X),TEMPLATED,22,,,,,1,,h1_count=0
/french-verb-sprinter.html,KEEP,/french-verb-sprinter.html,verb-conjugation (lang-verb-X),TEMPLATED,198,,,,,1,,h1_count=0
/french-verb-stabiliser.html,HOLD,,verb-conjugation (lang-verb-X),TEMPLATED,0,,,,,1,,no entry traffic in 6yr; h1_count=0
/french-verb-stagner.html,HOLD,,verb-conjugation (lang-verb-X),TEMPLATED,0,,,,,1,,no entry traffic in 6yr; h1_count=0
/french-verb-standardiser.html,KEEP,/french-verb-standardiser.html,verb-conjugation (lang-verb-X),TEMPLATED,110,,,,,1,,h1_count=0
/french-verb-stationner.html,HOLD,,verb-conjugation (lang-verb-X),TEMPLATED,0,,,,,1,,no entry traffic in 6yr; h1_count=0
/french-verb-statuer.html,KEEP,/french-verb-statuer.html,verb-conjugation (lang-verb-X),TEMPLATED,49,,,,,1,,h1_count=0
/french-verb-steriliser.html,HOLD,,verb-conjugation (lang-verb-X),TEMPLATED,0,,,,,1,,no entry traffic in 6yr; h1_count=0
/french-verb-stipuler.html,KEEP,/french-verb-stipuler.html,verb-conjugation (lang-verb-X),TEMPLATED,165,,,,,0,,h1_count=0
/french-verb-structurer.html,KEEP,/french-verb-structurer.html,verb-conjugation (lang-verb-X),TEMPLATED,24,,,,,1,,h1_count=0; TrafficWave
/french-verb-subdivide-subdiviser.html,KEEP,/french-verb-subdivide-subdiviser.html,verb-conjugation (lang-verb-X),TEMPLATED,66,,,,,6,,
/french-verb-subdiviser.html,HOLD,,verb-conjugation (lang-verb-X),TEMPLATED,0,,,,,1,,no entry traffic in 6yr; h1_count=0
/french-verb-subordonner.html,KEEP,/french-verb-subordonner.html,verb-conjugation (lang-verb-X),TEMPLATED,113,,,,,1,,h1_count=0
/french-verb-subsister.html,KEEP,/french-verb-subsister.html,verb-conjugation (lang-verb-X),TEMPLATED,313,,,,,1,,h1_count=0
/french-verb-subventionner.html,KEEP,/french-verb-subventionner.html,verb-conjugation (lang-verb-X),TEMPLATED,382,,,,,1,,h1_count=0
/french-verb-sucrer.html,KEEP,/french-verb-sucrer.html,verb-conjugation (lang-verb-X),TEMPLATED,29,,,,,1,,h1_count=0; TrafficWave
/french-verb-suer.html,KEEP,/french-verb-suer.html,verb-conjugation (lang-verb-X),TEMPLATED,1262,,,,,1,,h1_count=0
/french-verb-suffoquer.html,KEEP,/french-verb-suffoquer.html,verb-conjugation (lang-verb-X),TEMPLATED,44,,,,,1,,h1_count=0; TrafficWave
/french-verb-superposer.html,KEEP,/french-verb-superposer.html,verb-conjugation (lang-verb-X),TEMPLATED,73,,,,,1,,h1_count=0; TrafficWave
/french-verb-superviser.html,KEEP,/french-verb-superviser.html,verb-conjugation (lang-verb-X),TEMPLATED,242,,,,,1,,h1_count=0; TrafficWave
/french-verb-suralimenter.html,HOLD,,verb-conjugation (lang-verb-X),TEMPLATED,0,,,,,1,,no entry traffic in 6yr; h1_count=0; TrafficWave
/french-verb-surchauffer.html,KEEP,/french-verb-surchauffer.html,verb-conjugation (lang-verb-X),TEMPLATED,119,,,,,1,,h1_count=0; TrafficWave
/french-verb-surclasser.html,HOLD,,verb-conjugation (lang-verb-X),TEMPLATED,0,,,,,1,,no entry traffic in 6yr; h1_count=0; TrafficWave
/french-verb-surentrainer.html,KEEP,/french-verb-surentrainer.html,verb-conjugation (lang-verb-X),TEMPLATED,21,,,,,1,,h1_count=0; TrafficWave
/french-verb-surestimer.html,KEEP,/french-verb-surestimer.html,verb-conjugation (lang-verb-X),TEMPLATED,131,,,,,1,,h1_count=0; TrafficWave
/french-verb-surevaluer.html,KEEP,/french-verb-surevaluer.html,verb-conjugation (lang-verb-X),TEMPLATED,24,,,,,1,,h1_count=0; TrafficWave
/french-verb-surexciter.html,KEEP,/french-verb-surexciter.html,verb-conjugation (lang-verb-X),TEMPLATED,104,,,,,1,,h1_count=0; TrafficWave
/french-verb-surexposer.html,KEEP,/french-verb-surexposer.html,verb-conjugation (lang-verb-X),TEMPLATED,95,,,,,1,,h1_count=0; TrafficWave
/french-verb-surpayer.html,KEEP,/french-verb-surpayer.html,verb-conjugation (lang-verb-X),TEMPLATED,126,,,,,1,,h1_count=0; TrafficWave
/french-verb-surplomber.html,HOLD,,verb-conjugation (lang-verb-X),TEMPLATED,0,,,,,1,,no entry traffic in 6yr; h1_count=0; TrafficWave
/french-verb-suspecter.html,KEEP,/french-verb-suspecter.html,verb-conjugation (lang-verb-X),TEMPLATED,159,,,,,1,,h1_count=0; TrafficWave
/french-verb-suspendre.html,KEEP,/french-verb-suspendre.html,verb-conjugation (lang-verb-X),TEMPLATED,469,,,,,1,,h1_count=0; TrafficWave
/french-verb-symboliser.html,KEEP,/french-verb-symboliser.html,verb-conjugation (lang-verb-X),TEMPLATED,49,,,,,1,,h1_count=0; TrafficWave
/french-verb-sympathiser.html,KEEP,/french-verb-sympathiser.html,verb-conjugation (lang-verb-X),TEMPLATED,153,,,,,1,,h1_count=0; TrafficWave
/french-verb-synchroniser.html,KEEP,/french-verb-synchroniser.html,verb-conjugation (lang-verb-X),TEMPLATED,341,,,,,1,,h1_count=0; TrafficWave
/french-verb-syndiquer.html,HOLD,,verb-conjugation (lang-verb-X),TEMPLATED,0,,,,,1,,no entry traffic in 6yr; h1_count=0; TrafficWave
/french-verb-synthetiser.html,HOLD,,verb-conjugation (lang-verb-X),TEMPLATED,0,,,,,1,,no entry traffic in 6yr; h1_count=0; TrafficWave
/french-verb-systematiser.html,HOLD,,verb-conjugation (lang-verb-X),TEMPLATED,0,,,,,1,,no entry traffic in 6yr; h1_count=0; TrafficWave
/french-verb-taper.html,KEEP,/french-verb-taper.html,verb-conjugation (lang-verb-X),TEMPLATED,286,,,,,1,,h1_count=0; TrafficWave
/french-verb-tatouer.html,KEEP,/french-verb-tatouer.html,verb-conjugation (lang-verb-X),TEMPLATED,268,,,,,1,,h1_count=0; TrafficWave
/french-verb-taveler.html,HOLD,,verb-conjugation (lang-verb-X),TEMPLATED,0,,,,,1,,no entry traffic in 6yr; h1_count=0; TrafficWave
/french-verb-taxer.html,KEEP,/french-verb-taxer.html,verb-conjugation (lang-verb-X),TEMPLATED,21,,,,,1,,h1_count=0; TrafficWave
/french-verb-teinter.html,KEEP,/french-verb-teinter.html,verb-conjugation (lang-verb-X),TEMPLATED,358,,,,,1,,h1_count=0; TrafficWave
/french-verb-telephoner.html,KEEP,/french-verb-telephoner.html,verb-conjugation (lang-verb-X),TEMPLATED,1199,,,,,1,,h1_count=0; TrafficWave
/french-verb-televiser.html,HOLD,,verb-conjugation (lang-verb-X),TEMPLATED,0,,,,,1,,no entry traffic in 6yr; h1_count=0; TrafficWave
/french-verb-temoigner.html,KEEP,/french-verb-temoigner.html,verb-conjugation (lang-verb-X),TEMPLATED,57,,,,,1,,h1_count=0; TrafficWave
/french-verb-tendre.html,KEEP,/french-verb-tendre.html,verb-conjugation (lang-verb-X),TEMPLATED,2387,,,,,1,,h1_count=0; TrafficWave
/french-verb-tenir.html,KEEP,/french-verb-tenir.html,verb-conjugation (lang-verb-X),TEMPLATED,7503,,,,,1,,h1_count=0; TrafficWave
/french-verb-terminer.html,KEEP,/french-verb-terminer.html,verb-conjugation (lang-verb-X),TEMPLATED,772,,,,,1,,h1_count=0; TrafficWave
/french-verb-terroriser.html,KEEP,/french-verb-terroriser.html,verb-conjugation (lang-verb-X),TEMPLATED,125,,,,,1,,h1_count=0; TrafficWave
/french-verb-tilt-basculer.html,KEEP,/french-verb-tilt-basculer.html,verb-conjugation (lang-verb-X),TEMPLATED,596,,,,,10,,
/french-verb-timbrer.html,KEEP,/french-verb-timbrer.html,verb-conjugation (lang-verb-X),TEMPLATED,79,,,,,1,,h1_count=0; TrafficWave
/french-verb-tisser.html,KEEP,/french-verb-tisser.html,verb-conjugation (lang-verb-X),TEMPLATED,429,,,,,1,,h1_count=0; TrafficWave
/french-verb-titiller.html,KEEP,/french-verb-titiller.html,verb-conjugation (lang-verb-X),TEMPLATED,123,,,,,1,,h1_count=0; TrafficWave
/french-verb-tituber.html,KEEP,/french-verb-tituber.html,verb-conjugation (lang-verb-X),TEMPLATED,32,,,,,1,,h1_count=0; TrafficWave
/french-verb-toaster.html,KEEP,/french-verb-toaster.html,verb-conjugation (lang-verb-X),TEMPLATED,46,,,,,1,,h1_count=0; TrafficWave
/french-verb-toiletter.html,HOLD,,verb-conjugation (lang-verb-X),TEMPLATED,0,,,,,1,,no entry traffic in 6yr; h1_count=0; TrafficWave
/french-verb-tondre.html,KEEP,/french-verb-tondre.html,verb-conjugation (lang-verb-X),TEMPLATED,121,,,,,1,,h1_count=0; TrafficWave
/french-verb-tordre.html,KEEP,/french-verb-tordre.html,verb-conjugation (lang-verb-X),TEMPLATED,321,,,,,1,,h1_count=0; TrafficWave
/french-verb-totaliser.html,HOLD,,verb-conjugation (lang-verb-X),TEMPLATED,0,,,,,1,,no entry traffic in 6yr; h1_count=0; TrafficWave
/french-verb-touiller.html,KEEP,/french-verb-touiller.html,verb-conjugation (lang-verb-X),TEMPLATED,94,,,,,1,,h1_count=0; TrafficWave
/french-verb-tourmenter.html,HOLD,,verb-conjugation (lang-verb-X),TEMPLATED,0,,,,,1,,no entry traffic in 6yr; h1_count=0; TrafficWave
/french-verb-tousser.html,KEEP,/french-verb-tousser.html,verb-conjugation (lang-verb-X),TEMPLATED,1479,,,,,0,,h1_count=0; TrafficWave
/french-verb-tranquilliser.html,HOLD,,verb-conjugation (lang-verb-X),TEMPLATED,0,,,,,1,,no entry traffic in 6yr; h1_count=0; TrafficWave
/french-verb-transcender.html,KEEP,/french-verb-transcender.html,verb-conjugation (lang-verb-X),TEMPLATED,73,,,,,1,,h1_count=0; TrafficWave
/french-verb-transfuser.html,KEEP,/french-verb-transfuser.html,verb-conjugation (lang-verb-X),TEMPLATED,349,,,,,1,,h1_count=0; TrafficWave
/french-verb-transgresser.html,KEEP,/french-verb-transgresser.html,verb-conjugation (lang-verb-X),TEMPLATED,147,,,,,0,,h1_count=0; TrafficWave
/french-verb-transporter.html,KEEP,/french-verb-transporter.html,verb-conjugation (lang-verb-X),TEMPLATED,219,,,,,0,,h1_count=0; TrafficWave
/french-verb-transposer.html,KEEP,/french-verb-transposer.html,verb-conjugation (lang-verb-X),TEMPLATED,58,,,,,1,,h1_count=0; TrafficWave
/french-verb-transvaser.html,HOLD,,verb-conjugation (lang-verb-X),TEMPLATED,0,,,,,1,,no entry traffic in 6yr; h1_count=0; TrafficWave
/french-verb-traumatiser.html,KEEP,/french-verb-traumatiser.html,verb-conjugation (lang-verb-X),TEMPLATED,120,,,,,1,,h1_count=0; TrafficWave
/french-verb-travailler.html,KEEP,/french-verb-travailler.html,verb-conjugation (lang-verb-X),TEMPLATED,11359,,,,,0,,h1_count=0; TrafficWave
/french-verb-traverser.html,KEEP,/french-verb-traverser.html,verb-conjugation (lang-verb-X),TEMPLATED,1119,,,,,0,,h1_count=0; TrafficWave
/french-verb-travestir.html,HOLD,,verb-conjugation (lang-verb-X),TEMPLATED,0,,,,,1,,no entry traffic in 6yr; h1_count=0; TrafficWave
/french-verb-trebucher.html,KEEP,/french-verb-trebucher.html,verb-conjugation (lang-verb-X),TEMPLATED,668,,,,,1,,h1_count=0; TrafficWave
/french-verb-trembler.html,KEEP,/french-verb-trembler.html,verb-conjugation (lang-verb-X),TEMPLATED,54,,,,,0,,h1_count=0; TrafficWave
/french-verb-tremper.html,KEEP,/french-verb-tremper.html,verb-conjugation (lang-verb-X),TEMPLATED,74,,,,,0,,h1_count=0; TrafficWave
/french-verb-tresser.html,KEEP,/french-verb-tresser.html,verb-conjugation (lang-verb-X),TEMPLATED,42,,,,,1,,h1_count=0; TrafficWave
/french-verb-tricher.html,KEEP,/french-verb-tricher.html,verb-conjugation (lang-verb-X),TEMPLATED,25,,,,,0,,h1_count=0; TrafficWave
/french-verb-tricoter.html,KEEP,/french-verb-tricoter.html,verb-conjugation (lang-verb-X),TEMPLATED,1074,,,,,1,,h1_count=0; TrafficWave
/french-verb-triompher.html,HOLD,,verb-conjugation (lang-verb-X),TEMPLATED,0,,,,,1,,no entry traffic in 6yr; h1_count=0; TrafficWave
/french-verb-tronquer.html,HOLD,,verb-conjugation (lang-verb-X),TEMPLATED,0,,,,,1,,no entry traffic in 6yr; h1_count=0; TrafficWave
/french-verb-troubler.html,HOLD,,verb-conjugation (lang-verb-X),TEMPLATED,0,,,,,1,,no entry traffic in 6yr; h1_count=0; TrafficWave
/french-verb-trouver.html,KEEP,/french-verb-trouver.html,verb-conjugation (lang-verb-X),TEMPLATED,4505,,,,,1,,h1_count=0; TrafficWave
/french-verb-tuer.html,KEEP,/french-verb-tuer.html,verb-conjugation (lang-verb-X),TEMPLATED,3111,,,,,1,,h1_count=0; TrafficWave
/french-verb-tutoyer.html,KEEP,/french-verb-tutoyer.html,verb-conjugation (lang-verb-X),TEMPLATED,987,,,,,1,,h1_count=0; TrafficWave
/french-verb-tyranniser.html,HOLD,,verb-conjugation (lang-verb-X),TEMPLATED,0,,,,,1,,no entry traffic in 6yr; h1_count=0; TrafficWave
/french-verb-universaliser.html,HOLD,,verb-conjugation (lang-verb-X),TEMPLATED,0,,,,,1,,no entry traffic in 6yr; h1_count=0; TrafficWave
/french-verb-usurper.html,KEEP,/french-verb-usurper.html,verb-conjugation (lang-verb-X),TEMPLATED,771,,,,,1,,h1_count=0; TrafficWave
/french-verb-utiliser.html,KEEP,/french-verb-utiliser.html,verb-conjugation (lang-verb-X),TEMPLATED,4498,,,,,1,,h1_count=0; TrafficWave
/french-verb-vacciner.html,HOLD,,verb-conjugation (lang-verb-X),TEMPLATED,0,,,,,1,,no entry traffic in 6yr; h1_count=0; TrafficWave
/french-verb-vaciller.html,KEEP,/french-verb-vaciller.html,verb-conjugation (lang-verb-X),TEMPLATED,243,,,,,1,,h1_count=0; TrafficWave
/french-verb-vagabonder.html,KEEP,/french-verb-vagabonder.html,verb-conjugation (lang-verb-X),TEMPLATED,268,,,,,1,,h1_count=0; TrafficWave
/french-verb-valider.html,KEEP,/french-verb-valider.html,verb-conjugation (lang-verb-X),TEMPLATED,373,,,,,1,,h1_count=0; TrafficWave
/french-verb-vanter.html,HOLD,,verb-conjugation (lang-verb-X),TEMPLATED,0,,,,,1,,no entry traffic in 6yr; h1_count=0; TrafficWave
/french-verb-vaporiser.html,KEEP,/french-verb-vaporiser.html,verb-conjugation (lang-verb-X),TEMPLATED,80,,,,,1,,h1_count=0; TrafficWave
/french-verb-vehiculer.html,KEEP,/french-verb-vehiculer.html,verb-conjugation (lang-verb-X),TEMPLATED,57,,,,,1,,h1_count=0; TrafficWave
/french-verb-venger.html,HOLD,,verb-conjugation (lang-verb-X),TEMPLATED,0,,,,,1,,no entry traffic in 6yr; h1_count=0; TrafficWave
/french-verb-venir.html,KEEP,/french-verb-venir.html,verb-conjugation (lang-verb-X),TEMPLATED,8627,,,,,2,,h1_count=2; TrafficWave
/french-verb-ventiler.html,KEEP,/french-verb-ventiler.html,verb-conjugation (lang-verb-X),TEMPLATED,142,,,,,1,,h1_count=0; TrafficWave
/french-verb-verser.html,KEEP,/french-verb-verser.html,verb-conjugation (lang-verb-X),TEMPLATED,2134,,,,,1,,h1_count=0; TrafficWave
/french-verb-vexer.html,KEEP,/french-verb-vexer.html,verb-conjugation (lang-verb-X),TEMPLATED,318,,,,,1,,h1_count=0; TrafficWave
/french-verb-vibrer.html,KEEP,/french-verb-vibrer.html,verb-conjugation (lang-verb-X),TEMPLATED,76,,,,,0,,h1_count=0; TrafficWave
/french-verb-visionner.html,KEEP,/french-verb-visionner.html,verb-conjugation (lang-verb-X),TEMPLATED,79,,,,,1,,h1_count=0; TrafficWave
/french-verb-visiter.html,KEEP,/french-verb-visiter.html,verb-conjugation (lang-verb-X),TEMPLATED,6365,,,,,1,,h1_count=0; TrafficWave
/french-verb-visualiser.html,KEEP,/french-verb-visualiser.html,verb-conjugation (lang-verb-X),TEMPLATED,232,,,,,1,,h1_count=0; TrafficWave
/french-verb-voguer.html,KEEP,/french-verb-voguer.html,verb-conjugation (lang-verb-X),TEMPLATED,549,,,,,1,,h1_count=0; TrafficWave
/french-verb-voler.html,KEEP,/french-verb-voler.html,verb-conjugation (lang-verb-X),TEMPLATED,1921,,,,,1,,h1_count=0; TrafficWave
/french-verb-vomir.html,KEEP,/french-verb-vomir.html,verb-conjugation (lang-verb-X),TEMPLATED,3217,,,,,1,,h1_count=0; TrafficWave
/french-verb-vouloir.html,KEEP,/french-verb-vouloir.html,verb-conjugation (lang-verb-X),TEMPLATED,26624,,,,,8,,
/french-verb-zigzaguer.html,KEEP,/french-verb-zigzaguer.html,verb-conjugation (lang-verb-X),TEMPLATED,111,,,,,1,,h1_count=0; TrafficWave
/french-verb-zozoter.html,HOLD,,verb-conjugation (lang-verb-X),TEMPLATED,0,,,,,1,,no entry traffic in 6yr; h1_count=0; TrafficWave
/french-vocab-turbobooster.html,KEEP,/french-vocab-turbobooster.html,course tools,bespoke,137,,,,,10,,h1_count=0
/french-word-carbone.html,KEEP,/french-word-carbone.html,OTHER / bespoke,bespoke,268,,,,,10,,
/french-word-condamnation.html,KEEP,/french-word-condamnation.html,OTHER / bespoke,bespoke,128,,,,,10,,
/french-word-diabete.html,KEEP,/french-word-diabete.html,OTHER / bespoke,bespoke,235,,,,,10,,
/french-word-flou.html,HOLD,,OTHER / bespoke,bespoke,0,,,,,10,,no entry traffic in 6yr
/french-word-lache.html,KEEP,/french-word-lache.html,OTHER / bespoke,bespoke,1617,,,,,10,,
/french-word-of-the-day.html,KEEP,/french-word-of-the-day.html,word-of-day (other),bespoke,3165,,,,,10,,rotator
/french-word-potele.html,KEEP,/french-word-potele.html,OTHER / bespoke,bespoke,471,,,,,10,,
/french-word-preservatif.html,KEEP,/french-word-preservatif.html,OTHER / bespoke,bespoke,285,,,,,10,,
/french.html,KEEP,/french.html,OTHER / bespoke,bespoke,271,,,,,1,,h1_count=2
/fsi-french-01.html,KEEP,/fsi-french-01.html,OTHER / bespoke,bespoke,709,,,,,10,,h1_count=0
/fsi-french-02.html,HOLD,,OTHER / bespoke,bespoke,0,,,,,10,,no entry traffic in 6yr; h1_count=0
/fsi-french-03.html,HOLD,,OTHER / bespoke,bespoke,0,,,,,10,,no entry traffic in 6yr; h1_count=0
/fsi-french-04.html,HOLD,,OTHER / bespoke,bespoke,0,,,,,10,,no entry traffic in 6yr; h1_count=0
/fsi-french-05.html,KEEP,/fsi-french-05.html,OTHER / bespoke,bespoke,52,,,,,10,,h1_count=0
/fsi-french-06.html,KEEP,/fsi-french-06.html,OTHER / bespoke,bespoke,52,,,,,10,,h1_count=0
/fsi-french-07.html,HOLD,,OTHER / bespoke,bespoke,0,,,,,10,,no entry traffic in 6yr; h1_count=0
/fsi-french-08.html,HOLD,,OTHER / bespoke,bespoke,0,,,,,10,,no entry traffic in 6yr; h1_count=0
/fsi-french-09.html,HOLD,,OTHER / bespoke,bespoke,0,,,,,10,,no entry traffic in 6yr; h1_count=0
/fsi-french-10.html,HOLD,,OTHER / bespoke,bespoke,0,,,,,10,,no entry traffic in 6yr; h1_count=0
/fsi-french-11.html,HOLD,,OTHER / bespoke,bespoke,0,,,,,10,,no entry traffic in 6yr; h1_count=0
/fsi-french-12.html,HOLD,,OTHER / bespoke,bespoke,0,,,,,10,,no entry traffic in 6yr; h1_count=0
/fsi-french-13.html,HOLD,,OTHER / bespoke,bespoke,0,,,,,10,,no entry traffic in 6yr; h1_count=0
/fsi-french-14.html,HOLD,,OTHER / bespoke,bespoke,0,,,,,11,,no entry traffic in 6yr; h1_count=0
/fsi-french-course.html,KEEP,/fsi-french-course.html,course landing,bespoke,3321,,,,,10,,h1_count=0
/fsi-french-vol2-13.html,HOLD,,OTHER / bespoke,bespoke,0,,,,,10,,no entry traffic in 6yr; h1_count=0
/fsi-french-vol2-14.html,HOLD,,OTHER / bespoke,bespoke,0,,,,,10,,no entry traffic in 6yr; h1_count=0
/fsi-french-vol2-15.html,HOLD,,OTHER / bespoke,bespoke,0,,,,,10,,no entry traffic in 6yr; h1_count=0
/fsi-french-vol2-16.html,HOLD,,OTHER / bespoke,bespoke,0,,,,,10,,no entry traffic in 6yr; h1_count=0
/fsi-french-vol2-17.html,HOLD,,OTHER / bespoke,bespoke,0,,,,,10,,no entry traffic in 6yr; h1_count=0
/fsi-french-vol2-18.html,HOLD,,OTHER / bespoke,bespoke,0,,,,,10,,no entry traffic in 6yr; h1_count=0
/fsi-french-vol2-19.html,HOLD,,OTHER / bespoke,bespoke,0,,,,,10,,no entry traffic in 6yr; h1_count=0
/fsi-french-vol2-20.html,HOLD,,OTHER / bespoke,bespoke,0,,,,,10,,no entry traffic in 6yr; h1_count=0
/fsi-french-vol2-21.html,HOLD,,OTHER / bespoke,bespoke,0,,,,,10,,no entry traffic in 6yr; h1_count=0
/fsi-french-vol2-22.html,HOLD,,OTHER / bespoke,bespoke,0,,,,,10,,no entry traffic in 6yr; h1_count=0
/fsi-french-vol2-23.html,HOLD,,OTHER / bespoke,bespoke,0,,,,,10,,no entry traffic in 6yr; h1_count=0
/fsi-french-vol2-24.html,HOLD,,OTHER / bespoke,bespoke,0,,,,,10,,no entry traffic in 6yr; h1_count=0
/fsi-german-01.html,HOLD,,OTHER / bespoke,bespoke,0,,,,,10,,no entry traffic in 6yr; h1_count=0
/fsi-german-02.html,HOLD,,OTHER / bespoke,bespoke,0,,,,,10,,no entry traffic in 6yr; h1_count=0
/fsi-german-03.html,HOLD,,OTHER / bespoke,bespoke,0,,,,,10,,no entry traffic in 6yr; h1_count=0
/fsi-german-04.html,HOLD,,OTHER / bespoke,bespoke,0,,,,,10,,no entry traffic in 6yr; h1_count=0
/fsi-german-05.html,HOLD,,OTHER / bespoke,bespoke,0,,,,,10,,no entry traffic in 6yr; h1_count=0
/fsi-german-06.html,HOLD,,OTHER / bespoke,bespoke,0,,,,,10,,no entry traffic in 6yr; h1_count=0
/fsi-german-07.html,HOLD,,OTHER / bespoke,bespoke,0,,,,,11,,no entry traffic in 6yr
/fsi-german-07b.html,HOLD,,OTHER / bespoke,bespoke,0,,,,,10,,no entry traffic in 6yr; h1_count=0
/fsi-german-08.html,HOLD,,OTHER / bespoke,bespoke,0,,,,,10,,no entry traffic in 6yr; h1_count=0
/fsi-german-09.html,HOLD,,OTHER / bespoke,bespoke,0,,,,,10,,no entry traffic in 6yr; h1_count=0
/fsi-german-10.html,HOLD,,OTHER / bespoke,bespoke,0,,,,,10,,no entry traffic in 6yr; h1_count=0
/fsi-german-11.html,HOLD,,OTHER / bespoke,bespoke,0,,,,,10,,no entry traffic in 6yr; h1_count=0
/fsi-german-12.html,HOLD,,OTHER / bespoke,bespoke,0,,,,,10,,no entry traffic in 6yr; h1_count=0
/fsi-german-course.html,KEEP,/fsi-german-course.html,course landing,bespoke,3356,,,,,10,,
/gender.html,KEEP,/gender.html,verbs/grammar (bespoke),bespoke,3874,,,,,12,,h1_count=0
/german-feminine.html,KEEP,/german-feminine.html,OTHER / bespoke,bespoke,1903,,,,,11,,
/german-flashcard.html,KEEP,/german-flashcard.html,course tools,bespoke,2965,,,,,14,,PayPal
/german-for-bag-gepack.html,REVIEW,,(unknown),,0,,,,,0,,no entry traffic in 6yr; HTTP 404 in crawl
/german-for-baggage-gepack.html,KEEP,/german-for-baggage-gepack.html,X-for-word lessons,TEMPLATED-ish,58,,,,,11,,h1_count=0
/german-for-duck.html,KEEP,/german-for-duck.html,X-for-word lessons,TEMPLATED-ish,598,,,,,13,,PayPal
/german-for-fish.html,KEEP,/german-for-fish.html,X-for-word lessons,TEMPLATED-ish,1786,,,,,13,,h1_count=3; PayPal
/german-for-flight-is-flug.html,REVIEW,,(unknown),,0,,,,,0,,no entry traffic in 6yr; HTTP 404 in crawl
/german-for-flight.html,KEEP,/german-for-flight.html,X-for-word lessons,TEMPLATED-ish,224,,,,,11,,h1_count=0
/german-for-food.html,KEEP,/german-for-food.html,X-for-word lessons,TEMPLATED-ish,198,,,,,6,,h1_count=0
/german-for-garlic.html,KEEP,/german-for-garlic.html,X-for-word lessons,TEMPLATED-ish,1496,,,,,11,,h1_count=0
/german-for-grandson.html,KEEP,/german-for-grandson.html,X-for-word lessons,TEMPLATED-ish,151,,,,,8,,h1_count=2
/german-for-head-is-der-kopf-comment-form.html,301,/german-for-head-is-der-kopf.html,(unknown),,0,,,,,1,,SBI comment artifact -> 301 to parent; no canonical
/german-for-head-is-der-kopf.html,HOLD,,X-for-word lessons,TEMPLATED-ish,0,,,,,1,,no entry traffic in 6yr; h1_count=2
/german-for-journey.html,KEEP,/german-for-journey.html,X-for-word lessons,TEMPLATED-ish,1517,,,,,11,,h1_count=0
/german-for-moment.html,HOLD,,X-for-word lessons,TEMPLATED-ish,0,,,,,6,,no entry traffic in 6yr
/german-for-mouth-is-der-mund--comment-form.html,301,/german-for-mouth-is-der-mund-.html,(unknown),,0,,,,,1,,SBI comment artifact -> 301 to parent; no canonical
/german-for-mouth-is-der-mund-.html,HOLD,,X-for-word lessons,TEMPLATED-ish,0,,,,,0,,no entry traffic in 6yr; h1_count=2
/german-for-parents-is-die-eltern-comment-form.html,301,/german-for-parents-is-die-eltern.html,(unknown),,0,,,,,1,,SBI comment artifact -> 301 to parent; no canonical
/german-for-parents-is-die-eltern.html,HOLD,,X-for-word lessons,TEMPLATED-ish,0,,,,,0,,no entry traffic in 6yr; h1_count=2
/german-for-pillow.html,KEEP,/german-for-pillow.html,X-for-word lessons,TEMPLATED-ish,1333,,,,,11,,
/german-for-railway-track.html,KEEP,/german-for-railway-track.html,X-for-word lessons,TEMPLATED-ish,550,,,,,11,,h1_count=0
/german-for-rain-is-der-regen-comment-form.html,301,/german-for-rain-is-der-regen.html,(unknown),,0,,,,,1,,SBI comment artifact -> 301 to parent; no canonical
/german-for-rain-is-der-regen.html,KEEP,/german-for-rain-is-der-regen.html,X-for-word lessons,TEMPLATED-ish,113,,,,,1,,h1_count=2
/german-for-sender.html,KEEP,/german-for-sender.html,X-for-word lessons,TEMPLATED-ish,49,,,,,8,,PayPal
/german-for-soon-is-bald-comment-form.html,301,/german-for-soon-is-bald.html,(unknown),,0,,,,,1,,SBI comment artifact -> 301 to parent; no canonical
/german-for-soon-is-bald.html,HOLD,,X-for-word lessons,TEMPLATED-ish,0,,,,,1,,no entry traffic in 6yr; h1_count=2
/german-for-time.html,KEEP,/german-for-time.html,X-for-word lessons,TEMPLATED-ish,201,,,,,6,,
/german-for-to-want-is-wollen-comment-form.html,301,/german-for-to-want-is-wollen.html,(unknown),,0,,,,,1,,SBI comment artifact -> 301 to parent; no canonical
/german-for-to-want-is-wollen.html,KEEP,/german-for-to-want-is-wollen.html,X-for-word lessons,TEMPLATED-ish,61,,,,,1,,h1_count=2
/german-for-typical.html,KEEP,/german-for-typical.html,X-for-word lessons,TEMPLATED-ish,33,,,,,6,,
/german-for-weather-is-wetter-comment-form.html,301,/german-for-weather-is-wetter.html,(not in sitemap),?,42,,,,,1,,SBI comment artifact -> 301 to parent; no canonical
/german-for-weather-is-wetter.html,KEEP,/german-for-weather-is-wetter.html,X-for-word lessons,TEMPLATED-ish,121,,,,,1,,h1_count=2
/german-for-weather.html,KEEP,/german-for-weather.html,X-for-word lessons,TEMPLATED-ish,1227,,,,,6,,
/german-for-wood-is-das-holz-comment-form.html,301,/german-for-wood-is-das-holz.html,(unknown),,0,,,,,1,,SBI comment artifact -> 301 to parent; no canonical
/german-for-wood-is-das-holz.html,HOLD,,X-for-word lessons,TEMPLATED-ish,0,,,,,1,,no entry traffic in 6yr; h1_count=2
/german-lesson-list.html,REVIEW,,(unknown),,0,,,,,0,,no entry traffic in 6yr; HTTP 404 in crawl
/german-memory-trigger.html,KEEP,/german-memory-trigger.html,OTHER / bespoke,bespoke,142,,,,,6,,h1_count=0
/german-order-page.html,KEEP,/german-order-page.html,OTHER / bespoke,bespoke,82,,,,,9,,PayPal
/german-pics.html,KEEP,/german-pics.html,course tools,bespoke,1027,,,,,13,,h1_count=0
/german-proverb-a-day.html,REVIEW,,(unknown),,0,,,,,0,,no entry traffic in 6yr; HTTP 404 in crawl
/german-proverb-of-the-day.html,KEEP,/german-proverb-of-the-day.html,proverb (other),bespoke,2275,,,,,10,,rotator
/german-proverb.html,KEEP,/german-proverb.html,proverb (other),bespoke,570,,,,,11,,PayPal
/german-tips.html,HOLD,,OTHER / bespoke,bespoke,0,,,,,5,,no entry traffic in 6yr
/german-travel-word.html,KEEP,/german-travel-word.html,OTHER / bespoke,bespoke,1255,,,,,10,,rotator
/german-word-of-the-day.html,KEEP,/german-word-of-the-day.html,word-of-day (other),bespoke,1618,,,,,10,,rotator
/google67553bdafcb12079.html,301,/,(not in sitemap),?,335,,,,,0,,missing title; h1_count=0; no canonical
/great-but-dutch-comment-form.html,301,/great-but-dutch.html,(unknown),,0,,,,,1,,SBI comment artifact -> 301 to parent; no canonical
/great-but-dutch.html,KEEP,/great-but-dutch.html,OTHER / bespoke,bespoke,129,,,,,0,,h1_count=2
/he-aint-all-that-bad-comment-form.html,301,/he-aint-all-that-bad.html,(unknown),,0,,,,,1,,SBI comment artifact -> 301 to parent; no canonical
/he-aint-all-that-bad.html,HOLD,,OTHER / bespoke,bespoke,0,,,,,0,,no entry traffic in 6yr; h1_count=2
/he-teaches-real-conversational-french-not-an-academic-exercise-comment-form.html,301,/he-teaches-real-conversational-french-not-an-academic-exercise.html,(unknown),,0,,,,,1,,SBI comment artifact -> 301 to parent; no canonical
/he-teaches-real-conversational-french-not-an-academic-exercise.html,HOLD,,OTHER / bespoke,bespoke,0,,,,,0,,no entry traffic in 6yr; h1_count=2
/help/rss.html,HOLD,,(unknown),,0,,,,,2,,no entry traffic in 6yr; h1_count=0; no canonical
/his-spanish-accent-is-dreadful-comment-form.html,301,/his-spanish-accent-is-dreadful.html,(not in sitemap),?,48,,,,,1,,SBI comment artifact -> 301 to parent; no canonical
/his-spanish-accent-is-dreadful.html,KEEP,/his-spanish-accent-is-dreadful.html,OTHER / bespoke,bespoke,49,,,,,0,,h1_count=2
/holiday-phrases.html,KEEP,/holiday-phrases.html,OTHER / bespoke,bespoke,3571,,,,,11,,
/how-your-mind-works-and-michel-thomas-comment-form.html,301,/how-your-mind-works-and-michel-thomas.html,(unknown),,0,,,,,1,,SBI comment artifact -> 301 to parent; no canonical
/how-your-mind-works-and-michel-thomas.html,KEEP,/how-your-mind-works-and-michel-thomas.html,OTHER / bespoke,bespoke,171,,,,,0,,h1_count=2
/https://www.200words-a-day.com/german-current-special-offer.html,REVIEW,,(unknown),,0,,,,,0,,no entry traffic in 6yr; HTTP 404 in crawl
/i-like-michel-comment-form.html,301,/i-like-michel.html,(not in sitemap),?,50,,,,,1,,SBI comment artifact -> 301 to parent; no canonical
/i-like-michel.html,KEEP,/i-like-michel.html,OTHER / bespoke,bespoke,113,,,,,0,,h1_count=2
/i-live-in-france-and-comment-form.html,301,/i-live-in-france-and.html,(unknown),,0,,,,,1,,SBI comment artifact -> 301 to parent; no canonical
/i-live-in-france-and.html,HOLD,,OTHER / bespoke,bespoke,0,,,,,0,,no entry traffic in 6yr; h1_count=2
/idea-is-syniad-welsh-memory-trigger-comment-form.html,301,/idea-is-syniad-welsh-memory-trigger.html,(unknown),,0,,,,,1,,SBI comment artifact -> 301 to parent; no canonical
/idea-is-syniad-welsh-memory-trigger.html,HOLD,,OTHER / bespoke,bespoke,0,,,,,1,,no entry traffic in 6yr; h1_count=2
/important-french-verbs.html,KEEP,/important-french-verbs.html,OTHER / bespoke,bespoke,6594,,,,,5,,
/improve-class.html,HOLD,,OTHER / bespoke,bespoke,0,,,,,10,,no entry traffic in 6yr; h1_count=0
/incredible-method-comment-form.html,301,/incredible-method.html,(unknown),,0,,,,,1,,SBI comment artifact -> 301 to parent; no canonical
/incredible-method.html,KEEP,/incredible-method.html,OTHER / bespoke,bespoke,317,,,,,0,,h1_count=2
/index.html,HOLD,,(unknown),,0,,,,,11,,no entry traffic in 6yr; h1_count=2
/interesting-if-misguided-review-comment-form.html,301,/interesting-if-misguided-review.html,(unknown),,0,,,,,1,,SBI comment artifact -> 301 to parent; no canonical
/interesting-if-misguided-review.html,KEEP,/interesting-if-misguided-review.html,OTHER / bespoke,bespoke,108,,,,,0,,h1_count=2
/it-thx.html,HOLD,,OTHER / bespoke,bespoke,0,,,,,10,,no entry traffic in 6yr; h1_count=0
/italian-accent-comment-form.html,301,/italian-accent.html,(not in sitemap),?,50,,,,,1,,SBI comment artifact -> 301 to parent; no canonical
/italian-accent.html,HOLD,,OTHER / bespoke,bespoke,0,,,,,0,,no entry traffic in 6yr; h1_count=2
/italian-and-french-courses-comment-form.html,301,/italian-and-french-courses.html,(unknown),,0,,,,,1,,SBI comment artifact -> 301 to parent; no canonical
/italian-and-french-courses.html,HOLD,,course landing,bespoke,0,,,,,0,,no entry traffic in 6yr; h1_count=2
/italian-flashcard.html,KEEP,/italian-flashcard.html,course tools,bespoke,1498,,,,,11,,h1_count=0
/italian-for-bad.html,KEEP,/italian-for-bad.html,X-for-word lessons,TEMPLATED-ish,3297,,,,,7,,
/italian-for-cupboard.html,HOLD,,X-for-word lessons,TEMPLATED-ish,0,,,,,7,,no entry traffic in 6yr; h1_count=2
/italian-for-dog.html,KEEP,/italian-for-dog.html,X-for-word lessons,TEMPLATED-ish,529,,,,,7,,h1_count=2
/italian-for-game.html,KEEP,/italian-for-game.html,X-for-word lessons,TEMPLATED-ish,537,,,,,7,,
/italian-for-grandmother.html,KEEP,/italian-for-grandmother.html,X-for-word lessons,TEMPLATED-ish,51,,,,,7,,h1_count=2
/italian-for-mistake.html,KEEP,/italian-for-mistake.html,X-for-word lessons,TEMPLATED-ish,151,,,,,7,,
/italian-for-noisy.html,KEEP,/italian-for-noisy.html,X-for-word lessons,TEMPLATED-ish,3291,,,,,7,,
/italian-for-shirt.html,KEEP,/italian-for-shirt.html,X-for-word lessons,TEMPLATED-ish,139,,,,,7,,h1_count=2
/italian-for-sister.html,KEEP,/italian-for-sister.html,X-for-word lessons,TEMPLATED-ish,286,,,,,7,,h1_count=3
/italian-for-what.html,HOLD,,X-for-word lessons,TEMPLATED-ish,0,,,,,6,,no entry traffic in 6yr
/italian-lesson-list.html,KEEP,/italian-lesson-list.html,lesson (other),bespoke,4134,,,,,10,,
/italian-order-page.html,KEEP,/italian-order-page.html,OTHER / bespoke,bespoke,386,,,,,12,,PayPal
/italian-pronunciation-guide.html,KEEP,/italian-pronunciation-guide.html,OTHER / bespoke,bespoke,89,,,,,11,,
/italian-tips.html,HOLD,,OTHER / bespoke,bespoke,0,,,,,10,,no entry traffic in 6yr; TrafficWave
/king-of-the-world-comment-form.html,301,/king-of-the-world.html,(not in sitemap),?,52,,,,,1,,SBI comment artifact -> 301 to parent; no canonical
/king-of-the-world.html,KEEP,/king-of-the-world.html,OTHER / bespoke,bespoke,683,,,,,1,,h1_count=2
/ksp12bdDl.html,HOLD,,OTHER / bespoke,bespoke,0,,,,,5,,no entry traffic in 6yr; h1_count=0
/language-arts-lesson-plan.html,KEEP,/language-arts-lesson-plan.html,lesson (other),bespoke,90,,,,,16,,h1_count=0
/language-cdrom-answer-1.html,HOLD,,OTHER / bespoke,bespoke,0,,,,,10,,no entry traffic in 6yr; h1_count=0
/language-cdrom-answer-2.html,HOLD,,OTHER / bespoke,bespoke,0,,,,,10,,no entry traffic in 6yr; h1_count=0
/language-cdrom-answer-3.html,HOLD,,OTHER / bespoke,bespoke,0,,,,,10,,no entry traffic in 6yr; h1_count=0
/language-cdrom-answer-4.html,HOLD,,OTHER / bespoke,bespoke,0,,,,,10,,no entry traffic in 6yr; h1_count=0
/language-cdrom-answer-5.html,HOLD,,OTHER / bespoke,bespoke,0,,,,,10,,no entry traffic in 6yr; h1_count=0
/language-cdrom-answer-6.html,KEEP,/language-cdrom-answer-6.html,OTHER / bespoke,bespoke,62,,,,,10,,h1_count=0
/language-cdrom-answer-7.html,HOLD,,OTHER / bespoke,bespoke,0,,,,,10,,no entry traffic in 6yr; h1_count=0
/language-course-upgrade.html,REVIEW,,(not in sitemap),?,0,,,,,0,,non-sitemap URL w/ traffic; needs 301 target; HTTP 404 in crawl
/language-course.html,HOLD,,course landing,bespoke,0,,,,,11,,no entry traffic in 6yr; h1_count=0
/language-fluency.html,HOLD,,OTHER / bespoke,bespoke,0,,,,,10,,no entry traffic in 6yr; h1_count=0
/language-is-hard-he-makes-it-as-simple-as-possible-comment-form.html,301,/language-is-hard-he-makes-it-as-simple-as-possible.html,(not in sitemap),?,51,,,,,1,,SBI comment artifact -> 301 to parent; no canonical
/language-is-hard-he-makes-it-as-simple-as-possible.html,KEEP,/language-is-hard-he-makes-it-as-simple-as-possible.html,OTHER / bespoke,bespoke,289,,,,,0,,h1_count=2
/language-learning-affiliate.html,HOLD,,OTHER / bespoke,bespoke,0,,,,,10,,no entry traffic in 6yr; h1_count=0
/language-learning-blog-1.html,HOLD,,(unknown),,0,,,,,12,,no entry traffic in 6yr; h1_count=2; redirect chain len 2
/language-learning-blog.html,KEEP,/language-learning-blog.html,blog,bespoke,7645,,,,,12,,h1_count=2
/language-learning-book-review.html,KEEP,/language-learning-book-review.html,OTHER / bespoke,bespoke,24,,,,,10,,h1_count=0
/language-learning-demo.html,KEEP,/language-learning-demo.html,OTHER / bespoke,bespoke,244,,,,,10,,h1_count=0
/language-learning-ezine.html,KEEP,/language-learning-ezine.html,ezine,bespoke,5008,,,,,10,,h1_count=0
/language-learning-flashcard.html,KEEP,/language-learning-flashcard.html,course tools,bespoke,1360,,,,,10,,h1_count=0
/language-learning-questions.html,KEEP,/language-learning-questions.html,OTHER / bespoke,bespoke,5987,,,,,6,,h1_count=0
/language-learning-quiz.html,HOLD,,OTHER / bespoke,bespoke,0,,,,,0,,no entry traffic in 6yr; h1_count=0
/language-learning-reviews.html,HOLD,,OTHER / bespoke,bespoke,0,,,,,10,,no entry traffic in 6yr
/language-learning-sitemap.html,KEEP,/language-learning-sitemap.html,OTHER / bespoke,bespoke,9984,,,,,10,,
/language-learning-survey-1.html,KEEP,/language-learning-survey-1.html,OTHER / bespoke,bespoke,79,,,,,10,,h1_count=0
/language-learning-survey.html,KEEP,/language-learning-survey.html,OTHER / bespoke,bespoke,4140,,,,,10,,h1_count=0
/language-learning-updates.html,KEEP,/language-learning-updates.html,OTHER / bespoke,bespoke,134,,,,,10,,h1_count=0
/language-learning.html,KEEP,/language-learning.html,OTHER / bespoke,bespoke,4216,,,,,14,,h1_count=0
/language-learning.xml,REMOVE,,(not in sitemap),?,0,,,,,0,,old feed -> replaced by new site feed; missing title; h1_count=; no canonical
/language-lesson.html,KEEP,/language-lesson.html,lesson (other),bespoke,1951,,,,,17,,h1_count=0
/language-memory-trigger.html,REVIEW,,(unknown),,0,,,,,0,,no entry traffic in 6yr; HTTP 404 in crawl
/language-school.html,HOLD,,OTHER / bespoke,bespoke,0,,,,,10,,no entry traffic in 6yr; h1_count=0
/language-show.html,HOLD,,OTHER / bespoke,bespoke,0,,,,,10,,no entry traffic in 6yr; h1_count=0
/language-software.html,HOLD,,OTHER / bespoke,bespoke,0,,,,,10,,no entry traffic in 6yr; h1_count=0
/language-tutorial.html,KEEP,/language-tutorial.html,OTHER / bespoke,bespoke,6141,,,,,17,,h1_count=0
/learn-ascii.html,KEEP,/learn-ascii.html,OTHER / bespoke,bespoke,20,,,,,10,,
/learn-french-blog-archive-2007-08.html,KEEP,/learn-french-blog-archive-2007-08.html,blog,bespoke,1024,,,,,10,,h1_count=0
/learn-french-blog.html,KEEP,/learn-french-blog.html,blog,bespoke,9461,,,,,13,,
/learn-french-newsletter-confirmation.html,HOLD,,course landing,bespoke,0,,,,,10,,no entry traffic in 6yr
/learn-french-newsletter-subscription.html,HOLD,,course landing,bespoke,0,,,,,5,,no entry traffic in 6yr
/learn-french-newsletter.html,KEEP,/learn-french-newsletter.html,course landing,bespoke,3195,,,,,5,,TrafficWave
/learn-french-pics.html,REVIEW,,(unknown),,0,,,,,0,,no entry traffic in 6yr; HTTP 404 in crawl
/learn-french-sentences.html,REVIEW,,(unknown),,0,,,,,0,,no entry traffic in 6yr; HTTP 404 in crawl
/learn-french.html,KEEP,/learn-french.html,course landing,bespoke,22613,,,,,4,,PayPal
/learn-german-2.html,KEEP,/learn-german-2.html,course landing,bespoke,1196,,,,,5,,h1_count=0
/learn-german-blog.html,KEEP,/learn-german-blog.html,blog,bespoke,6258,,,,,14,,h1_count=0
/learn-german-newsletter.html,KEEP,/learn-german-newsletter.html,course landing,bespoke,570,,,,,10,,
/learn-german-pics.html,REVIEW,,(unknown),,0,,,,,0,,no entry traffic in 6yr; HTTP 404 in crawl
/learn-german-sentences.html,KEEP,/learn-german-sentences.html,course tools,bespoke,633,,,,,13,,PayPal
/learn-german-verbs.html,KEEP,/learn-german-verbs.html,course landing,bespoke,4136,,,,,10,,h1_count=0
/learn-german.html,KEEP,/learn-german.html,course landing,bespoke,19428,,,,,5,,PayPal
/learn-italian-blog.html,KEEP,/learn-italian-blog.html,blog,bespoke,2287,,,,,15,,
/learn-italian-fast.html,KEEP,/learn-italian-fast.html,course landing,bespoke,13055,,,,,31,,h1_count=3
/learn-italian-newsletter-confirmation.html,REVIEW,,(not in sitemap),?,0,,,,,0,,non-sitemap URL w/ traffic; needs 301 target; HTTP 404 in crawl
/learn-italian-newsletter.html,REVIEW,,(not in sitemap),?,78,,,,,0,,non-sitemap URL w/ traffic; needs 301 target; HTTP 404 in crawl
/learn-italian.html,KEEP,/learn-italian.html,course landing,bespoke,7028,,,,,6,,
/learn-languages.html,KEEP,/learn-languages.html,OTHER / bespoke,bespoke,2076,,,,,13,,h1_count=0
/learn-sanish.html,REVIEW,,(unknown),,0,,,,,0,,no entry traffic in 6yr; HTTP 404 in crawl
/learn-spanish-blog.html,KEEP,/learn-spanish-blog.html,blog,bespoke,7729,,,,,6,,h1_count=0
/learn-spanish-course.html,KEEP,/learn-spanish-course.html,course landing,bespoke,782,,,,,15,,PayPal
/learn-spanish-ebook-full.html,KEEP,/learn-spanish-ebook-full.html,course tools,bespoke,907,,,,,12,,PayPal
/learn-spanish-ebook-sample.html,HOLD,,course tools,bespoke,0,,,,,11,,no entry traffic in 6yr
/learn-spanish-ebook.html,KEEP,/learn-spanish-ebook.html,course tools,bespoke,2605,,,,,10,,h1_count=0
/learn-spanish-in-caceres.html,KEEP,/learn-spanish-in-caceres.html,course landing,bespoke,5152,,,,,10,,
/learn-spanish-in-cahores.html,REVIEW,,(unknown),,0,,,,,0,,no entry traffic in 6yr; HTTP 404 in crawl
/learn-spanish-in-cedues.html,REVIEW,,(unknown),,0,,,,,0,,no entry traffic in 6yr; HTTP 404 in crawl
/learn-spanish-like-crazy.html,KEEP,/learn-spanish-like-crazy.html,course landing,bespoke,2573,,,,,10,,
/learn-spanish-newsletter-subscription.html,KEEP,/learn-spanish-newsletter-subscription.html,course landing,bespoke,68,,,,,5,,
/learn-spanish-newsletter.html,KEEP,/learn-spanish-newsletter.html,course landing,bespoke,1858,,,,,10,,
/learn-spanish-pics.html,KEEP,/learn-spanish-pics.html,course tools,bespoke,2624,,,,,13,,h1_count=0
/learn-spanish-sentences.html,KEEP,/learn-spanish-sentences.html,course tools,bespoke,1921,,,,,13,,PayPal
/learn-spanish-test-page.html,HOLD,,course landing,bespoke,0,,,,,10,,no entry traffic in 6yr; h1_count=0
/learn-spanish-text14.html,HOLD,,course landing,bespoke,0,,,,,0,,no entry traffic in 6yr; h1_count=0
/learn-spanish-text29.html,HOLD,,course landing,bespoke,0,,,,,0,,no entry traffic in 6yr; h1_count=0
/learn-spanish-verb-books.html,KEEP,/learn-spanish-verb-books.html,course landing,bespoke,2638,,,,,0,,h1_count=3
/learn-spanish-word-of-day.html,KEEP,/learn-spanish-word-of-day.html,course landing,bespoke,61,,,,,0,,h1_count=0
/learn-spanish.html,KEEP,/learn-spanish.html,course landing,bespoke,20364,,,,,4,,PayPal
/learn-two-languages.html,KEEP,/learn-two-languages.html,OTHER / bespoke,bespoke,1155,,,,,10,,h1_count=0
/learn-welsh.html,KEEP,/learn-welsh.html,course landing,bespoke,8778,,,,,13,,PayPal
/learning-rate-1.html,KEEP,/learning-rate-1.html,OTHER / bespoke,bespoke,149,,,,,0,,h1_count=0
/link-to-us.html,KEEP,/link-to-us.html,OTHER / bespoke,bespoke,6522,,,,,10,,h1_count=0; rotator
/linkword.html,KEEP,/linkword.html,OTHER / bespoke,bespoke,6463,,,,,10,,h1_count=0
/love-michel-thomas-comment-form.html,301,/love-michel-thomas.html,(unknown),,0,,,,,1,,SBI comment artifact -> 301 to parent; no canonical
/love-michel-thomas.html,KEEP,/love-michel-thomas.html,OTHER / bespoke,bespoke,99,,,,,0,,h1_count=2
/lseb-dwnld.html,KEEP,/lseb-dwnld.html,OTHER / bespoke,bespoke,46,,,,,10,,h1_count=0
/main-page.html,KEEP,/main-page.html,OTHER / bespoke,bespoke,18087,,,,,14,,h1_count=0
/make-sentences.html,KEEP,/make-sentences.html,course tools,bespoke,3396,,,,,10,,
/masculine-gender.html,KEEP,/masculine-gender.html,verbs/grammar (bespoke),bespoke,2637,,,,,11,,
/memorization-i-think-you-missed-the-point-comment-form.html,301,/memorization-i-think-you-missed-the-point.html,(unknown),,0,,,,,1,,SBI comment artifact -> 301 to parent; no canonical
/memorization-i-think-you-missed-the-point.html,KEEP,/memorization-i-think-you-missed-the-point.html,OTHER / bespoke,bespoke,454,,,,,0,,h1_count=2
/memory-masters.html,KEEP,/memory-masters.html,OTHER / bespoke,bespoke,6577,,,,,10,,h1_count=0
/mercedes.html,KEEP,/mercedes.html,OTHER / bespoke,bespoke,111,,,,,11,,h1_count=0
/michel-thomas-accent-comment-form.html,301,/michel-thomas-accent.html,(unknown),,0,,,,,1,,SBI comment artifact -> 301 to parent; no canonical
/michel-thomas-accent.html,KEEP,/michel-thomas-accent.html,OTHER / bespoke,bespoke,100,,,,,0,,h1_count=2
/michel-thomas-course-is-great-comment-form.html,301,/michel-thomas-course-is-great.html,(unknown),,0,,,,,1,,SBI comment artifact -> 301 to parent; no canonical
/michel-thomas-course-is-great.html,KEEP,/michel-thomas-course-is-great.html,course landing,bespoke,75,,,,,0,,h1_count=2
/michel-thomas-courses-comment-form.html,301,/michel-thomas-courses.html,(unknown),,0,,,,,1,,SBI comment artifact -> 301 to parent; no canonical
/michel-thomas-courses.html,HOLD,,course landing,bespoke,0,,,,,0,,no entry traffic in 6yr; h1_count=2
/michel-thomas-for-the-first-time-learner-comment-form.html,301,/michel-thomas-for-the-first-time-learner.html,(unknown),,0,,,,,1,,SBI comment artifact -> 301 to parent; no canonical
/michel-thomas-for-the-first-time-learner.html,HOLD,,OTHER / bespoke,bespoke,0,,,,,0,,no entry traffic in 6yr; h1_count=2
/michel-thomas-french-and-german-courses-comment-form.html,301,/michel-thomas-french-and-german-courses.html,(unknown),,0,,,,,1,,SBI comment artifact -> 301 to parent; no canonical
/michel-thomas-french-and-german-courses.html,HOLD,,course landing,bespoke,0,,,,,0,,no entry traffic in 6yr; h1_count=2
/michel-thomas-french-comment-form.html,301,/michel-thomas-french.html,(unknown),,0,,,,,1,,SBI comment artifact -> 301 to parent; no canonical
/michel-thomas-french.html,HOLD,,OTHER / bespoke,bespoke,0,,,,,0,,no entry traffic in 6yr; h1_count=2
/michel-thomas-french1-comment-form.html,301,/michel-thomas-french1.html,(unknown),,0,,,,,1,,SBI comment artifact -> 301 to parent; no canonical
/michel-thomas-french1.html,KEEP,/michel-thomas-french1.html,OTHER / bespoke,bespoke,104,,,,,0,,h1_count=2
/michel-thomas-isnt-the-teacher-speaking-on-the-discs-comment-form.html,301,/michel-thomas-isnt-the-teacher-speaking-on-the-discs.html,(not in sitemap),?,50,,,,,1,,SBI comment artifact -> 301 to parent; no canonical
/michel-thomas-isnt-the-teacher-speaking-on-the-discs.html,HOLD,,OTHER / bespoke,bespoke,0,,,,,0,,no entry traffic in 6yr; h1_count=2
/michel-thomas-portuguese-comment-form.html,301,/michel-thomas-portuguese.html,(not in sitemap),?,46,,,,,1,,SBI comment artifact -> 301 to parent; no canonical
/michel-thomas-portuguese.html,KEEP,/michel-thomas-portuguese.html,OTHER / bespoke,bespoke,203,,,,,0,,h1_count=2
/michel-thomas-spanish-course-comment-form.html,301,/michel-thomas-spanish-course.html,(unknown),,0,,,,,1,,SBI comment artifact -> 301 to parent; no canonical
/michel-thomas-spanish-course.html,KEEP,/michel-thomas-spanish-course.html,course landing,bespoke,497,,,,,0,,h1_count=2
/michel-thomas-students-comment-form.html,301,/michel-thomas-students.html,(unknown),,0,,,,,1,,SBI comment artifact -> 301 to parent; no canonical
/michel-thomas-students.html,KEEP,/michel-thomas-students.html,OTHER / bespoke,bespoke,109,,,,,0,,h1_count=2
/michel-thomas-was-a-genius-comment-form.html,301,/michel-thomas-was-a-genius.html,(unknown),,0,,,,,1,,SBI comment artifact -> 301 to parent; no canonical
/michel-thomas-was-a-genius.html,KEEP,/michel-thomas-was-a-genius.html,OTHER / bespoke,bespoke,461,,,,,0,,h1_count=2
/michel-thomas.html,KEEP,/michel-thomas.html,OTHER / bespoke,bespoke,5272,,,,,12,,
/michel-thomass-accent-comment-form.html,301,/michel-thomass-accent.html,(not in sitemap),?,46,,,,,1,,SBI comment artifact -> 301 to parent; no canonical
/michel-thomass-accent.html,KEEP,/michel-thomass-accent.html,OTHER / bespoke,bespoke,357,,,,,0,,h1_count=2
/michels-accent-comment-form.html,301,/michels-accent.html,(unknown),,0,,,,,1,,SBI comment artifact -> 301 to parent; no canonical
/michels-accent.html,KEEP,/michels-accent.html,OTHER / bespoke,bespoke,16,,,,,0,,h1_count=2
/michels-french-comment-form.html,301,/michels-french.html,(unknown),,0,,,,,1,,SBI comment artifact -> 301 to parent; no canonical
/michels-french.html,HOLD,,OTHER / bespoke,bespoke,0,,,,,0,,no entry traffic in 6yr; h1_count=2
/michiel-thomas-spanish-courses-are-excellent-tools-for-the-spanish-student-comment-form.html,301,/michiel-thomas-spanish-courses-are-excellent-tools-for-the-spanish-student.html,(not in sitemap),?,90,,,,,1,,SBI comment artifact -> 301 to parent; no canonical
/michiel-thomas-spanish-courses-are-excellent-tools-for-the-spanish-student.html,HOLD,,course landing,bespoke,0,,,,,0,,no entry traffic in 6yr; h1_count=2
/mickey-ts-accent-comment-form.html,301,/mickey-ts-accent.html,(not in sitemap),?,47,,,,,1,,SBI comment artifact -> 301 to parent; no canonical
/mickey-ts-accent.html,HOLD,,OTHER / bespoke,bespoke,0,,,,,0,,no entry traffic in 6yr; h1_count=2
/mobile-phone-language-learning.html,REVIEW,,(unknown),,0,,,,,0,,no entry traffic in 6yr; HTTP 404 in crawl
/modern-foreign-languages.html,KEEP,/modern-foreign-languages.html,OTHER / bespoke,bespoke,1415,,,,,10,,
/moonwalking-with-einstein.html,KEEP,/moonwalking-with-einstein.html,OTHER / bespoke,bespoke,676,,,,,10,,
/muhammad-ali-cartoon.html,KEEP,/muhammad-ali-cartoon.html,OTHER / bespoke,bespoke,390,,,,,11,,h1_count=0
/native-speakers-comment-form.html,301,/native-speakers.html,(unknown),,0,,,,,1,,SBI comment artifact -> 301 to parent; no canonical
/native-speakers.html,HOLD,,OTHER / bespoke,bespoke,0,,,,,0,,no entry traffic in 6yr; h1_count=2
/no-title-other-than-mr-comment-form.html,301,/no-title-other-than-mr.html,(not in sitemap),?,60,,,,,1,,SBI comment artifact -> 301 to parent; no canonical
/no-title-other-than-mr.html,HOLD,,OTHER / bespoke,bespoke,0,,,,,0,,no entry traffic in 6yr; h1_count=2
/obj-class-advanced-lesson.html,KEEP,/obj-class-advanced-lesson.html,lesson (other),bespoke,25,,,,,10,,h1_count=0
/obj-class-claims.html,HOLD,,OTHER / bespoke,bespoke,0,,,,,10,,no entry traffic in 6yr; h1_count=0
/obj-class-language-cd-price.html,HOLD,,OTHER / bespoke,bespoke,0,,,,,10,,no entry traffic in 6yr; h1_count=0
/obj-class-other.html,KEEP,/obj-class-other.html,OTHER / bespoke,bespoke,102,,,,,10,,h1_count=0
/obj-class-trust.html,HOLD,,OTHER / bespoke,bespoke,0,,,,,10,,no entry traffic in 6yr; h1_count=0
/obj-pr-advanced-lesson.html,HOLD,,lesson (other),bespoke,0,,,,,10,,no entry traffic in 6yr; h1_count=0
/obj-pr-claims.html,HOLD,,OTHER / bespoke,bespoke,0,,,,,10,,no entry traffic in 6yr; h1_count=0
/obj-pr-language-cd-price.html,HOLD,,OTHER / bespoke,bespoke,0,,,,,10,,no entry traffic in 6yr; h1_count=0
/obj-pr-other.html,KEEP,/obj-pr-other.html,OTHER / bespoke,bespoke,46,,,,,10,,h1_count=0
/obj-pr-trust.html,KEEP,/obj-pr-trust.html,OTHER / bespoke,bespoke,25,,,,,10,,h1_count=0
/obj-qt-advanced-lesson.html,HOLD,,lesson (other),bespoke,0,,,,,10,,no entry traffic in 6yr; h1_count=0
/obj-qt-claims.html,KEEP,/obj-qt-claims.html,OTHER / bespoke,bespoke,50,,,,,10,,h1_count=0
/obj-qt-language-cd-price.html,HOLD,,OTHER / bespoke,bespoke,0,,,,,10,,no entry traffic in 6yr; h1_count=0
/obj-qt-other.html,HOLD,,OTHER / bespoke,bespoke,0,,,,,10,,no entry traffic in 6yr; h1_count=0
/obj-qt-trust.html,KEEP,/obj-qt-trust.html,OTHER / bespoke,bespoke,47,,,,,10,,h1_count=0
/one-little-correction-mur-and-mr-comment-form.html,301,/one-little-correction-mur-and-mr.html,(unknown),,0,,,,,1,,SBI comment artifact -> 301 to parent; no canonical
/one-little-correction-mur-and-mr.html,KEEP,/one-little-correction-mur-and-mr.html,OTHER / bespoke,bespoke,576,,,,,1,,h1_count=2
/one-of-the-best-ever-comment-form.html,301,/one-of-the-best-ever.html,(unknown),,0,,,,,1,,SBI comment artifact -> 301 to parent; no canonical
/one-of-the-best-ever.html,HOLD,,OTHER / bespoke,bespoke,0,,,,,0,,no entry traffic in 6yr; h1_count=2
/order-page.html,KEEP,/order-page.html,OTHER / bespoke,bespoke,5311,,,,,10,,
/otesting.html,KEEP,/otesting.html,OTHER / bespoke,bespoke,37,,,,,10,,h1_count=0
/paypal-payment-completion.html,HOLD,,OTHER / bespoke,bespoke,0,,,,,5,,no entry traffic in 6yr; h1_count=0; PayPal; TrafficWave
/paypal-payment-cxl-language-learning-video-demo.html,HOLD,,OTHER / bespoke,bespoke,0,,,,,10,,no entry traffic in 6yr; h1_count=0
/paypal-payment-cxl.html,KEEP,/paypal-payment-cxl.html,OTHER / bespoke,bespoke,77,,,,,10,,
/pics.html,HOLD,,course tools,bespoke,0,,,,,10,,no entry traffic in 6yr; h1_count=0
/pimsleur.html,KEEP,/pimsleur.html,OTHER / bespoke,bespoke,789,,,,,10,,
/poder.html,HOLD,,OTHER / bespoke,bespoke,0,,,,,8,,no entry traffic in 6yr; h1_count=0; TrafficWave
/printing-circumflex-comment-form.html,301,/printing-circumflex.html,(unknown),,0,,,,,1,,SBI comment artifact -> 301 to parent; no canonical
/printing-circumflex.html,KEEP,/printing-circumflex.html,OTHER / bespoke,bespoke,263,,,,,0,,h1_count=2
/privacy-policy.html,301,/privacy,(not in sitemap),?,1351,,,,,0,,
/privacy-statement.html,KEEP,/privacy-statement.html,OTHER / bespoke,bespoke,4486,,,,,11,,h1_count=0
/prof-comment-form.html,301,/prof.html,(unknown),,0,,,,,1,,SBI comment artifact -> 301 to parent; no canonical
/prof.html,KEEP,/prof.html,OTHER / bespoke,bespoke,327,,,,,1,,h1_count=2
/raaduzc-conjugation-of-spanish-verbs.html,REVIEW,,(unknown),,0,,,,,0,,no entry traffic in 6yr; HTTP 404 in crawl
/raconduzc-conjugation-of-spanish-verbs.html,REVIEW,,(unknown),,0,,,,,0,,no entry traffic in 6yr; HTTP 404 in crawl
/rapid-conjugation-of-spanish-verbs.html,KEEP,/rapid-conjugation-of-spanish-verbs.html,verbs/grammar (bespoke),bespoke,3255,,,,,10,,h1_count=0
/rarevist-conjugation-of-spanish-verbs.html,REVIEW,,(unknown),,0,,,,,0,,no entry traffic in 6yr; HTTP 404 in crawl
/rarind-conjugation-of-spanish-verbs.html,REVIEW,,(unknown),,0,,,,,0,,no entry traffic in 6yr; HTTP 404 in crawl
/raripet-conjugation-of-spanish-verbs.html,REVIEW,,(unknown),,0,,,,,0,,no entry traffic in 6yr; HTTP 404 in crawl
/rasirv-conjugation-of-spanish-verbs.html,REVIEW,,(unknown),,0,,,,,0,,no entry traffic in 6yr; HTTP 404 in crawl
/ravist-conjugation-of-spanish-verbs.html,REVIEW,,(unknown),,0,,,,,0,,no entry traffic in 6yr; HTTP 404 in crawl
/really-comment-form.html,301,/really.html,(unknown),,0,,,,,1,,SBI comment artifact -> 301 to parent; no canonical
/really.html,HOLD,,OTHER / bespoke,bespoke,0,,,,,0,,no entry traffic in 6yr; h1_count=2
/reconsideration.html,KEEP,/reconsideration.html,OTHER / bespoke,bespoke,58,,,,,17,,
/recruitment-exceltra.html,REVIEW,,(not in sitemap),?,138,,,,,0,,non-sitemap URL w/ traffic; needs 301 target; HTTP 404 in crawl
/reflexive-verbs.html,KEEP,/reflexive-verbs.html,OTHER / bespoke,bespoke,3412,,,,,10,,h1_count=0
/regarding-michel-thomas-accent-comment-form.html,301,/regarding-michel-thomas-accent.html,(unknown),,0,,,,,1,,SBI comment artifact -> 301 to parent; no canonical
/regarding-michel-thomas-accent.html,KEEP,/regarding-michel-thomas-accent.html,OTHER / bespoke,bespoke,100,,,,,0,,h1_count=2
/regarding-your-michel-thomas-review-comment-form.html,301,/regarding-your-michel-thomas-review.html,(not in sitemap),?,46,,,,,1,,SBI comment artifact -> 301 to parent; no canonical
/regarding-your-michel-thomas-review.html,HOLD,,OTHER / bespoke,bespoke,0,,,,,0,,no entry traffic in 6yr; h1_count=2
/remembering-words.html,KEEP,/remembering-words.html,OTHER / bespoke,bespoke,677,,,,,10,,h1_count=0
/replacement.html,HOLD,,OTHER / bespoke,bespoke,0,,,,,6,,no entry traffic in 6yr; PayPal
/report1-fp.html,HOLD,,OTHER / bespoke,bespoke,0,,,,,10,,no entry traffic in 6yr; h1_count=0
/report2-fp.html,HOLD,,OTHER / bespoke,bespoke,0,,,,,10,,no entry traffic in 6yr; h1_count=0
/report3-fp.html,KEEP,/report3-fp.html,OTHER / bespoke,bespoke,49,,,,,10,,h1_count=0
/report4-fp.html,HOLD,,OTHER / bespoke,bespoke,0,,,,,10,,no entry traffic in 6yr; h1_count=0
/report5-fp.html,KEEP,/report5-fp.html,OTHER / bespoke,bespoke,48,,,,,10,,h1_count=0
/report6-fp.html,HOLD,,OTHER / bespoke,bespoke,0,,,,,10,,no entry traffic in 6yr; h1_count=0
/report7-fp.html,HOLD,,OTHER / bespoke,bespoke,0,,,,,10,,no entry traffic in 6yr; h1_count=0
/review-on-michel-thomas-spanish-course-comment-form.html,301,/review-on-michel-thomas-spanish-course.html,(unknown),,0,,,,,1,,SBI comment artifact -> 301 to parent; no canonical
/review-on-michel-thomas-spanish-course.html,HOLD,,course landing,bespoke,0,,,,,0,,no entry traffic in 6yr; h1_count=2
/samples.html,HOLD,,OTHER / bespoke,bespoke,0,,,,,17,,no entry traffic in 6yr; h1_count=0
/search-results.html,KEEP,/search-results.html,OTHER / bespoke,bespoke,3673,,,,,5,,
/second-language-benefits.html,KEEP,/second-language-benefits.html,OTHER / bespoke,bespoke,1507,,,,,11,,
/ser-and-estar-in-spanish.html,KEEP,/ser-and-estar-in-spanish.html,verbs/grammar (bespoke),bespoke,2946,,,,,14,,h1_count=0
/ser-estar-in-spanish.html,REVIEW,,(unknown),,0,,,,,0,,no entry traffic in 6yr; HTTP 404 in crawl
/seriously-comment-form.html,301,/seriously.html,(unknown),,0,,,,,1,,SBI comment artifact -> 301 to parent; no canonical
/seriously.html,HOLD,,OTHER / bespoke,bespoke,0,,,,,1,,no entry traffic in 6yr; h1_count=2
/shows.html,REVIEW,,(unknown),,0,,,,,0,,no entry traffic in 6yr; HTTP 404 in crawl
/simulated-immersion.html,KEEP,/simulated-immersion.html,OTHER / bespoke,bespoke,4317,,,,,10,,h1_count=0
/skiing-in-italy.html,KEEP,/skiing-in-italy.html,OTHER / bespoke,bespoke,81,,,,,11,,
/sleep-in-spanish.html,KEEP,/sleep-in-spanish.html,OTHER / bespoke,bespoke,5206,,,,,11,,h1_count=2
/so-what-accent-who-cares-speak-thats-what-counts-comment-form.html,301,/so-what-accent-who-cares-speak-thats-what-counts.html,(unknown),,0,,,,,1,,SBI comment artifact -> 301 to parent; no canonical
/so-what-accent-who-cares-speak-thats-what-counts.html,HOLD,,OTHER / bespoke,bespoke,0,,,,,0,,no entry traffic in 6yr; h1_count=2
/software-version-5-25-upgrade.html,REVIEW,,(not in sitemap),?,0,,,,,0,,non-sitemap URL w/ traffic; needs 301 target; HTTP 404 in crawl
/someone-who-learnt-french-using-michel-tomass-cds-comment-form.html,301,/someone-who-learnt-french-using-michel-tomass-cds.html,(unknown),,0,,,,,1,,SBI comment artifact -> 301 to parent; no canonical
/someone-who-learnt-french-using-michel-tomass-cds.html,KEEP,/someone-who-learnt-french-using-michel-tomass-cds.html,OTHER / bespoke,bespoke,23,,,,,0,,h1_count=2
/sp1CBOdl.html,HOLD,,OTHER / bespoke,bespoke,0,,,,,5,,no entry traffic in 6yr; h1_count=0
/spanish-bescherelle.html,KEEP,/spanish-bescherelle.html,OTHER / bespoke,bespoke,2656,,,,,5,,
/spanish-churros.html,KEEP,/spanish-churros.html,OTHER / bespoke,bespoke,4401,,,,,20,,
/spanish-current-special-offer.html,REVIEW,,(unknown),,0,,,,,0,,no entry traffic in 6yr; HTTP 404 in crawl
/spanish-flashcard.html,KEEP,/spanish-flashcard.html,course tools,bespoke,653,,,,,15,,PayPal
/spanish-football.html,KEEP,/spanish-football.html,OTHER / bespoke,bespoke,6309,,,,,10,,
/spanish-for-accompany.html,KEEP,/spanish-for-accompany.html,X-for-word lessons,TEMPLATED-ish,94,,,,,10,,h1_count=0
/spanish-for-agree.html,KEEP,/spanish-for-agree.html,X-for-word lessons,TEMPLATED-ish,291,,,,,11,,h1_count=2
/spanish-for-arrive.html,KEEP,/spanish-for-arrive.html,X-for-word lessons,TEMPLATED-ish,2039,,,,,6,,h1_count=0
/spanish-for-carrot.html,KEEP,/spanish-for-carrot.html,X-for-word lessons,TEMPLATED-ish,5625,,,,,6,,
/spanish-for-city-is-ciudad-comment-form.html,301,/spanish-for-city-is-ciudad.html,(unknown),,0,,,,,1,,SBI comment artifact -> 301 to parent; no canonical
/spanish-for-city-is-ciudad.html,KEEP,/spanish-for-city-is-ciudad.html,X-for-word lessons,TEMPLATED-ish,26,,,,,0,,h1_count=2
/spanish-for-delay-demora.html,KEEP,/spanish-for-delay-demora.html,X-for-word lessons,TEMPLATED-ish,129,,,,,11,,h1_count=0
/spanish-for-flour.html,KEEP,/spanish-for-flour.html,X-for-word lessons,TEMPLATED-ish,1812,,,,,11,,h1_count=0
/spanish-for-mother.html,KEEP,/spanish-for-mother.html,X-for-word lessons,TEMPLATED-ish,1696,,,,,13,,PayPal
/spanish-for-musket.html,HOLD,,X-for-word lessons,TEMPLATED-ish,0,,,,,10,,no entry traffic in 6yr; h1_count=0
/spanish-for-pregnant-is-embarazada-comment-form.html,301,/spanish-for-pregnant-is-embarazada.html,(unknown),,0,,,,,1,,SBI comment artifact -> 301 to parent; no canonical
/spanish-for-pregnant-is-embarazada.html,KEEP,/spanish-for-pregnant-is-embarazada.html,X-for-word lessons,TEMPLATED-ish,42,,,,,0,,h1_count=2
/spanish-for-say.html,KEEP,/spanish-for-say.html,X-for-word lessons,TEMPLATED-ish,2571,,,,,6,,h1_count=0
/spanish-for-snow.html,KEEP,/spanish-for-snow.html,X-for-word lessons,TEMPLATED-ish,1295,,,,,8,,PayPal
/spanish-for-stain.html,KEEP,/spanish-for-stain.html,X-for-word lessons,TEMPLATED-ish,97,,,,,6,,
/spanish-for-stop.html,KEEP,/spanish-for-stop.html,X-for-word lessons,TEMPLATED-ish,2269,,,,,11,,h1_count=0
/spanish-for-sugar.html,HOLD,,X-for-word lessons,TEMPLATED-ish,0,,,,,13,,no entry traffic in 6yr; PayPal
/spanish-for-suitcase-maleta.html,KEEP,/spanish-for-suitcase-maleta.html,X-for-word lessons,TEMPLATED-ish,932,,,,,11,,h1_count=0
/spanish-for-take.html,KEEP,/spanish-for-take.html,X-for-word lessons,TEMPLATED-ish,2530,,,,,11,,h1_count=0
/spanish-for-thus.html,KEEP,/spanish-for-thus.html,X-for-word lessons,TEMPLATED-ish,95,,,,,10,,h1_count=0
/spanish-for-to-stain.html,HOLD,,X-for-word lessons,TEMPLATED-ish,0,,,,,8,,no entry traffic in 6yr; PayPal
/spanish-for-train.html,KEEP,/spanish-for-train.html,X-for-word lessons,TEMPLATED-ish,4084,,,,,11,,h1_count=0
/spanish-for-understand.html,KEEP,/spanish-for-understand.html,X-for-word lessons,TEMPLATED-ish,309,,,,,6,,
/spanish-for-wave.html,KEEP,/spanish-for-wave.html,X-for-word lessons,TEMPLATED-ish,2506,,,,,6,,
/spanish-for-work-is-il-trabajo-comment-form.html,301,/spanish-for-work-is-il-trabajo.html,(unknown),,0,,,,,1,,SBI comment artifact -> 301 to parent; no canonical
/spanish-for-work-is-il-trabajo.html,HOLD,,X-for-word lessons,TEMPLATED-ish,0,,,,,1,,no entry traffic in 6yr; h1_count=2
/spanish-language-tour.html,HOLD,,OTHER / bespoke,bespoke,0,,,,,5,,no entry traffic in 6yr; h1_count=0
/spanish-lesson-free.html,KEEP,/spanish-lesson-free.html,lesson (other),bespoke,378,,,,,10,,h1_count=0
/spanish-lesson-list.html,KEEP,/spanish-lesson-list.html,lesson (other),bespoke,7493,,,,,10,,
/spanish-lesson.html,KEEP,/spanish-lesson.html,lesson (other),bespoke,296,,,,,10,,h1_count=0
/spanish-memory-trigger.html,KEEP,/spanish-memory-trigger.html,OTHER / bespoke,bespoke,2183,,,,,11,,h1_count=0
/spanish-order-page.html,KEEP,/spanish-order-page.html,OTHER / bespoke,bespoke,204,,,,,12,,PayPal
/spanish-por-para.html,KEEP,/spanish-por-para.html,verbs/grammar (bespoke),bespoke,1865,,,,,13,,h1_count=0
/spanish-proverb-a-day.html,REVIEW,,(unknown),,0,,,,,0,,no entry traffic in 6yr; HTTP 404 in crawl
/spanish-proverb-of-the-day.html,KEEP,/spanish-proverb-of-the-day.html,proverb (other),bespoke,1265,,,,,10,,h1_count=0
/spanish-proverb.html,KEEP,/spanish-proverb.html,proverb (other),bespoke,1939,,,,,11,,PayPal
/spanish-travel-word.html,KEEP,/spanish-travel-word.html,OTHER / bespoke,bespoke,2065,,,,,10,,rotator
/spanish-verb-abarcar.html,KEEP,/spanish-verb-abarcar.html,verb-conjugation (lang-verb-X),TEMPLATED,1719,,,,,6,,h1_count=0; TrafficWave
/spanish-verb-abigarrar.html,KEEP,/spanish-verb-abigarrar.html,verb-conjugation (lang-verb-X),TEMPLATED,23,,,,,6,,h1_count=0; TrafficWave
/spanish-verb-ablandar.html,KEEP,/spanish-verb-ablandar.html,verb-conjugation (lang-verb-X),TEMPLATED,198,,,,,6,,h1_count=0; TrafficWave
/spanish-verb-abnegar.html,HOLD,,verb-conjugation (lang-verb-X),TEMPLATED,0,,,,,6,,no entry traffic in 6yr; h1_count=0; TrafficWave
/spanish-verb-abogar.html,KEEP,/spanish-verb-abogar.html,verb-conjugation (lang-verb-X),TEMPLATED,1877,,,,,6,,h1_count=0; TrafficWave
/spanish-verb-aborrecer.html,KEEP,/spanish-verb-aborrecer.html,verb-conjugation (lang-verb-X),TEMPLATED,333,,,,,6,,h1_count=0; TrafficWave
/spanish-verb-abrazar.html,KEEP,/spanish-verb-abrazar.html,verb-conjugation (lang-verb-X),TEMPLATED,7029,,,,,7,,h1_count=0; TrafficWave
/spanish-verb-absorber.html,KEEP,/spanish-verb-absorber.html,verb-conjugation (lang-verb-X),TEMPLATED,938,,,,,5,,h1_count=0; TrafficWave
/spanish-verb-acantonar.html,KEEP,/spanish-verb-acantonar.html,verb-conjugation (lang-verb-X),TEMPLATED,28,,,,,6,,h1_count=0; TrafficWave
/spanish-verb-acercar.html,KEEP,/spanish-verb-acercar.html,verb-conjugation (lang-verb-X),TEMPLATED,1664,,,,,6,,h1_count=0; TrafficWave
/spanish-verb-acontecer.html,KEEP,/spanish-verb-acontecer.html,verb-conjugation (lang-verb-X),TEMPLATED,405,,,,,6,,h1_count=0; TrafficWave
/spanish-verb-acostar.html,KEEP,/spanish-verb-acostar.html,verb-conjugation (lang-verb-X),TEMPLATED,2971,,,,,6,,h1_count=0; TrafficWave
/spanish-verb-actualizar.html,KEEP,/spanish-verb-actualizar.html,verb-conjugation (lang-verb-X),TEMPLATED,1658,,,,,6,,h1_count=0; TrafficWave
/spanish-verb-actuar.html,KEEP,/spanish-verb-actuar.html,verb-conjugation (lang-verb-X),TEMPLATED,3414,,,,,7,,h1_count=0; TrafficWave
/spanish-verb-acudir.html,KEEP,/spanish-verb-acudir.html,verb-conjugation (lang-verb-X),TEMPLATED,2595,,,,,6,,h1_count=0; TrafficWave
/spanish-verb-adelgazar.html,KEEP,/spanish-verb-adelgazar.html,verb-conjugation (lang-verb-X),TEMPLATED,2724,,,,,6,,h1_count=0; TrafficWave
/spanish-verb-adherir.html,KEEP,/spanish-verb-adherir.html,verb-conjugation (lang-verb-X),TEMPLATED,1014,,,,,6,,h1_count=0; TrafficWave
/spanish-verb-adjudicar.html,KEEP,/spanish-verb-adjudicar.html,verb-conjugation (lang-verb-X),TEMPLATED,238,,,,,7,,h1_count=0; TrafficWave
/spanish-verb-admitir.html,KEEP,/spanish-verb-admitir.html,verb-conjugation (lang-verb-X),TEMPLATED,2675,,,,,6,,h1_count=0; TrafficWave
/spanish-verb-adolecer.html,KEEP,/spanish-verb-adolecer.html,verb-conjugation (lang-verb-X),TEMPLATED,23,,,,,6,,h1_count=0; TrafficWave
/spanish-verb-aducir.html,KEEP,/spanish-verb-aducir.html,verb-conjugation (lang-verb-X),TEMPLATED,53,,,,,6,,h1_count=0; TrafficWave
/spanish-verb-advertir.html,KEEP,/spanish-verb-advertir.html,verb-conjugation (lang-verb-X),TEMPLATED,1617,,,,,6,,h1_count=0; TrafficWave
/spanish-verb-afligir.html,HOLD,,verb-conjugation (lang-verb-X),TEMPLATED,0,,,,,6,,no entry traffic in 6yr; h1_count=0; TrafficWave
/spanish-verb-agradecer.html,KEEP,/spanish-verb-agradecer.html,verb-conjugation (lang-verb-X),TEMPLATED,3064,,,,,6,,h1_count=0; TrafficWave
/spanish-verb-ahogar.html,KEEP,/spanish-verb-ahogar.html,verb-conjugation (lang-verb-X),TEMPLATED,2423,,,,,6,,h1_count=0; TrafficWave
/spanish-verb-ahorcar.html,KEEP,/spanish-verb-ahorcar.html,verb-conjugation (lang-verb-X),TEMPLATED,509,,,,,6,,h1_count=0; TrafficWave
/spanish-verb-alcanzar.html,KEEP,/spanish-verb-alcanzar.html,verb-conjugation (lang-verb-X),TEMPLATED,377,,,,,6,,h1_count=0; TrafficWave
/spanish-verb-alentar.html,KEEP,/spanish-verb-alentar.html,verb-conjugation (lang-verb-X),TEMPLATED,704,,,,,7,,h1_count=0; TrafficWave
/spanish-verb-aliar.html,KEEP,/spanish-verb-aliar.html,verb-conjugation (lang-verb-X),TEMPLATED,147,,,,,7,,h1_count=0; TrafficWave
/spanish-verb-alzar.html,KEEP,/spanish-verb-alzar.html,verb-conjugation (lang-verb-X),TEMPLATED,758,,,,,7,,h1_count=0; TrafficWave
/spanish-verb-amanecer.html,KEEP,/spanish-verb-amanecer.html,verb-conjugation (lang-verb-X),TEMPLATED,885,,,,,6,,h1_count=0; TrafficWave
/spanish-verb-amenazar.html,KEEP,/spanish-verb-amenazar.html,verb-conjugation (lang-verb-X),TEMPLATED,831,,,,,6,,h1_count=0; TrafficWave
/spanish-verb-amplificar.html,KEEP,/spanish-verb-amplificar.html,verb-conjugation (lang-verb-X),TEMPLATED,28,,,,,6,,h1_count=0; TrafficWave
/spanish-verb-anadir.html,KEEP,/spanish-verb-anadir.html,verb-conjugation (lang-verb-X),TEMPLATED,5743,,,,,7,,h1_count=0; TrafficWave
/spanish-verb-analizar.html,KEEP,/spanish-verb-analizar.html,verb-conjugation (lang-verb-X),TEMPLATED,2510,,,,,6,,h1_count=0; TrafficWave
/spanish-verb-anclar.html,KEEP,/spanish-verb-anclar.html,verb-conjugation (lang-verb-X),TEMPLATED,1155,,,,,6,,h1_count=0; TrafficWave
/spanish-verb-anochecer.html,KEEP,/spanish-verb-anochecer.html,verb-conjugation (lang-verb-X),TEMPLATED,200,,,,,6,,h1_count=0; TrafficWave
/spanish-verb-aparcar.html,KEEP,/spanish-verb-aparcar.html,verb-conjugation (lang-verb-X),TEMPLATED,5100,,,,,6,,h1_count=0; TrafficWave
/spanish-verb-aparecer.html,KEEP,/spanish-verb-aparecer.html,verb-conjugation (lang-verb-X),TEMPLATED,250,,,,,6,,h1_count=0; TrafficWave
/spanish-verb-apetecer.html,KEEP,/spanish-verb-apetecer.html,verb-conjugation (lang-verb-X),TEMPLATED,9622,,,,,6,,h1_count=0; TrafficWave
/spanish-verb-aplaudir.html,KEEP,/spanish-verb-aplaudir.html,verb-conjugation (lang-verb-X),TEMPLATED,3159,,,,,7,,h1_count=0; TrafficWave
/spanish-verb-aplicar.html,KEEP,/spanish-verb-aplicar.html,verb-conjugation (lang-verb-X),TEMPLATED,281,,,,,7,,h1_count=0; TrafficWave
/spanish-verb-aprender.html,KEEP,/spanish-verb-aprender.html,verb-conjugation (lang-verb-X),TEMPLATED,9974,,,,,6,,h1_count=0; TrafficWave
/spanish-verb-apretar.html,KEEP,/spanish-verb-apretar.html,verb-conjugation (lang-verb-X),TEMPLATED,1164,,,,,6,,h1_count=0; TrafficWave
/spanish-verb-arrancar.html,KEEP,/spanish-verb-arrancar.html,verb-conjugation (lang-verb-X),TEMPLATED,3581,,,,,6,,h1_count=0; TrafficWave
/spanish-verb-ascender.html,KEEP,/spanish-verb-ascender.html,verb-conjugation (lang-verb-X),TEMPLATED,1488,,,,,6,,h1_count=0; TrafficWave
/spanish-verb-asistir.html,KEEP,/spanish-verb-asistir.html,verb-conjugation (lang-verb-X),TEMPLATED,8511,,,,,7,,h1_count=0; TrafficWave
/spanish-verb-asumir.html,KEEP,/spanish-verb-asumir.html,verb-conjugation (lang-verb-X),TEMPLATED,2781,,,,,6,,h1_count=0; TrafficWave
/spanish-verb-atacar.html,KEEP,/spanish-verb-atacar.html,verb-conjugation (lang-verb-X),TEMPLATED,2265,,,,,6,,h1_count=0; TrafficWave
/spanish-verb-atender.html,KEEP,/spanish-verb-atender.html,verb-conjugation (lang-verb-X),TEMPLATED,3985,,,,,7,,h1_count=0; TrafficWave
/spanish-verb-aterrorizar.html,KEEP,/spanish-verb-aterrorizar.html,verb-conjugation (lang-verb-X),TEMPLATED,243,,,,,7,,h1_count=0; TrafficWave
/spanish-verb-atracar.html,KEEP,/spanish-verb-atracar.html,verb-conjugation (lang-verb-X),TEMPLATED,419,,,,,6,,h1_count=0; TrafficWave
/spanish-verb-atribuir.html,KEEP,/spanish-verb-atribuir.html,verb-conjugation (lang-verb-X),TEMPLATED,2308,,,,,7,,h1_count=0; TrafficWave
/spanish-verb-autorizar.html,KEEP,/spanish-verb-autorizar.html,verb-conjugation (lang-verb-X),TEMPLATED,54,,,,,7,,h1_count=0; TrafficWave
/spanish-verb-avanzar.html,KEEP,/spanish-verb-avanzar.html,verb-conjugation (lang-verb-X),TEMPLATED,1094,,,,,7,,h1_count=0; TrafficWave
/spanish-verb-aviar.html,KEEP,/spanish-verb-aviar.html,verb-conjugation (lang-verb-X),TEMPLATED,44,,,,,6,,h1_count=0; TrafficWave
/spanish-verb-bajar.html,KEEP,/spanish-verb-bajar.html,verb-conjugation (lang-verb-X),TEMPLATED,52,,,,,10,,
/spanish-verb-banar.html,KEEP,/spanish-verb-banar.html,verb-conjugation (lang-verb-X),TEMPLATED,5943,,,,,6,,h1_count=0; TrafficWave
/spanish-verb-barrer.html,KEEP,/spanish-verb-barrer.html,verb-conjugation (lang-verb-X),TEMPLATED,8747,,,,,7,,h1_count=0; TrafficWave
/spanish-verb-bautizar.html,KEEP,/spanish-verb-bautizar.html,verb-conjugation (lang-verb-X),TEMPLATED,578,,,,,6,,h1_count=0; TrafficWave
/spanish-verb-beber.html,KEEP,/spanish-verb-beber.html,verb-conjugation (lang-verb-X),TEMPLATED,6327,,,,,6,,h1_count=0; TrafficWave
/spanish-verb-bostezar.html,KEEP,/spanish-verb-bostezar.html,verb-conjugation (lang-verb-X),TEMPLATED,2188,,,,,6,,h1_count=0; TrafficWave
/spanish-verb-bromear.html,KEEP,/spanish-verb-bromear.html,verb-conjugation (lang-verb-X),TEMPLATED,456,,,,,6,,h1_count=0; TrafficWave
/spanish-verb-buscar.html,KEEP,/spanish-verb-buscar.html,verb-conjugation (lang-verb-X),TEMPLATED,4752,,,,,6,,h1_count=0; TrafficWave
/spanish-verb-calentar.html,KEEP,/spanish-verb-calentar.html,verb-conjugation (lang-verb-X),TEMPLATED,4353,,,,,7,,h1_count=0; TrafficWave
/spanish-verb-calificar.html,KEEP,/spanish-verb-calificar.html,verb-conjugation (lang-verb-X),TEMPLATED,1548,,,,,6,,h1_count=0; TrafficWave
/spanish-verb-caracterizar.html,KEEP,/spanish-verb-caracterizar.html,verb-conjugation (lang-verb-X),TEMPLATED,24,,,,,6,,h1_count=0; TrafficWave
/spanish-verb-carecer.html,KEEP,/spanish-verb-carecer.html,verb-conjugation (lang-verb-X),TEMPLATED,2175,,,,,6,,h1_count=0; TrafficWave
/spanish-verb-cargar.html,KEEP,/spanish-verb-cargar.html,verb-conjugation (lang-verb-X),TEMPLATED,4173,,,,,7,,h1_count=0; TrafficWave
/spanish-verb-cavar.html,KEEP,/spanish-verb-cavar.html,verb-conjugation (lang-verb-X),TEMPLATED,1123,,,,,6,,h1_count=0; TrafficWave
/spanish-verb-cazar.html,KEEP,/spanish-verb-cazar.html,verb-conjugation (lang-verb-X),TEMPLATED,4034,,,,,6,,h1_count=0; TrafficWave
/spanish-verb-cegar.html,KEEP,/spanish-verb-cegar.html,verb-conjugation (lang-verb-X),TEMPLATED,493,,,,,6,,h1_count=0; TrafficWave
/spanish-verb-cerrar.html,KEEP,/spanish-verb-cerrar.html,verb-conjugation (lang-verb-X),TEMPLATED,9116,,,,,7,,h1_count=0; TrafficWave
/spanish-verb-chocar.html,KEEP,/spanish-verb-chocar.html,verb-conjugation (lang-verb-X),TEMPLATED,2159,,,,,7,,h1_count=0; TrafficWave
/spanish-verb-coger.html,KEEP,/spanish-verb-coger.html,verb-conjugation (lang-verb-X),TEMPLATED,10898,,,,,7,,h1_count=0; TrafficWave
/spanish-verb-colar.html,KEEP,/spanish-verb-colar.html,verb-conjugation (lang-verb-X),TEMPLATED,1448,,,,,7,,h1_count=0; TrafficWave
/spanish-verb-colocar.html,KEEP,/spanish-verb-colocar.html,verb-conjugation (lang-verb-X),TEMPLATED,54,,,,,7,,h1_count=0; TrafficWave
/spanish-verb-combatir.html,KEEP,/spanish-verb-combatir.html,verb-conjugation (lang-verb-X),TEMPLATED,319,,,,,6,,h1_count=0; TrafficWave
/spanish-verb-comedirse.html,KEEP,/spanish-verb-comedirse.html,verb-conjugation (lang-verb-X),TEMPLATED,127,,,,,6,,h1_count=0; TrafficWave
/spanish-verb-comer.html,KEEP,/spanish-verb-comer.html,verb-conjugation (lang-verb-X),TEMPLATED,23821,,,,,7,,h1_count=0; TrafficWave
/spanish-verb-cometer.html,KEEP,/spanish-verb-cometer.html,verb-conjugation (lang-verb-X),TEMPLATED,4193,,,,,6,,h1_count=0; TrafficWave
/spanish-verb-comparecer.html,KEEP,/spanish-verb-comparecer.html,verb-conjugation (lang-verb-X),TEMPLATED,1926,,,,,6,,h1_count=0; TrafficWave
/spanish-verb-competir.html,KEEP,/spanish-verb-competir.html,verb-conjugation (lang-verb-X),TEMPLATED,2828,,,,,6,,h1_count=0; TrafficWave
/spanish-verb-complicar.html,HOLD,,verb-conjugation (lang-verb-X),TEMPLATED,0,,,,,7,,no entry traffic in 6yr; h1_count=0; TrafficWave
/spanish-verb-componer.html,KEEP,/spanish-verb-componer.html,verb-conjugation (lang-verb-X),TEMPLATED,3839,,,,,7,,h1_count=0; TrafficWave
/spanish-verb-comprender.html,KEEP,/spanish-verb-comprender.html,verb-conjugation (lang-verb-X),TEMPLATED,3148,,,,,6,,h1_count=0; TrafficWave
/spanish-verb-concebir.html,KEEP,/spanish-verb-concebir.html,verb-conjugation (lang-verb-X),TEMPLATED,829,,,,,6,,h1_count=0; TrafficWave
/spanish-verb-conceder.html,KEEP,/spanish-verb-conceder.html,verb-conjugation (lang-verb-X),TEMPLATED,1941,,,,,6,,h1_count=0; TrafficWave
/spanish-verb-conducir.html,KEEP,/spanish-verb-conducir.html,verb-conjugation (lang-verb-X),TEMPLATED,7693,,,,,6,,h1_count=0; TrafficWave
/spanish-verb-confiar.html,KEEP,/spanish-verb-confiar.html,verb-conjugation (lang-verb-X),TEMPLATED,2764,,,,,7,,h1_count=0; TrafficWave
/spanish-verb-confundir.html,KEEP,/spanish-verb-confundir.html,verb-conjugation (lang-verb-X),TEMPLATED,1711,,,,,6,,h1_count=0; TrafficWave
/spanish-verb-congelar.html,KEEP,/spanish-verb-congelar.html,verb-conjugation (lang-verb-X),TEMPLATED,3222,,,,,6,,h1_count=0; TrafficWave
/spanish-verb-conmover.html,REVIEW,,(unknown),,0,,,,,0,,no entry traffic in 6yr; HTTP 404 in crawl
/spanish-verb-consentir.html,KEEP,/spanish-verb-consentir.html,verb-conjugation (lang-verb-X),TEMPLATED,531,,,,,7,,h1_count=0; TrafficWave
/spanish-verb-consistir.html,KEEP,/spanish-verb-consistir.html,verb-conjugation (lang-verb-X),TEMPLATED,1424,,,,,7,,h1_count=0; TrafficWave
/spanish-verb-constituir.html,KEEP,/spanish-verb-constituir.html,verb-conjugation (lang-verb-X),TEMPLATED,2672,,,,,6,,h1_count=0; TrafficWave
/spanish-verb-construir.html,KEEP,/spanish-verb-construir.html,verb-conjugation (lang-verb-X),TEMPLATED,5084,,,,,7,,h1_count=0; TrafficWave
/spanish-verb-consumir.html,KEEP,/spanish-verb-consumir.html,verb-conjugation (lang-verb-X),TEMPLATED,2027,,,,,6,,h1_count=0; TrafficWave
/spanish-verb-contestar.html,KEEP,/spanish-verb-contestar.html,verb-conjugation (lang-verb-X),TEMPLATED,8580,,,,,6,,h1_count=0; TrafficWave
/spanish-verb-continuar.html,KEEP,/spanish-verb-continuar.html,verb-conjugation (lang-verb-X),TEMPLATED,6521,,,,,6,,h1_count=0; TrafficWave
/spanish-verb-contravenir.html,KEEP,/spanish-verb-contravenir.html,verb-conjugation (lang-verb-X),TEMPLATED,223,,,,,7,,h1_count=0; TrafficWave
/spanish-verb-contribuir.html,KEEP,/spanish-verb-contribuir.html,verb-conjugation (lang-verb-X),TEMPLATED,4583,,,,,6,,h1_count=0; TrafficWave
/spanish-verb-convenir.html,KEEP,/spanish-verb-convenir.html,verb-conjugation (lang-verb-X),TEMPLATED,2300,,,,,6,,h1_count=0; TrafficWave
/spanish-verb-convertir.html,KEEP,/spanish-verb-convertir.html,verb-conjugation (lang-verb-X),TEMPLATED,218,,,,,6,,h1_count=0; TrafficWave
/spanish-verb-copedirse.html,REVIEW,,(unknown),,0,,,,,0,,no entry traffic in 6yr; HTTP 404 in crawl
/spanish-verb-correr.html,KEEP,/spanish-verb-correr.html,verb-conjugation (lang-verb-X),TEMPLATED,9023,,,,,5,,h1_count=0; TrafficWave
/spanish-verb-costar.html,KEEP,/spanish-verb-costar.html,verb-conjugation (lang-verb-X),TEMPLATED,16632,,,,,7,,h1_count=0; TrafficWave
/spanish-verb-crecer.html,KEEP,/spanish-verb-crecer.html,verb-conjugation (lang-verb-X),TEMPLATED,6745,,,,,6,,h1_count=0; TrafficWave
/spanish-verb-criar.html,KEEP,/spanish-verb-criar.html,verb-conjugation (lang-verb-X),TEMPLATED,3905,,,,,7,,h1_count=0; TrafficWave
/spanish-verb-cruzar.html,KEEP,/spanish-verb-cruzar.html,verb-conjugation (lang-verb-X),TEMPLATED,3811,,,,,7,,h1_count=0; TrafficWave
/spanish-verb-cubrir.html,KEEP,/spanish-verb-cubrir.html,verb-conjugation (lang-verb-X),TEMPLATED,4605,,,,,6,,h1_count=0; TrafficWave
/spanish-verb-culpar.html,KEEP,/spanish-verb-culpar.html,verb-conjugation (lang-verb-X),TEMPLATED,692,,,,,7,,h1_count=0; TrafficWave
/spanish-verb-cumplir.html,HOLD,,verb-conjugation (lang-verb-X),TEMPLATED,0,,,,,7,,no entry traffic in 6yr; h1_count=0; TrafficWave
/spanish-verb-deber.html,KEEP,/spanish-verb-deber.html,verb-conjugation (lang-verb-X),TEMPLATED,12757,,,,,9,,h1_count=0; TrafficWave
/spanish-verb-decidir.html,KEEP,/spanish-verb-decidir.html,verb-conjugation (lang-verb-X),TEMPLATED,1548,,,,,6,,h1_count=0; TrafficWave
/spanish-verb-decir.html,KEEP,/spanish-verb-decir.html,verb-conjugation (lang-verb-X),TEMPLATED,3817,,,,,8,,h1_count=0; TrafficWave
/spanish-verb-defender.html,KEEP,/spanish-verb-defender.html,verb-conjugation (lang-verb-X),TEMPLATED,3991,,,,,6,,h1_count=0; TrafficWave
/spanish-verb-demoler.html,KEEP,/spanish-verb-demoler.html,verb-conjugation (lang-verb-X),TEMPLATED,1027,,,,,7,,h1_count=0; TrafficWave
/spanish-verb-demorar.html,KEEP,/spanish-verb-demorar.html,verb-conjugation (lang-verb-X),TEMPLATED,1191,,,,,6,,h1_count=0; TrafficWave
/spanish-verb-depender.html,KEEP,/spanish-verb-depender.html,verb-conjugation (lang-verb-X),TEMPLATED,2158,,,,,6,,h1_count=0; TrafficWave
/spanish-verb-deponer.html,KEEP,/spanish-verb-deponer.html,verb-conjugation (lang-verb-X),TEMPLATED,43,,,,,6,,h1_count=0; TrafficWave
/spanish-verb-desaparecer.html,KEEP,/spanish-verb-desaparecer.html,verb-conjugation (lang-verb-X),TEMPLATED,1810,,,,,7,,h1_count=0; TrafficWave
/spanish-verb-desayunar.html,KEEP,/spanish-verb-desayunar.html,verb-conjugation (lang-verb-X),TEMPLATED,11241,,,,,6,,h1_count=0; TrafficWave
/spanish-verb-descender.html,KEEP,/spanish-verb-descender.html,verb-conjugation (lang-verb-X),TEMPLATED,864,,,,,6,,h1_count=0; TrafficWave
/spanish-verb-descomponer.html,KEEP,/spanish-verb-descomponer.html,verb-conjugation (lang-verb-X),TEMPLATED,3735,,,,,6,,h1_count=0; TrafficWave
/spanish-verb-describir.html,KEEP,/spanish-verb-describir.html,verb-conjugation (lang-verb-X),TEMPLATED,4484,,,,,6,,h1_count=0; TrafficWave
/spanish-verb-desfallecer.html,KEEP,/spanish-verb-desfallecer.html,verb-conjugation (lang-verb-X),TEMPLATED,90,,,,,6,,h1_count=0; TrafficWave
/spanish-verb-deslizar.html,KEEP,/spanish-verb-deslizar.html,verb-conjugation (lang-verb-X),TEMPLATED,937,,,,,6,,h1_count=0; TrafficWave
/spanish-verb-desmentir.html,KEEP,/spanish-verb-desmentir.html,verb-conjugation (lang-verb-X),TEMPLATED,20,,,,,6,,h1_count=0; TrafficWave
/spanish-verb-desmerecer.html,HOLD,,verb-conjugation (lang-verb-X),TEMPLATED,0,,,,,6,,no entry traffic in 6yr; h1_count=0; TrafficWave
/spanish-verb-desobedecer.html,KEEP,/spanish-verb-desobedecer.html,verb-conjugation (lang-verb-X),TEMPLATED,617,,,,,7,,h1_count=0; TrafficWave
/spanish-verb-desollar.html,KEEP,/spanish-verb-desollar.html,verb-conjugation (lang-verb-X),TEMPLATED,48,,,,,6,,h1_count=0; TrafficWave
/spanish-verb-despachar.html,KEEP,/spanish-verb-despachar.html,verb-conjugation (lang-verb-X),TEMPLATED,59,,,,,6,,h1_count=0; TrafficWave
/spanish-verb-despedir.html,KEEP,/spanish-verb-despedir.html,verb-conjugation (lang-verb-X),TEMPLATED,5139,,,,,6,,h1_count=0; TrafficWave
/spanish-verb-desterrar.html,KEEP,/spanish-verb-desterrar.html,verb-conjugation (lang-verb-X),TEMPLATED,131,,,,,6,,h1_count=0; TrafficWave
/spanish-verb-destruir.html,KEEP,/spanish-verb-destruir.html,verb-conjugation (lang-verb-X),TEMPLATED,3749,,,,,6,,h1_count=0; TrafficWave
/spanish-verb-desvestir.html,KEEP,/spanish-verb-desvestir.html,verb-conjugation (lang-verb-X),TEMPLATED,2708,,,,,6,,h1_count=0; TrafficWave
/spanish-verb-desviar.html,KEEP,/spanish-verb-desviar.html,verb-conjugation (lang-verb-X),TEMPLATED,1271,,,,,6,,h1_count=0; TrafficWave
/spanish-verb-digerir.html,KEEP,/spanish-verb-digerir.html,verb-conjugation (lang-verb-X),TEMPLATED,372,,,,,7,,h1_count=0; TrafficWave
/spanish-verb-dirigir.html,KEEP,/spanish-verb-dirigir.html,verb-conjugation (lang-verb-X),TEMPLATED,435,,,,,7,,h1_count=0; TrafficWave
/spanish-verb-discutir.html,KEEP,/spanish-verb-discutir.html,verb-conjugation (lang-verb-X),TEMPLATED,11249,,,,,7,,h1_count=0; TrafficWave
/spanish-verb-disminuir.html,KEEP,/spanish-verb-disminuir.html,verb-conjugation (lang-verb-X),TEMPLATED,300,,,,,6,,h1_count=0; TrafficWave
/spanish-verb-disponer.html,KEEP,/spanish-verb-disponer.html,verb-conjugation (lang-verb-X),TEMPLATED,927,,,,,7,,h1_count=0; TrafficWave
/spanish-verb-distribuir.html,KEEP,/spanish-verb-distribuir.html,verb-conjugation (lang-verb-X),TEMPLATED,1048,,,,,6,,h1_count=0; TrafficWave
/spanish-verb-disuadir.html,KEEP,/spanish-verb-disuadir.html,verb-conjugation (lang-verb-X),TEMPLATED,1169,,,,,6,,h1_count=0; TrafficWave
/spanish-verb-divertir.html,REVIEW,,(unknown),,0,,,,,0,,no entry traffic in 6yr; HTTP 404 in crawl
/spanish-verb-divertirse.html,KEEP,/spanish-verb-divertirse.html,verb-conjugation (lang-verb-X),TEMPLATED,7914,,,,,6,,h1_count=0; TrafficWave
/spanish-verb-dividir.html,KEEP,/spanish-verb-dividir.html,verb-conjugation (lang-verb-X),TEMPLATED,3603,,,,,7,,h1_count=0; TrafficWave
/spanish-verb-doler.html,KEEP,/spanish-verb-doler.html,verb-conjugation (lang-verb-X),TEMPLATED,21605,,,,,6,,h1_count=0; TrafficWave
/spanish-verb-duchar.html,KEEP,/spanish-verb-duchar.html,verb-conjugation (lang-verb-X),TEMPLATED,6760,,,,,6,,h1_count=0; TrafficWave
/spanish-verb-educar.html,KEEP,/spanish-verb-educar.html,verb-conjugation (lang-verb-X),TEMPLATED,1121,,,,,7,,h1_count=0; TrafficWave
/spanish-verb-embarazar.html,KEEP,/spanish-verb-embarazar.html,verb-conjugation (lang-verb-X),TEMPLATED,439,,,,,6,,h1_count=0; TrafficWave
/spanish-verb-embestir.html,KEEP,/spanish-verb-embestir.html,verb-conjugation (lang-verb-X),TEMPLATED,370,,,,,7,,h1_count=0; TrafficWave
/spanish-verb-emitir.html,KEEP,/spanish-verb-emitir.html,verb-conjugation (lang-verb-X),TEMPLATED,524,,,,,6,,h1_count=0; TrafficWave
/spanish-verb-empatar.html,KEEP,/spanish-verb-empatar.html,verb-conjugation (lang-verb-X),TEMPLATED,668,,,,,6,,h1_count=0; TrafficWave
/spanish-verb-empobrecer.html,KEEP,/spanish-verb-empobrecer.html,verb-conjugation (lang-verb-X),TEMPLATED,1858,,,,,6,,h1_count=0; TrafficWave
/spanish-verb-emprender.html,KEEP,/spanish-verb-emprender.html,verb-conjugation (lang-verb-X),TEMPLATED,1050,,,,,6,,h1_count=0; TrafficWave
/spanish-verb-encabezar.html,HOLD,,verb-conjugation (lang-verb-X),TEMPLATED,0,,,,,6,,no entry traffic in 6yr; h1_count=0; TrafficWave
/spanish-verb-encargar.html,KEEP,/spanish-verb-encargar.html,verb-conjugation (lang-verb-X),TEMPLATED,61,,,,,6,,h1_count=0; TrafficWave
/spanish-verb-encender.html,KEEP,/spanish-verb-encender.html,verb-conjugation (lang-verb-X),TEMPLATED,12520,,,,,6,,h1_count=0; TrafficWave
/spanish-verb-encontrar.html,KEEP,/spanish-verb-encontrar.html,verb-conjugation (lang-verb-X),TEMPLATED,11115,,,,,7,,h1_count=0; TrafficWave
/spanish-verb-enfatizar.html,KEEP,/spanish-verb-enfatizar.html,verb-conjugation (lang-verb-X),TEMPLATED,2465,,,,,7,,h1_count=0; TrafficWave
/spanish-verb-enojar.html,KEEP,/spanish-verb-enojar.html,verb-conjugation (lang-verb-X),TEMPLATED,5450,,,,,6,,h1_count=0; TrafficWave
/spanish-verb-enriquecer.html,KEEP,/spanish-verb-enriquecer.html,verb-conjugation (lang-verb-X),TEMPLATED,515,,,,,6,,h1_count=0; TrafficWave
/spanish-verb-ensordecer.html,HOLD,,verb-conjugation (lang-verb-X),TEMPLATED,0,,,,,6,,no entry traffic in 6yr; h1_count=0; TrafficWave
/spanish-verb-entender.html,REVIEW,,(unknown),,0,,,,,0,,no entry traffic in 6yr; HTTP 404 in crawl
/spanish-verb-enternecer.html,KEEP,/spanish-verb-enternecer.html,verb-conjugation (lang-verb-X),TEMPLATED,296,,,,,7,,h1_count=0; TrafficWave
/spanish-verb-entregar.html,KEEP,/spanish-verb-entregar.html,verb-conjugation (lang-verb-X),TEMPLATED,304,,,,,6,,h1_count=0; TrafficWave
/spanish-verb-envejecer.html,KEEP,/spanish-verb-envejecer.html,verb-conjugation (lang-verb-X),TEMPLATED,1945,,,,,6,,h1_count=0; TrafficWave
/spanish-verb-enviar.html,KEEP,/spanish-verb-enviar.html,verb-conjugation (lang-verb-X),TEMPLATED,8394,,,,,7,,h1_count=0; TrafficWave
/spanish-verb-escoger.html,KEEP,/spanish-verb-escoger.html,verb-conjugation (lang-verb-X),TEMPLATED,15556,,,,,7,,h1_count=0; TrafficWave
/spanish-verb-esconder.html,KEEP,/spanish-verb-esconder.html,verb-conjugation (lang-verb-X),TEMPLATED,5411,,,,,7,,h1_count=0; TrafficWave
/spanish-verb-escupir.html,KEEP,/spanish-verb-escupir.html,verb-conjugation (lang-verb-X),TEMPLATED,818,,,,,6,,h1_count=0; TrafficWave
/spanish-verb-escurrir.html,HOLD,,verb-conjugation (lang-verb-X),TEMPLATED,0,,,,,6,,no entry traffic in 6yr; h1_count=0; TrafficWave
/spanish-verb-esterilizar.html,KEEP,/spanish-verb-esterilizar.html,verb-conjugation (lang-verb-X),TEMPLATED,122,,,,,6,,h1_count=0; TrafficWave
/spanish-verb-estrellar.html,KEEP,/spanish-verb-estrellar.html,verb-conjugation (lang-verb-X),TEMPLATED,325,,,,,7,,h1_count=0; TrafficWave
/spanish-verb-estremecer.html,KEEP,/spanish-verb-estremecer.html,verb-conjugation (lang-verb-X),TEMPLATED,977,,,,,7,,h1_count=0; TrafficWave
/spanish-verb-evaluar.html,KEEP,/spanish-verb-evaluar.html,verb-conjugation (lang-verb-X),TEMPLATED,2320,,,,,6,,h1_count=0; TrafficWave
/spanish-verb-exceder.html,KEEP,/spanish-verb-exceder.html,verb-conjugation (lang-verb-X),TEMPLATED,193,,,,,5,,h1_count=0; TrafficWave
/spanish-verb-excluir.html,KEEP,/spanish-verb-excluir.html,verb-conjugation (lang-verb-X),TEMPLATED,2937,,,,,6,,h1_count=0; TrafficWave
/spanish-verb-exhibir.html,KEEP,/spanish-verb-exhibir.html,verb-conjugation (lang-verb-X),TEMPLATED,225,,,,,6,,h1_count=0; TrafficWave
/spanish-verb-exigir.html,KEEP,/spanish-verb-exigir.html,verb-conjugation (lang-verb-X),TEMPLATED,3673,,,,,7,,h1_count=0; TrafficWave
/spanish-verb-expedir.html,KEEP,/spanish-verb-expedir.html,verb-conjugation (lang-verb-X),TEMPLATED,691,,,,,7,,h1_count=0; TrafficWave
/spanish-verb-explosionar.html,KEEP,/spanish-verb-explosionar.html,verb-conjugation (lang-verb-X),TEMPLATED,209,,,,,7,,h1_count=0; TrafficWave
/spanish-verb-exponer.html,KEEP,/spanish-verb-exponer.html,verb-conjugation (lang-verb-X),TEMPLATED,2735,,,,,6,,h1_count=0; TrafficWave
/spanish-verb-extender.html,KEEP,/spanish-verb-extender.html,verb-conjugation (lang-verb-X),TEMPLATED,2531,,,,,7,,h1_count=0; TrafficWave
/spanish-verb-fabricar.html,KEEP,/spanish-verb-fabricar.html,verb-conjugation (lang-verb-X),TEMPLATED,73,,,,,6,,h1_count=0; TrafficWave
/spanish-verb-fallecer.html,KEEP,/spanish-verb-fallecer.html,verb-conjugation (lang-verb-X),TEMPLATED,2938,,,,,6,,h1_count=0; TrafficWave
/spanish-verb-fatigar.html,KEEP,/spanish-verb-fatigar.html,verb-conjugation (lang-verb-X),TEMPLATED,233,,,,,6,,h1_count=0; TrafficWave
/spanish-verb-favorecer.html,HOLD,,verb-conjugation (lang-verb-X),TEMPLATED,0,,,,,6,,no entry traffic in 6yr; h1_count=0; TrafficWave
/spanish-verb-fingir.html,KEEP,/spanish-verb-fingir.html,verb-conjugation (lang-verb-X),TEMPLATED,1950,,,,,6,,h1_count=0; TrafficWave
/spanish-verb-flipar.html,KEEP,/spanish-verb-flipar.html,verb-conjugation (lang-verb-X),TEMPLATED,1143,,,,,7,,h1_count=0; TrafficWave
/spanish-verb-fluctuar.html,KEEP,/spanish-verb-fluctuar.html,verb-conjugation (lang-verb-X),TEMPLATED,944,,,,,7,,h1_count=0; TrafficWave
/spanish-verb-fluir.html,KEEP,/spanish-verb-fluir.html,verb-conjugation (lang-verb-X),TEMPLATED,3929,,,,,6,,h1_count=0; TrafficWave
/spanish-verb-follar.html,REVIEW,,(unknown),,0,,,,,0,,no entry traffic in 6yr; HTTP 404 in crawl
/spanish-verb-fortalecer.html,HOLD,,verb-conjugation (lang-verb-X),TEMPLATED,0,,,,,6,,no entry traffic in 6yr; h1_count=0; TrafficWave
/spanish-verb-fregar.html,KEEP,/spanish-verb-fregar.html,verb-conjugation (lang-verb-X),TEMPLATED,6739,,,,,7,,h1_count=0; TrafficWave
/spanish-verb-garantizar.html,KEEP,/spanish-verb-garantizar.html,verb-conjugation (lang-verb-X),TEMPLATED,77,,,,,6,,h1_count=0; TrafficWave
/spanish-verb-gemir.html,KEEP,/spanish-verb-gemir.html,verb-conjugation (lang-verb-X),TEMPLATED,3485,,,,,7,,h1_count=0; TrafficWave
/spanish-verb-girar.html,KEEP,/spanish-verb-girar.html,verb-conjugation (lang-verb-X),TEMPLATED,4894,,,,,7,,h1_count=0; TrafficWave
/spanish-verb-gozar.html,KEEP,/spanish-verb-gozar.html,verb-conjugation (lang-verb-X),TEMPLATED,7059,,,,,6,,h1_count=0; TrafficWave
/spanish-verb-guarecer.html,HOLD,,verb-conjugation (lang-verb-X),TEMPLATED,0,,,,,6,,no entry traffic in 6yr; h1_count=0; TrafficWave
/spanish-verb-guiar.html,KEEP,/spanish-verb-guiar.html,verb-conjugation (lang-verb-X),TEMPLATED,2486,,,,,6,,h1_count=0; TrafficWave
/spanish-verb-haber.html,KEEP,/spanish-verb-haber.html,verb-conjugation (lang-verb-X),TEMPLATED,1193,,,,,8,,h1_count=0; TrafficWave
/spanish-verb-habituar.html,HOLD,,verb-conjugation (lang-verb-X),TEMPLATED,0,,,,,7,,no entry traffic in 6yr; h1_count=0; TrafficWave
/spanish-verb-hablar.html,KEEP,/spanish-verb-hablar.html,verb-conjugation (lang-verb-X),TEMPLATED,3621,,,,,8,,h1_count=0; TrafficWave
/spanish-verb-hacer.html,KEEP,/spanish-verb-hacer.html,verb-conjugation (lang-verb-X),TEMPLATED,1537,,,,,6,,h1_count=0; TrafficWave
/spanish-verb-helar.html,KEEP,/spanish-verb-helar.html,verb-conjugation (lang-verb-X),TEMPLATED,834,,,,,6,,h1_count=0; TrafficWave
/spanish-verb-herir.html,KEEP,/spanish-verb-herir.html,verb-conjugation (lang-verb-X),TEMPLATED,3115,,,,,7,,h1_count=0; TrafficWave
/spanish-verb-hervir.html,KEEP,/spanish-verb-hervir.html,verb-conjugation (lang-verb-X),TEMPLATED,7285,,,,,6,,h1_count=0; TrafficWave
/spanish-verb-huir.html,KEEP,/spanish-verb-huir.html,verb-conjugation (lang-verb-X),TEMPLATED,9507,,,,,6,,h1_count=0; TrafficWave
/spanish-verb-huirir.html,REVIEW,,(unknown),,0,,,,,0,,no entry traffic in 6yr; HTTP 404 in crawl
/spanish-verb-hundir.html,KEEP,/spanish-verb-hundir.html,verb-conjugation (lang-verb-X),TEMPLATED,3094,,,,,6,,h1_count=0; TrafficWave
/spanish-verb-impedir.html,KEEP,/spanish-verb-impedir.html,verb-conjugation (lang-verb-X),TEMPLATED,2135,,,,,7,,h1_count=0; TrafficWave
/spanish-verb-imponer.html,KEEP,/spanish-verb-imponer.html,verb-conjugation (lang-verb-X),TEMPLATED,2786,,,,,6,,h1_count=0; TrafficWave
/spanish-verb-incluir.html,KEEP,/spanish-verb-incluir.html,verb-conjugation (lang-verb-X),TEMPLATED,11081,,,,,7,,h1_count=0; TrafficWave
/spanish-verb-indultar.html,KEEP,/spanish-verb-indultar.html,verb-conjugation (lang-verb-X),TEMPLATED,127,,,,,6,,h1_count=0; TrafficWave
/spanish-verb-infligir.html,HOLD,,verb-conjugation (lang-verb-X),TEMPLATED,0,,,,,6,,no entry traffic in 6yr; h1_count=0; TrafficWave
/spanish-verb-influir.html,KEEP,/spanish-verb-influir.html,verb-conjugation (lang-verb-X),TEMPLATED,2113,,,,,6,,h1_count=0; TrafficWave
/spanish-verb-ingerir.html,KEEP,/spanish-verb-ingerir.html,verb-conjugation (lang-verb-X),TEMPLATED,90,,,,,6,,h1_count=0; TrafficWave
/spanish-verb-ingresar.html,KEEP,/spanish-verb-ingresar.html,verb-conjugation (lang-verb-X),TEMPLATED,1249,,,,,7,,h1_count=0; TrafficWave
/spanish-verb-insinuar.html,KEEP,/spanish-verb-insinuar.html,verb-conjugation (lang-verb-X),TEMPLATED,502,,,,,6,,h1_count=0; TrafficWave
/spanish-verb-interferir.html,KEEP,/spanish-verb-interferir.html,verb-conjugation (lang-verb-X),TEMPLATED,773,,,,,6,,h1_count=0; TrafficWave
/spanish-verb-intervenir.html,KEEP,/spanish-verb-intervenir.html,verb-conjugation (lang-verb-X),TEMPLATED,2201,,,,,6,,h1_count=0; TrafficWave
/spanish-verb-invadir.html,KEEP,/spanish-verb-invadir.html,verb-conjugation (lang-verb-X),TEMPLATED,732,,,,,6,,h1_count=0; TrafficWave
/spanish-verb-invertir.html,KEEP,/spanish-verb-invertir.html,verb-conjugation (lang-verb-X),TEMPLATED,1263,,,,,7,,h1_count=0; TrafficWave
/spanish-verb-investigar.html,KEEP,/spanish-verb-investigar.html,verb-conjugation (lang-verb-X),TEMPLATED,5391,,,,,6,,h1_count=0; TrafficWave
/spanish-verb-investir.html,HOLD,,verb-conjugation (lang-verb-X),TEMPLATED,0,,,,,6,,no entry traffic in 6yr; h1_count=0; TrafficWave
/spanish-verb-ir.html,KEEP,/spanish-verb-ir.html,verb-conjugation (lang-verb-X),TEMPLATED,3887,,,,,8,,h1_count=0; TrafficWave
/spanish-verb-jerarquizar.html,HOLD,,verb-conjugation (lang-verb-X),TEMPLATED,0,,,,,6,,no entry traffic in 6yr; h1_count=0; TrafficWave
/spanish-verb-jorobar.html,KEEP,/spanish-verb-jorobar.html,verb-conjugation (lang-verb-X),TEMPLATED,397,,,,,6,,h1_count=0; TrafficWave
/spanish-verb-juzgar.html,KEEP,/spanish-verb-juzgar.html,verb-conjugation (lang-verb-X),TEMPLATED,3212,,,,,6,,h1_count=0; TrafficWave
/spanish-verb-lamer.html,KEEP,/spanish-verb-lamer.html,verb-conjugation (lang-verb-X),TEMPLATED,4762,,,,,6,,h1_count=0; TrafficWave
/spanish-verb-lanzar.html,KEEP,/spanish-verb-lanzar.html,verb-conjugation (lang-verb-X),TEMPLATED,3359,,,,,7,,h1_count=0; TrafficWave
/spanish-verb-lastimar.html,KEEP,/spanish-verb-lastimar.html,verb-conjugation (lang-verb-X),TEMPLATED,3695,,,,,7,,h1_count=0; TrafficWave
/spanish-verb-lavar.html,KEEP,/spanish-verb-lavar.html,verb-conjugation (lang-verb-X),TEMPLATED,22445,,,,,6,,h1_count=0; TrafficWave
/spanish-verb-liar.html,KEEP,/spanish-verb-liar.html,verb-conjugation (lang-verb-X),TEMPLATED,454,,,,,7,,h1_count=0; TrafficWave
/spanish-verb-lidiar.html,KEEP,/spanish-verb-lidiar.html,verb-conjugation (lang-verb-X),TEMPLATED,1754,,,,,6,,h1_count=0; TrafficWave
/spanish-verb-ligar.html,KEEP,/spanish-verb-ligar.html,verb-conjugation (lang-verb-X),TEMPLATED,1515,,,,,6,,h1_count=0; TrafficWave
/spanish-verb-list.html,KEEP,/spanish-verb-list.html,verb-conjugation (lang-verb-X),TEMPLATED,5715,,,,,10,,
/spanish-verb-llegar.html,KEEP,/spanish-verb-llegar.html,verb-conjugation (lang-verb-X),TEMPLATED,3790,,,,,7,,h1_count=0; TrafficWave
/spanish-verb-llover.html,KEEP,/spanish-verb-llover.html,verb-conjugation (lang-verb-X),TEMPLATED,20878,,,,,8,,h1_count=0; TrafficWave
/spanish-verb-mantillear.html,REVIEW,,(unknown),,0,,,,,0,,no entry traffic in 6yr; HTTP 404 in crawl
/spanish-verb-martillear.html,KEEP,/spanish-verb-martillear.html,verb-conjugation (lang-verb-X),TEMPLATED,227,,,,,6,,h1_count=0; TrafficWave
/spanish-verb-medir.html,KEEP,/spanish-verb-medir.html,verb-conjugation (lang-verb-X),TEMPLATED,7338,,,,,6,,h1_count=0; TrafficWave
/spanish-verb-memorizar.html,KEEP,/spanish-verb-memorizar.html,verb-conjugation (lang-verb-X),TEMPLATED,455,,,,,6,,h1_count=0; TrafficWave
/spanish-verb-menear.html,KEEP,/spanish-verb-menear.html,verb-conjugation (lang-verb-X),TEMPLATED,919,,,,,6,,h1_count=0; TrafficWave
/spanish-verb-mentir.html,KEEP,/spanish-verb-mentir.html,verb-conjugation (lang-verb-X),TEMPLATED,21220,,,,,6,,h1_count=0; TrafficWave
/spanish-verb-merecer.html,KEEP,/spanish-verb-merecer.html,verb-conjugation (lang-verb-X),TEMPLATED,2376,,,,,6,,h1_count=0; TrafficWave
/spanish-verb-meter.html,KEEP,/spanish-verb-meter.html,verb-conjugation (lang-verb-X),TEMPLATED,2254,,,,,6,,h1_count=0; TrafficWave
/spanish-verb-mirar.html,KEEP,/spanish-verb-mirar.html,verb-conjugation (lang-verb-X),TEMPLATED,9813,,,,,6,,h1_count=0; TrafficWave
/spanish-verb-molar.html,KEEP,/spanish-verb-molar.html,verb-conjugation (lang-verb-X),TEMPLATED,974,,,,,7,,h1_count=0; TrafficWave
/spanish-verb-moler.html,KEEP,/spanish-verb-moler.html,verb-conjugation (lang-verb-X),TEMPLATED,1870,,,,,6,,h1_count=0; TrafficWave
/spanish-verb-morder.html,KEEP,/spanish-verb-morder.html,verb-conjugation (lang-verb-X),TEMPLATED,9645,,,,,7,,h1_count=0; TrafficWave
/spanish-verb-mover.html,KEEP,/spanish-verb-mover.html,verb-conjugation (lang-verb-X),TEMPLATED,13118,,,,,6,,h1_count=0; TrafficWave
/spanish-verb-mudar.html,KEEP,/spanish-verb-mudar.html,verb-conjugation (lang-verb-X),TEMPLATED,3361,,,,,6,,h1_count=0; TrafficWave
/spanish-verb-nacer.html,KEEP,/spanish-verb-nacer.html,verb-conjugation (lang-verb-X),TEMPLATED,3008,,,,,6,,h1_count=0; TrafficWave
/spanish-verb-nevar.html,KEEP,/spanish-verb-nevar.html,verb-conjugation (lang-verb-X),TEMPLATED,18673,,,,,5,,h1_count=0; TrafficWave
/spanish-verb-obedecer.html,KEEP,/spanish-verb-obedecer.html,verb-conjugation (lang-verb-X),TEMPLATED,6722,,,,,6,,h1_count=0; TrafficWave
/spanish-verb-obstruir.html,REVIEW,,(unknown),,0,,,,,0,,no entry traffic in 6yr; HTTP 404 in crawl
/spanish-verb-ocultar.html,KEEP,/spanish-verb-ocultar.html,verb-conjugation (lang-verb-X),TEMPLATED,392,,,,,7,,h1_count=0; TrafficWave
/spanish-verb-ofender.html,KEEP,/spanish-verb-ofender.html,verb-conjugation (lang-verb-X),TEMPLATED,987,,,,,7,,h1_count=0; TrafficWave
/spanish-verb-ofrecer.html,KEEP,/spanish-verb-ofrecer.html,verb-conjugation (lang-verb-X),TEMPLATED,6052,,,,,6,,h1_count=0; TrafficWave
/spanish-verb-olivdar.html,REVIEW,,(unknown),,0,,,,,0,,no entry traffic in 6yr; HTTP 404 in crawl
/spanish-verb-olvidar.html,KEEP,/spanish-verb-olvidar.html,verb-conjugation (lang-verb-X),TEMPLATED,3622,,,,,7,,h1_count=0; TrafficWave
/spanish-verb-oponer.html,KEEP,/spanish-verb-oponer.html,verb-conjugation (lang-verb-X),TEMPLATED,746,,,,,6,,h1_count=0; TrafficWave
/spanish-verb-orar.html,KEEP,/spanish-verb-orar.html,verb-conjugation (lang-verb-X),TEMPLATED,8023,,,,,7,,h1_count=0; TrafficWave
/spanish-verb-organizar.html,KEEP,/spanish-verb-organizar.html,verb-conjugation (lang-verb-X),TEMPLATED,6016,,,,,6,,h1_count=0; TrafficWave
/spanish-verb-otorgar.html,KEEP,/spanish-verb-otorgar.html,verb-conjugation (lang-verb-X),TEMPLATED,850,,,,,6,,h1_count=0; TrafficWave
/spanish-verb-pagar.html,KEEP,/spanish-verb-pagar.html,verb-conjugation (lang-verb-X),TEMPLATED,4964,,,,,7,,h1_count=0; TrafficWave
/spanish-verb-paladear.html,KEEP,/spanish-verb-paladear.html,verb-conjugation (lang-verb-X),TEMPLATED,51,,,,,6,,h1_count=0; TrafficWave
/spanish-verb-parecer.html,KEEP,/spanish-verb-parecer.html,verb-conjugation (lang-verb-X),TEMPLATED,4693,,,,,6,,h1_count=0; TrafficWave
/spanish-verb-pasar.html,KEEP,/spanish-verb-pasar.html,verb-conjugation (lang-verb-X),TEMPLATED,5437,,,,,7,,h1_count=0; TrafficWave
/spanish-verb-patear.html,KEEP,/spanish-verb-patear.html,verb-conjugation (lang-verb-X),TEMPLATED,759,,,,,6,,h1_count=0; TrafficWave
/spanish-verb-pedir.html,KEEP,/spanish-verb-pedir.html,verb-conjugation (lang-verb-X),TEMPLATED,11434,,,,,7,,h1_count=0; TrafficWave
/spanish-verb-pegar.html,KEEP,/spanish-verb-pegar.html,verb-conjugation (lang-verb-X),TEMPLATED,3839,,,,,7,,h1_count=0; TrafficWave
/spanish-verb-pelar.html,KEEP,/spanish-verb-pelar.html,verb-conjugation (lang-verb-X),TEMPLATED,3757,,,,,7,,h1_count=0; TrafficWave
/spanish-verb-pellizcar.html,KEEP,/spanish-verb-pellizcar.html,verb-conjugation (lang-verb-X),TEMPLATED,2131,,,,,6,,h1_count=0; TrafficWave
/spanish-verb-perder.html,KEEP,/spanish-verb-perder.html,verb-conjugation (lang-verb-X),TEMPLATED,9515,,,,,6,,h1_count=0; TrafficWave
/spanish-verb-pervertir.html,HOLD,,verb-conjugation (lang-verb-X),TEMPLATED,0,,,,,7,,no entry traffic in 6yr; h1_count=0; TrafficWave
/spanish-verb-piar.html,KEEP,/spanish-verb-piar.html,verb-conjugation (lang-verb-X),TEMPLATED,172,,,,,7,,h1_count=0; TrafficWave
/spanish-verb-pinchar.html,KEEP,/spanish-verb-pinchar.html,verb-conjugation (lang-verb-X),TEMPLATED,1493,,,,,6,,h1_count=0; TrafficWave
/spanish-verb-plantar.html,KEEP,/spanish-verb-plantar.html,verb-conjugation (lang-verb-X),TEMPLATED,2450,,,,,7,,h1_count=0; TrafficWave
/spanish-verb-plegar.html,KEEP,/spanish-verb-plegar.html,verb-conjugation (lang-verb-X),TEMPLATED,336,,,,,6,,h1_count=0; TrafficWave
/spanish-verb-poder.html,KEEP,/spanish-verb-poder.html,verb-conjugation (lang-verb-X),TEMPLATED,26593,,,,,8,,h1_count=0; TrafficWave
/spanish-verb-poner.html,KEEP,/spanish-verb-poner.html,verb-conjugation (lang-verb-X),TEMPLATED,5461,,,,,6,,h1_count=0; TrafficWave
/spanish-verb-posponer.html,KEEP,/spanish-verb-posponer.html,verb-conjugation (lang-verb-X),TEMPLATED,2109,,,,,7,,h1_count=0; TrafficWave
/spanish-verb-preceder.html,KEEP,/spanish-verb-preceder.html,verb-conjugation (lang-verb-X),TEMPLATED,50,,,,,6,,h1_count=0; TrafficWave
/spanish-verb-preferir.html,KEEP,/spanish-verb-preferir.html,verb-conjugation (lang-verb-X),TEMPLATED,8846,,,,,7,,h1_count=0; TrafficWave
/spanish-verb-preguntar.html,KEEP,/spanish-verb-preguntar.html,verb-conjugation (lang-verb-X),TEMPLATED,12712,,,,,7,,h1_count=0; TrafficWave
/spanish-verb-prender.html,KEEP,/spanish-verb-prender.html,verb-conjugation (lang-verb-X),TEMPLATED,11159,,,,,6,,h1_count=0; TrafficWave
/spanish-verb-presentir.html,REVIEW,,(unknown),,0,,,,,0,,no entry traffic in 6yr; HTTP 404 in crawl
/spanish-verb-pretender.html,KEEP,/spanish-verb-pretender.html,verb-conjugation (lang-verb-X),TEMPLATED,2069,,,,,7,,h1_count=0; TrafficWave
/spanish-verb-prevalecer.html,HOLD,,verb-conjugation (lang-verb-X),TEMPLATED,0,,,,,6,,no entry traffic in 6yr; h1_count=0; TrafficWave
/spanish-verb-prevenir.html,KEEP,/spanish-verb-prevenir.html,verb-conjugation (lang-verb-X),TEMPLATED,7943,,,,,7,,h1_count=0; TrafficWave
/spanish-verb-probar.html,KEEP,/spanish-verb-probar.html,verb-conjugation (lang-verb-X),TEMPLATED,23696,,,,,7,,h1_count=0; TrafficWave
/spanish-verb-proceder.html,KEEP,/spanish-verb-proceder.html,verb-conjugation (lang-verb-X),TEMPLATED,368,,,,,6,,h1_count=0; TrafficWave
/spanish-verb-profundizar.html,KEEP,/spanish-verb-profundizar.html,verb-conjugation (lang-verb-X),TEMPLATED,161,,,,,6,,h1_count=0; TrafficWave
/spanish-verb-prometer.html,KEEP,/spanish-verb-prometer.html,verb-conjugation (lang-verb-X),TEMPLATED,5259,,,,,6,,h1_count=0; TrafficWave
/spanish-verb-promover.html,KEEP,/spanish-verb-promover.html,verb-conjugation (lang-verb-X),TEMPLATED,4630,,,,,7,,h1_count=0; TrafficWave
/spanish-verb-proponer.html,KEEP,/spanish-verb-proponer.html,verb-conjugation (lang-verb-X),TEMPLATED,3711,,,,,6,,h1_count=0; TrafficWave
/spanish-verb-proteger.html,KEEP,/spanish-verb-proteger.html,verb-conjugation (lang-verb-X),TEMPLATED,3160,,,,,6,,h1_count=0; TrafficWave
/spanish-verb-puntuar.html,HOLD,,verb-conjugation (lang-verb-X),TEMPLATED,0,,,,,7,,no entry traffic in 6yr; h1_count=0; TrafficWave
/spanish-verb-quemar.html,KEEP,/spanish-verb-quemar.html,verb-conjugation (lang-verb-X),TEMPLATED,2966,,,,,6,,h1_count=0; TrafficWave
/spanish-verb-querer.html,KEEP,/spanish-verb-querer.html,verb-conjugation (lang-verb-X),TEMPLATED,7261,,,,,8,,h1_count=0; TrafficWave
/spanish-verb-rapar.html,KEEP,/spanish-verb-rapar.html,verb-conjugation (lang-verb-X),TEMPLATED,1479,,,,,7,,h1_count=0; TrafficWave
/spanish-verb-rasgar.html,KEEP,/spanish-verb-rasgar.html,verb-conjugation (lang-verb-X),TEMPLATED,145,,,,,6,,h1_count=0; TrafficWave
/spanish-verb-realizar.html,KEEP,/spanish-verb-realizar.html,verb-conjugation (lang-verb-X),TEMPLATED,64,,,,,6,,h1_count=0; TrafficWave
/spanish-verb-rebanar.html,KEEP,/spanish-verb-rebanar.html,verb-conjugation (lang-verb-X),TEMPLATED,92,,,,,6,,h1_count=0; TrafficWave
/spanish-verb-rebozar.html,HOLD,,verb-conjugation (lang-verb-X),TEMPLATED,0,,,,,6,,no entry traffic in 6yr; h1_count=0; TrafficWave
/spanish-verb-recochinearse.html,HOLD,,verb-conjugation (lang-verb-X),TEMPLATED,0,,,,,6,,no entry traffic in 6yr; h1_count=0; TrafficWave
/spanish-verb-recoger.html,KEEP,/spanish-verb-recoger.html,verb-conjugation (lang-verb-X),TEMPLATED,4323,,,,,6,,h1_count=0; TrafficWave
/spanish-verb-recomendar.html,KEEP,/spanish-verb-recomendar.html,verb-conjugation (lang-verb-X),TEMPLATED,14603,,,,,7,,h1_count=0; TrafficWave
/spanish-verb-reconstruir.html,KEEP,/spanish-verb-reconstruir.html,verb-conjugation (lang-verb-X),TEMPLATED,1801,,,,,6,,h1_count=0; TrafficWave
/spanish-verb-recordar.html,KEEP,/spanish-verb-recordar.html,verb-conjugation (lang-verb-X),TEMPLATED,6632,,,,,6,,h1_count=0; TrafficWave
/spanish-verb-recostar.html,KEEP,/spanish-verb-recostar.html,verb-conjugation (lang-verb-X),TEMPLATED,774,,,,,7,,h1_count=0; TrafficWave
/spanish-verb-referir.html,KEEP,/spanish-verb-referir.html,verb-conjugation (lang-verb-X),TEMPLATED,1377,,,,,6,,h1_count=0; TrafficWave
/spanish-verb-regar.html,KEEP,/spanish-verb-regar.html,verb-conjugation (lang-verb-X),TEMPLATED,5598,,,,,6,,h1_count=0; TrafficWave
/spanish-verb-rehuir.html,KEEP,/spanish-verb-rehuir.html,verb-conjugation (lang-verb-X),TEMPLATED,389,,,,,6,,h1_count=0; TrafficWave
/spanish-verb-remorder.html,KEEP,/spanish-verb-remorder.html,verb-conjugation (lang-verb-X),TEMPLATED,127,,,,,6,,h1_count=0; TrafficWave
/spanish-verb-remover.html,KEEP,/spanish-verb-remover.html,verb-conjugation (lang-verb-X),TEMPLATED,2384,,,,,7,,h1_count=0; TrafficWave
/spanish-verb-rendir.html,KEEP,/spanish-verb-rendir.html,verb-conjugation (lang-verb-X),TEMPLATED,2990,,,,,6,,h1_count=0; TrafficWave
/spanish-verb-renegar.html,KEEP,/spanish-verb-renegar.html,verb-conjugation (lang-verb-X),TEMPLATED,246,,,,,7,,h1_count=0; TrafficWave
/spanish-verb-renovar.html,KEEP,/spanish-verb-renovar.html,verb-conjugation (lang-verb-X),TEMPLATED,615,,,,,6,,h1_count=0; TrafficWave
/spanish-verb-repetir.html,KEEP,/spanish-verb-repetir.html,verb-conjugation (lang-verb-X),TEMPLATED,12045,,,,,6,,h1_count=0; TrafficWave
/spanish-verb-reprimir.html,KEEP,/spanish-verb-reprimir.html,verb-conjugation (lang-verb-X),TEMPLATED,131,,,,,6,,h1_count=0; TrafficWave
/spanish-verb-reptar.html,KEEP,/spanish-verb-reptar.html,verb-conjugation (lang-verb-X),TEMPLATED,52,,,,,6,,h1_count=0; TrafficWave
/spanish-verb-requerir.html,KEEP,/spanish-verb-requerir.html,verb-conjugation (lang-verb-X),TEMPLATED,481,,,,,6,,h1_count=0; TrafficWave
/spanish-verb-resistir.html,KEEP,/spanish-verb-resistir.html,verb-conjugation (lang-verb-X),TEMPLATED,678,,,,,7,,h1_count=0; TrafficWave
/spanish-verb-resollar.html,KEEP,/spanish-verb-resollar.html,verb-conjugation (lang-verb-X),TEMPLATED,139,,,,,6,,h1_count=0; TrafficWave
/spanish-verb-responder.html,KEEP,/spanish-verb-responder.html,verb-conjugation (lang-verb-X),TEMPLATED,7492,,,,,7,,h1_count=0; TrafficWave
/spanish-verb-restregar.html,KEEP,/spanish-verb-restregar.html,verb-conjugation (lang-verb-X),TEMPLATED,695,,,,,6,,h1_count=0; TrafficWave
/spanish-verb-restringir.html,HOLD,,verb-conjugation (lang-verb-X),TEMPLATED,0,,,,,6,,no entry traffic in 6yr; h1_count=0; TrafficWave
/spanish-verb-revestir.html,KEEP,/spanish-verb-revestir.html,verb-conjugation (lang-verb-X),TEMPLATED,410,,,,,7,,h1_count=0; TrafficWave
/spanish-verb-rezar.html,KEEP,/spanish-verb-rezar.html,verb-conjugation (lang-verb-X),TEMPLATED,3207,,,,,6,,h1_count=0; TrafficWave
/spanish-verb-rociar.html,KEEP,/spanish-verb-rociar.html,verb-conjugation (lang-verb-X),TEMPLATED,1199,,,,,7,,h1_count=0; TrafficWave
/spanish-verb-romper.html,KEEP,/spanish-verb-romper.html,verb-conjugation (lang-verb-X),TEMPLATED,19610,,,,,7,,h1_count=0; TrafficWave
/spanish-verb-roncar.html,KEEP,/spanish-verb-roncar.html,verb-conjugation (lang-verb-X),TEMPLATED,2768,,,,,7,,h1_count=0; TrafficWave
/spanish-verb-sacudir.html,KEEP,/spanish-verb-sacudir.html,verb-conjugation (lang-verb-X),TEMPLATED,2135,,,,,6,,h1_count=0; TrafficWave
/spanish-verb-salpimentar.html,KEEP,/spanish-verb-salpimentar.html,verb-conjugation (lang-verb-X),TEMPLATED,276,,,,,6,,h1_count=0; TrafficWave
/spanish-verb-saludar.html,KEEP,/spanish-verb-saludar.html,verb-conjugation (lang-verb-X),TEMPLATED,5979,,,,,6,,h1_count=0; TrafficWave
/spanish-verb-segar.html,KEEP,/spanish-verb-segar.html,verb-conjugation (lang-verb-X),TEMPLATED,283,,,,,6,,h1_count=0; TrafficWave
/spanish-verb-segregar.html,KEEP,/spanish-verb-segregar.html,verb-conjugation (lang-verb-X),TEMPLATED,48,,,,,6,,h1_count=0; TrafficWave
/spanish-verb-sembrar.html,KEEP,/spanish-verb-sembrar.html,verb-conjugation (lang-verb-X),TEMPLATED,3127,,,,,6,,h1_count=0; TrafficWave
/spanish-verb-senalar.html,KEEP,/spanish-verb-senalar.html,verb-conjugation (lang-verb-X),TEMPLATED,524,,,,,7,,h1_count=0; TrafficWave
/spanish-verb-sentir.html,KEEP,/spanish-verb-sentir.html,verb-conjugation (lang-verb-X),TEMPLATED,2758,,,,,7,,h1_count=0; TrafficWave
/spanish-verb-ser.html,KEEP,/spanish-verb-ser.html,verb-conjugation (lang-verb-X),TEMPLATED,2123,,,,,8,,h1_count=0; TrafficWave
/spanish-verb-serrar.html,KEEP,/spanish-verb-serrar.html,verb-conjugation (lang-verb-X),TEMPLATED,1008,,,,,6,,h1_count=0; TrafficWave
/spanish-verb-servir.html,KEEP,/spanish-verb-servir.html,verb-conjugation (lang-verb-X),TEMPLATED,3969,,,,,7,,h1_count=0; TrafficWave
/spanish-verb-situar.html,KEEP,/spanish-verb-situar.html,verb-conjugation (lang-verb-X),TEMPLATED,416,,,,,7,,h1_count=0; TrafficWave
/spanish-verb-sobrevivir.html,KEEP,/spanish-verb-sobrevivir.html,verb-conjugation (lang-verb-X),TEMPLATED,426,,,,,6,,h1_count=0; TrafficWave
/spanish-verb-socorrer.html,KEEP,/spanish-verb-socorrer.html,verb-conjugation (lang-verb-X),TEMPLATED,21,,,,,6,,h1_count=0; TrafficWave
/spanish-verb-sollozar.html,KEEP,/spanish-verb-sollozar.html,verb-conjugation (lang-verb-X),TEMPLATED,41,,,,,6,,h1_count=0; TrafficWave
/spanish-verb-sonar.html,KEEP,/spanish-verb-sonar.html,verb-conjugation (lang-verb-X),TEMPLATED,22591,,,,,7,,h1_count=0; TrafficWave
/spanish-verb-soplar.html,KEEP,/spanish-verb-soplar.html,verb-conjugation (lang-verb-X),TEMPLATED,4104,,,,,7,,h1_count=0; TrafficWave
/spanish-verb-sorprender.html,KEEP,/spanish-verb-sorprender.html,verb-conjugation (lang-verb-X),TEMPLATED,3051,,,,,6,,h1_count=0; TrafficWave
/spanish-verb-sosegar.html,KEEP,/spanish-verb-sosegar.html,verb-conjugation (lang-verb-X),TEMPLATED,89,,,,,6,,h1_count=0; TrafficWave
/spanish-verb-subir.html,KEEP,/spanish-verb-subir.html,verb-conjugation (lang-verb-X),TEMPLATED,4936,,,,,7,,h1_count=0; TrafficWave
/spanish-verb-suceder.html,HOLD,,verb-conjugation (lang-verb-X),TEMPLATED,0,,,,,6,,no entry traffic in 6yr; h1_count=0; TrafficWave
/spanish-verb-sugerir.html,KEEP,/spanish-verb-sugerir.html,verb-conjugation (lang-verb-X),TEMPLATED,6126,,,,,6,,h1_count=0; TrafficWave
/spanish-verb-suponer.html,KEEP,/spanish-verb-suponer.html,verb-conjugation (lang-verb-X),TEMPLATED,5107,,,,,6,,h1_count=0; TrafficWave
/spanish-verb-surgir.html,KEEP,/spanish-verb-surgir.html,verb-conjugation (lang-verb-X),TEMPLATED,761,,,,,6,,h1_count=0; TrafficWave
/spanish-verb-suscribir.html,KEEP,/spanish-verb-suscribir.html,verb-conjugation (lang-verb-X),TEMPLATED,148,,,,,6,,h1_count=0; TrafficWave
/spanish-verb-suspender.html,KEEP,/spanish-verb-suspender.html,verb-conjugation (lang-verb-X),TEMPLATED,2284,,,,,7,,h1_count=0; TrafficWave
/spanish-verb-sustituir.html,KEEP,/spanish-verb-sustituir.html,verb-conjugation (lang-verb-X),TEMPLATED,265,,,,,6,,h1_count=0; TrafficWave
/spanish-verb-tachar.html,REVIEW,,(unknown),,0,,,,,0,,no entry traffic in 6yr; HTTP 404 in crawl
/spanish-verb-tatuar.html,KEEP,/spanish-verb-tatuar.html,verb-conjugation (lang-verb-X),TEMPLATED,803,,,,,6,,h1_count=0; TrafficWave
/spanish-verb-teclear.html,KEEP,/spanish-verb-teclear.html,verb-conjugation (lang-verb-X),TEMPLATED,1433,,,,,6,,h1_count=0; TrafficWave
/spanish-verb-tejer.html,KEEP,/spanish-verb-tejer.html,verb-conjugation (lang-verb-X),TEMPLATED,2019,,,,,6,,h1_count=0; TrafficWave
/spanish-verb-temer.html,KEEP,/spanish-verb-temer.html,verb-conjugation (lang-verb-X),TEMPLATED,1899,,,,,6,,h1_count=0; TrafficWave
/spanish-verb-tender.html,KEEP,/spanish-verb-tender.html,verb-conjugation (lang-verb-X),TEMPLATED,5512,,,,,7,,h1_count=0; TrafficWave
/spanish-verb-tener.html,KEEP,/spanish-verb-tener.html,verb-conjugation (lang-verb-X),TEMPLATED,10454,,,,,7,,h1_count=0; TrafficWave
/spanish-verb-tiritar.html,KEEP,/spanish-verb-tiritar.html,verb-conjugation (lang-verb-X),TEMPLATED,43,,,,,6,,h1_count=0; TrafficWave
/spanish-verb-toser.html,KEEP,/spanish-verb-toser.html,verb-conjugation (lang-verb-X),TEMPLATED,6575,,,,,7,,h1_count=0; TrafficWave
/spanish-verb-tostar.html,KEEP,/spanish-verb-tostar.html,verb-conjugation (lang-verb-X),TEMPLATED,3672,,,,,6,,h1_count=0; TrafficWave
/spanish-verb-tragar.html,KEEP,/spanish-verb-tragar.html,verb-conjugation (lang-verb-X),TEMPLATED,1881,,,,,6,,h1_count=0; TrafficWave
/spanish-verb-transferir.html,KEEP,/spanish-verb-transferir.html,verb-conjugation (lang-verb-X),TEMPLATED,2488,,,,,6,,h1_count=0; TrafficWave
/spanish-verb-trasegar.html,HOLD,,verb-conjugation (lang-verb-X),TEMPLATED,0,,,,,6,,no entry traffic in 6yr; h1_count=0; TrafficWave
/spanish-verb-trinchar.html,KEEP,/spanish-verb-trinchar.html,verb-conjugation (lang-verb-X),TEMPLATED,152,,,,,7,,h1_count=0; TrafficWave
/spanish-verb-tronar.html,KEEP,/spanish-verb-tronar.html,verb-conjugation (lang-verb-X),TEMPLATED,921,,,,,7,,h1_count=0; TrafficWave
/spanish-verb-ultrajar.html,REVIEW,,(unknown),,0,,,,,0,,no entry traffic in 6yr; HTTP 404 in crawl
/spanish-verb-vacunar.html,REVIEW,,(unknown),,0,,,,,0,,no entry traffic in 6yr; HTTP 404 in crawl
/spanish-verb-variar.html,KEEP,/spanish-verb-variar.html,verb-conjugation (lang-verb-X),TEMPLATED,1120,,,,,7,,h1_count=0; TrafficWave
/spanish-verb-vender.html,KEEP,/spanish-verb-vender.html,verb-conjugation (lang-verb-X),TEMPLATED,4575,,,,,7,,h1_count=0; TrafficWave
/spanish-verb-venir.html,KEEP,/spanish-verb-venir.html,verb-conjugation (lang-verb-X),TEMPLATED,9964,,,,,7,,h1_count=0; TrafficWave
/spanish-verb-vestir.html,KEEP,/spanish-verb-vestir.html,verb-conjugation (lang-verb-X),TEMPLATED,8743,,,,,7,,h1_count=0; TrafficWave
/spanish-verb-vivir.html,KEEP,/spanish-verb-vivir.html,verb-conjugation (lang-verb-X),TEMPLATED,5622,,,,,6,,h1_count=0; TrafficWave
/spanish-verb-volar.html,KEEP,/spanish-verb-volar.html,verb-conjugation (lang-verb-X),TEMPLATED,19572,,,,,6,,h1_count=0; TrafficWave
/spanish-verb-yuxtaponer.html,KEEP,/spanish-verb-yuxtaponer.html,verb-conjugation (lang-verb-X),TEMPLATED,121,,,,,6,,h1_count=0; TrafficWave
/spanish-verbs-list.html,KEEP,/spanish-verbs-list.html,OTHER / bespoke,bespoke,849,,,,,10,,
/spanish-verbs.html,KEEP,/spanish-verbs.html,OTHER / bespoke,bespoke,4280,,,,,9,,h1_count=0
/spanish-vocab-turbobooster.html,KEEP,/spanish-vocab-turbobooster.html,course tools,bespoke,1869,,,,,10,,h1_count=0
/spanish-with-michel-thomas-comment-form.html,301,/spanish-with-michel-thomas.html,(unknown),,0,,,,,1,,SBI comment artifact -> 301 to parent; no canonical
/spanish-with-michel-thomas.html,KEEP,/spanish-with-michel-thomas.html,OTHER / bespoke,bespoke,117,,,,,0,,h1_count=2
/special-offer-new-year-2004.html,REVIEW,,(unknown),,0,,,,,0,,no entry traffic in 6yr; HTTP 404 in crawl
/special-offer.html,REVIEW,,(unknown),,0,,,,,0,,no entry traffic in 6yr; HTTP 404 in crawl
/special-upgrade-offer.html,REVIEW,,(unknown),,0,,,,,0,,no entry traffic in 6yr; HTTP 404 in crawl
/start-with-michel-thomas-to-gain-confidence-speaking-comment-form.html,301,/start-with-michel-thomas-to-gain-confidence-speaking.html,(unknown),,0,,,,,1,,SBI comment artifact -> 301 to parent; no canonical
/start-with-michel-thomas-to-gain-confidence-speaking.html,KEEP,/start-with-michel-thomas-to-gain-confidence-speaking.html,OTHER / bespoke,bespoke,24,,,,,0,,h1_count=2
/student-of-french-comment-form.html,301,/student-of-french.html,(unknown),,0,,,,,1,,SBI comment artifact -> 301 to parent; no canonical
/student-of-french.html,KEEP,/student-of-french.html,OTHER / bespoke,bespoke,1380,,,,,0,,h1_count=2
/survey-quick-trips.html,KEEP,/survey-quick-trips.html,OTHER / bespoke,bespoke,111,,,,,10,,h1_count=0
/teach-to-pass-for-a-native-comment-form.html,301,/teach-to-pass-for-a-native.html,(unknown),,0,,,,,1,,SBI comment artifact -> 301 to parent; no canonical
/teach-to-pass-for-a-native.html,KEEP,/teach-to-pass-for-a-native.html,OTHER / bespoke,bespoke,304,,,,,0,,h1_count=2
/ten-most-important-spanish-verbs.html,KEEP,/ten-most-important-spanish-verbs.html,OTHER / bespoke,bespoke,10162,,,,,10,,
/terrible-students-comment-form.html,301,/terrible-students.html,(unknown),,0,,,,,1,,SBI comment artifact -> 301 to parent; no canonical
/terrible-students.html,HOLD,,OTHER / bespoke,bespoke,0,,,,,1,,no entry traffic in 6yr; h1_count=2
/test-2.html,KEEP,/test-2.html,OTHER / bespoke,bespoke,56,,,,,10,,h1_count=0
/test-swf-uploads.html,KEEP,/test-swf-uploads.html,OTHER / bespoke,bespoke,42,,,,,10,,h1_count=0
/test.html,KEEP,/test.html,OTHER / bespoke,bespoke,48,,,,,2,,
/testimonial.html,KEEP,/testimonial.html,OTHER / bespoke,bespoke,5897,,,,,10,,
/thank-you-comment-form.html,301,/thank-you.html,(not in sitemap),?,81,,,,,1,,SBI comment artifact -> 301 to parent; no canonical
/thank-you.html,KEEP,/thank-you.html,OTHER / bespoke,bespoke,408,,,,,0,,h1_count=2
/the-dutch-and-russian-courses-are-taught-by-native-speakers-comment-form.html,301,/the-dutch-and-russian-courses-are-taught-by-native-speakers.html,(unknown),,0,,,,,1,,SBI comment artifact -> 301 to parent; no canonical
/the-dutch-and-russian-courses-are-taught-by-native-speakers.html,KEEP,/the-dutch-and-russian-courses-are-taught-by-native-speakers.html,course landing,bespoke,278,,,,,0,,h1_count=2
/third-ear.html,KEEP,/third-ear.html,OTHER / bespoke,bespoke,4416,,,,,10,,h1_count=0
/tips-and-tricks.html,KEEP,/tips-and-tricks.html,OTHER / bespoke,bespoke,77,,,,,5,,h1_count=0
/total-immersion.html,KEEP,/total-immersion.html,OTHER / bespoke,bespoke,7861,,,,,10,,
/translation-service.html,REVIEW,,(not in sitemap),?,204,,,,,0,,non-sitemap URL w/ traffic; needs 301 target; HTTP 404 in crawl
/translation.html,KEEP,/translation.html,OTHER / bespoke,bespoke,58,,,,,10,,h1_count=0
/try.html,HOLD,,OTHER / bespoke,bespoke,0,,,,,2,,no entry traffic in 6yr
/tu-and-vous.html,KEEP,/tu-and-vous.html,OTHER / bespoke,bespoke,2005,,,,,10,,
/typing-welsh-characters.html,KEEP,/typing-welsh-characters.html,OTHER / bespoke,bespoke,34099,,,,,10,,h1_count=0
/unforgettable-languages.html,KEEP,/unforgettable-languages.html,OTHER / bespoke,bespoke,118,,,,,10,,h1_count=0
/upgrade.html,REVIEW,,(unknown),,0,,,,,0,,no entry traffic in 6yr; HTTP 404 in crawl
/upload-pdf-reports.html,HOLD,,OTHER / bespoke,bespoke,0,,,,,7,,no entry traffic in 6yr; h1_count=0
/upload-wmv.html,HOLD,,OTHER / bespoke,bespoke,0,,,,,0,,no entry traffic in 6yr; h1_count=0
/verb-conjugation.html,KEEP,/verb-conjugation.html,verbs/grammar (bespoke),bespoke,3862,,,,,10,,
/verb-tenses.html,KEEP,/verb-tenses.html,OTHER / bespoke,bespoke,2011,,,,,10,,
/welsh-flashcard.html,KEEP,/welsh-flashcard.html,course tools,bespoke,29,,,,,14,,PayPal
/welsh-for-crowd.html,HOLD,,OTHER / bespoke,bespoke,0,,,,,13,,no entry traffic in 6yr; PayPal
/welsh-for-enough.html,KEEP,/welsh-for-enough.html,OTHER / bespoke,bespoke,214,,,,,8,,PayPal
/welsh-for-money.html,KEEP,/welsh-for-money.html,OTHER / bespoke,bespoke,348,,,,,13,,h1_count=2; PayPal
/welsh-memory-trigger.html,KEEP,/welsh-memory-trigger.html,OTHER / bespoke,bespoke,1764,,,,,12,,h1_count=0
/welsh-order-page.html,KEEP,/welsh-order-page.html,OTHER / bespoke,bespoke,60,,,,,4,,PayPal
/what-sore-puss-comments-comment-form.html,301,/what-sore-puss-comments.html,(unknown),,0,,,,,1,,SBI comment artifact -> 301 to parent; no canonical
/what-sore-puss-comments.html,KEEP,/what-sore-puss-comments.html,OTHER / bespoke,bespoke,54,,,,,0,,h1_count=2
/who-remembers-the-critic-comment-form.html,301,/who-remembers-the-critic.html,(not in sitemap),?,44,,,,,1,,SBI comment artifact -> 301 to parent; no canonical
/who-remembers-the-critic.html,HOLD,,OTHER / bespoke,bespoke,0,,,,,0,,no entry traffic in 6yr; h1_count=2
/why-did-michel-thomas-neglect-the-woman-student-on-his-total-french-course-comment-form.html,301,/why-did-michel-thomas-neglect-the-woman-student-on-his-total-french-course.html,(unknown),,0,,,,,1,,SBI comment artifact -> 301 to parent; no canonical
/why-did-michel-thomas-neglect-the-woman-student-on-his-total-french-course.html,KEEP,/why-did-michel-thomas-neglect-the-woman-student-on-his-total-french-course.html,course landing,bespoke,3265,,,,,1,,h1_count=2
/why-the-confusion-comment-form.html,301,/why-the-confusion.html,(unknown),,0,,,,,1,,SBI comment artifact -> 301 to parent; no canonical
/why-the-confusion.html,KEEP,/why-the-confusion.html,OTHER / bespoke,bespoke,21,,,,,0,,h1_count=2
/word-of-the-day.html,KEEP,/word-of-the-day.html,word-of-day (other),bespoke,6725,,,,,10,,h1_count=0; rotator
/worst-words-upload-wmv.html,KEEP,/worst-words-upload-wmv.html,OTHER / bespoke,bespoke,48,,,,,0,,h1_count=0
/worst-words.html,HOLD,,OTHER / bespoke,bespoke,0,,,,,0,,no entry traffic in 6yr; h1_count=0
/z-tech-apple-mac.html,HOLD,,OTHER / bespoke,bespoke,0,,,,,10,,no entry traffic in 6yr; h1_count=0
/z-tech-azerty.html,KEEP,/z-tech-azerty.html,OTHER / bespoke,bespoke,5116,,,,,10,,h1_count=0
/z-tech-cannot-access-lessons.html,HOLD,,lesson (other),bespoke,0,,,,,10,,no entry traffic in 6yr
/z-tech-central-database.html,HOLD,,OTHER / bespoke,bespoke,0,,,,,10,,no entry traffic in 6yr
/z-tech-cpu-activity.html,KEEP,/z-tech-cpu-activity.html,OTHER / bespoke,bespoke,24,,,,,10,,h1_count=0
/z-tech-download-error-message.html,HOLD,,OTHER / bespoke,bespoke,0,,,,,10,,no entry traffic in 6yr
/z-tech-download-installation.html,KEEP,/z-tech-download-installation.html,OTHER / bespoke,bespoke,83,,,,,10,,
/z-tech-faulty-sound-card.html,HOLD,,OTHER / bespoke,bespoke,0,,,,,10,,no entry traffic in 6yr; h1_count=0
/z-tech-install-error.html,HOLD,,OTHER / bespoke,bespoke,0,,,,,10,,no entry traffic in 6yr; h1_count=0
/z-tech-laptop-fan.html,KEEP,/z-tech-laptop-fan.html,OTHER / bespoke,bespoke,52,,,,,10,,h1_count=0
/z-tech-missing-font.html,KEEP,/z-tech-missing-font.html,OTHER / bespoke,bespoke,29,,,,,10,,h1_count=0
/z-tech-notes-icon-missing.html,HOLD,,OTHER / bespoke,bespoke,0,,,,,10,,no entry traffic in 6yr; h1_count=0
/z-tech-pictures-too-fast.html,KEEP,/z-tech-pictures-too-fast.html,OTHER / bespoke,bespoke,1304,,,,,5,,h1_count=0
/z-tech-runtime-error.html,HOLD,,OTHER / bespoke,bespoke,0,,,,,5,,no entry traffic in 6yr
/z-tech-save-database.html,HOLD,,OTHER / bespoke,bespoke,0,,,,,10,,no entry traffic in 6yr
/z-tech-screen-resolution.html,HOLD,,OTHER / bespoke,bespoke,0,,,,,10,,no entry traffic in 6yr
/z-tech-write-error.html,HOLD,,OTHER / bespoke,bespoke,0,,,,,10,,no entry traffic in 6yr
/z-windows-vista.html,HOLD,,OTHER / bespoke,bespoke,0,,,,,10,,no entry traffic in 6yr; h1_count=0
