refn,uuid,course,english,source_path
936,195eaf08-6288-45c4-a14d-fdb393862282,1,to shake,"/Volumes/Italian 1&2 SuperBundle/1Pictures/FlashCard/to shake ,v.jpg"
428,a1ee2a50-91c9-4a38-b97b-f3ad1b7b23b5,1,homework,"/Volumes/Italian 1&2 SuperBundle/1Pictures/FlashCard/homework ,I.jpg"
425,0c4a0cb3-c165-4b03-a0f6-273efca6c94f,1,hole,"/Volumes/Italian 1&2 SuperBundle/1Pictures/FlashCard/hole ,il.jpg"
5322,617d8ebe-1cab-4476-b625-e34f198ce37f,1,(you) need (inf.sing),/Volumes/Italian 1&2 SuperBundle/1Pictures/FlashCard/ZE10190.jpg
128,9acedd3d-4ae5-490c-9690-85053fed6df9,1,brother,"/Volumes/Italian 1&2 SuperBundle/1Pictures/FlashCard/brother ,il.jpg"
291,1cb5a81b-c99e-4e6d-82f6-e1b15a1c0b99,1,engine,"/Volumes/Italian 1&2 SuperBundle/1Pictures/FlashCard/engine ,il.jpg"
326,56273683-1da8-495b-bb7d-5fdc3d85816e,1,feeling,"/Volumes/Italian 1&2 SuperBundle/1Pictures/FlashCard/feeling ,il.jpg"
337,25457025-26d6-4ea4-868c-239fc2646ac8,1,fish,"/Volumes/Italian 1&2 SuperBundle/1Pictures/FlashCard/fish ,il.jpg"
502,7fd5b5bc-27aa-49d7-bb66-bdc8ec6399da,1,lettuce,"/Volumes/Italian 1&2 SuperBundle/1Pictures/FlashCard/lettuce ,la.jpg"
504,ffd07de9-e38f-4f84-a891-ddab77b57300,1,light,"/Volumes/Italian 1&2 SuperBundle/1Pictures/FlashCard/light ,la.jpg"
534,f77c58d8-3161-41ec-bb04-a47cc171f404,1,moment,"/Volumes/Italian 1&2 SuperBundle/1Pictures/FlashCard/moment ,il.jpg"
627,628ff2c1-7c54-43c8-a798-a40a5e22bd6d,1,petrol (gas),"/Volumes/Italian 1&2 SuperBundle/1Pictures/FlashCard/petrol ,la.jpg"
735,1de5bb89-965d-40f1-b302-537529f8a70e,1,soap,"/Volumes/Italian 1&2 SuperBundle/1Pictures/FlashCard/soap ,il.jpg"
755,5ade5ae6-deb8-4e68-b076-d1e277089de0,1,"still (steady, stationary)","/Volumes/Italian 1&2 SuperBundle/1Pictures/FlashCard/still (nevertheless) ,adv.jpg"
1022,390fa241-1886-4434-b699-ed7e4feeb14b,1,"time, weather","/Volumes/Italian 1&2 SuperBundle/1Pictures/FlashCard/weather ,il.jpg"
986,4e1e4044-cd70-4c12-b301-84026df5754e,1,train,"/Volumes/Italian 1&2 SuperBundle/1Pictures/FlashCard/train ,il.jpg"
802,83ded63e-17b2-43c1-909f-1c1ca754b774,1,they,"/Volumes/Italian 1&2 SuperBundle/1Pictures/FlashCard/they ,prn.jpg"
776,4e88cd0a-4718-417d-98bb-65895e57892f,1,table,"/Volumes/Italian 1&2 SuperBundle/1Pictures/FlashCard/table ,il.jpg"
796,b11d3fde-3ae1-492f-aa3b-36469dc62f2e,1,theatre,"/Volumes/Italian 1&2 SuperBundle/1Pictures/FlashCard/theatre ,il.jpg"
824,3fa33b16-ad94-4280-9cce-94173fa74a05,1,to arrive,"/Volumes/Italian 1&2 SuperBundle/1Pictures/FlashCard/to arrive ,v.jpg"
10168,e6c1b439-94cb-4225-bfe8-87bb2ffc4569,21,Let (us) toast. Cheers!,"/Volumes/Italian 1&2 SuperBundle/1Pictures/FlashCard/cheers ,exc.jpg"
10300,bf86be16-71b9-4872-9e54-89e7392e2300,21,(I) found chaos everywhere.,"/Volumes/Italian 1&2 SuperBundle/1Pictures/FlashCard/everywhere ,adv.jpg"
10558,c25431af-c3e7-4c6a-b5fc-27631df4a4c0,21,Come near (close to) me.,"/Volumes/Italian 1&2 SuperBundle/1Pictures/FlashCard/near ,prep.jpg"
136,59787c52-10ee-405c-a83e-5de6a6b3d6be,1,bus stop,"/Volumes/Italian 1&2 SuperBundle/1Pictures/FlashCard/bus stop ,la.JPG"
10172,b0de0b6a-0496-4049-90cf-8e862f47cb64,21,How many bones are there in the chest?,"/Volumes/Italian 1&2 SuperBundle/1Pictures/FlashCard/chest ,il.jpg"
315,98ce7e47-e3da-4453-a059-b26879b52a0c,1,famous,"/Volumes/Italian 1&2 SuperBundle/1Pictures/FlashCard/famous ,adj.jpg"
778,6ecdaa2a-90e8-4d63-b818-b84c0b3b3406,1,team,"/Volumes/Italian 1&2 SuperBundle/1Pictures/FlashCard/team ,la.jpg"
870,081b1569-a587-42b6-9d5d-4796321c55af,1,to drink,"/Volumes/Italian 1&2 SuperBundle/1Pictures/FlashCard/to drink ,v.jpg"
1049,47cbc856-fcd9-43c8-86e2-2771dfdab138,1,word,"/Volumes/Italian 1&2 SuperBundle/1Pictures/FlashCard/word ,la.jpg"
10200,6a94082b-4a5f-46ef-90a3-1466fbded826,21,Where are the comb and the perfume?,"/Volumes/Italian 1&2 SuperBundle/1Pictures/FlashCard/comb ,il.jpg"
10212,4e6e3e09-b768-4f63-a79e-63b7e8e87f22,21,The cousin is the son of the uncle.,"/Volumes/Italian 1&2 SuperBundle/1Pictures/FlashCard/cousin ,il.jpg"
10178,3f90365f-2f42-4cbc-97cd-0d727875d2fe,21,My favourite food is chocolate.,"/Volumes/Italian 1&2 SuperBundle/1Pictures/FlashCard/chocolate ,il.jpg"
10457,5f9ad1bd-59e1-40bb-80e4-5dac274d95a3,21,(I) can't come because I am ill.,"/Volumes/Italian 1&2 SuperBundle/1Pictures/FlashCard/ill ,adj.jpg"
285,5ca5ffc9-b256-4250-be84-ed1f0c77e979,1,electrical appliance,"/Volumes/Italian 1&2 SuperBundle/1Pictures/FlashCard/electrical appliance ,l (m).jpg"
353,ef5380fe-f807-464f-bd85-b69a6efe922e,1,"fortunate, lucky","/Volumes/Italian 1&2 SuperBundle/1Pictures/FlashCard/fortunate ,adj.jpg"
823,fb9edd68-7522-480f-b997-3e1da0098941,1,to answer,"/Volumes/Italian 1&2 SuperBundle/1Pictures/FlashCard/to answer ,v.jpg"
15303,cbb243bc-eeeb-48bc-8ec7-5489b3a98a47,21,The hotel porter helped us with the luggage.,/Volumes/Italian 1&2 SuperBundle/1Pictures/FlashCard/ze10080.jpg
15748,7ba2da95-e812-4480-b6ed-add978d6618b,21,Where are my books?,/Volumes/Italian 1&2 SuperBundle/1Pictures/FlashCard/ze10038.jpg
10202,50e05e53-7450-4bda-a2d2-759660154b9d,21,"(I)'m tired, this armchair is so comfortable.","/Volumes/Italian 1&2 SuperBundle/1Pictures/FlashCard/comfortable ,adj.jpg"
10218,71088e1c-9f7e-4df9-ad68-9be5ebe26118,21,My cup is red.,"/Volumes/Italian 1&2 SuperBundle/1Pictures/FlashCard/cup ,la.jpg"
10088,95909e08-923e-494e-85ef-34dca3bb15cd,21,"The bedspread is used in summer, the duvet in winter.","/Volumes/Italian 1&2 SuperBundle/1Pictures/FlashCard/bedspread ,il.jpg"
10995,21d0878f-a528-4282-9171-086bea19fc22,21,Can (you) switch on the TV? (I)'d like to see a film.,"/Volumes/Italian 1&2 SuperBundle/1Pictures/FlashCard/TV ,la.jpg"
10149,d1519059-476a-42b1-9311-9daf98a791ff,21,Can (you) bring me a tin of tomato?,"/Volumes/Italian 1&2 SuperBundle/1Pictures/FlashCard/can ,tin ,la.jpg"
10262,5a3bd4ca-3409-43fd-a4cf-00e24ce438dc,21,What dress are (you) wearing for the ceremony?,"/Volumes/Italian 1&2 SuperBundle/1Pictures/FlashCard/dress ,il.jpg"
10298,4c1dc1a8-fc90-41c1-a99e-1873666e4592,21,What do (you) prefer for your evening meal?,"/Volumes/Italian 1&2 SuperBundle/1Pictures/FlashCard/evening meal ,la.jpg"
10680,a5f7a094-b67d-4599-9cb2-55410b7333aa,21,That sales assistant (m) is rude.,"/Volumes/Italian 1&2 SuperBundle/1Pictures/FlashCard/rude ,adj.jpg"
432,841a904c-74d0-4a6b-822b-8d172447880e,1,hostel,"/Volumes/Italian 1&2 SuperBundle/1Pictures/FlashCard/hostel ,l (m).jpg"
673,adcb86ce-f11f-42c9-9a10-ee1d32fe6fdf,1,right (direction),"/Volumes/Italian 1&2 SuperBundle/1Pictures/FlashCard/right (direction) ,adj.jpg"
464,3e3b7b2a-e2e2-47de-a909-f53694893ee8,1,inflammation,"/Volumes/Italian 1&2 SuperBundle/1Pictures/FlashCard/inflammation ,l (f).jpg"
10294,69240995-123a-497b-8257-2ad2cc8f68cc,21,Where is the main entrance?,"/Volumes/Italian 1&2 SuperBundle/1Pictures/FlashCard/entrance ,l (f).jpg"
10269,234b6854-a19a-4522-82d8-31186b0d61d4,21,My uncle loves stuffed duck.,"/Volumes/Italian 1&2 SuperBundle/1Pictures/FlashCard/duck ,l (f).jpg"
5443,24a6b150-17b0-4622-8281-17ede0be76c8,1,Whose is that?,/Volumes/Italian 1&2 SuperBundle/1Pictures/FlashCard/ze10940.jpg
10214,a5207d08-47a3-4278-8ab8-a7742b46eca1,21,Are (you) crazy? (I) (m) almost died of fear.,"/Volumes/Italian 1&2 SuperBundle/1Pictures/FlashCard/crazy (mad) ,adj.jpg"
10059,1a4862fb-bf83-462d-9ad1-eca4f5732a3b,21,My aunt lives in Brasil.,"/Volumes/Italian 1&2 SuperBundle/1Pictures/FlashCard/aunt ,la.jpg"
10074,909ca7dc-ecbe-4b46-9a4f-923a2c664ab7,21,Let (us) go and have a coffee at the bar.,"/Volumes/Italian 1&2 SuperBundle/1Pictures/FlashCard/bar ,la.jpg"
10029,6c464792-3ba1-430d-8eac-330f81561676,21,For breakfast (I) always drink cold milk.,"/Volumes/Italian 1&2 SuperBundle/1Pictures/FlashCard/always ,adv.jpg"
10079,1d9fab6f-a3ba-4979-ba0d-0f22a02c2d76,21,(I) have rented a beach umbrella on the beach.,"/Volumes/Italian 1&2 SuperBundle/1Pictures/FlashCard/beach ,la.jpg"
10601,78e5217a-5b93-42b8-be9a-d8fedfb4fb28,21,(I) want an orange juice.,"/Volumes/Italian 1&2 SuperBundle/1Pictures/FlashCard/orange (fruit) ,l (f).jpg"
10127,8a4818ad-4f32-431a-a524-6ac63e44f5b0,21,The operation for the broken arm was successful.,"/Volumes/Italian 1&2 SuperBundle/1Pictures/FlashCard/broken ,adj.jpg"
270,35ea7858-dffa-4711-9c9c-9ff54a04e600,1,during,"/Volumes/Italian 1&2 SuperBundle/1Pictures/FlashCard/during ,prep.jpg"
561,26d44fe0-3642-488e-9ba7-361683c4344a,1,neither … nor,"/Volumes/Italian 1&2 SuperBundle/1Pictures/FlashCard/neither nor ,conj.jpg"
651,77701510-a0d9-4d9a-b554-ff32c05a9ccf,1,possible,"/Volumes/Italian 1&2 SuperBundle/1Pictures/FlashCard/possible ,adj.jpg"
366,36b0d9bf-826c-4e2b-bb35-3fc03b8d7f36,1,from,"/Volumes/Italian 1&2 SuperBundle/1Pictures/FlashCard/from ,of ,prep.jpg"
450,9fce1a6c-d068-4b46-bdc8-b13e5db1a0ad,1,I,"/Volumes/Italian 1&2 SuperBundle/1Pictures/FlashCard/I ,prn.jpg"
554,a24fa011-376a-44f2-8348-a73f2bc55c60,1,"my (masculine, singular)","/Volumes/Italian 1&2 SuperBundle/1Pictures/FlashCard/my ,adj.jpg"
861,03d1db9a-6c92-4038-a267-ed1ee1d823ca,1,to cook,"/Volumes/Italian 1&2 SuperBundle/1Pictures/FlashCard/to cook ,v.jpg"
83,0cefc513-cde8-4e06-83ab-e8f460c4a0de,1,because,"/Volumes/Italian 1&2 SuperBundle/1Pictures/FlashCard/because ,conj.jpg"
10198,22d532d0-e765-4684-b319-20d8358401f9,21,(I) can't stand cold tea.,"/Volumes/Italian 1&2 SuperBundle/1Pictures/FlashCard/cold ,adj.jpg"
533,fb9323a6-8c4f-42ef-8be3-dd3cb0a9b3c1,1,mixed,"/Volumes/Italian 1&2 SuperBundle/1Pictures/FlashCard/mixed ,adj.jpg"
557,44cf1393-e56a-4a5f-b7c1-465147c79fe2,1,natural,"/Volumes/Italian 1&2 SuperBundle/1Pictures/FlashCard/natural ,adj.jpg"
15442,3d3d11a7-0f91-4c98-85ee-069b300a2520,21,How long does the movie last?,/Volumes/Italian 1&2 SuperBundle/1Pictures/FlashCard/ze10930.jpg
24,67bd58d1-afd7-4229-8d16-75eac8104b14,1,along,"/Volumes/Italian 1&2 SuperBundle/1Pictures/FlashCard/along ,prep.jpg"
10786,1196b9ab-e940-41d6-bce8-28b1a1d22f16,21,Don't speak to me like that!,"/Volumes/Italian 1&2 SuperBundle/1Pictures/FlashCard/like that ,relclause.jpg"
11028,833699c9-e1aa-479d-ba28-e3d891bce27d,21,(I) can't come to the party. -What a pity!,"/Volumes/Italian 1&2 SuperBundle/1Pictures/FlashCard/what a pity what a shame ,exc.jpg"
814,7334ba3f-2662-4618-860c-1300aefdb297,1,"through, across","/Volumes/Italian 1&2 SuperBundle/1Pictures/FlashCard/through ,across ,prep.jpg"
822,82a84596-5c4a-4d1b-af8f-84e8a4d651a8,1,to accept,"/Volumes/Italian 1&2 SuperBundle/1Pictures/FlashCard/to accept ,v.jpg"
56,cc1b5ce2-6f95-4a77-8f6d-99834dc37688,1,"under, underneath","/Volumes/Italian 1&2 SuperBundle/1Pictures/FlashCard/under ,prep.jpg"
917,c1c4a205-71ed-47d5-8692-c1729fc1ec00,1,to pack,"/Volumes/Italian 1&2 SuperBundle/1Pictures/FlashCard/to pack ,v.jpg"
850,c29d2c8a-a21a-48d6-8199-bcab5c12e5ae,1,to break,"/Volumes/Italian 1&2 SuperBundle/1Pictures/FlashCard/to break ,v.jpg"
911,f3effe97-295e-49bd-9b44-7a6528e9bbb3,1,to look for,"/Volumes/Italian 1&2 SuperBundle/1Pictures/FlashCard/to look for ,v.jpg"
86,3295b42f-85c1-43e1-8928-9992b40fa8b0,1,bedding (bed linen),"/Volumes/Italian 1&2 SuperBundle/1Pictures/FlashCard/bedding (bed linen) ,la.jpg"
372,61e1e9dc-a04c-4656-afec-b70e031976af,1,funny,"/Volumes/Italian 1&2 SuperBundle/1Pictures/FlashCard/funny ,adj.jpg"
925,335e50f4-2a7e-4fa8-be47-961f15c64f10,1,to push,"/Volumes/Italian 1&2 SuperBundle/1Pictures/FlashCard/to push ,v.jpg"
1005,6b812a24-51c6-49ea-9ae3-7fd33453c89e,1,up,"/Volumes/Italian 1&2 SuperBundle/1Pictures/FlashCard/up ,adv.jpg"
10076,72925599-9565-4e0d-82b7-4a5cfaf774ae,21,"This basket is too expensive (ca...), (we) can't buy it.","/Volumes/Italian 1&2 SuperBundle/1Pictures/FlashCard/basket ,il.jpg"
740,76da4c7e-eef1-45d0-a42a-775540beda27,1,"somebody, someone","/Volumes/Italian 1&2 SuperBundle/1Pictures/FlashCard/somebody ,someone ,prn.jpg"
1033,0fada915-1cef-4e94-86dd-6ccae82123ea,1,while,"/Volumes/Italian 1&2 SuperBundle/1Pictures/FlashCard/while ,conj.jpg"
1032,6fb5e391-e5c8-48e8-afc6-d427f920d688,1,where,"/Volumes/Italian 1&2 SuperBundle/1Pictures/FlashCard/where ,q.jpg"
10836,ee8a46b4-691b-4dfe-89fb-c39d381acb63,21,(I)'m hot. Let's go swimming.,"/Volumes/Italian 1&2 SuperBundle/1Pictures/FlashCard/to be hot ,v.jpg"
10203,6d33004e-f0f3-490c-8759-148a5acab946,21,(I)'m engaged.- Congratulations!,"/Volumes/Italian 1&2 SuperBundle/1Pictures/FlashCard/congratulations ,exc.jpg"
10244,d9344796-5093-43d3-844c-f31b0f8b07e3,21,"Excuse me, could you change the glass (for me), please? It's dirty.","/Volumes/Italian 1&2 SuperBundle/1Pictures/FlashCard/dirty ,adj.jpg"
10408,4489a66e-fdfc-4c43-804f-6106bfac6a00,21,(I)'m happy because (I)'ve bought a new car.,"/Volumes/Italian 1&2 SuperBundle/1Pictures/FlashCard/happy ,adj.jpg"
10420,783473ba-bd43-499a-9db6-205ac04d0340,21,Help! (I)'m drowning!,"/Volumes/Italian 1&2 SuperBundle/1Pictures/FlashCard/help (emergency) ,exc.jpg"
10335,3b11f5b5-8158-4755-956c-ca87213d1bf0,21,"It's cold, light the fire.","/Volumes/Italian 1&2 SuperBundle/1Pictures/FlashCard/fire ,il.jpg"
107,46ce21af-edf5-4e1b-a5cc-a3468617ac15,1,blanket,"/Volumes/Italian 1&2 SuperBundle/1Pictures/FlashCard/blanket ,la.jpg"
10014,36c7135a-b825-4b9e-af6d-f2c457b242dc,21,Between my boyfriend and me there isn't a big disparity of age.,"/Volumes/Italian 1&2 SuperBundle/1Pictures/FlashCard/age ,l (f).jpg"
10069,02157273-0393-4dbd-994e-3d5187e27ff6,21,"Don't stop the ball, throw it!","/Volumes/Italian 1&2 SuperBundle/1Pictures/FlashCard/ball (playing) ,la.jpg"
10173,eaaeb896-c988-44fd-8581-7910c29f247e,21,(I) don't like chicken.,"/Volumes/Italian 1&2 SuperBundle/1Pictures/FlashCard/chicken ,il.jpg"
10113,af186961-49d5-4ebb-8a37-93a4cd082d22,21,Don't write with the pencil on the book.,"/Volumes/Italian 1&2 SuperBundle/1Pictures/FlashCard/book ,il.jpg"
10411,83cff182-bbc6-46dd-ad34-39ac8baef3d8,21,(You) don't have to hurry (have haste).,"/Volumes/Italian 1&2 SuperBundle/1Pictures/FlashCard/haste ,la.jpg"
10423,ac6a0de7-b872-4ebc-9d68-a6c4864c675b,21,(I)'d like a pair of jeans. - Here (you) are!,"/Volumes/Italian 1&2 SuperBundle/1Pictures/FlashCard/here you are ,phr.jpg"
10625,9ac59348-d8e4-4c4c-9103-7e07741f1e0d,21,Perhaps (he) didn't call you because (he) was too busy.,"/Volumes/Italian 1&2 SuperBundle/1Pictures/FlashCard/perhaps ,conj.jpg"
10933,80d73ae6-decd-4782-83e1-225082b3b563,21,Don't tell Luigi anything.,"/Volumes/Italian 1&2 SuperBundle/1Pictures/FlashCard/to say ,to tell ,v.jpg"
10934,921ec286-ecec-4ead-bcd7-890f30858f28,21,(I) can't see anything.,"/Volumes/Italian 1&2 SuperBundle/1Pictures/FlashCard/to see ,v.jpg"
16575,7dd2b7bf-840a-4d2f-a1b9-228dc97e800b,21,(I) don't understand why (she) answered you so badly.,/Volumes/Italian 1&2 SuperBundle/1Pictures/FlashCard/ze10054.jpg
5582,394813d3-f64d-4f7a-86dc-86d45b0427ab,1,"you (informal, plural)",/Volumes/Italian 1&2 SuperBundle/1Pictures/FlashCard/ze10018.jpg
5342,4c81789d-4bff-4635-a70f-130d8eebead3,1,international,/Volumes/Italian 1&2 SuperBundle/1Pictures/FlashCard/ZE10016.jpg
206,d2585b0c-ff27-4298-b3e3-4c4ad48bbec4,1,corn (maize),"/Volumes/Italian 1&2 SuperBundle/1Pictures/FlashCard/corn (maize) ,il.jpg"
10711,d552c73a-ed77-4b1d-b2fb-857ef894ed2b,21,(I) don't like your shoes.,"/Volumes/Italian 1&2 SuperBundle/1Pictures/FlashCard/shoe ,la.jpg"
1037,fb37ea0f-ec81-4449-9154-59933f3e9199,1,wide,"/Volumes/Italian 1&2 SuperBundle/1Pictures/FlashCard/wide ,adj.jpg"
10757,1d0011c1-bac8-4eae-ada8-ec321655f4c7,21,(We) don't have any chairs. Is a stool OK (for you)?,"/Volumes/Italian 1&2 SuperBundle/1Pictures/FlashCard/stool ,lo.jpg"
10164,a21c1336-311e-441c-810f-78f02feda1c8,21,The shop assistant (m) hasn't given me the change.,"/Volumes/Italian 1&2 SuperBundle/1Pictures/FlashCard/change (money) ,il.jpg"
10622,b74e827f-221c-466c-91b8-eaf2e1db6dde,21,(I) don't care (it's not important to me) what people say.,"/Volumes/Italian 1&2 SuperBundle/1Pictures/FlashCard/people ,la.jpg"
10053,faff97ff-d489-41b0-a602-520dbf80c7bf,21,(I)'ll be ready in ten minutes.,"/Volumes/Italian 1&2 SuperBundle/1Pictures/FlashCard/in (time) ,prep.jpg"
10838,43d2a101-d3d0-4e4b-a1c3-ca1cf106a51b,21,(I) can't phone you because (I)'m in a hurry.,"/Volumes/Italian 1&2 SuperBundle/1Pictures/FlashCard/to be in a hurry ,v.jpg"
15738,bd716f84-4b93-4fb6-b6b9-477258cf39aa,21,(I) don't know what to tell you.,/Volumes/Italian 1&2 SuperBundle/1Pictures/FlashCard/ze10031.jpg
10166,5fe20329-eb77-4bdc-b2a7-502fcbb7febf,21,Let's buy a cheaper one.,"/Volumes/Italian 1&2 SuperBundle/1Pictures/FlashCard/cheap ,adj.jpg"
10204,81b9446c-119e-4b70-8b6c-8912dfb76df9,21,(I)'m under a tree because it's cool there.,"/Volumes/Italian 1&2 SuperBundle/1Pictures/FlashCard/cool ,adj.jpg"
10226,b9145225-7f98-491d-8fce-7d6aca8e2571,21,It's too dark to read.,"/Volumes/Italian 1&2 SuperBundle/1Pictures/FlashCard/dark (obscure) ,adj.jpg"
10237,64e8f603-bcb4-4739-ac42-8b1d32c28b1a,21,(I)'m delighted to help you.,"/Volumes/Italian 1&2 SuperBundle/1Pictures/FlashCard/delighted ,adj.jpg"
10315,1423fc48-f274-407a-b781-270a90873ef4,21,(He)'s a famous player.,"/Volumes/Italian 1&2 SuperBundle/1Pictures/FlashCard/famous ,adj.jpg"
10317,972d5c2e-d8bf-4d15-8bdf-b2f3c757a3a0,21,Where's the station? - It's far away.,"/Volumes/Italian 1&2 SuperBundle/1Pictures/FlashCard/far away ,prep.jpg"
622,5b27a59b-90f8-4558-9c5a-1ab91a47ccb7,1,people,"/Volumes/Italian 1&2 SuperBundle/1Pictures/FlashCard/people ,la.jpg"
10856,270fd24e-ec8c-43a5-a3b8-f13a28179f1e,21,(I) have to change euros into pounds because (I)'m going to be in London tomorrow.,"/Volumes/Italian 1&2 SuperBundle/1Pictures/FlashCard/to change ,v.jpg"
10966,dc9a4f15-186c-4117-82a6-a2d349bb3198,21,(I)'m waiting for you! Hurry up!,"/Volumes/Italian 1&2 SuperBundle/1Pictures/FlashCard/to wait ,v.jpg"
10019,d241660e-6347-4a18-a505-c8fb22acb877,21,(I) can't hear the alarm clock.,"/Volumes/Italian 1&2 SuperBundle/1Pictures/FlashCard/alarm clock ,la.jpg"
10504,0349cd11-9769-4dd8-bace-715f0a3671f9,21,Can (you) close the curtain? - There's too much light.,"/Volumes/Italian 1&2 SuperBundle/1Pictures/FlashCard/light ,la.jpg"
10648,36c8a928-82ed-47d6-87b6-17992cde29e8,21,His wife is a policewoman.,"/Volumes/Italian 1&2 SuperBundle/1Pictures/FlashCard/policeman ,policewoman ,il.jpg"
10794,f9b912cc-e169-4075-a4b9-d4c90d1167f5,21,It's too hot.,"/Volumes/Italian 1&2 SuperBundle/1Pictures/FlashCard/its hot ,phr.jpg"
15739,498dae44-c384-4d3c-9688-0593beb369cb,21,(I) don't understand Luisa when she speaks German.,/Volumes/Italian 1&2 SuperBundle/1Pictures/FlashCard/ze10032.jpg
15740,f865206c-dcd1-46cb-9618-4f7fbac8dbb2,21,"Can (I) have a biscuit? That's alright, but only one.",/Volumes/Italian 1&2 SuperBundle/1Pictures/FlashCard/ze10033.jpg
10831,8338bf21-75f4-4c6b-b291-49a954515af6,21,Today (I) can't study because (I) have a terrible headache.,"/Volumes/Italian 1&2 SuperBundle/1Pictures/FlashCard/to be able ,can ,v.jpg"
10002,6d7826e9-9e33-481e-873b-2c05c93c3186,21,(I)'ve left the book on top of the table.,"/Volumes/Italian 1&2 SuperBundle/1Pictures/FlashCard/above ,on top of ,over ,prep.jpg"
10061,2bd6b2e0-299c-449b-b798-940696c6885e,21,At the end of the avenue you'll find the theatre.,"/Volumes/Italian 1&2 SuperBundle/1Pictures/FlashCard/avenue ,il.jpg"
10421,af836a18-0c43-4fc6-af0b-1dc94f31ee89,21,Today my grandmother's hen has laid a lot of eggs.,"/Volumes/Italian 1&2 SuperBundle/1Pictures/FlashCard/hen ,la.jpg"
10432,35d2844d-0442-4fc1-a618-e1a756704911,21,Hostels are very cheap but there aren't any in my village.,"/Volumes/Italian 1&2 SuperBundle/1Pictures/FlashCard/hostel ,l (m).jpg"
10460,5d8ecc2e-0168-4d5f-9322-abb4647ee7ab,21,In front of the supermarket there's a cinema.,"/Volumes/Italian 1&2 SuperBundle/1Pictures/FlashCard/in front ,prep.jpg"
10517,bbe96e0d-90b5-4ca1-90f7-e5774906a477,21,(I) don't like your make-up.,"/Volumes/Italian 1&2 SuperBundle/1Pictures/FlashCard/make-up ,il.jpg"
10552,5d375921-e013-40da-b3e5-1d2dd35731b9,21,(I)'d like a dish of meat with mushrooms.,"/Volumes/Italian 1&2 SuperBundle/1Pictures/FlashCard/mushroom ,il.jpg"
10772,0c597fb4-9c72-4587-ba32-f4f1b04e3ad6,21,It's a very sunny day today.,"/Volumes/Italian 1&2 SuperBundle/1Pictures/FlashCard/sunny ,adj.jpg"
10003,227c04bb-0009-4da8-9909-48ea9d6a7e0c,21,(It)'s an absolute disaster.,"/Volumes/Italian 1&2 SuperBundle/1Pictures/FlashCard/absolute ,adj.jpg"
10044,bd39954e-02cb-4fee-91dc-4bd7c79581c4,21,Today (I)'m staying at home.,"/Volumes/Italian 1&2 SuperBundle/1Pictures/FlashCard/at home ,phr.jpg"
10073,5d001782-7211-4738-a91f-10b39be769f0,21,"(I) haven't got any money, (I) have to withdraw some banknotes at the cashpoint.","/Volumes/Italian 1&2 SuperBundle/1Pictures/FlashCard/banknote ,la.jpg"
10192,a954731d-049d-467c-8a10-b15eaeb35eea,21,Tomorrow we'll have cloudy weather.,"/Volumes/Italian 1&2 SuperBundle/1Pictures/FlashCard/cloudy ,adj.jpg"
10656,f0a505d0-a753-42de-8cb5-ee91b30ba809,21,(I)'m proud of you.,"/Volumes/Italian 1&2 SuperBundle/1Pictures/FlashCard/proud ,adj.jpg"
10762,a635d6ae-4544-4d8a-b010-90133fe9e896,21,I'm stronger than you.,"/Volumes/Italian 1&2 SuperBundle/1Pictures/FlashCard/strong ,adj.jpg"
10903,ddc06c46-fa8f-4bd1-af97-2749c3da3852,21,(I) can (know how to) fly but I can't land!,"/Volumes/Italian 1&2 SuperBundle/1Pictures/FlashCard/to land ,v.jpg"
10928,1134399d-5e00-475b-a71d-f7746430ee17,21,It can't rain for ever.,"/Volumes/Italian 1&2 SuperBundle/1Pictures/FlashCard/to rain ,v.jpg"
11021,6bf17718-d167-4ee9-87af-bcd4fd6d2251,21,"(You) can't go out, (you) are too weak.","/Volumes/Italian 1&2 SuperBundle/1Pictures/FlashCard/weak ,adj.jpg"
865,2a897558-e7fe-47a7-99f9-139e6b19a0c3,1,to dance,"/Volumes/Italian 1&2 SuperBundle/1Pictures/FlashCard/to dance ,v.jpg"
36,2b6ab190-74f6-44b5-bb81-cf39848890db,1,"apartment, flat","/Volumes/Italian 1&2 SuperBundle/1Pictures/FlashCard/apartment ,flat ,l (m).jpg"
10893,f17e2961-3264-4b35-adda-30fb493ee175,21,Throw the dog a ball and he'll bring back.,"/Volumes/Italian 1&2 SuperBundle/1Pictures/FlashCard/to throw ,v.jpg"
149,cae84901-1e84-4e41-8c20-52a0e2049fdf,1,"can, tin","/Volumes/Italian 1&2 SuperBundle/1Pictures/FlashCard/can ,tin ,la.jpg"
85,d10c70f5-4acd-4bfa-88d6-4001218c2849,1,bed,"/Volumes/Italian 1&2 SuperBundle/1Pictures/FlashCard/bed ,il.jpg"
15355,516f07a7-de0d-4962-8754-dd2a9d56eb54,21,(What do) you think about it? (inf.sing),/Volumes/Italian 1&2 SuperBundle/1Pictures/FlashCard/ze10410.jpg
177,4335ba96-42b3-4200-b053-b68dc8e45d4c,1,chips,"/Volumes/Italian 1&2 SuperBundle/1Pictures/FlashCard/chips ,le (fpl).jpg"
142,47703499-f744-412c-b667-612f4a855472,1,butter,"/Volumes/Italian 1&2 SuperBundle/1Pictures/FlashCard/butter ,il.jpg"
10770,ec676cff-015a-49fe-9ed2-3d691d660dc4,21,There's always the sun at the seaside.,"/Volumes/Italian 1&2 SuperBundle/1Pictures/FlashCard/sun ,il.jpg"
15743,91f90cc0-e663-463f-8dcf-5788a2cf587d,21,Excuse me! Where's the station?,/Volumes/Italian 1&2 SuperBundle/1Pictures/FlashCard/ze10036.jpg
10049,195c5621-4f80-4ff2-b875-5f9fb5c9274e,21,There's smoke in the kitchen.,"/Volumes/Italian 1&2 SuperBundle/1Pictures/FlashCard/to ,in ,by ,prep.jpg"
5,f14b60bb-33c3-453f-9b5b-ae499fc00d52,1,accommodation,"/Volumes/Italian 1&2 SuperBundle/1Pictures/FlashCard/accommodation ,la.jpg"
8,69bf477f-a364-400e-a7de-2ffd90462a57,1,adult (m/f),"/Volumes/Italian 1&2 SuperBundle/1Pictures/FlashCard/adult (mf) ,n.jpg"
10647,1f3da73e-e85f-4801-b7bc-555cc01502a2,21,Where's the nearest police station?,"/Volumes/Italian 1&2 SuperBundle/1Pictures/FlashCard/police station ,il.jpg"
70,9de9fcd3-f7a7-41c9-bf07-d3acc46c82d4,1,ball (dance),"/Volumes/Italian 1&2 SuperBundle/1Pictures/FlashCard/ball (dance) ,il.jpg"
110797,48547c21-0908-4333-991d-419dbc5156ef,21,Don't give any sweeties to them.,"/Volumes/Italian 1&2 SuperBundle/1Pictures/FlashCard/theirs ,prn.jpg"
241,f7e74212-edcc-4303-9745-a21c1b1b798b,1,dessert,"/Volumes/Italian 1&2 SuperBundle/1Pictures/FlashCard/dessert ,il.jpg"
16513,606f96ba-fe40-4da0-91ae-7aa1e5aabfd7,21,My neighbour's nephew is an actor. (m),/Volumes/Italian 1&2 SuperBundle/1Pictures/FlashCard/ze10048.jpg
75,492d0ced-c345-4b50-97de-6de9a5e3ada9,1,bargain (good buy),"/Volumes/Italian 1&2 SuperBundle/1Pictures/FlashCard/bargain (good buy) ,l (m).jpg"
10161,f264da25-88fd-4a6e-bd7e-dec50ccd0d08,21,(I)'m certain everything is going to be OK. (f),"/Volumes/Italian 1&2 SuperBundle/1Pictures/FlashCard/certain ,adj.jpg"
13429,736d4044-6387-4737-82d8-0d534f4c13ad,21,What do (you) want to say? (I) don't understand you. (inf.sing),/Volumes/Italian 1&2 SuperBundle/1Pictures/FlashCard/ZE10109.jpg
10075,07e4d33c-3f76-45e0-9399-00fd6428d2dd,21,Buy it! (It)'s a bargain.,"/Volumes/Italian 1&2 SuperBundle/1Pictures/FlashCard/bargain (good buy) ,l (m).jpg"
10409,2c57371e-359c-42ae-9e93-eeaca4086a20,21,Today (I)'m (m) happy because (I) have passed the exam. (co..),"/Volumes/Italian 1&2 SuperBundle/1Pictures/FlashCard/happy (content) ,adj.jpg"
406,90b1a478-3fa6-4ed8-a9ba-fb7558213301,1,hand,"/Volumes/Italian 1&2 SuperBundle/1Pictures/FlashCard/hand ,la.jpg"
608,2f557896-b1ea-4933-96c7-390778ffbe41,1,pan (saucepan),"/Volumes/Italian 1&2 SuperBundle/1Pictures/FlashCard/pan ,il.jpg"
645,89fc8229-bac1-4b0f-a7af-72f34ffc2198,1,pleasure,"/Volumes/Italian 1&2 SuperBundle/1Pictures/FlashCard/pleasure ,il.jpg"
711,c3abf5b3-ece9-4f3e-8e4c-7b68972c7131,1,shoe,"/Volumes/Italian 1&2 SuperBundle/1Pictures/FlashCard/shoe ,la.jpg"
77,f667a675-73c1-4871-88cf-cead59e0751b,1,basketball,"/Volumes/Italian 1&2 SuperBundle/1Pictures/FlashCard/basketball ,la.jpg"
10083,9a232e91-2b49-4022-bee4-9ac550e08e7d,21,(I)'m happy because today is a very beautiful day.,"/Volumes/Italian 1&2 SuperBundle/1Pictures/FlashCard/because ,conj.jpg"
10091,931d78da-09a4-4aac-9a3b-364a875ea444,21,(He) arrived before me.,"/Volumes/Italian 1&2 SuperBundle/1Pictures/FlashCard/before ,adv.jpg"
92,3f035ca8-eb8e-49ce-a4a3-d1d42026eb77,1,beginning,"/Volumes/Italian 1&2 SuperBundle/1Pictures/FlashCard/beginning ,il.jpg"
108,f10539da-92a0-4b72-86fe-334d683064ab,1,blonde,"/Volumes/Italian 1&2 SuperBundle/1Pictures/FlashCard/blonde (mf) ,adj.jpg"
113,494a8b10-060a-4940-86f1-165477fbc12d,1,book,"/Volumes/Italian 1&2 SuperBundle/1Pictures/FlashCard/book ,il.jpg"
158,6f3e93d2-0102-42b9-9cad-665801cf8a62,1,cat,"/Volumes/Italian 1&2 SuperBundle/1Pictures/FlashCard/cat ,il.jpg"
10042,8bfc1865-ce1e-4fa1-bb56-14a9e33549b9,21,"As (he) saw him, (he) ran away.","/Volumes/Italian 1&2 SuperBundle/1Pictures/FlashCard/as ,conj.jpg"
180,367650a4-4850-4b6c-82bc-bb7aa7c93ed6,1,church,"/Volumes/Italian 1&2 SuperBundle/1Pictures/FlashCard/church ,la.jpg"
417,ca1a0b24-78c3-4dcc-b08a-af968bbddb9a,1,heat,"/Volumes/Italian 1&2 SuperBundle/1Pictures/FlashCard/heat ,il.jpg"
187,ce2733d0-04d1-463f-965a-f70bef24f4ad,1,"client, customer (m/f)","/Volumes/Italian 1&2 SuperBundle/1Pictures/FlashCard/client, customer (mf) ,n.jpg"
194,b3444e18-9755-40a7-a517-6a8b24af17f1,1,coat,"/Volumes/Italian 1&2 SuperBundle/1Pictures/FlashCard/coat ,il.jpg"
197,02760b0a-f15b-4f17-800e-f1e059c95278,1,"coin, currency","/Volumes/Italian 1&2 SuperBundle/1Pictures/FlashCard/coin ,currency ,la.jpg"
10207,846de8ef-397c-4be4-9645-0509c6dfc0e0,21,The church is on the corner.,"/Volumes/Italian 1&2 SuperBundle/1Pictures/FlashCard/corner ,l (m).jpg"
10077,3a32d488-a5ab-4f2c-ac4e-8a3f945ca4ec,21,Basketball isn't very famous in Italy.,"/Volumes/Italian 1&2 SuperBundle/1Pictures/FlashCard/basketball ,la.jpg"
747,fce42188-a1b5-48a3-ba30-f0bc2ca6933e,1,spider,"/Volumes/Italian 1&2 SuperBundle/1Pictures/FlashCard/spider ,il.jpg"
437,6dbe5fe4-a5e9-4b7d-81cf-735bf7722432,1,how do you say …?,"/Volumes/Italian 1&2 SuperBundle/1Pictures/FlashCard/how do you say  ,q.jpg"
215,ff930d72-ec86-4582-8571-e0e670e9b1dd,1,cream,"/Volumes/Italian 1&2 SuperBundle/1Pictures/FlashCard/cream ,la.jpg"
256,5d41993f-8c1e-4b0b-8739-cadcfd73829e,1,doll,"/Volumes/Italian 1&2 SuperBundle/1Pictures/FlashCard/doll ,la.jpg"
10268,4b118808-fd20-4a47-b1c1-13c3204eb5ba,21,It hasn't rained for a long time and the ground is dry.,"/Volumes/Italian 1&2 SuperBundle/1Pictures/FlashCard/dry ,adj.jpg"
1028,f1fc68e7-3a5a-4c2c-a0ec-9c66ad0742bf,1,what a pity! what a shame!,"/Volumes/Italian 1&2 SuperBundle/1Pictures/FlashCard/what a pity what a shame ,exc.jpg"
277,a6c206de-410d-4e39-b8e7-7dd3974b0e6c,1,"effort, stress","/Volumes/Italian 1&2 SuperBundle/1Pictures/FlashCard/effort, stress ,n.jpg"
284,7d340af1-6cb0-4c74-aaf7-eaf3729a2a67,1,razor,"/Volumes/Italian 1&2 SuperBundle/1Pictures/FlashCard/razor ,il.jpg"
292,b8e8a144-caeb-43f4-8d08-99a2cc5c7576,1,enjoy your meal!,"/Volumes/Italian 1&2 SuperBundle/1Pictures/FlashCard/enjoy your meal ,exc.jpg"
10308,b07307a5-ab99-48e2-b801-3b5305d43e7b,21,"This basket is too expensive (co..), we can't buy it.","/Volumes/Italian 1&2 SuperBundle/1Pictures/FlashCard/expensive (costly) ,adj.jpg"
311,a91863b3-67a6-4a7c-a61f-1ca535b37b7e,1,face,"/Volumes/Italian 1&2 SuperBundle/1Pictures/FlashCard/face ,la.jpg"
11026,1a494153-f814-4c03-879e-25a66b34fb77,21,"How are (you)? - Well, thanks.","/Volumes/Italian 1&2 SuperBundle/1Pictures/FlashCard/well ,adv.jpg"
318,08352389-203c-4306-9c13-05d141968100,1,"fare, rate","/Volumes/Italian 1&2 SuperBundle/1Pictures/FlashCard/fare ,la.jpg"
321,b9f8fee0-bd1e-4137-aee9-367dc59fb7db,1,father,"/Volumes/Italian 1&2 SuperBundle/1Pictures/FlashCard/father ,il.jpg"
400,992cf688-8295-4450-8b14-fb98c8db783a,1,"guest, host (m/f)","/Volumes/Italian 1&2 SuperBundle/1Pictures/FlashCard/guest, host (mf) ,n.jpg"
13,71c018a5-15c1-419c-964f-58ccd17c52ab,1,against,"/Volumes/Italian 1&2 SuperBundle/1Pictures/FlashCard/against ,prep.jpg"
667,031e72d3-2835-4b22-895f-b1d6351c3155,1,ready,"/Volumes/Italian 1&2 SuperBundle/1Pictures/FlashCard/ready ,adj.jpg"
324,0ca2d1f9-7890-4f6c-8a49-99224ce9e5f8,1,fear,"/Volumes/Italian 1&2 SuperBundle/1Pictures/FlashCard/fear ,la.jpg"
335,b2a9454a-c815-4337-9131-caded09c209a,1,fire,"/Volumes/Italian 1&2 SuperBundle/1Pictures/FlashCard/fire ,il.jpg"
348,c66084f4-4bc9-4286-862e-4e30c4f15d6c,1,football (soccer),"/Volumes/Italian 1&2 SuperBundle/1Pictures/FlashCard/football (the game) ,il.jpg"
10353,637689f7-b6d1-446a-8099-d03458c394ed,21,(I)'m fortunate to have such nice neighbours.,"/Volumes/Italian 1&2 SuperBundle/1Pictures/FlashCard/fortunate ,adj.jpg"
10368,9b5a3638-9d16-4f70-b8cc-bf6d11497e83,21,The frost will arrive with the winter.,"/Volumes/Italian 1&2 SuperBundle/1Pictures/FlashCard/frost ,il.jpg"
10374,a708436f-6fdb-45c9-8cc9-574a68edd4f8,21,Is there furniture in the flat?,"/Volumes/Italian 1&2 SuperBundle/1Pictures/FlashCard/furniture ,npl.jpg"
378,823673fc-0683-4c33-abfe-0b50383d1ed7,1,garlic,"/Volumes/Italian 1&2 SuperBundle/1Pictures/FlashCard/garlic ,l (m).jpg"
380,c35c6d24-bdfb-4fb2-899b-8660b3efc976,1,gas / petrol station,"/Volumes/Italian 1&2 SuperBundle/1Pictures/FlashCard/gas station ,il.jpg"
388,61870800-a06f-4581-ad3e-e4a576e5cda6,1,good,"/Volumes/Italian 1&2 SuperBundle/1Pictures/FlashCard/good ,adj.jpg"
390,674c0e79-7064-47cb-ba89-68caeb2b4bc1,1,good night!,"/Volumes/Italian 1&2 SuperBundle/1Pictures/FlashCard/good night ,exc.jpg"
402,d04b30c1-964d-45ef-8add-50346ab5c54d,1,hair,"/Volumes/Italian 1&2 SuperBundle/1Pictures/FlashCard/hair ,npl.jpg"
10099,758ba2d1-31a2-4637-96a9-a003e2908507,21,From here (you) can see the lake better.,"/Volumes/Italian 1&2 SuperBundle/1Pictures/FlashCard/better (me) ,adv.jpg"
10125,bb4395b7-5777-49b6-bbc0-88aa49c1b1f3,21,Can (you) bring me a bottle of water? (I)'m thirsty.,"/Volumes/Italian 1&2 SuperBundle/1Pictures/FlashCard/bring me ,exc.jpg"
10510,20810366-f867-420c-b736-5a2e54c624e8,21,(It)'ll be a long winter.,"/Volumes/Italian 1&2 SuperBundle/1Pictures/FlashCard/long ,adj.jpg"
10016,b9795f39-db25-4b66-b31b-f5857fe62105,21,Are there air hostesses on low-cost flights?,"/Volumes/Italian 1&2 SuperBundle/1Pictures/FlashCard/air hostess ,la L.jpg"
10048,ecd093eb-c571-4bad-84c0-06b67ab71e07,21,"The father's pen (pen of my father) is on the table, but my mother's (pen of my mother) is on the chair.","/Volumes/Italian 1&2 SuperBundle/1Pictures/FlashCard/of (belonging to) ,prep.jpg"
444,16653ad0-3da3-4a7d-adb4-14afe4a71192,1,humor,"/Volumes/Italian 1&2 SuperBundle/1Pictures/FlashCard/humor ,l (m).jpg"
685,d2bcd9ca-6954-41d1-b227-83bc713229c7,1,sand,"/Volumes/Italian 1&2 SuperBundle/1Pictures/FlashCard/sand ,la.jpg"
10154,c55f1a01-bb4f-4c1a-8aca-d635807d2f54,21,The carpet is in front of the curtain.,"/Volumes/Italian 1&2 SuperBundle/1Pictures/FlashCard/carpet ,rug ,il.jpg"
10170,7c3b47f5-2160-4c18-a43e-dc7f7c14c0d1,21,The chemist/drug store is far from here.,"/Volumes/Italian 1&2 SuperBundle/1Pictures/FlashCard/chemist ,drug store ,la.jpg"
10196,00084d16-3a8d-416a-a754-853da167815c,21,In Italy the coffee is better than in Brazil.,"/Volumes/Italian 1&2 SuperBundle/1Pictures/FlashCard/coffee ,il.jpg"
455,30a2b5e1-d174-4b77-8a06-15d24992e44e,1,idiot (m/f),"/Volumes/Italian 1&2 SuperBundle/1Pictures/FlashCard/idiot (mf) ,n.jpg"
487,2750c7de-5071-40f9-bf23-9dc34302ad28,1,"kitchen, stove, cookery","/Volumes/Italian 1&2 SuperBundle/1Pictures/FlashCard/kitchen ,stove ,cookery ,la.jpg"
10367,8c058072-4e00-4208-801a-58f797a1e353,21,The front part of the bus was damaged in the accident.,"/Volumes/Italian 1&2 SuperBundle/1Pictures/FlashCard/front, previous ,n.jpg"
10417,bee0ca05-44f0-403a-ae14-2459aaa4e94d,21,The heat of the oven has cooked the cake.,"/Volumes/Italian 1&2 SuperBundle/1Pictures/FlashCard/heat ,il.jpg"
10429,e07be658-d8e0-4cbb-91f0-f498aa13407d,21,The picture (you) are painting is horrible.,"/Volumes/Italian 1&2 SuperBundle/1Pictures/FlashCard/horrible ,adj.jpg"
489,85317cac-1edb-4712-a30f-5f438cf00216,1,lake,"/Volumes/Italian 1&2 SuperBundle/1Pictures/FlashCard/lake ,il.jpg"
496,06d41c58-32b2-4481-9143-69c70cd84fcb,1,law,"/Volumes/Italian 1&2 SuperBundle/1Pictures/FlashCard/law ,la.jpg"
10441,cf34f6de-26d4-4bb9-a39e-5e8813238d98,21,How often do (you) go to the swimming pool?,"/Volumes/Italian 1&2 SuperBundle/1Pictures/FlashCard/how often ,q.jpg"
10455,ff999e19-ab5d-4fb2-9835-e6ce42d2cf3b,21,(You) are an idiot!,"/Volumes/Italian 1&2 SuperBundle/1Pictures/FlashCard/idiot (mf) ,n.jpg"
10480,bac119cb-df01-4a91-b1c0-a2f42e951b41,21,The cat has broken the jug.,"/Volumes/Italian 1&2 SuperBundle/1Pictures/FlashCard/jug ,la.jpg"
10511,967d2d52-1e35-4369-839e-6361004ad312,21,(I) can't overtake that lorry.,"/Volumes/Italian 1&2 SuperBundle/1Pictures/FlashCard/lorry ,truck ,il.jpg"
10518,5c71c4fd-b5dc-43ae-98a4-72ff396f07a0,21,The man sitting next to you is reading a book.,"/Volumes/Italian 1&2 SuperBundle/1Pictures/FlashCard/man ,l (m).jpg"
527,3377a43d-8f77-4e60-88dc-b55642dc0f9a,1,microwave oven,"/Volumes/Italian 1&2 SuperBundle/1Pictures/FlashCard/microwave ,la.jpg"
539,1a0536a2-445c-413b-aeb7-fa67aef7191a,1,moon,"/Volumes/Italian 1&2 SuperBundle/1Pictures/FlashCard/moon ,la.jpg"
10541,4bde97d9-f557-471b-896c-fae83445cc14,21,Tomorrow morning (I)'ll go to the market.,"/Volumes/Italian 1&2 SuperBundle/1Pictures/FlashCard/morning (in the) ,phr.jpg"
542,fa835f67-24e0-454e-b162-d5dd602c3e60,1,mosquito,"/Volumes/Italian 1&2 SuperBundle/1Pictures/FlashCard/mosquito ,la.jpg"
10706,a306981a-4389-463b-8643-7240fe58e633,21,She is a beautiful girl.,"/Volumes/Italian 1&2 SuperBundle/1Pictures/FlashCard/she ,prn.jpg"
10673,b225c5e6-d4d0-43af-be22-29c56c296670,21,Go straight on and then turn right.,"/Volumes/Italian 1&2 SuperBundle/1Pictures/FlashCard/right (direction) ,adj.jpg"
578,eb80815b-2ce0-449f-b1f5-e629eccb017c,1,normal,"/Volumes/Italian 1&2 SuperBundle/1Pictures/FlashCard/normal ,adj.jpg"
10598,b1e0336c-f85f-4a57-948e-a152c1cefdcf,21,The policeman is opposite Bob's shop.,"/Volumes/Italian 1&2 SuperBundle/1Pictures/FlashCard/opposite (location) ,prep.jpg"
10609,d5228def-a85b-41d3-82a9-e6b7f5a74e33,21,(I) have to send this parcel by airmail.,"/Volumes/Italian 1&2 SuperBundle/1Pictures/FlashCard/parcel ,packet ,il.jpg"
10777,789ad095-cd18-41b0-92f2-61f9fe11b044,21,My boyfriend drinks only water and tea.,"/Volumes/Italian 1&2 SuperBundle/1Pictures/FlashCard/tea ,il.jpg"
10848,893c1e3c-7b20-41cc-870d-52c6ea20872d,21,The wind blows through the mountains.,"/Volumes/Italian 1&2 SuperBundle/1Pictures/FlashCard/to blow ,v.jpg"
15301,4330a158-d1c5-4054-a36a-f99a54493563,21,"Good afternoon, Lucia!",/Volumes/Italian 1&2 SuperBundle/1Pictures/FlashCard/ze10011.jpg
624,9f19907f-ef19-4d86-a257-05990a7c05b4,1,"perfume, scent","/Volumes/Italian 1&2 SuperBundle/1Pictures/FlashCard/perfume ,il.jpg"
642,ddd464a7-c645-4a3b-922f-317fbd510258,1,player,"/Volumes/Italian 1&2 SuperBundle/1Pictures/FlashCard/player ,il.jpg"
646,e844496e-8d62-411b-b5c5-ea3de834f4a8,1,pocket,"/Volumes/Italian 1&2 SuperBundle/1Pictures/FlashCard/pocket ,la.jpg"
653,9d364274-64e1-4cc5-84dd-052d4819ca49,1,potato,"/Volumes/Italian 1&2 SuperBundle/1Pictures/FlashCard/potato ,la.jpg"
11020,9d44e771-b56f-444b-891c-50d4c544e479,21,We are Italian and (we) are 22 years old.,"/Volumes/Italian 1&2 SuperBundle/1Pictures/FlashCard/we ,prn.jpg"
257,f4d8e133-d825-4d29-822b-f28ac850a44a,1,don't mention it! you're welcome,"/Volumes/Italian 1&2 SuperBundle/1Pictures/FlashCard/dont mention it ,youre welcome ,exc.jpg"
10653,47c4625b-4535-451b-b11a-c0df0400ed6f,21,The potato is a tuber.,"/Volumes/Italian 1&2 SuperBundle/1Pictures/FlashCard/potato ,la.jpg"
14,1132246b-bc0b-490d-9a78-42e40c57585c,1,age,"/Volumes/Italian 1&2 SuperBundle/1Pictures/FlashCard/age ,l (f).jpg"
10105,41e5bc6e-b8e6-4a2c-8325-004844d684c0,21,Happy birthday!,"/Volumes/Italian 1&2 SuperBundle/1Pictures/FlashCard/birthday ,il.jpg"
621,321b479d-fcab-49cf-af07-7283d75b14d9,1,pencil,"/Volumes/Italian 1&2 SuperBundle/1Pictures/FlashCard/pencil ,la.jpg"
678,79aa6eb6-7b41-4b8c-9459-842f8e40e488,1,room (ca..),"/Volumes/Italian 1&2 SuperBundle/1Pictures/FlashCard/bedroom ,la.jpg"
5738,48147c51-1ba6-417b-acbd-2a3b1cc01327,1,I don't know,/Volumes/Italian 1&2 SuperBundle/1Pictures/FlashCard/ze10031.jpg
10490,06807e59-9a7d-44a0-b350-3c33cdefb575,21,(We) eat (one eats) lamb at Easter.,"/Volumes/Italian 1&2 SuperBundle/1Pictures/FlashCard/lamb ,l (m).jpg"
679,63fbb774-62a5-425c-be72-6a4dc8b7df0c,1,"rubbish, garbage","/Volumes/Italian 1&2 SuperBundle/1Pictures/FlashCard/rubbish, garbage ,npl.jpg"
693,91d2a17b-4e7a-452b-92f4-b19bd0ef0e4f,1,"seafood, shellfish","/Volumes/Italian 1&2 SuperBundle/1Pictures/FlashCard/seafood, shellfish ,npl.jpg"
705,d1759db1-2977-4e63-94c6-d364c6d49f26,1,sharp (e.g. knife),"/Volumes/Italian 1&2 SuperBundle/1Pictures/FlashCard/sharp ,adj.jpg"
10713,0de490d4-9eb4-4415-8f21-7a39cc0575e3,21,(I) must go shopping at the supermarket.,"/Volumes/Italian 1&2 SuperBundle/1Pictures/FlashCard/shopping ,la.jpg"
726,5a586ad2-a6fd-433a-a841-3d617ee17b01,1,skirt,"/Volumes/Italian 1&2 SuperBundle/1Pictures/FlashCard/skirt ,la.jpg"
767,0af7c311-0752-4736-bdfa-88c715d4b773,1,sugar,"/Volumes/Italian 1&2 SuperBundle/1Pictures/FlashCard/sugar ,lo.jpg"
10731,49918ff9-6012-4493-984f-a8fbaaf112fa,21,Rats are a common pest.,"/Volumes/Italian 1&2 SuperBundle/1Pictures/FlashCard/pest ,la.jpg"
968,2a55cee2-89bb-4d22-ab3f-95974c95ac8a,1,to walk,"/Volumes/Italian 1&2 SuperBundle/1Pictures/FlashCard/to walk ,v.JPG"
10968,7fa82b77-1b4c-4a48-a953-ade7244f1289,21,When (I)'m walking (I) am happy.,"/Volumes/Italian 1&2 SuperBundle/1Pictures/FlashCard/to walk ,v.JPG"
10182,94e2ab5e-0a13-4c8c-bd4a-c8f896bb676b,21,Do (you) want to come to the cinema?,"/Volumes/Italian 1&2 SuperBundle/1Pictures/FlashCard/cinema ,il.jpg"
10319,7b2b5488-72ff-47b0-b48c-bafde9c7abfe,21,"In the countryside there are farms, gardens with flowers and lakes.","/Volumes/Italian 1&2 SuperBundle/1Pictures/FlashCard/farm ,la.jpg"
10425,909d0c82-7de3-4090-9792-7e47600fe7c8,21,There is a hole in the wall.,"/Volumes/Italian 1&2 SuperBundle/1Pictures/FlashCard/hole ,il.jpg"
490,df62680b-7ae5-452c-b5a5-3b9e5bff19b7,1,lamb,"/Volumes/Italian 1&2 SuperBundle/1Pictures/FlashCard/lamb ,l (m).jpg"
10980,ca268f93-dded-4277-b395-ee4565cb88cf,21,That woman talks too much.,"/Volumes/Italian 1&2 SuperBundle/1Pictures/FlashCard/too much ,adj.jpg"
10993,756c50ed-b079-4612-865c-df16d19a15b1,21,For Thanksgiving Americans usually eat stuffed turkey.,"/Volumes/Italian 1&2 SuperBundle/1Pictures/FlashCard/turkey ,il.jpg"
11045,d25bba0d-5b03-4026-af9f-f79143479fc8,21,Do (you) want to come with me?,"/Volumes/Italian 1&2 SuperBundle/1Pictures/FlashCard/with me ,prn.jpg"
10208,46b63b9f-bafd-4e83-ac74-9b8c3372f4ed,21,The exercise (I) gave you yesterday is not correct.,"/Volumes/Italian 1&2 SuperBundle/1Pictures/FlashCard/correct ,adj.jpg"
10664,30a6d6ff-67d2-4efe-bc8a-771fce7cac20,21,In the flat there is a radio on the coffee table and a TV in the kitchen.,"/Volumes/Italian 1&2 SuperBundle/1Pictures/FlashCard/radio ,la.jpg"
743,426bbf10-d454-46f5-84cb-7662e3f13dfa,1,son,"/Volumes/Italian 1&2 SuperBundle/1Pictures/FlashCard/son ,il.jpg"
10915,981de09d-7800-406a-8816-9f66ce811817,21,(I) need your help.,"/Volumes/Italian 1&2 SuperBundle/1Pictures/FlashCard/to need ,v.jpg"
10963,17b74bae-c189-41ce-ba61-b79534819ac5,21,Can (I) use your red pen?,"/Volumes/Italian 1&2 SuperBundle/1Pictures/FlashCard/to use ,v.jpg"
10749,278c7d11-a620-4f05-96d9-01aaac0920f1,21,The sport (I) prefer is volleyball.,"/Volumes/Italian 1&2 SuperBundle/1Pictures/FlashCard/sport ,il.jpg"
10752,e96e416e-b7cf-4e1f-8b97-55b4a8f1186d,21,Look how many stars there are in the sky!,"/Volumes/Italian 1&2 SuperBundle/1Pictures/FlashCard/star ,la.jpg"
10763,0efa1439-45ae-4f3a-a17b-b39ad0b9e689,21,(He) is a pretty clever student.,"/Volumes/Italian 1&2 SuperBundle/1Pictures/FlashCard/student ,il.jpg"
766,042f1aab-2860-4bf7-8704-fb6fa34e2019,1,suddenly,"/Volumes/Italian 1&2 SuperBundle/1Pictures/FlashCard/suddenly ,adv.jpg"
10792,3f39e7d9-25b8-440b-af26-90fced9ca852,21,What awful weather (it is) today!,"/Volumes/Italian 1&2 SuperBundle/1Pictures/FlashCard/what awful weather ,phr.jpg"
805,549de7c0-639e-4c5c-9aa4-1813bc794587,1,thing,"/Volumes/Italian 1&2 SuperBundle/1Pictures/FlashCard/thing ,la.jpg"
689,b156701a-de0d-4230-b832-5351e31fc1ec,1,"saucepan, pot","/Volumes/Italian 1&2 SuperBundle/1Pictures/FlashCard/saucepan ,pot ,la.jpg"
764,26187b25-9059-4f93-8ee5-4c047ba42a55,1,subject,"/Volumes/Italian 1&2 SuperBundle/1Pictures/FlashCard/subject ,il.jpg"
819,4d0a4b46-b4a3-4e92-b332-9e09a7937af4,1,"time, occasion","/Volumes/Italian 1&2 SuperBundle/1Pictures/FlashCard/time ,occasion ,la.jpg"
10827,12633644-9436-4ac7-9b87-0a9bbf192e17,21,Do (you) prefer to bathe or to shower?,"/Volumes/Italian 1&2 SuperBundle/1Pictures/FlashCard/to bathe ,v.jpg"
837,8928cf44-1bb6-4b59-9ba5-14518af61919,1,to be hungry,"/Volumes/Italian 1&2 SuperBundle/1Pictures/FlashCard/to be hungry ,v.jpg"
843,98aa5ecf-ad4b-43d3-be52-c20eb0be8297,1,to become,"/Volumes/Italian 1&2 SuperBundle/1Pictures/FlashCard/to become ,v.jpg"
10849,862ec0ae-39e2-41c0-ae44-171c831c0131,21,Don't brake too often.,"/Volumes/Italian 1&2 SuperBundle/1Pictures/FlashCard/to brake ,v.jpg"
862,17268d69-3c61-44e6-b687-38b6d9971a27,1,to cost,"/Volumes/Italian 1&2 SuperBundle/1Pictures/FlashCard/to cost ,v.jpg"
10879,bbb59a14-475a-46df-baf5-f5c0d3f2bdec,21,(I) have found an interesting advertisement for a flat.,"/Volumes/Italian 1&2 SuperBundle/1Pictures/FlashCard/to find, discover ,v.jpg"
10880,16497bf8-6d37-4aa0-ba35-705923111ffb,21,Have (you) finished swimming?,"/Volumes/Italian 1&2 SuperBundle/1Pictures/FlashCard/to finish ,v.jpg"
10883,e5875d04-6519-44b6-baff-46be2722e900,21,The policeman caught the thief and arrested him.,"/Volumes/Italian 1&2 SuperBundle/1Pictures/FlashCard/to get ,to catch ,v.jpg"
10898,0070f0e0-a04d-42f1-a6c2-e9f7e017311a,21,Let me introduce you to my friend.,"/Volumes/Italian 1&2 SuperBundle/1Pictures/FlashCard/to introduce ,v.jpg"
913,93ec052b-26cc-432f-a343-fda5128c4f84,1,to desire,"/Volumes/Italian 1&2 SuperBundle/1Pictures/FlashCard/to desire ,v.jpg"
915,44399501-626b-49bc-8753-c8d47acc707e,1,to need,"/Volumes/Italian 1&2 SuperBundle/1Pictures/FlashCard/to need ,v.jpg"
918,84503e43-e998-4358-b191-83f52dc59d6c,1,to paint,"/Volumes/Italian 1&2 SuperBundle/1Pictures/FlashCard/to paint ,v.jpg"
921,bc0df1ea-61ec-4a25-899c-c8d617bb3541,1,to phone,"/Volumes/Italian 1&2 SuperBundle/1Pictures/FlashCard/to phone ,v.jpg"
10925,3ed94c12-4de2-4937-9bd8-d1890318e1b7,21,"Don't push, there is space for everyone.","/Volumes/Italian 1&2 SuperBundle/1Pictures/FlashCard/to push ,v.jpg"
10938,808a88ce-5412-4d6f-8f76-c4d9ef8bdabb,21,Don't shout like this.,"/Volumes/Italian 1&2 SuperBundle/1Pictures/FlashCard/to shout ,v.jpg"
1026,41b6fca4-5982-4f78-bce4-4afb6305db93,1,well,"/Volumes/Italian 1&2 SuperBundle/1Pictures/FlashCard/well ,adv.jpg"
276,4890ae3f-093e-439b-9569-8955a2621d46,1,education,"/Volumes/Italian 1&2 SuperBundle/1Pictures/FlashCard/education ,l (f).jpg"
941,ebac67f2-7c53-49bf-9d7a-6f7286f3c620,1,to sit down,"/Volumes/Italian 1&2 SuperBundle/1Pictures/FlashCard/to sit down ,v.jpg"
10947,9ac79f0b-a4dd-409c-a6b6-20cfa214a9b1,21,(I) can't understand what (you)'re talking about.,"/Volumes/Italian 1&2 SuperBundle/1Pictures/FlashCard/to speak ,v.jpg"
972,e4042cbb-484c-4be6-a7cd-0060ee2b31ac,1,today,"/Volumes/Italian 1&2 SuperBundle/1Pictures/FlashCard/today ,adv.jpg"
10683,80bd515a-f5ba-4ff3-8bec-c8787ec4dffa,21,These cars are the same.,"/Volumes/Italian 1&2 SuperBundle/1Pictures/FlashCard/same (equal) ,adj.jpg"
10978,3208dc61-dccf-46f0-8db5-74f025df4375,21,Buy tomato(es) to prepare the sauce.,"/Volumes/Italian 1&2 SuperBundle/1Pictures/FlashCard/tomato ,il.jpg"
985,8d766f0a-65c0-4d6c-8ae1-16d7a1bdf0da,1,traffic jam,"/Volumes/Italian 1&2 SuperBundle/1Pictures/FlashCard/traffic jam ,l (m).jpg"
1017,438ff56f-f373-4019-8dc4-d26564737311,1,water,"/Volumes/Italian 1&2 SuperBundle/1Pictures/FlashCard/water ,l (f).jpg"
1019,8364dd9a-0b63-49e3-8534-05bf11e61142,1,"wave (sea, radio)","/Volumes/Italian 1&2 SuperBundle/1Pictures/FlashCard/wave (sea) ,l (f).jpg"
1020,82056e69-d139-482b-96c6-07069eda2594,1,"we, us","/Volumes/Italian 1&2 SuperBundle/1Pictures/FlashCard/we ,prn.jpg"
1275,a6935af1-fcbf-44a6-81b9-775e0afa9a50,1,mirror,/Volumes/Italian 1&2 SuperBundle/1Pictures/FlashCard/ZE10104.jpg
11000,dad60e46-e9b5-4084-9f78-b2f48b87ba5b,21,(I) have forgotten the umbrella.,"/Volumes/Italian 1&2 SuperBundle/1Pictures/FlashCard/umbrella ,l (m).jpg"
1277,81f87a70-052f-4e83-b097-1cd919e2c512,1,an international passenger,/Volumes/Italian 1&2 SuperBundle/1Pictures/FlashCard/ZE10106.JPG
1278,a824ac47-cd4a-4417-948b-52c6e12acbfb,1,a suitcase,/Volumes/Italian 1&2 SuperBundle/1Pictures/FlashCard/ZE10107.jpg
2091,1e113edd-5a62-4f97-bd07-32ee87d84a18,1,"You (formal, plural) (you all)",/Volumes/Italian 1&2 SuperBundle/1Pictures/FlashCard/ZE10176.jpg
3493,3a4e5e9e-bfb5-4581-b3ce-07f5336ee7da,1,glass of wine,/Volumes/Italian 1&2 SuperBundle/1Pictures/FlashCard/ZE10111.jpg
10948,18de26f1-458a-4948-93eb-00677a10238b,21,How much money have (you) spent?,"/Volumes/Italian 1&2 SuperBundle/1Pictures/FlashCard/to spend (money) ,v.jpg"
10018,1f9e814f-d9c5-4ae7-bde1-b663f4392a90,21,Yesterday (I) went to the airport to book a flight.,"/Volumes/Italian 1&2 SuperBundle/1Pictures/FlashCard/airport ,l (m).jpg"
790,8d7c66c5-503d-4ba1-a1b9-2fb41c4dc95d,1,the four seasons,"/Volumes/Italian 1&2 SuperBundle/1Pictures/FlashCard/the four seasons ,npl.jpg"
68,94707649-03bc-4b1e-83e7-bdd204c8bd2e,1,bakery,"/Volumes/Italian 1&2 SuperBundle/1Pictures/FlashCard/bakery ,il.jpg"
119,f1a7f1ef-da07-42bb-9063-3196fc9cafcc,1,bottle,"/Volumes/Italian 1&2 SuperBundle/1Pictures/FlashCard/bottle ,la.jpg"
738,f65c488f-effa-45a4-acc9-7818b76f5ebf,1,"some (any, a few)","/Volumes/Italian 1&2 SuperBundle/1Pictures/FlashCard/some (any) ,adj.jpg"
10650,c822320e-06a6-43f5-90b0-bdb42767d528,21,"My favourite salami is Negronetto, it is small and tasty.","/Volumes/Italian 1&2 SuperBundle/1Pictures/FlashCard/salami ,x.jpg"
5338,e390747d-1eb4-42a7-bca3-0d0529e6f50f,1,Nuclear Words,/Volumes/Italian 1&2 SuperBundle/1Pictures/FlashCard/ZE10014.jpg
5353,a21a9e57-1c06-481d-b6c3-8487562fddc7,1,taxi,/Volumes/Italian 1&2 SuperBundle/1Pictures/FlashCard/ZE10017.JPG
10098,68c74ad6-0d65-4440-86fa-96ccf60ccfa0,21,The better way to reach the centre is to take the tube.,"/Volumes/Italian 1&2 SuperBundle/1Pictures/FlashCard/better (mi) ,adj.jpg"
229,40982aad-2a5d-4d1e-9853-42426436e70e,1,date of birth,"/Volumes/Italian 1&2 SuperBundle/1Pictures/FlashCard/date of birth ,la.jpg"
933,5a5f3a08-5f15-4126-9c60-ef7f4243d8da,1,"to say, to tell","/Volumes/Italian 1&2 SuperBundle/1Pictures/FlashCard/to say ,to tell ,v.jpg"
20,2ae7d41f-337e-4c23-85b3-077aecadb328,1,alcohol,"/Volumes/Italian 1&2 SuperBundle/1Pictures/FlashCard/alcohol ,l (m).jpg"
616,617f3e13-195c-4f25-a54e-786cd18ec3ad,1,"pavement, sidewalk, platform","/Volumes/Italian 1&2 SuperBundle/1Pictures/FlashCard/pavement ,sidewalk ,il.jpg"
25,f2f2eecf-fd3b-4235-9827-a3043d66fe26,1,already,"/Volumes/Italian 1&2 SuperBundle/1Pictures/FlashCard/already ,adv.jpg"
82,c7290bad-0c60-4ca1-a042-4847565c0208,1,beauty,"/Volumes/Italian 1&2 SuperBundle/1Pictures/FlashCard/beauty ,la.jpg"
10590,7024b008-df6b-4d17-8690-57a305eb6b6b,21,Let's go to the cinema. - OK!,"/Volumes/Italian 1&2 SuperBundle/1Pictures/FlashCard/OK ,exc.jpg"
5426,6fba4de9-ee87-4efc-9ed9-42db0e7faa93,1,to register,/Volumes/Italian 1&2 SuperBundle/1Pictures/FlashCard/ZE10081.JPG
105,0499a069-1d4f-4ab1-b524-e479ae1935ee,1,birthday,"/Volumes/Italian 1&2 SuperBundle/1Pictures/FlashCard/birthday ,il.jpg"
1056,56bf6d30-6584-4acd-9f89-b20b6225dce5,1,"you (formal, singular)","/Volumes/Italian 1&2 SuperBundle/1Pictures/FlashCard/you (formal) ,prn.jpg"
5716,0f872170-9f94-4305-9bbe-473b33db1b03,1,it was (perfect past) (e ... ),/Volumes/Italian 1&2 SuperBundle/1Pictures/FlashCard/ZE13310.JPG
5735,5237d349-8f74-460b-91c9-0c80d4e88368,1,Can you give me? (formal),/Volumes/Italian 1&2 SuperBundle/1Pictures/FlashCard/ze13460.jpg
99,ddbab378-2f29-4ec2-98f6-b7fe18cb7d8e,1,better (me...),"/Volumes/Italian 1&2 SuperBundle/1Pictures/FlashCard/better (me) ,adv.jpg"
252,161b1560-d065-4622-9240-b3c953f913fe,1,divorce,"/Volumes/Italian 1&2 SuperBundle/1Pictures/FlashCard/divorce ,il.jpg"
125,6b8ad167-19dc-448d-995e-ad592c857590,1,bring me! (informal),"/Volumes/Italian 1&2 SuperBundle/1Pictures/FlashCard/bring me ,exc.jpg"
208,d6bfbd45-f115-4f70-9eb6-e2e899c58542,1,correct,"/Volumes/Italian 1&2 SuperBundle/1Pictures/FlashCard/correct ,adj.jpg"
10869,241d1cc0-2729-43bb-a8fb-fd382e25dc34,21,Can (you) (do you know how to) paint or draw?,"/Volumes/Italian 1&2 SuperBundle/1Pictures/FlashCard/to draw ,v.jpg"
244,ea70a6ce-6aac-4abd-b963-34ecdf008069,1,dirty,"/Volumes/Italian 1&2 SuperBundle/1Pictures/FlashCard/dirty ,adj.jpg"
176,8182ed9b-c0c0-4bd4-88c1-273b2e91d0ce,1,childhood,"/Volumes/Italian 1&2 SuperBundle/1Pictures/FlashCard/childhood ,l (f).jpg"
404,64739cf4-238c-46cf-a684-041044a91366,1,ham,"/Volumes/Italian 1&2 SuperBundle/1Pictures/FlashCard/ham ,il.jpg"
5741,114cd4a2-df74-4f75-bcbc-81ea328cfe52,1,"it doesn't matter, not important",/Volumes/Italian 1&2 SuperBundle/1Pictures/FlashCard/ze10034.jpg
15744,7a77b335-f344-43a9-9b50-be25798a424a,21,Have (you) received my letter? (form.sing),/Volumes/Italian 1&2 SuperBundle/1Pictures/FlashCard/ZE10163.jpg
6140,933a7ac0-f00d-42b8-879b-e3fdb03ae304,1,(it) is,/Volumes/Italian 1&2 SuperBundle/1Pictures/FlashCard/ze10159.JPG
297,4e7e672e-42ae-43d4-88e8-7bebe6d6836a,1,"even, included","/Volumes/Italian 1&2 SuperBundle/1Pictures/FlashCard/even ,included ,adj.jpg"
288,65659634-fc48-4645-9eb8-f258d6ffa74e,1,"embrace, hug","/Volumes/Italian 1&2 SuperBundle/1Pictures/FlashCard/embrace ,hug ,l (m).jpg"
592,d5a4089a-facc-4a17-9d76-dbc5477e13ba,1,olive,"/Volumes/Italian 1&2 SuperBundle/1Pictures/FlashCard/olive ,l (f).jpg"
635,5808d125-22cb-4bee-bb5a-a0dfdc7d6240,1,pineapple,"/Volumes/Italian 1&2 SuperBundle/1Pictures/FlashCard/pineapple ,l (m).jpg"
57,86a74313-0e04-4994-87d0-eb9bdf07d249,1,attention,"/Volumes/Italian 1&2 SuperBundle/1Pictures/FlashCard/attention ,l (f).jpg"
259,c97ac5ec-081c-40c4-bc9e-f9a145e1e9db,1,door,"/Volumes/Italian 1&2 SuperBundle/1Pictures/FlashCard/door ,la.jpg"
839,cdb0029f-5675-458a-a9a8-8ae8d2385718,1,to be lucky,"/Volumes/Italian 1&2 SuperBundle/1Pictures/FlashCard/to be lucky ,v.jpg"
453,4ef71bba-3ccc-4e19-ba63-90111c4a4e50,1,ice cream,"/Volumes/Italian 1&2 SuperBundle/1Pictures/FlashCard/ice cream ,il.jpg"
691,9ce36332-5dbe-431e-bbe0-0b61b987eb4c,1,"scissors, nail scissors","/Volumes/Italian 1&2 SuperBundle/1Pictures/FlashCard/scissors, nail scissors ,npl.jpg"
10635,4aaf3f73-8fab-485e-92b1-928c34e09202,21,"(I) love pineapple, banana, avocado and strawberry yoghurts very much.","/Volumes/Italian 1&2 SuperBundle/1Pictures/FlashCard/pineapple ,l (m).jpg"
429,7a2252d5-108f-4e64-878e-083955370902,1,horrible,"/Volumes/Italian 1&2 SuperBundle/1Pictures/FlashCard/horrible ,adj.jpg"
485,159157e5-aab7-4151-b74c-c5f1956ab735,1,"kind, pleasant","/Volumes/Italian 1&2 SuperBundle/1Pictures/FlashCard/kind ,pleasant ,adj.jpg"
546,5ba195b6-9dc7-476f-9445-68becbd0368b,1,mouse,"/Volumes/Italian 1&2 SuperBundle/1Pictures/FlashCard/mouse ,il.jpg"
584,4d7b0044-8892-4f51-b8ee-b1096db48523,1,"now, right now","/Volumes/Italian 1&2 SuperBundle/1Pictures/FlashCard/now ,adv.jpg"
922,4160f71c-4467-4261-92a3-2903a5f67ed1,1,to play,"/Volumes/Italian 1&2 SuperBundle/1Pictures/FlashCard/to play ,v.jpg"
10508,42b52389-94dc-4bea-82cd-ec06c1c426d1,21,My lips are chapped.,"/Volumes/Italian 1&2 SuperBundle/1Pictures/FlashCard/lip ,il.jpg"
793,f4ea7244-002e-42fb-bb9b-9453ab617cc9,1,it is very cold today…,"/Volumes/Italian 1&2 SuperBundle/1Pictures/FlashCard/it is very cold today ,phr.jpg"
709,48124ba9-25f1-4d07-aac3-0b7bfe3a5a1e,1,shelf,"/Volumes/Italian 1&2 SuperBundle/1Pictures/FlashCard/shelf ,il.jpg"
848,0e419d03-6b56-45c8-ae21-13f1b04b25b2,1,to blow,"/Volumes/Italian 1&2 SuperBundle/1Pictures/FlashCard/to blow ,v.jpg"
742,0add552b-dcb7-48c3-8653-b1eef7b0960d,1,sometimes,"/Volumes/Italian 1&2 SuperBundle/1Pictures/FlashCard/sometimes ,adv.jpg"
683,3fa80c80-1db5-4953-aaa3-01683843d7a3,1,"same, equal, even","/Volumes/Italian 1&2 SuperBundle/1Pictures/FlashCard/same (equal) ,adj.jpg"
965,d425b6af-a67f-419d-9c75-238b82e51100,1,to hope,"/Volumes/Italian 1&2 SuperBundle/1Pictures/FlashCard/to hope ,v.jpg"
995,39e99beb-c9ab-440c-b431-86513e921b90,1,TV,"/Volumes/Italian 1&2 SuperBundle/1Pictures/FlashCard/TV ,la.jpg"
1035,b3b17732-5a1a-41ea-937f-1920101678f4,1,who?,"/Volumes/Italian 1&2 SuperBundle/1Pictures/FlashCard/who ,q.jpg"
29,4e9a0212-4e2e-4ca6-a7d9-b0e21763ddb8,1,always,"/Volumes/Italian 1&2 SuperBundle/1Pictures/FlashCard/always ,adv.jpg"
226,acc0c3b5-07c1-44fb-8e26-88d483d5b7d1,1,"dark (lacking light, obscure)","/Volumes/Italian 1&2 SuperBundle/1Pictures/FlashCard/dark (obscure) ,adj.jpg"
508,982c08c4-ba31-435d-b798-a1717dc5ea2a,1,lip,"/Volumes/Italian 1&2 SuperBundle/1Pictures/FlashCard/lip ,il.jpg"
949,1f33498f-fb4d-497c-b3d9-3ede1185410f,1,"to spend (time), to happen","/Volumes/Italian 1&2 SuperBundle/1Pictures/FlashCard/to spend (time) ,to happen ,v.jpg"
15,aa9a2de7-6edc-4d97-a046-2a3693915136,1,air,"/Volumes/Italian 1&2 SuperBundle/1Pictures/FlashCard/air ,l (f).jpg"
164,220a7b50-cb22-4648-887e-a88b3b2fc969,1,change (money),"/Volumes/Italian 1&2 SuperBundle/1Pictures/FlashCard/change (money) ,il.jpg"
498,525e7017-29c3-408d-a9c0-b7779f290e0c,1,lemon,"/Volumes/Italian 1&2 SuperBundle/1Pictures/FlashCard/lemon ,il.jpg"
64,e93ca620-c72c-4d3b-bca4-48477515dc4f,1,"baby, child (male)","/Volumes/Italian 1&2 SuperBundle/1Pictures/FlashCard/baby (male) ,il.jpg"
178,17b01bdd-5c92-45dd-a54f-d25865682912,1,chocolate,"/Volumes/Italian 1&2 SuperBundle/1Pictures/FlashCard/chocolate ,il.jpg"
736,906e07f4-ec8a-4be4-81c8-833b6636c8d4,1,sock,"/Volumes/Italian 1&2 SuperBundle/1Pictures/FlashCard/socks ,npl.jpg"
10631,7c3540c5-f5df-409f-9956-78a1a5df718d,21,You have to add some whipped cream and some cream to the pie.,"/Volumes/Italian 1&2 SuperBundle/1Pictures/FlashCard/pie ,la.jpg"
32,58778391-9556-41db-8231-908e681afad5,1,and,"/Volumes/Italian 1&2 SuperBundle/1Pictures/FlashCard/and ,conj.jpg"
10684,ceff5c0f-ebe0-487a-8ff6-819172228ba7,21,(We) attend the same school.,"/Volumes/Italian 1&2 SuperBundle/1Pictures/FlashCard/same (self) ,adj.jpg"
137,bf11dd58-4452-427e-a8d1-234473851d7e,1,busy,"/Volumes/Italian 1&2 SuperBundle/1Pictures/FlashCard/busy ,adj.jpg"
10729,296acef2-17e4-4c9b-baf8-da867be719ac,21,The driver of this bus is as slow as a snail.,"/Volumes/Italian 1&2 SuperBundle/1Pictures/FlashCard/slow ,adj.jpg"
652,4657e5f9-797e-4625-b5c2-627964556eef,1,"post office, mail","/Volumes/Italian 1&2 SuperBundle/1Pictures/FlashCard/post office ,mail ,l (m).jpg"
293,33620065-0193-43e4-8afb-f2ee16460065,1,enough,"/Volumes/Italian 1&2 SuperBundle/1Pictures/FlashCard/enough ,adj.jpg"
374,352d7b51-b5ab-4265-b2da-553f7a8beb65,1,furniture,"/Volumes/Italian 1&2 SuperBundle/1Pictures/FlashCard/furniture ,npl.jpg"
792,5726f4c0-e961-4a62-ad06-b56fd08ed79b,1,what awful weather!,"/Volumes/Italian 1&2 SuperBundle/1Pictures/FlashCard/what awful weather ,phr.jpg"
10025,f6fd83bf-1b61-4ead-97ed-87af11712979,21,The weekend has already arrived.,"/Volumes/Italian 1&2 SuperBundle/1Pictures/FlashCard/already ,adv.jpg"
644,92661d55-7026-4212-b714-7e74da81c008,1,pleased to meet you! (informal),"/Volumes/Italian 1&2 SuperBundle/1Pictures/FlashCard/pleased to meet you ,exc.jpg"
10825,d5fca0ed-664c-4e12-9088-78e7e7fec049,21,Can (I) ask you one thing? (inf.sing),"/Volumes/Italian 1&2 SuperBundle/1Pictures/FlashCard/to ask (question) ,v.jpg"
938,b3bf1017-3964-4a36-8f0c-307eee596eb0,1,to shout,"/Volumes/Italian 1&2 SuperBundle/1Pictures/FlashCard/to shout ,v.jpg"
603,2a1588b1-20cc-41a4-86a1-9f71b4137882,1,our (single masculine item),"/Volumes/Italian 1&2 SuperBundle/1Pictures/FlashCard/our ,prn.jpg"
568,a50e05ef-47f4-4aa7-bdd7-0329bb5acf23,1,"next to, beside","/Volumes/Italian 1&2 SuperBundle/1Pictures/FlashCard/next to ,prep.jpg"
420,c854c371-65ee-4f01-a967-045d5c46dc2a,1,help! (emergency),"/Volumes/Italian 1&2 SuperBundle/1Pictures/FlashCard/help (emergency) ,exc.jpg"
762,a920ca2c-600a-437a-a49e-ae52bb2c83fd,1,strong,"/Volumes/Italian 1&2 SuperBundle/1Pictures/FlashCard/strong ,adj.jpg"
863,d4df9f44-0c39-4f5f-98ca-e2aa0824e7e1,1,to cross,"/Volumes/Italian 1&2 SuperBundle/1Pictures/FlashCard/to cross ,v.jpg"
441,84c9fd68-b4ee-4d64-b71d-6be9203b039e,1,how often?,"/Volumes/Italian 1&2 SuperBundle/1Pictures/FlashCard/how often ,q.jpg"
613,751b42bf-455e-46fa-96d8-ae952df062d4,1,passenger,"/Volumes/Italian 1&2 SuperBundle/1Pictures/FlashCard/passenger ,il.jpg"
630,93408601-e1ab-4914-83d0-a9c7d9a4ac1a,1,picture,"/Volumes/Italian 1&2 SuperBundle/1Pictures/FlashCard/picture ,il.jpg"
10114,15f2534a-d78e-4e14-ab5b-5b63a4b4c0a5,21,(I) wear a sweater and skirt with boots for the party.,"/Volumes/Italian 1&2 SuperBundle/1Pictures/FlashCard/boot ,lo.jpg"
794,0544cdf7-7c9d-4640-a247-bbce2fd89993,1,it's hot,"/Volumes/Italian 1&2 SuperBundle/1Pictures/FlashCard/its hot ,phr.jpg"
21,c04959c5-85a3-4948-a3e2-b1c48f3d1684,1,"all, everything, whole","/Volumes/Italian 1&2 SuperBundle/1Pictures/FlashCard/all ,everything ,adj.jpg"
309,40c114d0-de42-4565-9cfb-47976a270040,1,"expensive, dear","/Volumes/Italian 1&2 SuperBundle/1Pictures/FlashCard/expensive ,dear ,adj.jpg"
10679,eb65c74a-58d1-47e9-9520-eb344c44e4a5,21,"Can (you) take out the garbage, please?","/Volumes/Italian 1&2 SuperBundle/1Pictures/FlashCard/rubbish, garbage ,npl.jpg"
5298,4abcf4d6-c763-49d0-8216-51438b488d7d,1,welcome!,/Volumes/Italian 1&2 SuperBundle/1Pictures/FlashCard/ZE10050.jpg
648,638a125f-c054-4c3b-8320-e460210e79c9,1,policeman,"/Volumes/Italian 1&2 SuperBundle/1Pictures/FlashCard/policeman ,policewoman ,il.jpg"
898,d20ce219-0e50-4e47-b161-dc560cc3b2a0,1,to introduce,"/Volumes/Italian 1&2 SuperBundle/1Pictures/FlashCard/to introduce ,v.jpg"
202,e8c19bc6-5c55-4f25-8e80-246a583526de,1,comfortable,"/Volumes/Italian 1&2 SuperBundle/1Pictures/FlashCard/comfortable ,adj.jpg"
127,e107f283-992c-4d6a-b107-b3129d75f014,1,broken,"/Volumes/Italian 1&2 SuperBundle/1Pictures/FlashCard/broken ,adj.jpg"
134,897bb9a4-c9d1-4904-979f-91fe90f87125,1,bus,"/Volumes/Italian 1&2 SuperBundle/1Pictures/FlashCard/bus ,l (m).jpg"
161,5e002f69-aa5b-409b-8d26-9299115e91e0,1,certain (confident),"/Volumes/Italian 1&2 SuperBundle/1Pictures/FlashCard/certain ,adj.jpg"
186,f72fce2b-5fd9-4e85-ab82-9f55136785ee,1,"clear, light (colour)","/Volumes/Italian 1&2 SuperBundle/1Pictures/FlashCard/clear ,light (colour) ,adj.jpg"
5301,fa38c1c5-12f6-445d-a145-17e3e8fcffd7,1,good afternoon!,/Volumes/Italian 1&2 SuperBundle/1Pictures/FlashCard/ze10011.jpg
204,1159912a-09eb-40c5-b259-192bf5971b9d,1,cool,"/Volumes/Italian 1&2 SuperBundle/1Pictures/FlashCard/cool ,adj.jpg"
407,cafee69b-a3de-4e5e-9b24-26e9df6aabff,1,"handsome, pretty, beautiful","/Volumes/Italian 1&2 SuperBundle/1Pictures/FlashCard/handsome ,pretty ,adj.jpg"
422,4759467a-d421-49f3-9260-c886138bdf43,1,here,"/Volumes/Italian 1&2 SuperBundle/1Pictures/FlashCard/here ,adv.jpg"
598,70abc167-7284-4ccb-9157-065a5fc45286,1,opposite (location),"/Volumes/Italian 1&2 SuperBundle/1Pictures/FlashCard/opposite (location) ,prep.jpg"
607,c167a265-6ea6-4b02-b0b5-208e8df0bf21,1,own,"/Volumes/Italian 1&2 SuperBundle/1Pictures/FlashCard/own ,adj.jpg"
248,84478a6d-5c3f-494f-9c3d-66f164918727,1,discount,"/Volumes/Italian 1&2 SuperBundle/1Pictures/FlashCard/discount ,il.jpg"
379,3b0c8030-b9a5-46d5-a8e2-ba1c1461bf5a,1,gas,"/Volumes/Italian 1&2 SuperBundle/1Pictures/FlashCard/gas ,n.jpg"
591,bf078fff-2b28-4b98-a9fd-9196322cdff2,1,old,"/Volumes/Italian 1&2 SuperBundle/1Pictures/FlashCard/old ,adj.jpg"
625,0194bfcb-2865-43d8-9b2c-d722415bfcb8,1,perhaps,"/Volumes/Italian 1&2 SuperBundle/1Pictures/FlashCard/perhaps ,conj.jpg"
486,cc11b648-6db3-4d32-b443-32eeaf17e4be,1,kiss,"/Volumes/Italian 1&2 SuperBundle/1Pictures/FlashCard/kiss ,il.jpg"
821,f605d3c3-f161-46b7-bf0b-bd3c39280ac4,1,tired,"/Volumes/Italian 1&2 SuperBundle/1Pictures/FlashCard/tired ,adj.jpg"
841,b43b8e7f-7137-4b78-926d-8f79ed6fa01d,1,to be sleepy,"/Volumes/Italian 1&2 SuperBundle/1Pictures/FlashCard/to be sleepy ,v.jpg"
10686,c6251169-7088-4d0c-96fa-c7520b64005c,21,Pizza is my favourite food.,"/Volumes/Italian 1&2 SuperBundle/1Pictures/FlashCard/pizza ,la.jpg"
278,6238d8e6-1482-441d-8c8a-a312912676cf,1,egg,"/Volumes/Italian 1&2 SuperBundle/1Pictures/FlashCard/egg ,l (m).jpg"
845,5448cfc3-6c81-4d56-a0ba-5b0f28130f3e,1,to believe,"/Volumes/Italian 1&2 SuperBundle/1Pictures/FlashCard/to believe ,v.jpg"
519,31523eab-6c1f-478e-b3fe-593bdfeb9c87,1,many thanks! thank you very much!,"/Volumes/Italian 1&2 SuperBundle/1Pictures/FlashCard/many thanks ,thank you very much ,exc.jpg"
901,e24867dc-d7e0-4965-a450-fbd9f8dca568,1,"to know (person, place)","/Volumes/Italian 1&2 SuperBundle/1Pictures/FlashCard/to know ( person  , place) ,v.jpg"
363,6a4256cd-edbc-4433-9fe5-0a9f1b8d2b85,1,friend (m),"/Volumes/Italian 1&2 SuperBundle/1Pictures/FlashCard/friend ,l (m).jpg"
411,9b55705c-e021-439a-b796-d44a59528bad,1,haste,"/Volumes/Italian 1&2 SuperBundle/1Pictures/FlashCard/haste ,la.jpg"
423,f8eb696c-7596-494f-a446-736533034958,1,here you are!,"/Volumes/Italian 1&2 SuperBundle/1Pictures/FlashCard/here you are ,phr.jpg"
929,cb75a62a-3710-4cf2-a241-2d924458913e,1,to read,"/Volumes/Italian 1&2 SuperBundle/1Pictures/FlashCard/to read ,v.jpg"
945,88f2cc20-2bae-4a09-a88b-5501078ec3d8,1,to smoke,"/Volumes/Italian 1&2 SuperBundle/1Pictures/FlashCard/to smoke ,v.jpg"
550,381bea70-fa9e-452d-8378-ce108898030f,1,mum,"/Volumes/Italian 1&2 SuperBundle/1Pictures/FlashCard/mum ,la.jpg"
639,1d20f7ad-726b-4d0a-ac21-951dd68bd97a,1,plant,"/Volumes/Italian 1&2 SuperBundle/1Pictures/FlashCard/plant ,la.jpg"
864,89fc63ac-5350-488e-9c3b-55d665ce4b0a,1,to cry (tears),"/Volumes/Italian 1&2 SuperBundle/1Pictures/FlashCard/to cry (tears) ,v.jpg"
852,636fa3ef-4ee7-489c-a050-5e9946277518,1,"to brush (hair, shoes, but not teeth [lavarsi])","/Volumes/Italian 1&2 SuperBundle/1Pictures/FlashCard/to brush (hair ,shoes but not teeth (lavarsi) ,v.jpg"
559,79dc91f7-335f-4810-aff1-cc38703c72b5,1,necessary,"/Volumes/Italian 1&2 SuperBundle/1Pictures/FlashCard/necessary ,adj.jpg"
937,26a7ee4c-c5fd-48bc-befd-264c1024813c,1,to (have a) shave,"/Volumes/Italian 1&2 SuperBundle/1Pictures/FlashCard/to shave ,v.jpg"
935,ef688adb-0354-4195-af4e-248634c72bab,1,to send,"/Volumes/Italian 1&2 SuperBundle/1Pictures/FlashCard/to send ,v.jpg"
962,d9ec77d1-62f3-4467-903b-0bd3c87f841a,1,to understand,"/Volumes/Italian 1&2 SuperBundle/1Pictures/FlashCard/to understand ,v.jpg"
666,aaba4f7f-bfe7-42f1-8dab-3b40979ab1af,1,rain,"/Volumes/Italian 1&2 SuperBundle/1Pictures/FlashCard/rain ,la.jpg"
713,9a05fb17-6e67-4dc9-8332-fd58722917a6,1,shopping (groceries),"/Volumes/Italian 1&2 SuperBundle/1Pictures/FlashCard/shopping ,la.jpg"
876,c2bd07c9-d5b5-4df5-85ef-cc04c008278c,1,to fall in love,"/Volumes/Italian 1&2 SuperBundle/1Pictures/FlashCard/to fall in love ,v.jpg"
983,755ee315-a446-4aa2-98b2-fc90d648fa91,1,towards,"/Volumes/Italian 1&2 SuperBundle/1Pictures/FlashCard/towards ,prep.jpg"
1007,08a20636-de06-4653-8f8a-664967f8807a,1,usually,"/Volumes/Italian 1&2 SuperBundle/1Pictures/FlashCard/usually ,adv.jpg"
37,231121ae-61da-4e72-ad1b-b4cf8097afce,1,apple,"/Volumes/Italian 1&2 SuperBundle/1Pictures/FlashCard/apple ,la.jpg"
954,0c616270-a7f4-475c-8b32-0126b155441f,1,"to switch off or turn off, to put out (fire)","/Volumes/Italian 1&2 SuperBundle/1Pictures/FlashCard/to switch off or turn off ,to put out (fire) ,v.jpg"
1029,eccc4a97-40e8-4215-8865-ee19f4107bf8,1,what?,"/Volumes/Italian 1&2 SuperBundle/1Pictures/FlashCard/what ,q.jpg"
182,8b546ed8-0b98-43a7-b347-c18701735533,1,cinema,"/Volumes/Italian 1&2 SuperBundle/1Pictures/FlashCard/cinema ,il.jpg"
246,74500241-d812-4975-b3b6-c68ee963c681,1,discipline,"/Volumes/Italian 1&2 SuperBundle/1Pictures/FlashCard/discipline ,la.jpg"
40,a69bfd37-49aa-4bc3-bf91-ba7aa2c168e1,1,around,"/Volumes/Italian 1&2 SuperBundle/1Pictures/FlashCard/around ,prep.jpg"
344,be0a1ea5-d156-473c-860d-2b37da9b1937,1,fly,"/Volumes/Italian 1&2 SuperBundle/1Pictures/FlashCard/fly ,la.jpg"
448,ef368677-0a8f-454f-a87c-08ed1ef1dac8,1,hunger,"/Volumes/Italian 1&2 SuperBundle/1Pictures/FlashCard/hunger ,la.jpg"
458,81975cdc-e490-47cf-b3fe-1c67cb45e957,1,illness,"/Volumes/Italian 1&2 SuperBundle/1Pictures/FlashCard/illness ,la.jpg"
612,e6063b84-3be1-4ce8-994a-1fc4d56dd273,1,"part, area","/Volumes/Italian 1&2 SuperBundle/1Pictures/FlashCard/part ,area ,la.jpg"
1030,3f6c317f-b81f-40d9-afa7-ac8c54d99f7e,1,when?,"/Volumes/Italian 1&2 SuperBundle/1Pictures/FlashCard/when ,q.jpg"
618,3dcc64ac-9594-4869-96b7-5d360b3e5afb,1,peach,"/Volumes/Italian 1&2 SuperBundle/1Pictures/FlashCard/peach ,la.jpg"
305,a923d0f5-19c7-43c7-a84d-91f64990be1e,1,excited,"/Volumes/Italian 1&2 SuperBundle/1Pictures/FlashCard/excited ,adj.jpg"
170,08b6140a-36a6-4c1b-ba26-fc5d853479a0,1,"chemist, drug store","/Volumes/Italian 1&2 SuperBundle/1Pictures/FlashCard/chemist ,drug store ,la.jpg"
682,2a67f93d-4af0-48f7-8895-e8357b09dcb7,1,salt,"/Volumes/Italian 1&2 SuperBundle/1Pictures/FlashCard/salt ,il.jpg"
473,5a0b6223-fe40-42ba-9394-c9014f50130b,1,jacket,"/Volumes/Italian 1&2 SuperBundle/1Pictures/FlashCard/jacket ,la.jpg"
514,30193f5c-e41f-42ef-bad8-e429d0aae226,1,luck,"/Volumes/Italian 1&2 SuperBundle/1Pictures/FlashCard/luck ,la.jpg"
704,863fc441-8525-4313-ad8c-17c08b83fa2d,1,"shape, figure","/Volumes/Italian 1&2 SuperBundle/1Pictures/FlashCard/shape ,figure ,la.jpg"
634,092ad0bc-72f5-4a5b-82a0-747a324b86c7,1,pillow case,"/Volumes/Italian 1&2 SuperBundle/1Pictures/FlashCard/pillow case ,la.jpg"
395,4aadcfec-1bc9-48bb-a835-7502f202bc9a,1,grandmother,"/Volumes/Italian 1&2 SuperBundle/1Pictures/FlashCard/grandmother ,la.jpg"
476,63a58436-480d-4490-8928-9ff243ef4306,1,jersey,"/Volumes/Italian 1&2 SuperBundle/1Pictures/FlashCard/jersey ,la.jpg"
763,4567bcc2-d81d-44b5-95eb-1359fa9a75f2,1,student (m),"/Volumes/Italian 1&2 SuperBundle/1Pictures/FlashCard/student ,il.jpg"
745,a99fd12d-4e14-4610-8c3a-3dbc3cf84c9d,1,soup,"/Volumes/Italian 1&2 SuperBundle/1Pictures/FlashCard/soup ,la.jpg"
1014,41948472-9e23-47cc-b536-3a35e162cc06,1,wardrobe,"/Volumes/Italian 1&2 SuperBundle/1Pictures/FlashCard/wardrobe ,il.jpg"
1040,971210b3-e62e-46c1-9890-b16012f66036,1,wind,"/Volumes/Italian 1&2 SuperBundle/1Pictures/FlashCard/wind ,il.jpg"
117,5ef6e0d2-bb5c-4b51-876a-54d4afeb9739,1,both (tu ...),"/Volumes/Italian 1&2 SuperBundle/1Pictures/FlashCard/both (tu ) ,adj prn.jpg"
708,cc2c60ee-3394-4e5c-a6c6-e63247ab24d4,1,sheet (bed),"/Volumes/Italian 1&2 SuperBundle/1Pictures/FlashCard/sheet ,il.jpg"
1048,7496bb18-9a3d-4442-9e3f-de895be9aace,1,"woods, forest","/Volumes/Italian 1&2 SuperBundle/1Pictures/FlashCard/woods ,forest ,il.jpg"
367,1c64cd92-0beb-4711-bb71-09894db4cfa4,1,front,"/Volumes/Italian 1&2 SuperBundle/1Pictures/FlashCard/front, previous ,n.jpg"
10844,d182485e-1fd3-4422-8604-7fc263c394d0,21,Another day has begun.,"/Volumes/Italian 1&2 SuperBundle/1Pictures/FlashCard/to begin ,v.jpg"
223,0c6ce19f-e688-457c-b493-8f8ba4c18d35,1,dad,"/Volumes/Italian 1&2 SuperBundle/1Pictures/FlashCard/dad ,il.jpg"
308,fed0bb2e-e3a5-432c-adbc-94ffe6615e64,1,expensive (costly),"/Volumes/Italian 1&2 SuperBundle/1Pictures/FlashCard/expensive (costly) ,adj.jpg"
10177,ba79048e-10b0-462b-acce-661c14e5d8dc,21,When (I) go to McDonald's (I) always eat chips.,"/Volumes/Italian 1&2 SuperBundle/1Pictures/FlashCard/chips ,le (fpl).jpg"
5452,090be74e-1293-4677-a220-b2ba9ace8072,1,which?,/Volumes/Italian 1&2 SuperBundle/1Pictures/FlashCard/ZE10024.JPG
5583,9e334381-ab77-4b57-90c2-b82dea45f978,1,"here, there (referring to location)",/Volumes/Italian 1&2 SuperBundle/1Pictures/FlashCard/ze10025.jpg
16,42d2b720-4c04-4650-9d55-a33fbb61dd2e,1,air hostess,"/Volumes/Italian 1&2 SuperBundle/1Pictures/FlashCard/air hostess ,la L.jpg"
42,a2dd67c8-e4a0-4a7e-aad0-5b3b2d90e5e8,1,as,"/Volumes/Italian 1&2 SuperBundle/1Pictures/FlashCard/as ,conj.jpg"
5743,790e3c68-8222-445a-9e5a-30275ef67dc9,1,Excuse me!,/Volumes/Italian 1&2 SuperBundle/1Pictures/FlashCard/ze10036.jpg
10056,ef2e7a98-8f70-46ec-8554-25e979ea343f,21,The table is under (underneath) the lamp.,"/Volumes/Italian 1&2 SuperBundle/1Pictures/FlashCard/under ,prep.jpg"
5609,428b57a3-8686-4cd6-824f-5cb4e0ef7764,1,"I would like, it would please me",/Volumes/Italian 1&2 SuperBundle/1Pictures/FlashCard/ZE10202.JPG
10090,c74b97a8-db8f-4dc9-b765-55fc9884e03b,21,The drink (I) like most is beer.,"/Volumes/Italian 1&2 SuperBundle/1Pictures/FlashCard/beer ,la.JPG"
9,c2bb2a43-9de8-4841-8558-b8d19cd58a5a,1,adventure,"/Volumes/Italian 1&2 SuperBundle/1Pictures/FlashCard/adventure ,l (f).jpg"
10102,49dc2c96-d265-4ba9-83f9-284d6d4c6681,21,Could (you) bring us the bill? (formal),"/Volumes/Italian 1&2 SuperBundle/1Pictures/FlashCard/bill ,il.jpg"
10131,a5b89065-72a9-4f01-8302-a051d85978ec,21,Have (you) taken my brush?,"/Volumes/Italian 1&2 SuperBundle/1Pictures/FlashCard/brush ,la.jpg"
10121,7025ddee-2fb0-470a-8ce7-416d341a541c,21,Can (you) lend me a bowl?,"/Volumes/Italian 1&2 SuperBundle/1Pictures/FlashCard/bowl ,dish ,la.jpg"
10132,2f3374e6-cefa-4efb-9120-985726e4f37b,21,The law protects these buildings.,"/Volumes/Italian 1&2 SuperBundle/1Pictures/FlashCard/building ,il.jpg"
132,208e91d3-cf52-45ff-9970-f498b2147ffb,1,building,"/Volumes/Italian 1&2 SuperBundle/1Pictures/FlashCard/building ,il.jpg"
10260,1a71b3d8-5b2a-4fca-a12d-1af7994f930d,21,In a double bed there are two cushions.,"/Volumes/Italian 1&2 SuperBundle/1Pictures/FlashCard/double bed ,il.jpg"
468,fecc1b59-3c4c-4453-ac4f-25ffb6f57d81,1,insect,"/Volumes/Italian 1&2 SuperBundle/1Pictures/FlashCard/insect ,l (m).jpg"
875,e34a593c-0d01-4a0c-b516-81f6b6531ba6,1,to fall,"/Volumes/Italian 1&2 SuperBundle/1Pictures/FlashCard/to fall ,v.jpg"
10303,f4966c61-af8e-435e-a630-3226ed6e3582,21,Can (you) give me an example of a monosyllabic word?,"/Volumes/Italian 1&2 SuperBundle/1Pictures/FlashCard/example ,l (m).jpg"
10378,d060058c-bb66-45fc-8373-ad4b4b1ca776,21,Please do not put too much garlic in the sauce.,"/Volumes/Italian 1&2 SuperBundle/1Pictures/FlashCard/garlic ,l (m).jpg"
5748,577c3b83-6414-4e31-a17f-cb014e98d28b,1,where are? (where are they?),/Volumes/Italian 1&2 SuperBundle/1Pictures/FlashCard/ze10038.jpg
62,8521269f-b3c8-44b7-998a-faaf16e58311,1,avocado,"/Volumes/Italian 1&2 SuperBundle/1Pictures/FlashCard/avocado ,l (m).jpg"
5734,c90031ff-3444-4e9c-a1dc-b6b2b8b90499,1,Can you? (informal),/Volumes/Italian 1&2 SuperBundle/1Pictures/FlashCard/ZE13450.jpg
11041,b84d9e41-6866-4228-8153-f45d94f0e780,21,Can (you) close the window? - It's too cold.,"/Volumes/Italian 1&2 SuperBundle/1Pictures/FlashCard/window ,la.jpg"
10031,3a599e85-3a6b-492c-ba08-11b598f75498,21,That joke was very amusing.,"/Volumes/Italian 1&2 SuperBundle/1Pictures/FlashCard/amusing ,adj.jpg"
439,02b29431-c9c0-419a-a9ea-eccfde707e6c,1,how many?,"/Volumes/Italian 1&2 SuperBundle/1Pictures/FlashCard/how many ,q.jpg"
440,46a0753d-5cba-4f6a-8218-36825f299fda,1,how much?,"/Volumes/Italian 1&2 SuperBundle/1Pictures/FlashCard/how much ,q.jpg"
103,709ccd7a-3104-44c4-b2e7-11f30ad615b0,1,bird,"/Volumes/Italian 1&2 SuperBundle/1Pictures/FlashCard/bird ,l (m).jpg"
159,02d9e824-ac1e-405f-8b37-680899e8044f,1,cauliflower,"/Volumes/Italian 1&2 SuperBundle/1Pictures/FlashCard/cauliflower ,il.jpg"
10493,d411a9f1-a837-47b3-8dd8-c7325389377b,21,(He) was last in the race.,"/Volumes/Italian 1&2 SuperBundle/1Pictures/FlashCard/last ,adj.jpg"
10581,0185b408-4d3b-4294-9b03-9d37fd9106da,21,(I) have nothing to say.,"/Volumes/Italian 1&2 SuperBundle/1Pictures/FlashCard/nothing ,prn.jpg"
10032,50e938ae-6623-4514-99e8-99bd33428ebe,21,(I) have bought some books and some exercise books.,"/Volumes/Italian 1&2 SuperBundle/1Pictures/FlashCard/and ,conj.jpg"
10804,659985f6-4c9c-4787-a91e-359c0f9e7538,21,This wall is much too thin.,"/Volumes/Italian 1&2 SuperBundle/1Pictures/FlashCard/thin ,slim (object) ,adj.jpg"
10855,d380bbf6-ac01-44c1-9f41-c39f06612a1d,21,Now (I)'ll call Jenny at home because (she) is not in her office.,"/Volumes/Italian 1&2 SuperBundle/1Pictures/FlashCard/to call ,v.jpg"
10913,82fb0d39-ad81-45df-a3ac-d1cf5e037d50,21,All men desire to be loved.,"/Volumes/Italian 1&2 SuperBundle/1Pictures/FlashCard/to desire ,v.jpg"
10919,c5f6977c-51a2-40b4-bcb8-bf964cca1153,21,(I) can't park if (you) keep talking!,"/Volumes/Italian 1&2 SuperBundle/1Pictures/FlashCard/to park ,v.jpg"
10927,59cfc9ed-86a4-4ed0-be1d-c3a577a52729,21,(He) put himself near his wife.,"/Volumes/Italian 1&2 SuperBundle/1Pictures/FlashCard/to put (on) ,v.jpg"
10936,492a6c37-f931-4e46-b0c4-5a585045e198,21,Don't shake the Coke before opening it.,"/Volumes/Italian 1&2 SuperBundle/1Pictures/FlashCard/to shake ,v.jpg"
10992,74ce6d6b-ef92-468f-aba0-41c00f4fd2dc,21,(I) dislike spaghetti with tuna.,"/Volumes/Italian 1&2 SuperBundle/1Pictures/FlashCard/tuna (tunny fish) ,il.jpg"
22,3546e55c-9bd0-476a-88f8-5cc40ff693ec,1,almost,"/Volumes/Italian 1&2 SuperBundle/1Pictures/FlashCard/almost ,adv.jpg"
397,eb42d643-c50d-4964-8406-0b5e8284ee47,1,grass,"/Volumes/Italian 1&2 SuperBundle/1Pictures/FlashCard/grass ,l (f).jpg"
435,e3cbc895-3e4e-4dd1-8df1-4f36434f2c75,1,"house, home","/Volumes/Italian 1&2 SuperBundle/1Pictures/FlashCard/house ,la.jpg"
900,1364ccfb-3322-4fd1-adcc-52ac27f6020b,1,to kiss,"/Volumes/Italian 1&2 SuperBundle/1Pictures/FlashCard/to kiss ,v.jpg"
238,b23c1c46-b028-4622-9821-751705e99a2e,1,delivery,"/Volumes/Italian 1&2 SuperBundle/1Pictures/FlashCard/delivery ,la.jpg"
438,38202d96-9d1f-4f20-b652-29157da48997,1,great!,"/Volumes/Italian 1&2 SuperBundle/1Pictures/FlashCard/great! ,exc.jpg"
656,a166981c-0c80-46c6-885d-aa4c31038f07,1,proud,"/Volumes/Italian 1&2 SuperBundle/1Pictures/FlashCard/proud ,adj.jpg"
729,9511eb37-49c2-4e5c-84aa-445d643c4d93,1,slow,"/Volumes/Italian 1&2 SuperBundle/1Pictures/FlashCard/slow ,adj.jpg"
737,581fafdf-ca84-496d-8638-a27fa1dc286c,1,"sofa, settee","/Volumes/Italian 1&2 SuperBundle/1Pictures/FlashCard/sofa ,settee ,il.jpg"
590,a7bfdae9-2b34-427c-99db-ec2f606a54cc,1,OK!,"/Volumes/Italian 1&2 SuperBundle/1Pictures/FlashCard/OK ,exc.jpg"
632,8838a5e6-82d1-4285-8554-ff9df241379e,1,pig,"/Volumes/Italian 1&2 SuperBundle/1Pictures/FlashCard/pig ,il.jpg"
10034,91518eac-f184-4c68-a502-c8bbb6014c40,21,The lion is a wild animal.,"/Volumes/Italian 1&2 SuperBundle/1Pictures/FlashCard/animal ,l (m).jpg"
838,8c982147-2814-47ae-8dd5-ce4ca90473e3,1,to be in a hurry,"/Volumes/Italian 1&2 SuperBundle/1Pictures/FlashCard/to be in a hurry ,v.jpg"
844,86bae19b-4790-44f1-8296-3db3e878e603,1,"to begin, commence","/Volumes/Italian 1&2 SuperBundle/1Pictures/FlashCard/to begin ,v.jpg"
910,041c4d19-db4c-48b4-9710-de52f0d1f69c,1,to look at,"/Volumes/Italian 1&2 SuperBundle/1Pictures/FlashCard/to look at ,v.jpg"
1043,56510f7b-43fe-43cb-9296-9eeb2cab24ac,1,winter,"/Volumes/Italian 1&2 SuperBundle/1Pictures/FlashCard/winter ,l (m).jpg"
10560,e0ce9ac0-e713-4d79-8c3a-c651e1335f57,21,Neither of them is nice.,"/Volumes/Italian 1&2 SuperBundle/1Pictures/FlashCard/neither ,adv.jpg"
10677,73d6af1a-8463-40bf-9115-b14e8aa15ea6,21,The sofa is in the next room (s...).,"/Volumes/Italian 1&2 SuperBundle/1Pictures/FlashCard/room ,la.jpg"
10864,edf375ba-9cb6-40b7-aa8d-32db28f67d0d,21,Crying doesn't solve the problem.,"/Volumes/Italian 1&2 SuperBundle/1Pictures/FlashCard/to cry (tears) ,v.jpg"
66,1b850e6b-9b6c-4fad-936e-29afb022b4ca,1,"ugly, bad, nasty","/Volumes/Italian 1&2 SuperBundle/1Pictures/FlashCard/ugly ,bad ,nasty ,adj.jpg"
93,0a932e50-703b-48e7-bdbe-6dc9d04a28cc,1,behind (at the back),"/Volumes/Italian 1&2 SuperBundle/1Pictures/FlashCard/behind (at the back) ,prep.jpg"
73,7364623c-fb40-4385-9e48-e67fd5982a0f,1,banknote,"/Volumes/Italian 1&2 SuperBundle/1Pictures/FlashCard/banknote ,la.jpg"
116,a651fedd-0000-4f1e-9bad-6066705c65b1,1,bored,"/Volumes/Italian 1&2 SuperBundle/1Pictures/FlashCard/bored ,adj.jpg"
531,e3850201-e72a-40c3-9d74-70bbfef1cef6,1,mirror,"/Volumes/Italian 1&2 SuperBundle/1Pictures/FlashCard/mirror ,lo.jpg"
459,3d66bf2e-50f0-42a1-b396-5f487b6e4ae1,1,important,"/Volumes/Italian 1&2 SuperBundle/1Pictures/FlashCard/important ,adj.jpg"
833,6d388101-9855-4de0-83ce-03b8bba0771d,1,to be born,"/Volumes/Italian 1&2 SuperBundle/1Pictures/FlashCard/to be born ,v.jpg"
10035,85f8f4f6-3a43-4a16-91b0-65da52f6718f,21,That apartment block needs to be renovated.,"/Volumes/Italian 1&2 SuperBundle/1Pictures/FlashCard/apartment block ,lo.jpg"
797,67ae8218-12c7-4982-953f-9e37d8c529cc,1,their,"/Volumes/Italian 1&2 SuperBundle/1Pictures/FlashCard/theirs ,prn.jpg"
975,37f3412a-cf21-4e32-a903-83fb80bbb2fb,1,toilet,"/Volumes/Italian 1&2 SuperBundle/1Pictures/FlashCard/toilet ,il.jpg"
100,2349cb22-5e08-4f37-9453-1f20dfb0ecb8,1,bicycle,"/Volumes/Italian 1&2 SuperBundle/1Pictures/FlashCard/bicycle ,la.jpg"
249,30ffe519-8161-47a6-8b0f-b0596b3b3baf,1,"dish, plate","/Volumes/Italian 1&2 SuperBundle/1Pictures/FlashCard/dish ,plate ,il.jpg"
239,c1a4019b-61d7-408f-872c-4faf153747cc,1,departure,"/Volumes/Italian 1&2 SuperBundle/1Pictures/FlashCard/departure ,la.jpg"
319,38d05587-7e59-4b9e-b9a3-9f17baba2d6c,1,farm,"/Volumes/Italian 1&2 SuperBundle/1Pictures/FlashCard/farm ,la.jpg"
5740,13ae7bde-f7ff-4aa0-a9f8-f456625a25fb,1,it's alright,/Volumes/Italian 1&2 SuperBundle/1Pictures/FlashCard/ze10033.jpg
460,67c2ce5d-e8ec-4a05-a1ad-bda8bdf27f0c,1,in front,"/Volumes/Italian 1&2 SuperBundle/1Pictures/FlashCard/in front ,prep.jpg"
610,1177d78c-3b53-4f18-b4ca-dff74314cd94,1,parent,"/Volumes/Italian 1&2 SuperBundle/1Pictures/FlashCard/parents ,npl.jpg"
10171,83781129-ddf0-4689-a8a2-d2bd473a39dd,21,"(I) have to go to the bank to cash a cheque, but (I) need an identity document.","/Volumes/Italian 1&2 SuperBundle/1Pictures/FlashCard/cheque ,l (m).jpg"
220,0dd68fbf-1bd9-4a3e-8535-f34ef1411e1f,1,curtain,"/Volumes/Italian 1&2 SuperBundle/1Pictures/FlashCard/curtain ,la.jpg"
10380,df4ae4b6-9723-4674-b3a1-9a2fd5a1a07b,21,Do (you) see that gas station? Let's stop there!,"/Volumes/Italian 1&2 SuperBundle/1Pictures/FlashCard/gas station ,il.jpg"
352,b745230c-bf76-41a7-a086-19e875410a77,1,form,"/Volumes/Italian 1&2 SuperBundle/1Pictures/FlashCard/form ,il.jpg"
409,8533cf7f-d4ea-4da9-8c5e-a0f0b476d967,1,happy (content),"/Volumes/Italian 1&2 SuperBundle/1Pictures/FlashCard/happy (content) ,adj.jpg"
10211,20f1e6f8-2b8b-472c-8b40-fffbb9e11dd7,21,That couple has signed the divorce.,"/Volumes/Italian 1&2 SuperBundle/1Pictures/FlashCard/couple ,la.jpg"
271,51f47002-b753-454c-9b1e-5c33871c1509,1,duvet,"/Volumes/Italian 1&2 SuperBundle/1Pictures/FlashCard/duvet ,il.jpg"
362,51bc5c53-2ebe-46c2-8750-2a5c921b7149,1,fried,"/Volumes/Italian 1&2 SuperBundle/1Pictures/FlashCard/fried ,adj.jpg"
761,e3f447f1-2502-43fd-80c4-22baef95f884,1,street,"/Volumes/Italian 1&2 SuperBundle/1Pictures/FlashCard/street ,la.jpg"
804,35ea35e6-c9dd-4213-9bc0-84f910edd18b,1,"thin, slim (object)","/Volumes/Italian 1&2 SuperBundle/1Pictures/FlashCard/thin ,slim (object) ,adj.jpg"
867,d46a16ae-2dda-40f9-bb57-2bf061c1386b,1,to die,"/Volumes/Italian 1&2 SuperBundle/1Pictures/FlashCard/to die ,v.jpg"
905,9d9a563d-1e02-4ac3-a639-68cde03f4b6f,1,to laugh,"/Volumes/Italian 1&2 SuperBundle/1Pictures/FlashCard/to laugh ,v.jpg"
832,a3e69ab1-8dc8-48d1-818d-f0e4bd3f8aaa,1,"to be afraid, frightened","/Volumes/Italian 1&2 SuperBundle/1Pictures/FlashCard/to be afraid ,frightened ,v.jpg"
855,8211ccaa-5316-4710-93ab-4a18d66495d0,1,to call,"/Volumes/Italian 1&2 SuperBundle/1Pictures/FlashCard/to call ,v.jpg"
890,9c92acb7-0572-4143-ab16-ed3547a94f01,1,to have a sore throat,"/Volumes/Italian 1&2 SuperBundle/1Pictures/FlashCard/to have a sore throat ,v.jpg"
10515,04011f0e-3da7-4de8-a511-fa7a864dd8b7,21,At the airport (they) check the weight of the luggage.,"/Volumes/Italian 1&2 SuperBundle/1Pictures/FlashCard/luggage ,il.jpg"
930,c07f8741-7b85-4171-8af7-30344c8021bd,1,"to remember, to remind","/Volumes/Italian 1&2 SuperBundle/1Pictures/FlashCard/to remember ,v.jpg"
899,f5edc185-5e97-49ca-b1cc-441f221126b5,1,to invite,"/Volumes/Italian 1&2 SuperBundle/1Pictures/FlashCard/to invite ,v.jpg"
928,800acb33-a530-452c-8a2d-d8362d6006da,1,to rain,"/Volumes/Italian 1&2 SuperBundle/1Pictures/FlashCard/to rain ,v.jpg"
10216,cd409739-711e-4371-924d-4bbbf8994a7c,21,(I) hate crowd(s).,"/Volumes/Italian 1&2 SuperBundle/1Pictures/FlashCard/crowd ,la.jpg"
879,16629538-42f6-48a4-b99d-18d786e13922,1,"to find, discover","/Volumes/Italian 1&2 SuperBundle/1Pictures/FlashCard/to find, discover ,v.jpg"
717,c1b55f66-a3ba-46bf-82aa-29ceed309955,1,thick,"/Volumes/Italian 1&2 SuperBundle/1Pictures/FlashCard/thick (dim) ,adj.jpg"
94,097ba8e4-7fcd-4753-aff1-3832cce2a915,1,backwards,"/Volumes/Italian 1&2 SuperBundle/1Pictures/FlashCard/backwards ,adv.jpg"
10689,d6067e4d-c6e0-4108-8b85-7e261a671233,21,Pour water in the pot for spaghetti.,"/Volumes/Italian 1&2 SuperBundle/1Pictures/FlashCard/saucepan ,pot ,la.jpg"
2,45b9adf5-07dc-449d-89e2-5deda523af62,1,"above, on top of, over","/Volumes/Italian 1&2 SuperBundle/1Pictures/FlashCard/above ,on top of ,over ,prep.jpg"
221,de62e113-a3e3-4b0b-b52e-3de560e2d99d,1,"cushion, pillow","/Volumes/Italian 1&2 SuperBundle/1Pictures/FlashCard/cushion ,il.jpg"
76,3a16d399-3483-4458-bf72-70054394e508,1,basket,"/Volumes/Italian 1&2 SuperBundle/1Pictures/FlashCard/basket ,il.jpg"
10819,42d2a363-9185-40b2-b529-888507ebe72b,21,Once upon a time there was a princess.,"/Volumes/Italian 1&2 SuperBundle/1Pictures/FlashCard/time ,occasion ,la.jpg"
120,92df5370-b679-4e17-bac2-942776acebbf,1,bottom,"/Volumes/Italian 1&2 SuperBundle/1Pictures/FlashCard/bottom ,il.jpg"
5339,e3d2375b-800b-4fc5-bbe9-385c27501a06,1,"Excuse me, (I) am in a rush!",/Volumes/Italian 1&2 SuperBundle/1Pictures/FlashCard/ze10015.jpg
10017,57fe87af-39ca-4a53-8bdb-66926921bc61,21,(I) think Ryanair is a good airline.,"/Volumes/Italian 1&2 SuperBundle/1Pictures/FlashCard/airline ,la.jpg"
33,e1c1aa26-d99e-484f-847c-b35f09011d4a,1,angry,"/Volumes/Italian 1&2 SuperBundle/1Pictures/FlashCard/angry ,adj.jpg"
217,54d00a4f-0e6c-4314-be47-4591d0893015,1,cucumber,"/Volumes/Italian 1&2 SuperBundle/1Pictures/FlashCard/cucumber ,il.jpg"
10054,70b59f34-c2cb-403b-a343-3a65342a846c,21,The house is (found) between two woods.,"/Volumes/Italian 1&2 SuperBundle/1Pictures/FlashCard/between ,among ,prep.jpg"
515,40018acc-f75b-47d9-a2fc-c390cf7567a0,1,luggage,"/Volumes/Italian 1&2 SuperBundle/1Pictures/FlashCard/luggage ,il.jpg"
10080,607d3ec2-a316-49f4-a3a7-dca539dbdea6,21,That man has a blond beard and brown hair.,"/Volumes/Italian 1&2 SuperBundle/1Pictures/FlashCard/beard ,la.jpg"
10087,2d1c8cf5-9e1f-4a53-a12c-390614004db7,21,In the house there are three bedrooms.,"/Volumes/Italian 1&2 SuperBundle/1Pictures/FlashCard/bedroom (cdl),la.jpg"
10128,593e0af8-db44-4a02-883a-bf9cd76c720a,21,"(I) live with my brother, parents and grandfather.","/Volumes/Italian 1&2 SuperBundle/1Pictures/FlashCard/brother ,il.jpg"
659,5b604798-975c-431c-84d7-e481ff7107be,1,purse,"/Volumes/Italian 1&2 SuperBundle/1Pictures/FlashCard/purse ,il.jpg"
10187,dde44fa7-5e7e-4a16-b79e-47ef3267db61,21,The customer is always right.,"/Volumes/Italian 1&2 SuperBundle/1Pictures/FlashCard/client, customer (mf) ,n.jpg"
320,243aafcd-ed0a-472a-bbee-4d678ababf8e,1,fat,"/Volumes/Italian 1&2 SuperBundle/1Pictures/FlashCard/fat ,adj.jpg"
825,a71ae9d3-17b6-466c-acbf-f83c34f16994,1,to ask (question),"/Volumes/Italian 1&2 SuperBundle/1Pictures/FlashCard/to ask (question) ,v.jpg"
10259,05d64c79-c3f3-43bc-bd23-e10ba726588d,21,(I) (have) lost the keys to the door.,"/Volumes/Italian 1&2 SuperBundle/1Pictures/FlashCard/door ,la.jpg"
10276,99a00290-3f24-4024-9039-4da599514b1e,21,(She) received a good education.,"/Volumes/Italian 1&2 SuperBundle/1Pictures/FlashCard/education ,l (f).jpg"
10277,241a21fd-669c-400d-9b2c-c1ae7c5e1e24,21,"If (you) want to succeed, (you) must make an effort.","/Volumes/Italian 1&2 SuperBundle/1Pictures/FlashCard/effort, stress ,n.jpg"
10285,c091a126-2e58-4273-a4cf-b010fd73cd2a,21,(We) have lots of electrical appliances.,"/Volumes/Italian 1&2 SuperBundle/1Pictures/FlashCard/electrical appliance ,l (m).jpg"
10288,e381ee55-14d1-443b-b6f6-d3001ee7f487,21,(I) hate hugs.,"/Volumes/Italian 1&2 SuperBundle/1Pictures/FlashCard/embrace ,hug ,l (m).jpg"
10301,303c28dc-df2e-4a20-ba35-723e072f784f,21,Which is the exact price?,"/Volumes/Italian 1&2 SuperBundle/1Pictures/FlashCard/exact ,exactly ,adj.jpg"
536,ef4b10d0-8276-4861-9376-1033622833aa,1,money,"/Volumes/Italian 1&2 SuperBundle/1Pictures/FlashCard/money ,n.jpg"
283,5d7f9356-23a6-4c24-957d-c54e72640732,1,either of them,"/Volumes/Italian 1&2 SuperBundle/1Pictures/FlashCard/either of them ,conj.jpg"
10337,a6ef1939-44f3-46b6-8093-ab22cd727c08,21,(I) hate eating fish.,"/Volumes/Italian 1&2 SuperBundle/1Pictures/FlashCard/fish ,il.jpg"
10613,73258f2b-cca1-4b4f-9b26-d16d01e7e9b2,21,The passenger (m) must always fasten the seat belt.,"/Volumes/Italian 1&2 SuperBundle/1Pictures/FlashCard/passenger ,il.jpg"
323,86d018df-9bcd-4269-81d0-ab0163156aca,1,favourite (preferred),"/Volumes/Italian 1&2 SuperBundle/1Pictures/FlashCard/favourite ,adj.jpg"
368,51017a02-3881-47ba-9b2d-d2fee94753c4,1,frost,"/Volumes/Italian 1&2 SuperBundle/1Pictures/FlashCard/frost ,il.jpg"
10470,f4ae2fed-c28d-4aee-9fd3-d5e023ee65a2,21,(It)'s a very intelligent animal.,"/Volumes/Italian 1&2 SuperBundle/1Pictures/FlashCard/intelligent ,adj.jpg"
10476,95695dee-2902-46a1-bc51-661130c97d42,21,(I) have lots of jerseys and few trousers.,"/Volumes/Italian 1&2 SuperBundle/1Pictures/FlashCard/jersey ,la.jpg"
34,5803be3b-5cd6-4c89-9786-afcb0464b2e2,1,animal,"/Volumes/Italian 1&2 SuperBundle/1Pictures/FlashCard/animal ,l (m).jpg"
10526,e3e373da-1fae-428e-b4cf-b291129a35e2,21,My favourite meat is steak.,"/Volumes/Italian 1&2 SuperBundle/1Pictures/FlashCard/meat ,la.jpg"
10556,380aafe1-d2ef-47ce-9542-d9bd5b3e8c78,21,What is your nationality?,"/Volumes/Italian 1&2 SuperBundle/1Pictures/FlashCard/nationality ,la.jpg"
10561,ae575b2d-edfa-4ed6-8d87-7f718eab7dfd,21,Neither my sister nor I have the car.,"/Volumes/Italian 1&2 SuperBundle/1Pictures/FlashCard/neither nor ,conj.jpg"
10568,9cd46f52-0fa7-4421-bc51-f2db40bbac73,21,My house is next to yours.,"/Volumes/Italian 1&2 SuperBundle/1Pictures/FlashCard/next to ,prep.jpg"
10137,ae71fcfb-91a9-42d8-a7f6-6676556011eb,21,To not be nervous keep yourself (m) busy.,"/Volumes/Italian 1&2 SuperBundle/1Pictures/FlashCard/busy ,adj.jpg"
10594,db8831a2-2d3a-4da6-989d-c8de64fdfb78,21,Add some slices of onion to the peas.,"/Volumes/Italian 1&2 SuperBundle/1Pictures/FlashCard/onion ,la.jpg"
466,dd16b406-32c8-46cf-b85e-2d29efb04d48,1,inhabitant (m/f),"/Volumes/Italian 1&2 SuperBundle/1Pictures/FlashCard/inhabitant (mf) ,n.jpg"
692,53e24d1f-ceb6-424a-8c7e-9391f7bcf7cf,1,sea,"/Volumes/Italian 1&2 SuperBundle/1Pictures/FlashCard/sea ,il.jpg"
10696,41501ecc-d6a1-4a01-84fc-7446fca2f422,21,"Bye, see you tomorrow!","/Volumes/Italian 1&2 SuperBundle/1Pictures/FlashCard/see you tomorrow ,exc.jpg"
924,3037d322-2c0d-4443-88c4-2b214249bd62,1,to postpone,"/Volumes/Italian 1&2 SuperBundle/1Pictures/FlashCard/to postpone ,v.jpg"
126,03686b23-ae47-4be0-a6be-286aace6c890,1,brochure,"/Volumes/Italian 1&2 SuperBundle/1Pictures/FlashCard/brochure ,l (m).jpg"
10708,aef6ae48-cd2e-4f0f-8bc2-86d92c482034,21,Change the sheets please.,"/Volumes/Italian 1&2 SuperBundle/1Pictures/FlashCard/sheet ,il.jpg"
10714,f69a97f6-bd5e-4f21-837d-7101f081a4e8,21,Is there a (the) shower or a (the) bath?,"/Volumes/Italian 1&2 SuperBundle/1Pictures/FlashCard/shower ,la.jpg"
10717,1e63f657-3b27-4750-8325-211d18a51c96,21,The walls of the castle are very thick.,"/Volumes/Italian 1&2 SuperBundle/1Pictures/FlashCard/thick (dim) ,adj.jpg"
1031,09ef30c5-3284-4977-ab0a-13cb3e21a8c7,1,from where?,"/Volumes/Italian 1&2 SuperBundle/1Pictures/FlashCard/from where ,prep.jpg"
744,a9144b40-ceb1-4232-a484-60105254fcaf,1,soon,"/Volumes/Italian 1&2 SuperBundle/1Pictures/FlashCard/soon ,adv.jpg"
10767,42cdcd14-fecb-4b6d-887e-d5bc2303fd33,21,(We) have finished the sugar.,"/Volumes/Italian 1&2 SuperBundle/1Pictures/FlashCard/sugar ,lo.jpg"
10795,d1b7695d-45e3-4e1a-94b2-2ede03ae8a2e,21,(I) hope the weather is nice for the wedding.,"/Volumes/Italian 1&2 SuperBundle/1Pictures/FlashCard/the weather is nice ,phr.jpg"
10803,6ed81a6b-4f09-4020-9a83-40f3f3ad346c,21,"Eat something, (you) are too skinny.","/Volumes/Italian 1&2 SuperBundle/1Pictures/FlashCard/thin ,skinny (person) ,adj.jpg"
840,b9a4fa60-104f-49c0-9c22-ced89fdbf9d6,1,to be present at,"/Volumes/Italian 1&2 SuperBundle/1Pictures/FlashCard/to be present at ,v.jpg"
982,da9924b7-c35a-434d-bf2d-cf8356c8ce66,1,toothbrush,"/Volumes/Italian 1&2 SuperBundle/1Pictures/FlashCard/toothbrush ,lo.jpg"
10834,7f374380-3f41-40da-bea6-ff2ad7f8d05c,21,What is this thing called?,"/Volumes/Italian 1&2 SuperBundle/1Pictures/FlashCard/to be called ,v.jpg"
967,80ea3310-7059-4815-ace7-8d64beea6150,1,to wake (oneself) up,"/Volumes/Italian 1&2 SuperBundle/1Pictures/FlashCard/to wake (oneself) up ,v.jpg"
10904,97e2b2eb-20b2-440c-a190-b78ee08e0b3e,21,This battery lasts more (longer).,"/Volumes/Italian 1&2 SuperBundle/1Pictures/FlashCard/to last ,v.jpg"
908,729bdb3d-cc71-4668-ba8c-15bc4331ba84,1,to listen,"/Volumes/Italian 1&2 SuperBundle/1Pictures/FlashCard/to listen ,v.jpg"
10921,310e3c2c-8a33-4d68-bdbf-07f56cde423d,21,Has Mario phoned you?,"/Volumes/Italian 1&2 SuperBundle/1Pictures/FlashCard/to phone ,v.jpg"
452,39835125-fa08-4f0d-8f37-0ca60ce2331e,1,ice,"/Volumes/Italian 1&2 SuperBundle/1Pictures/FlashCard/ice ,il.jpg"
10940,6dbdb069-1e00-4dc7-85ad-a91048e154de,21,(I) love to sing and dance.,"/Volumes/Italian 1&2 SuperBundle/1Pictures/FlashCard/to sing ,v.jpg"
10943,28a4ed9e-7078-4cc0-ab16-9c2e3f88b28d,21,(It) smells of almonds and chestnuts.,"/Volumes/Italian 1&2 SuperBundle/1Pictures/FlashCard/to smell of ,v.jpg"
10944,650877ca-4d60-4476-9f68-57c5b4816b79,21,"Smile, please!","/Volumes/Italian 1&2 SuperBundle/1Pictures/FlashCard/to smile ,v.jpg"
10945,5f7110af-e2b7-4bde-abb8-c4325cf531e6,21,In this place it is forbidden to smoke.,"/Volumes/Italian 1&2 SuperBundle/1Pictures/FlashCard/to smoke ,v.jpg"
10983,d7cda205-84d2-40d9-9ac3-25c9ad1575cc,21,Let (us) go towards the Vatican.,"/Volumes/Italian 1&2 SuperBundle/1Pictures/FlashCard/towards ,prep.jpg"
11003,816fc1a7-79f5-432d-a0de-61640a20d78c,21,(You) have to wait until Monday.,"/Volumes/Italian 1&2 SuperBundle/1Pictures/FlashCard/until ,prep.jpg"
11016,553c09ff-5e4f-4ea5-af17-6819bd97e4b4,21,Clean the washbasin.,"/Volumes/Italian 1&2 SuperBundle/1Pictures/FlashCard/washbasin ,il.jpg"
11018,1e5f8478-3371-4eca-b9f0-fc68ea07b522,21,The newspaper is on the coffee table.,"/Volumes/Italian 1&2 SuperBundle/1Pictures/FlashCard/coffetable ,il.jpg"
431,b2538f68-5505-4475-bbe0-f0ec254ef139,1,hospital,"/Volumes/Italian 1&2 SuperBundle/1Pictures/FlashCard/hospital ,l (m).jpg"
511,b5354c30-d3db-4145-9b3e-d125e45e7b95,1,"lorry, truck","/Volumes/Italian 1&2 SuperBundle/1Pictures/FlashCard/lorry ,truck ,il.jpg"
15742,3bf113d4-e816-4b56-b3b7-da6c5420bc5e,21,Is it possible that (you)'re always late?,/Volumes/Italian 1&2 SuperBundle/1Pictures/FlashCard/ze10035.jpg
757,fd57bb4f-a361-48de-a641-d9ec67f14383,1,stool,"/Volumes/Italian 1&2 SuperBundle/1Pictures/FlashCard/stool ,lo.jpg"
10941,599c0cba-8215-4135-8ae1-af0d271575df,21,(I) sat myself down.,"/Volumes/Italian 1&2 SuperBundle/1Pictures/FlashCard/to sit down ,v.jpg"
35,68efdb73-e97e-4f0c-90ab-162f0fa1e9eb,1,apartment block,"/Volumes/Italian 1&2 SuperBundle/1Pictures/FlashCard/apartment block ,lo.jpg"
820,dce0d11f-dd93-445a-bebf-c795eab6a312,1,timetable,"/Volumes/Italian 1&2 SuperBundle/1Pictures/FlashCard/timetable ,l (m).jpg"
891,3b3b6129-b028-4574-bfbd-db087cdb5047,1,to have lunch,"/Volumes/Italian 1&2 SuperBundle/1Pictures/FlashCard/to have lunch ,v.jpg"
510,41409032-085f-4ba0-bf83-608db7d56fab,1,long,"/Volumes/Italian 1&2 SuperBundle/1Pictures/FlashCard/long ,adj.jpg"
854,af7ddd40-8593-480f-9858-06f9ae6b57a6,1,to buy,"/Volumes/Italian 1&2 SuperBundle/1Pictures/FlashCard/to buy ,v.jpg"
235,01d6a2da-c839-451b-a1c4-af9f5c5f6906,1,delay,"/Volumes/Italian 1&2 SuperBundle/1Pictures/FlashCard/delay ,il.jpg"
424,4c3cd388-1f71-4fe8-a343-f45071a1356d,1,"high, tall","/Volumes/Italian 1&2 SuperBundle/1Pictures/FlashCard/high ,tall ,adj.jpg"
5292,3e8166b8-a9e2-49af-94a8-660688eae55e,1,to visit (a person),/Volumes/Italian 1&2 SuperBundle/1Pictures/FlashCard/ze10003.jpg
541,4afa5c7f-ca59-43b6-b78d-612e99f0eb00,1,morning (in the),"/Volumes/Italian 1&2 SuperBundle/1Pictures/FlashCard/morning (in the) ,phr.jpg"
752,9dacb3fb-81b2-4f72-86a8-240fd3e31bf0,1,star,"/Volumes/Italian 1&2 SuperBundle/1Pictures/FlashCard/star ,la.jpg"
260,6435da34-f430-4e2a-b7a0-909608fd16c2,1,double bed,"/Volumes/Italian 1&2 SuperBundle/1Pictures/FlashCard/double bed ,il.jpg"
772,29280e66-3d95-4eba-af81-466989c572fc,1,sunny,"/Volumes/Italian 1&2 SuperBundle/1Pictures/FlashCard/sunny ,adj.jpg"
5584,ea6a9999-9820-4ba4-b861-9c9b1a3a68ef,1,to inform,/Volumes/Italian 1&2 SuperBundle/1Pictures/FlashCard/ze10026.jpg
268,8e61d350-b509-46c2-8ed1-24a6f87facfd,1,dry,"/Volumes/Italian 1&2 SuperBundle/1Pictures/FlashCard/dry ,adj.jpg"
10986,7b4e5d00-81fc-45da-bfaa-141f422472dd,21,The train is late.,"/Volumes/Italian 1&2 SuperBundle/1Pictures/FlashCard/train ,il.jpg"
5313,4382eebe-1017-4bf6-ae03-4a08cc8c69da,1,"the (feminine, singular)",/Volumes/Italian 1&2 SuperBundle/1Pictures/FlashCard/ZE10151.jpg
830,a35a1bc0-a9df-4f29-9e3f-bd27f88ef791,1,to hold,"/Volumes/Italian 1&2 SuperBundle/1Pictures/FlashCard/to hold ,v.jpg"
10169,cf107ece-279b-422b-acbb-197cfced2955,21,"(I)'m on a diet. Today (I) eat a soup, a salad and some cheese.","/Volumes/Italian 1&2 SuperBundle/1Pictures/FlashCard/cheese ,il.jpg"
10194,7e76a842-4b50-43c3-a0cc-e99f3d14049b,21,(I)'d like to buy a black coat.,"/Volumes/Italian 1&2 SuperBundle/1Pictures/FlashCard/coat ,il.jpg"
10255,72349648-8077-46d0-84c9-b2fdcf4f7dff,21,The dog is man's best friend.,"/Volumes/Italian 1&2 SuperBundle/1Pictures/FlashCard/dog ,il.jpg"
10433,f73d25f1-d0a0-4d2c-a122-6085f388a324,21,"In summer it's hot, in winter it's cold.","/Volumes/Italian 1&2 SuperBundle/1Pictures/FlashCard/hot ,adj.jpg"
10615,d4055dc4-1063-4823-b905-2eaacf9a2ebb,21,Let's chose the easiest path.,"/Volumes/Italian 1&2 SuperBundle/1Pictures/FlashCard/path ,il.jpg"
327,55ebc1ab-04a8-4961-bf4f-71033d6f39bc,1,fence,"/Volumes/Italian 1&2 SuperBundle/1Pictures/FlashCard/fence ,il.jpg"
360,4f2a3064-3cc4-4a76-8ca2-9f342e60938e,1,freezer,"/Volumes/Italian 1&2 SuperBundle/1Pictures/FlashCard/freezer ,il.jpg"
10969,b94ad8f9-3177-4be9-a161-1f515166cdb0,21,Have (you) washed the clothes?,"/Volumes/Italian 1&2 SuperBundle/1Pictures/FlashCard/to wash ,v.jpg"
385,f3901742-aef7-4166-bc05-2bdc89b386b3,1,glasses,"/Volumes/Italian 1&2 SuperBundle/1Pictures/FlashCard/glasses ,gli.jpg"
15323,daebd66f-a51d-4ff7-96a7-a9a70dc919cb,21,"(You) must stop smoking, it's very bad for your health. (inf.sing)",/Volumes/Italian 1&2 SuperBundle/1Pictures/FlashCard/ZE10200.jpg
10151,1ca77d08-98d3-4bb7-89b6-5d79591a5fc4,21,Today I am washing the car because it's dirty.,"/Volumes/Italian 1&2 SuperBundle/1Pictures/FlashCard/car ,la.jpg"
50,d86758b8-f78e-470b-a70d-eb1b9d162f99,1,"about, out of","/Volumes/Italian 1&2 SuperBundle/1Pictures/FlashCard/about ,out of ,prep.jpg"
148,3d0e5b4f-bb13-4a5d-a732-4554ecb22ae4,1,can opener,"/Volumes/Italian 1&2 SuperBundle/1Pictures/FlashCard/can opener ,l (m).jpg"
10671,86e2470a-98b1-4c46-ad1e-75e484c5a2c1,21,(I)'d like a return ticket.,"/Volumes/Italian 1&2 SuperBundle/1Pictures/FlashCard/return ticket ,il.jpg"
5297,7602e118-0e61-4cc8-bc97-acd9b9fb72c8,1,"and you? (informal, singular)",/Volumes/Italian 1&2 SuperBundle/1Pictures/FlashCard/ze10008.jpg
10050,70c66f2c-b066-4ba3-8eb8-9f4c43838055,21,(I) have nothing to say about it (this thing).,"/Volumes/Italian 1&2 SuperBundle/1Pictures/FlashCard/about ,out of ,prep.jpg"
151,4f8941ec-346a-4c01-b11c-b12752c03ff5,1,"car, machine","/Volumes/Italian 1&2 SuperBundle/1Pictures/FlashCard/car ,la.jpg"
214,b4a0623a-6406-4925-8d51-6a7850ba9c42,1,crazy (mad),"/Volumes/Italian 1&2 SuperBundle/1Pictures/FlashCard/crazy (mad) ,adj.jpg"
532,ae2b44c7-2535-4bfc-8791-1300cd7c2459,1,mistake,"/Volumes/Italian 1&2 SuperBundle/1Pictures/FlashCard/mistake ,lo.jpg"
6548,51e04145-f8b8-4fdf-94a4-95c29ca863ab,1,"to be, to stay",/Volumes/Italian 1&2 SuperBundle/1Pictures/FlashCard/ZE10053.jpg
11013,7692685b-9a66-4489-8df9-8e4362f5b6ac,21,(I)'d like to have a house with a fireplace.,"/Volumes/Italian 1&2 SuperBundle/1Pictures/FlashCard/fireplace ,il.jpg"
236,017627a6-fcfa-42ab-8a92-b7b6957d8b1c,1,delicious,"/Volumes/Italian 1&2 SuperBundle/1Pictures/FlashCard/delicious ,adj.jpg"
973,3cb573a4-30de-4acd-accf-9a870b1540ab,1,toe,"/Volumes/Italian 1&2 SuperBundle/1Pictures/FlashCard/toe ,il.jpg"
153,6e548f71-06e5-457d-bf87-bc979dd7626d,1,careful! watch out! take care!,"/Volumes/Italian 1&2 SuperBundle/1Pictures/FlashCard/careful watch out take care ,caution ,exc.jpg"
232,19912ed9-866d-4788-94e1-c3d299686103,1,death,"/Volumes/Italian 1&2 SuperBundle/1Pictures/FlashCard/death ,la.jpg"
969,e1bcec0e-fc2d-4647-a060-883052557210,1,to wash,"/Volumes/Italian 1&2 SuperBundle/1Pictures/FlashCard/to wash ,v.jpg"
207,ef50880f-6e56-4c1b-abf4-5a264d1baff3,1,"corner, angle","/Volumes/Italian 1&2 SuperBundle/1Pictures/FlashCard/corner ,l (m).jpg"
255,3fced88d-c938-4f2c-8df4-a6b86a447c2a,1,dog,"/Volumes/Italian 1&2 SuperBundle/1Pictures/FlashCard/dog ,il.jpg"
405,495acbae-2485-4068-9abb-98be71ea171c,1,hamburger,"/Volumes/Italian 1&2 SuperBundle/1Pictures/FlashCard/hamburger ,l (m).jpg"
433,a2a3b24d-376e-4c0a-bb73-9f50bcb385c2,1,"warm, hot","/Volumes/Italian 1&2 SuperBundle/1Pictures/FlashCard/hot ,adj.jpg"
10755,175ade8f-c847-4b9c-a53e-39121e9d5dc9,21,The water of the lake is still.,"/Volumes/Italian 1&2 SuperBundle/1Pictures/FlashCard/still (nevertheless) ,adv.jpg"
10895,0e4363a8-fcd8-4644-a107-a00efd20e392,21,(I) need you to help me.,"/Volumes/Italian 1&2 SuperBundle/1Pictures/FlashCard/to help ,v.jpg"
121,910d615d-a91d-4dbe-84c3-aa3b77ea08ca,1,"bowl, dish","/Volumes/Italian 1&2 SuperBundle/1Pictures/FlashCard/bowl ,dish ,la.jpg"
719,ac636e94-9812-44af-8d03-2e864653f775,1,one-way ticket,"/Volumes/Italian 1&2 SuperBundle/1Pictures/FlashCard/one-way ticket ,il.jpg"
1008,d01ecc83-6751-4492-af67-db12ac519532,1,vegetable,"/Volumes/Italian 1&2 SuperBundle/1Pictures/FlashCard/vegetable ,la.jpg"
300,cf833e4a-03b2-4489-8747-8d3e80b43c18,1,everywhere,"/Volumes/Italian 1&2 SuperBundle/1Pictures/FlashCard/everywhere ,adv.jpg"
169,73b24f0c-9a5c-40e0-a881-0ea7dcb7a6f6,1,cheese,"/Volumes/Italian 1&2 SuperBundle/1Pictures/FlashCard/cheese ,il.jpg"
118,6f026539-ea0a-43b8-ada6-75146aa70be0,1,both (en...),"/Volumes/Italian 1&2 SuperBundle/1Pictures/FlashCard/both (en) ,adj prn.jpg"
189,aa5dd79f-cadd-4a5d-b4e9-ed1d0ab0a892,1,"cloth, rag","/Volumes/Italian 1&2 SuperBundle/1Pictures/FlashCard/cloth, rag ,n.jpg"
11008,1b738142-7481-48b5-84c3-6d1906c2ca90,21,"(I) love vegetables, especially carrots.","/Volumes/Italian 1&2 SuperBundle/1Pictures/FlashCard/vegetable ,la.jpg"
330,8e57a6bd-824b-4844-a72f-48d9c7126b88,1,fifty,"/Volumes/Italian 1&2 SuperBundle/1Pictures/FlashCard/fifty ,num.jpg"
10345,c39f7b7d-9f85-4521-b470-dcad063db839,21,When (you) are driving pay attention to the fog.,"/Volumes/Italian 1&2 SuperBundle/1Pictures/FlashCard/fog ,la.jpg"
472,dc38b2b8-5254-4930-8444-70e0c63a9f2b,1,(the weather) is nice today,"/Volumes/Italian 1&2 SuperBundle/1Pictures/FlashCard/(the weather) is nice today ,phr.jpg"
517,d8640ad6-7869-469a-80d9-8dac87aeab88,1,make-up,"/Volumes/Italian 1&2 SuperBundle/1Pictures/FlashCard/make-up ,il.jpg"
562,e2c0bd04-0bad-426d-95e6-d98b4cd63775,1,nervous,"/Volumes/Italian 1&2 SuperBundle/1Pictures/FlashCard/nervous ,adj.jpg"
152,240475d1-039b-4a22-8451-9f81784bffa9,1,car park,"/Volumes/Italian 1&2 SuperBundle/1Pictures/FlashCard/car park ,il.jpg"
10866,e8ff88af-f2c8-4e33-9351-2762c3aeb170,21,(You) can't always delay!,"/Volumes/Italian 1&2 SuperBundle/1Pictures/FlashCard/to delay ,v.jpg"
465,662b368d-2e5d-4a72-b141-a76d0e79b6d9,1,information (plural),"/Volumes/Italian 1&2 SuperBundle/1Pictures/FlashCard/information ,l (fpl).jpg"
345,d5c999b3-93cb-4353-8b34-59907eff1275,1,fog,"/Volumes/Italian 1&2 SuperBundle/1Pictures/FlashCard/fog ,la.jpg"
10465,09623d3e-77fb-48ca-b5a3-bae3c0067db2,21,Where is the information office?,"/Volumes/Italian 1&2 SuperBundle/1Pictures/FlashCard/information ,l (fpl).jpg"
615,e5e96a1f-b7bb-4114-88da-64952ad902a2,1,path,"/Volumes/Italian 1&2 SuperBundle/1Pictures/FlashCard/path ,il.jpg"
872,975057b8-681a-4ab0-96fc-dfe48f1dfbe7,1,to eat,"/Volumes/Italian 1&2 SuperBundle/1Pictures/FlashCard/to eat ,v.jpg"
947,8128d374-329b-4e86-adcc-67ea4b94f394,1,"to speak, to talk","/Volumes/Italian 1&2 SuperBundle/1Pictures/FlashCard/to speak ,v.jpg"
91,e7fc2e50-e86d-46d0-b536-d77cb11d3511,1,before,"/Volumes/Italian 1&2 SuperBundle/1Pictures/FlashCard/before ,adv.jpg"
157,036a7145-2043-4ca1-a16b-115be16cdbc6,1,castle,"/Volumes/Italian 1&2 SuperBundle/1Pictures/FlashCard/castle ,il.jpg"
346,4d9fec17-7cec-43f8-b83c-236605700e6f,1,food,"/Volumes/Italian 1&2 SuperBundle/1Pictures/FlashCard/food ,il.jpg"
5323,ab7a2825-fca0-428a-ad47-8b40a7b7049b,1,(you) must (inf.sing),/Volumes/Italian 1&2 SuperBundle/1Pictures/FlashCard/ZE10200.jpg
262,ad1646fe-85f3-4e42-82fb-c7cf573659aa,1,dress,"/Volumes/Italian 1&2 SuperBundle/1Pictures/FlashCard/dress ,il.jpg"
10265,e0fd93a2-353c-404f-9462-ba189d344140,21,Some Italians are mad drivers.,"/Volumes/Italian 1&2 SuperBundle/1Pictures/FlashCard/driver (mf) ,n.jpg"
365,390d7322-46b5-49dd-87e8-b951b092fcbe,1,from time to time,"/Volumes/Italian 1&2 SuperBundle/1Pictures/FlashCard/from time to time ,phr.jpg"
493,128b3b8f-6024-4a69-bc5d-84d0ca966f1b,1,last (final),"/Volumes/Italian 1&2 SuperBundle/1Pictures/FlashCard/last ,adj.jpg"
10209,2756cd05-bcde-4deb-9157-77635534da5d,21,(I) live in a small village near Florence.,"/Volumes/Italian 1&2 SuperBundle/1Pictures/FlashCard/country ,il.jpg"
10532,4bcf37b5-6279-4135-b3ed-010e9c86d91e,21,"(I) made a mistake, can (you) lend me the eraser?","/Volumes/Italian 1&2 SuperBundle/1Pictures/FlashCard/mistake ,lo.jpg"
623,7ba69140-b677-474f-8a2e-e1c50b185967,1,pepper (sweet),"/Volumes/Italian 1&2 SuperBundle/1Pictures/FlashCard/pepper ,il.jpg"
654,bc18e996-012c-4600-843e-5e23544f8eb8,1,"pretty, lovely (f.adj)","/Volumes/Italian 1&2 SuperBundle/1Pictures/FlashCard/pretty ,lovely ,adj.jpg"
15741,4a4d5851-706c-4326-8788-ba56727cae44,21,"Oh, sorry! It doesn't matter.",/Volumes/Italian 1&2 SuperBundle/1Pictures/FlashCard/ze10034.jpg
665,e3f7c5b8-25f0-414a-bb37-4b4ce1fa4a28,1,railway,"/Volumes/Italian 1&2 SuperBundle/1Pictures/FlashCard/railway ,la.jpg"
185,470be657-c2e0-461c-86eb-31dc19d7b8bb,1,"to clean, to clean up","/Volumes/Italian 1&2 SuperBundle/1Pictures/FlashCard/clean ,v.jpg"
265,4cb1b8d2-7e4d-4e78-b328-16e196a52d02,1,driver (m),"/Volumes/Italian 1&2 SuperBundle/1Pictures/FlashCard/driver (mf) ,n.jpg"
373,6c1dc5be-3db9-47ea-a1ab-c13702bff7ef,1,furious,"/Volumes/Italian 1&2 SuperBundle/1Pictures/FlashCard/furious ,adj.jpg"
10385,f9d86af0-e9d8-4b94-838a-0ba392218166,21,Take off the glasses. It's raining!,"/Volumes/Italian 1&2 SuperBundle/1Pictures/FlashCard/glasses ,gli.jpg"
10036,e7897100-c7a3-47da-9bf5-7ccc930082b3,21,Do (you) have a flat to rent?,"/Volumes/Italian 1&2 SuperBundle/1Pictures/FlashCard/apartment ,flat ,l (m).jpg"
10326,ee7c0dbf-8bbb-45a6-8287-6576723fc5f4,21,Friendship is an important feeling.,"/Volumes/Italian 1&2 SuperBundle/1Pictures/FlashCard/feeling ,il.jpg"
671,c834382b-62ae-4a86-9edf-771a2494851d,1,return ticket,"/Volumes/Italian 1&2 SuperBundle/1Pictures/FlashCard/return ticket ,il.jpg"
907,de6ea2d1-7002-4ca1-b577-55d0ffef2168,1,"to let, to leave","/Volumes/Italian 1&2 SuperBundle/1Pictures/FlashCard/to let ,to leave ,v.jpg"
987,b298efd3-a17a-49d5-9585-5241366a0870,1,traveller,"/Volumes/Italian 1&2 SuperBundle/1Pictures/FlashCard/traveller ,il.jpg"
209,d6fbe89c-040a-4bfb-91aa-a8d32f62e85f,1,"village, country","/Volumes/Italian 1&2 SuperBundle/1Pictures/FlashCard/country ,il.jpg"
10487,5abcbb71-986b-42d9-92f6-e02c009d321e,21,The oven is in the kitchen.,"/Volumes/Italian 1&2 SuperBundle/1Pictures/FlashCard/kitchen ,stove ,cookery ,la.jpg"
880,4c5f3b9b-80da-483d-889b-3f55a4146539,1,to finish,"/Volumes/Italian 1&2 SuperBundle/1Pictures/FlashCard/to finish ,v.jpg"
382,69a7e015-9214-48d4-9359-6af4b6465d0a,1,"girl, girlfriend","/Volumes/Italian 1&2 SuperBundle/1Pictures/FlashCard/girlfriend ,la.jpg"
10719,38d7d3e1-b6ec-4e60-aba9-62310162258d,21,Let (us) ask the guard for a one-way ticket.,"/Volumes/Italian 1&2 SuperBundle/1Pictures/FlashCard/one-way ticket ,il.jpg"
10360,bb59a144-a86a-4c6f-b17b-7a2b0660c819,21,Put the meat in the freezer.,"/Volumes/Italian 1&2 SuperBundle/1Pictures/FlashCard/freezer ,il.jpg"
10987,6dc6cd42-7cbd-4d4d-b498-e99003f91ac2,21,Bill is a great traveller.,"/Volumes/Italian 1&2 SuperBundle/1Pictures/FlashCard/traveller ,il.jpg"
384,b3f2f63e-f743-4686-bb35-d05611ea45fa,1,wine glass (with stem),"/Volumes/Italian 1&2 SuperBundle/1Pictures/FlashCard/glass (with stem) ,il.jpg"
1036,653e9536-047c-4594-8663-1d60e5666251,1,why?,"/Volumes/Italian 1&2 SuperBundle/1Pictures/FlashCard/why ,q.jpg"
250,94f493bc-c950-40f1-a35f-49fb7ef8faad,1,dishwasher,"/Volumes/Italian 1&2 SuperBundle/1Pictures/FlashCard/dishwasher ,la.jpg"
859,f4e63823-bb6b-431e-b7ae-262bfbbdb3c7,1,to close,"/Volumes/Italian 1&2 SuperBundle/1Pictures/FlashCard/to close ,v.jpg"
5306,bfd35a31-4387-49ae-a0a8-e999a2c75892,1,information,/Volumes/Italian 1&2 SuperBundle/1Pictures/FlashCard/ze10110.jpg
827,db2cd242-e024-4357-b3cb-f6d19ee51470,1,to bathe,"/Volumes/Italian 1&2 SuperBundle/1Pictures/FlashCard/to bathe ,v.jpg"
882,2aaabc49-3f11-458f-ba42-0a7d23d4c696,1,to get up,"/Volumes/Italian 1&2 SuperBundle/1Pictures/FlashCard/to get up ,v.jpg"
895,fef06fb7-9c6a-4559-b35a-b05744839ebc,1,to help,"/Volumes/Italian 1&2 SuperBundle/1Pictures/FlashCard/to help ,v.jpg"
518,10e5d7b3-e6ce-4ce4-b64f-dd5dab092b9e,1,man,"/Volumes/Italian 1&2 SuperBundle/1Pictures/FlashCard/man ,l (m).jpg"
15443,6226b36a-9e98-459f-8220-0d116971c4c4,21,Whose is that ball?,/Volumes/Italian 1&2 SuperBundle/1Pictures/FlashCard/ze10940.jpg
10153,4130f954-d845-4939-a2b4-f565c813ee31,21,Caution/Watch out! Slippery floor.,"/Volumes/Italian 1&2 SuperBundle/1Pictures/FlashCard/careful watch out take care ,caution ,exc.jpg"
10306,a163b53d-6877-46b7-be0f-1c39e998abf7,21,Where is the exit?,"/Volumes/Italian 1&2 SuperBundle/1Pictures/FlashCard/exit ,l (f).JPG"
10330,26eb0bcc-d5c9-4252-aa5b-5b117a2c14be,21,Fifty multiplied by ten is five hundred.,"/Volumes/Italian 1&2 SuperBundle/1Pictures/FlashCard/fifty ,num.jpg"
10185,a544dd18-3a9e-4dee-80d5-d189c28fa6b7,21,(They) have to clean (up) the restaurant every night.,"/Volumes/Italian 1&2 SuperBundle/1Pictures/FlashCard/clean ,v.jpg"
10250,e875af08-099e-4367-a5da-193b19ae29dc,21,"There are too many plates in the sink, put them in the dishwasher.","/Volumes/Italian 1&2 SuperBundle/1Pictures/FlashCard/dishwasher ,la.jpg"
10327,161f0e86-b7b1-43f9-b799-c4b2843d7b51,21,Today the goat has jumped over the fence.,"/Volumes/Italian 1&2 SuperBundle/1Pictures/FlashCard/fence ,il.jpg"
10382,6485e3d7-bf04-4a08-84e8-b8cdaac88d83,21,What a beautiful girl.,"/Volumes/Italian 1&2 SuperBundle/1Pictures/FlashCard/girlfriend ,la.jpg"
10472,d0d4ef0b-febf-42c5-b57a-fd7d2eeacffc,21,"Great, the weather is nice today!","/Volumes/Italian 1&2 SuperBundle/1Pictures/FlashCard/(the weather) is nice today ,phr.jpg"
15353,a5e62dc5-ff0d-46d5-95e3-451765478512,21,(I) took a taxi to come back home.,/Volumes/Italian 1&2 SuperBundle/1Pictures/FlashCard/ZE10017.JPG
10392,7e792b7b-e60e-44bb-b84d-ece743d3c875,21,"As soon as (you) arrive (you) have to say ""good evening!"" (inf)","/Volumes/Italian 1&2 SuperBundle/1Pictures/FlashCard/good evening ,exc.jpg"
10437,5bc68970-65cb-42a8-b441-0bb12ee98547,21,"How do (you) say ""ombrello"" in English?","/Volumes/Italian 1&2 SuperBundle/1Pictures/FlashCard/how do you say  ,q.jpg"
10527,807e611d-c021-4767-a8f4-4660333d982f,21,The microwave is very convenient.,"/Volumes/Italian 1&2 SuperBundle/1Pictures/FlashCard/microwave ,la.jpg"
10665,66d13a7a-311b-4251-952c-666a14719590,21,Jack and I usually meet near the railway.,"/Volumes/Italian 1&2 SuperBundle/1Pictures/FlashCard/railway ,la.jpg"
760,8fa09e0c-1fa7-421c-bf5f-578333d1d537,1,stream,"/Volumes/Italian 1&2 SuperBundle/1Pictures/FlashCard/stream ,il.jpg"
10830,803df5c2-728d-4fea-964c-00275b674ecd,21,"Can (you) hold the book for me, please?","/Volumes/Italian 1&2 SuperBundle/1Pictures/FlashCard/to hold ,v.jpg"
10908,c8272dc5-caac-45f4-83bf-ea94b9951f42,21,This morning (I) listened to a little bit of classical music.,"/Volumes/Italian 1&2 SuperBundle/1Pictures/FlashCard/to listen ,v.jpg"
199,b5b99010-d609-4d4e-b020-c9a5316ede38,1,color,"/Volumes/Italian 1&2 SuperBundle/1Pictures/FlashCard/color ,il.jpg"
10242,9639ca4b-bff7-4b41-8d10-1a4faad6465c,21,Even if (I) have the dictionary (I) can't understand this homework.,"/Volumes/Italian 1&2 SuperBundle/1Pictures/FlashCard/dictionary ,il.jpg"
10292,553262ef-3ac4-403c-b03a-a1903989d287,21,Here's the spaghetti. Enjoy your meal!,"/Volumes/Italian 1&2 SuperBundle/1Pictures/FlashCard/enjoy your meal ,exc.jpg"
10740,fde15799-b576-4ef6-927c-47a6561f6159,21,Can someone explain to me what happened?,"/Volumes/Italian 1&2 SuperBundle/1Pictures/FlashCard/somebody ,someone ,prn.jpg"
210,39680873-ee07-4aec-966f-e259d5e323ff,1,countryside,"/Volumes/Italian 1&2 SuperBundle/1Pictures/FlashCard/countryside ,la.jpg"
10210,59dbbe65-a280-49fe-9a02-4dd6762ee0da,21,(I) live in (a) beautiful countryside.,"/Volumes/Italian 1&2 SuperBundle/1Pictures/FlashCard/countryside ,la.jpg"
394,156a4572-3583-41b0-ae89-7faee5ceaca0,1,grandfather,"/Volumes/Italian 1&2 SuperBundle/1Pictures/FlashCard/grandfather ,il.jpg"
10500,c3ad9591-eff1-4daa-95bc-5ca632f6787e,21,Today's lesson is boring.,"/Volumes/Italian 1&2 SuperBundle/1Pictures/FlashCard/lesson ,la.jpg"
617,8f69d65a-0a0b-4fe1-863d-3d4c0623898c,1,pea,"/Volumes/Italian 1&2 SuperBundle/1Pictures/FlashCard/pea ,il.jpg"
10617,5e6373ee-0c1c-4575-9090-271468459138,21,Yesterday (I) ate meat with peas.,"/Volumes/Italian 1&2 SuperBundle/1Pictures/FlashCard/pea ,il.jpg"
10693,4724f1d3-ab00-42ad-ba0e-abb07b3cc510,21,(I)'d like a dish of seafood spaghetti.,"/Volumes/Italian 1&2 SuperBundle/1Pictures/FlashCard/seafood, shellfish ,npl.jpg"
10826,2e416621-1dde-438d-9837-123ac932e2d9,21,Have (you) asked the waitress already ?,"/Volumes/Italian 1&2 SuperBundle/1Pictures/FlashCard/to ask for ,to order ,v.jpg"
1052,d24999b2-e1cb-483f-bb55-6ebd1b5ef21c,1,year,"/Volumes/Italian 1&2 SuperBundle/1Pictures/FlashCard/year ,l (m).jpg"
10909,290304ae-86ab-402a-a934-002cb83cfd4e,21,Where do (you) live?,"/Volumes/Italian 1&2 SuperBundle/1Pictures/FlashCard/to live ,v.jpg"
143,b933886d-8a6c-442a-8dee-93a9c583bd50,1,butterfly,"/Volumes/Italian 1&2 SuperBundle/1Pictures/FlashCard/butterfly ,la.jpg"
10555,4b7fe665-0078-47f3-8648-29de6fb42a38,21,Could you tell me the name of the addressee? (form.sing),/Volumes/Italian 1&2 SuperBundle/1Pictures/FlashCard/name.jpg
826,34147d84-ad9b-4f30-8313-f442a86cd1ac,1,"to ask for, to order","/Volumes/Italian 1&2 SuperBundle/1Pictures/FlashCard/to ask for ,to order ,v.jpg"
909,db254154-757c-448c-adc4-f7e7ea06d6b3,1,to live,"/Volumes/Italian 1&2 SuperBundle/1Pictures/FlashCard/to live ,v.jpg"
944,8aff7f72-6649-4018-8add-4d4be9b3e200,1,to smile,"/Volumes/Italian 1&2 SuperBundle/1Pictures/FlashCard/to smile ,v.jpg"
10989,37e79e2f-fa88-4395-820e-121575972fbc,21,Put on this jersey with black trousers.,"/Volumes/Italian 1&2 SuperBundle/1Pictures/FlashCard/trousers ,npl.jpg"
242,504ff230-1cbe-46c4-86f8-db7cfbad929d,1,dictionary,"/Volumes/Italian 1&2 SuperBundle/1Pictures/FlashCard/dictionary ,il.jpg"
338,8be478c8-cfc3-41cd-8b80-68355b7a8deb,1,beef,"/Volumes/Italian 1&2 SuperBundle/1Pictures/FlashCard/beef ,il.jpg"
10240,7f4de889-01ed-40fb-a2ea-bce45df5dc3d,21,Express (make) a wish.,"/Volumes/Italian 1&2 SuperBundle/1Pictures/FlashCard/desire ,il.jpg"
273,3872bfc1-1f52-4eb8-b5d9-ae02d4e9a3ed,1,ear,"/Volumes/Italian 1&2 SuperBundle/1Pictures/FlashCard/ear ,l (m).jpg"
522,713e8680-6d1b-49a6-b643-5727c7c02e70,1,"marriage, wedding","/Volumes/Italian 1&2 SuperBundle/1Pictures/FlashCard/marriage ,il.jpg"
240,68bff96e-8142-4e6b-b8ac-798cfb42b192,1,desire,"/Volumes/Italian 1&2 SuperBundle/1Pictures/FlashCard/desire ,il.jpg"
484,0a2251ca-3c19-4762-a89c-2a59d08a3471,1,key,"/Volumes/Italian 1&2 SuperBundle/1Pictures/FlashCard/key ,la.jpg"
555,a5a8c7c8-a715-46ef-a3b4-8ec5b2a55cab,1,name,/Volumes/Italian 1&2 SuperBundle/1Pictures/FlashCard/name.jpg
660,51f25076-3b0b-49e9-9ba5-e421f8be8dbc,1,quality,"/Volumes/Italian 1&2 SuperBundle/1Pictures/FlashCard/quality ,la.jpg"
795,a7dd77e4-a342-4fc0-8ddb-f54eafdd7007,1,the weather is nice,"/Volumes/Italian 1&2 SuperBundle/1Pictures/FlashCard/the weather is nice ,phr.jpg"
978,0cc35785-7900-454e-bb66-33f601b65c0a,1,tomato,"/Volumes/Italian 1&2 SuperBundle/1Pictures/FlashCard/tomato ,il.jpg"
7,d3d2776c-3100-4b5a-9a01-e03a71d9095e,1,address,"/Volumes/Italian 1&2 SuperBundle/1Pictures/FlashCard/address ,l (m).jpg"
307,71a5cf9e-7287-4c12-8f76-ba6f2bbc1ddc,1,expense,"/Volumes/Italian 1&2 SuperBundle/1Pictures/FlashCard/expense ,n.jpg"
60,39a51ebe-bb54-443c-94da-128c24cb14e6,1,autumn,"/Volumes/Italian 1&2 SuperBundle/1Pictures/FlashCard/autumn ,l (m).jpg"
10523,0cf4deb2-6934-4fef-ab0b-2f08d2287bed,21,(I) don't have a lighter but (I) have matches.,"/Volumes/Italian 1&2 SuperBundle/1Pictures/FlashCard/matches ,npl.jpg"
970,9433c8ec-45fd-4c31-819c-4e80d894f2d4,1,to taste,"/Volumes/Italian 1&2 SuperBundle/1Pictures/FlashCard/to taste ,v.jpg"
364,1bff4c46-89d8-413f-a593-2b850a05d472,1,friendship,"/Volumes/Italian 1&2 SuperBundle/1Pictures/FlashCard/friendship ,l (f).jpg"
963,aad5b994-9cb2-4361-9122-f2ce42d29506,1,to use,"/Volumes/Italian 1&2 SuperBundle/1Pictures/FlashCard/to use ,v.jpg"
984,23e66cad-7514-4437-a589-a96c5f564da8,1,"towel, bath towel","/Volumes/Italian 1&2 SuperBundle/1Pictures/FlashCard/towel ,bath towel ,l (m).jpg"
150,4579b830-2dff-43ee-b720-5ec750a418a3,1,hat,"/Volumes/Italian 1&2 SuperBundle/1Pictures/FlashCard/hat ,il.jpg"
179,bd10a619-71ae-4a88-bc08-50f6addc1b99,1,chores,"/Volumes/Italian 1&2 SuperBundle/1Pictures/FlashCard/chores ,le (fpl).jpg"
10197,a5c76151-90ba-40db-b677-b0032567bf0a,21,(I)'m afraid (but) (I) have no coins.,"/Volumes/Italian 1&2 SuperBundle/1Pictures/FlashCard/coin ,currency ,la.jpg"
454,bafa8af9-3fb5-4033-b2a9-11f503d59843,1,identity,"/Volumes/Italian 1&2 SuperBundle/1Pictures/FlashCard/identity ,l (f).jpg"
710,c69b530b-1e03-4718-9bb6-5540c2266657,1,shirt,"/Volumes/Italian 1&2 SuperBundle/1Pictures/FlashCard/shirt ,la.jpg"
989,46ab047a-37d4-4a98-bb3a-362363896020,1,trousers,"/Volumes/Italian 1&2 SuperBundle/1Pictures/FlashCard/trousers ,npl.jpg"
39,a9962306-e6ca-4f53-bb77-481f3eae6387,1,arm,"/Volumes/Italian 1&2 SuperBundle/1Pictures/FlashCard/arm ,il.jpg"
10311,cc482897-b684-45c8-b96a-a6bf2589681f,21,(You) have a very pale face.,"/Volumes/Italian 1&2 SuperBundle/1Pictures/FlashCard/face ,la.jpg"
10338,cb8a1a11-f56d-4601-8ef0-28c08f90adf2,21,How many slices of beef do (you) want?,"/Volumes/Italian 1&2 SuperBundle/1Pictures/FlashCard/beef ,il.jpg"
10419,eba4bb28-ec5c-4881-99f1-14a7814a04f7,21,Call me if you need help.,"/Volumes/Italian 1&2 SuperBundle/1Pictures/FlashCard/help (assistance) ,l (m).jpg"
488,28268922-2a4e-4f19-9d74-e146c25f5556,1,knife,"/Volumes/Italian 1&2 SuperBundle/1Pictures/FlashCard/knife ,il.jpg"
10660,91260fdc-3d1b-43a0-b704-3b44cb1d824e,21,(I) select only excellent quality goods.,"/Volumes/Italian 1&2 SuperBundle/1Pictures/FlashCard/quality ,la.jpg"
5312,e9958340-63dc-4173-8059-140b78dc58c9,1,"the (masculine, singular)",/Volumes/Italian 1&2 SuperBundle/1Pictures/FlashCard/ZE10150.jpg
10575,aa785506-2720-4b81-b661-25f67ecc41e6,21,"No, (I) have no idea.","/Volumes/Italian 1&2 SuperBundle/1Pictures/FlashCard/no ,not ,adv.jpg"
1039,760de0cd-9b1c-481b-b5c9-6f483b88056a,1,wife,"/Volumes/Italian 1&2 SuperBundle/1Pictures/FlashCard/wife ,la.jpg"
48,142ece64-72aa-41c5-9f9f-445ba144c905,1,of (belonging to),"/Volumes/Italian 1&2 SuperBundle/1Pictures/FlashCard/of (belonging to) ,prep.jpg"
449,5f6763f1-63d5-4ac1-b862-2fce1338a79b,1,husband,"/Volumes/Italian 1&2 SuperBundle/1Pictures/FlashCard/husband ,il.jpg"
10512,6ec99c45-c889-4c8a-9c1f-2288dd154e7a,21,(He) married her for love.,"/Volumes/Italian 1&2 SuperBundle/1Pictures/FlashCard/love ,l (m).jpg"
1042,cea70726-ea4d-4734-8ad4-5363033b1ece,1,wine,"/Volumes/Italian 1&2 SuperBundle/1Pictures/FlashCard/wine ,il.jpg"
5355,7b3f3a56-c0a9-4b72-9dc2-b4f5d8b7096f,1,"you (informal, singular)",/Volumes/Italian 1&2 SuperBundle/1Pictures/FlashCard/ze10410.jpg
3429,9138fac0-97a9-428a-a6d8-7b45a5394ee7,1,to want,/Volumes/Italian 1&2 SuperBundle/1Pictures/FlashCard/ZE10109.jpg
359,3444003c-412a-4ff0-8394-53bc6af4a2ee,1,"freedom, liberty","/Volumes/Italian 1&2 SuperBundle/1Pictures/FlashCard/freedom ,liberty ,la.jpg"
786,9d83d41c-a448-4df7-812e-3050219dfcf6,1,like that,"/Volumes/Italian 1&2 SuperBundle/1Pictures/FlashCard/like that ,relclause.jpg"
902,797e5c7a-c339-4dbb-b649-149017989d1b,1,to know (a fact),"/Volumes/Italian 1&2 SuperBundle/1Pictures/FlashCard/to know (a fact) ,v.jpg"
10902,1ddfabfc-b4ae-4b44-8625-f08b5a4c132c,21,(I) know (how) to speak three languages.,"/Volumes/Italian 1&2 SuperBundle/1Pictures/FlashCard/to know (a fact) ,v.jpg"
302,e9e23a68-7934-4413-88fb-95ce7938f33d,1,"exam, test","/Volumes/Italian 1&2 SuperBundle/1Pictures/FlashCard/exam ,l (m).jpg"
512,9aeae321-754a-4e56-bc7e-0307ba7f67ab,1,love,"/Volumes/Italian 1&2 SuperBundle/1Pictures/FlashCard/love ,l (m).jpg"
560,9745761a-73fe-4a2f-a18d-23225096b3a1,1,neither,"/Volumes/Italian 1&2 SuperBundle/1Pictures/FlashCard/neither ,adv.jpg"
251,849e4f92-a205-44b7-8110-b77617c1795c,1,district,"/Volumes/Italian 1&2 SuperBundle/1Pictures/FlashCard/district ,il.jpg"
10584,0e5b7f62-a5b6-4da4-911b-11edc6f6c616,21,Call me now.,"/Volumes/Italian 1&2 SuperBundle/1Pictures/FlashCard/now ,adv.jpg"
322,5a0cafa2-d67c-42bc-80fd-2deff7082c3b,1,favour,"/Volumes/Italian 1&2 SuperBundle/1Pictures/FlashCard/favour ,il.jpg"
331,cb46db76-1630-424c-96e9-69c221e4c987,1,fight,"/Volumes/Italian 1&2 SuperBundle/1Pictures/FlashCard/fight ,la.jpg"
551,83a1a83f-d419-4f62-ba5d-6e14675ad467,1,museum,"/Volumes/Italian 1&2 SuperBundle/1Pictures/FlashCard/museum ,il.jpg"
731,668c290e-1c15-445c-8e73-facd87a859f7,1,pest,"/Volumes/Italian 1&2 SuperBundle/1Pictures/FlashCard/pest ,la.jpg"
124,bb90040f-7737-48ce-88bc-5f6ac6c21cd3,1,breakfast,"/Volumes/Italian 1&2 SuperBundle/1Pictures/FlashCard/breakfast ,la.jpg"
165,885cdad7-0bcd-4b52-9880-e6bb54216d8f,1,change (replacement),"/Volumes/Italian 1&2 SuperBundle/1Pictures/FlashCard/change (replacement) ,il.jpg"
295,44468216-9ddf-425e-8e1b-77eb6809c7bd,1,"eraser, rubber","/Volumes/Italian 1&2 SuperBundle/1Pictures/FlashCard/eraser ,rubber ,la.jpg"
556,14318469-440b-4b68-8595-c607c2e3307b,1,nationality,"/Volumes/Italian 1&2 SuperBundle/1Pictures/FlashCard/nationality ,la.jpg"
633,2cebd238-5ea9-4d1c-991d-09d9a9bbaf42,1,pillow,"/Volumes/Italian 1&2 SuperBundle/1Pictures/FlashCard/pillow ,il.jpg"
676,9ca1e2f5-c7db-4947-a92c-51c4f20ce59d,1,roast,"/Volumes/Italian 1&2 SuperBundle/1Pictures/FlashCard/roast ,l (m).jpg"
1044,7b1924c6-d6c8-4f77-b075-c4352179a660,1,"with, by","/Volumes/Italian 1&2 SuperBundle/1Pictures/FlashCard/with ,prep.jpg"
1045,47525b3e-c034-4b58-bb0c-88b740499aec,1,with me,"/Volumes/Italian 1&2 SuperBundle/1Pictures/FlashCard/with me ,prn.jpg"
10179,d270f491-2472-44ba-aa63-b1c13eb10e68,21,"Please, help me with the chores.","/Volumes/Italian 1&2 SuperBundle/1Pictures/FlashCard/chores ,le (fpl).jpg"
10331,10b16c3e-30ed-47c3-8e87-c9d45c913fec,21,The fight against smoking is important.,"/Volumes/Italian 1&2 SuperBundle/1Pictures/FlashCard/fight ,la.jpg"
10396,043f199b-7ce4-47f0-b2c5-83cb6532bb51,21,From grapes (they) produce wine.,"/Volumes/Italian 1&2 SuperBundle/1Pictures/FlashCard/grape ,l (f).jpg"
10710,2b768d01-b105-4426-8eb5-e35bf3a89bcb,21,"(I) have to wash the socks, my blouse and your shirt.","/Volumes/Italian 1&2 SuperBundle/1Pictures/FlashCard/shirt ,la.jpg"
748,d50fbd50-225a-4cbe-8d08-70d08a7122da,1,spoon,"/Volumes/Italian 1&2 SuperBundle/1Pictures/FlashCard/spoon ,il.jpg"
868,0ad7bfc3-6090-4012-92ef-82f5e42bd42b,1,"to do, to make, to build","/Volumes/Italian 1&2 SuperBundle/1Pictures/FlashCard/to do ,to make ,to build ,v.jpg"
6512,92288efb-4c09-4034-8576-f85acfb40070,1,niece,/Volumes/Italian 1&2 SuperBundle/1Pictures/FlashCard/ze10047.jpg
6513,c9ec770c-693e-4363-b79d-7aab396e6314,1,nephew,/Volumes/Italian 1&2 SuperBundle/1Pictures/FlashCard/ze10048.jpg
216,34526838-4dae-4ced-b1c9-d7b64bc3e11e,1,crowd,"/Volumes/Italian 1&2 SuperBundle/1Pictures/FlashCard/crowd ,la.jpg"
10307,7c51dd28-2f86-4005-8f67-673f4b0c8bcd,21,(We) have to control the (business) expenses.,"/Volumes/Italian 1&2 SuperBundle/1Pictures/FlashCard/expense ,n.jpg"
10334,46deaa8c-22fb-4fff-b3fd-da8674bfdd94,21,On a hand there are five fingers.,"/Volumes/Italian 1&2 SuperBundle/1Pictures/FlashCard/finger ,il.jpg"
396,51eae91c-f8ce-4e4e-89bb-1e88ec56fb4d,1,grape,"/Volumes/Italian 1&2 SuperBundle/1Pictures/FlashCard/grape ,l (f).jpg"
419,61768346-e92a-4097-b6f6-97741ee4dbe7,1,help (assistance),"/Volumes/Italian 1&2 SuperBundle/1Pictures/FlashCard/help (assistance) ,l (m).jpg"
513,f6b58168-c149-4768-9924-ed64497583ca,1,"low, short (person)","/Volumes/Italian 1&2 SuperBundle/1Pictures/FlashCard/low ,short (person) ,adj.jpg"
849,061b6351-c6a7-4069-bb45-b9f794426b3f,1,to brake,"/Volumes/Italian 1&2 SuperBundle/1Pictures/FlashCard/to brake ,v.jpg"
569,bff97a25-0ae4-4107-b9ef-7eb0ab827d3c,1,night,"/Volumes/Italian 1&2 SuperBundle/1Pictures/FlashCard/night ,la.jpg"
662,5fe1e69e-5733-46b9-bb4c-f55a2f2ba106,1,queue,"/Volumes/Italian 1&2 SuperBundle/1Pictures/FlashCard/queue ,la.jpg"
10041,96014fe9-2eb1-49e1-87ae-897dd324e64d,21,What is the time of arrival?,"/Volumes/Italian 1&2 SuperBundle/1Pictures/FlashCard/arrival ,l (m).jpg"
167,55bc8aed-64fd-43d9-a55c-c539cdce5f12,1,cheek,"/Volumes/Italian 1&2 SuperBundle/1Pictures/FlashCard/cheek ,la.jpg"
10251,03b54be2-1e01-45ae-8bf1-f6bcde0cd375,21,In which district do (you) live?,"/Volumes/Italian 1&2 SuperBundle/1Pictures/FlashCard/district ,il.jpg"
10444,9034de3c-f89e-474e-a59c-8f3429ad5f78,21,English humor is strange.,"/Volumes/Italian 1&2 SuperBundle/1Pictures/FlashCard/humor ,l (m).jpg"
688,b8f57067-fc0a-4402-8a12-0495121612d1,1,sauce,"/Volumes/Italian 1&2 SuperBundle/1Pictures/FlashCard/sauce ,la.jpg"
10868,75724c5a-5013-419d-968d-c2dd70d38e7a,21,"Today (I) must do the exercises, absolutely.","/Volumes/Italian 1&2 SuperBundle/1Pictures/FlashCard/to do ,to make ,to build ,v.jpg"
10060,051fa79d-0a07-42f1-9ccb-ae355726ebec,21,The saddest seasons in the year are autumn and winter.,"/Volumes/Italian 1&2 SuperBundle/1Pictures/FlashCard/autumn ,l (m).jpg"
10152,146a4d95-8165-4a59-bd29-5ff8964cf15b,21,Is there room/a place in the car park?,"/Volumes/Italian 1&2 SuperBundle/1Pictures/FlashCard/car park ,il.jpg"
10189,8059ecd9-d77d-4617-9e7d-72b2e2456b52,21,Clean the table with the cloth.,"/Volumes/Italian 1&2 SuperBundle/1Pictures/FlashCard/cloth, rag ,n.jpg"
10318,6a2e5872-c1d6-42af-b8cf-25aba61f9b3e,21,Can (you) suggest a favourable telephone rate for me?,"/Volumes/Italian 1&2 SuperBundle/1Pictures/FlashCard/fare ,la.jpg"
10488,d1bdb30a-1b03-4b86-92f6-56aa64e92298,21,"(I) need a knife, a spoon and a fork.","/Volumes/Italian 1&2 SuperBundle/1Pictures/FlashCard/knife ,il.jpg"
10633,67abe775-24d5-4dd5-88b3-c5045b5fcb35,21,Put the pillow case on the pillow.,"/Volumes/Italian 1&2 SuperBundle/1Pictures/FlashCard/pillow ,il.jpg"
10805,3a0967a0-3bb3-421e-bc4e-ef5d7e86e8b7,21,The thing (I) hate most is the rain.,"/Volumes/Italian 1&2 SuperBundle/1Pictures/FlashCard/thing ,la.jpg"
53,62e9545d-875c-4c6c-8927-99d1afae523f,1,in (time),"/Volumes/Italian 1&2 SuperBundle/1Pictures/FlashCard/in (time) ,prep.jpg"
59,d1256229-6ab9-4403-afca-e488eacc603b,1,aunt,"/Volumes/Italian 1&2 SuperBundle/1Pictures/FlashCard/aunt ,la.jpg"
63,e822e803-07a3-459a-b99e-24c3463a7b69,1,awake,"/Volumes/Italian 1&2 SuperBundle/1Pictures/FlashCard/awake ,adj.jpg"
54,b988f02e-961f-4a17-88a0-0c1b9aec5268,1,"between, among","/Volumes/Italian 1&2 SuperBundle/1Pictures/FlashCard/between ,among ,prep.jpg"
69,d57cdd8c-74f4-4585-be16-b6d387f343fe,1,ball (playing),"/Volumes/Italian 1&2 SuperBundle/1Pictures/FlashCard/ball (playing) ,la.jpg"
101,7af14edc-a632-4c0c-9c91-144d96019c84,1,big,"/Volumes/Italian 1&2 SuperBundle/1Pictures/FlashCard/big ,adj.jpg"
5737,463caa48-79bf-45ed-b82b-3dc87caf38ba,1,Can you show me?,/Volumes/Italian 1&2 SuperBundle/1Pictures/FlashCard/ZE13480.jpg
5742,e9613aaf-490c-436c-bd87-7684734ec491,1,is it possible?,/Volumes/Italian 1&2 SuperBundle/1Pictures/FlashCard/ze10035.jpg
133,e5435b13-7042-4505-8be4-4108e098a842,1,bull,"/Volumes/Italian 1&2 SuperBundle/1Pictures/FlashCard/bull ,il.jpg"
135,38ffdfb2-77c2-47e9-aa4a-815a93094386,1,bus station,"/Volumes/Italian 1&2 SuperBundle/1Pictures/FlashCard/bus station ,la.jpg"
754,a5c12305-790c-4858-a0bf-79361e3a9c73,1,steak,"/Volumes/Italian 1&2 SuperBundle/1Pictures/FlashCard/steak ,la.jpg"
6575,b151e45c-c337-438c-86eb-4db38101a44b,1,badly,/Volumes/Italian 1&2 SuperBundle/1Pictures/FlashCard/ze10054.jpg
183,ac420600-b6bd-4924-beec-cbae3872a0f2,1,"city, town","/Volumes/Italian 1&2 SuperBundle/1Pictures/FlashCard/city ,town ,la.jpg"
196,b82166d2-8437-4142-af80-e2e7da59d124,1,coffee,"/Volumes/Italian 1&2 SuperBundle/1Pictures/FlashCard/coffee ,il.jpg"
198,76151aaa-2f51-434d-bcd6-e87719726f48,1,cold,"/Volumes/Italian 1&2 SuperBundle/1Pictures/FlashCard/cold ,adj.jpg"
200,c0005b46-5c7f-4c78-9f02-9e393bf7fab5,1,comb,"/Volumes/Italian 1&2 SuperBundle/1Pictures/FlashCard/comb ,il.jpg"
218,c58c4085-98cf-424c-87dd-1e2bc0ae3d65,1,cup (mug),"/Volumes/Italian 1&2 SuperBundle/1Pictures/FlashCard/cup ,la.jpg"
228,91b75d3a-22e5-4629-a82d-9b162a3d76f8,1,date,"/Volumes/Italian 1&2 SuperBundle/1Pictures/FlashCard/date ,la.jpg"
234,2fc2d7d1-fbf7-4542-a7c7-92e50b9cd731,1,degree,"/Volumes/Italian 1&2 SuperBundle/1Pictures/FlashCard/degree ,il.jpg"
230,be84593f-7db6-49ea-9611-a711bcabe2cc,1,daughter,"/Volumes/Italian 1&2 SuperBundle/1Pictures/FlashCard/daughter ,la.jpg"
494,35181004-8b5e-4b11-901d-77640250bcf9,1,last night,"/Volumes/Italian 1&2 SuperBundle/1Pictures/FlashCard/last night ,adv.jpg"
495,0b48f564-865c-45e7-998d-57e5da78312b,1,late,"/Volumes/Italian 1&2 SuperBundle/1Pictures/FlashCard/late ,adv.jpg"
343,b9eb93f9-cba1-4ee0-abe9-456eae4ef375,1,flu,"/Volumes/Italian 1&2 SuperBundle/1Pictures/FlashCard/flu ,l (f).jpg"
655,5c2dbe6b-b5a3-4a92-9021-c03d9ea89ddb,1,private,"/Volumes/Italian 1&2 SuperBundle/1Pictures/FlashCard/private ,adj.JPG"
1060,2fed7ff9-9415-4ab3-8310-bddbbfb612d7,1,"youth, young man","/Volumes/Italian 1&2 SuperBundle/1Pictures/FlashCard/youth ,il.jpg"
269,60e10f82-3871-4968-a3aa-cd511fee8506,1,duck,"/Volumes/Italian 1&2 SuperBundle/1Pictures/FlashCard/duck ,l (f).jpg"
45,a4680df7-2bcb-45eb-b7b6-323d6ada2ca9,1,in the end (of),"/Volumes/Italian 1&2 SuperBundle/1Pictures/FlashCard/in the end of ,phr.jpg"
173,c58985e1-2ea7-4a8a-b82c-56ae822eaf93,1,chicken,"/Volumes/Italian 1&2 SuperBundle/1Pictures/FlashCard/chicken ,il.jpg"
203,745aff5e-4c3e-4a1a-a214-5b7753994858,1,congratulations!,"/Volumes/Italian 1&2 SuperBundle/1Pictures/FlashCard/congratulations ,exc.jpg"
219,c9f301a8-00c0-4a95-aa0e-3f53d79ec452,1,cupboard,"/Volumes/Italian 1&2 SuperBundle/1Pictures/FlashCard/cupboard ,l (m).jpg"
275,d2430e0a-7d80-453e-90d5-b1e6596b9596,1,easy,"/Volumes/Italian 1&2 SuperBundle/1Pictures/FlashCard/easy ,adj.jpg"
501,de867092-8644-4e39-a4e9-091d824470b8,1,letter,"/Volumes/Italian 1&2 SuperBundle/1Pictures/FlashCard/letter ,la.jpg"
286,31a7bed2-f8ac-4c63-bf3e-79dca3a48f2d,1,electricity,"/Volumes/Italian 1&2 SuperBundle/1Pictures/FlashCard/electricity ,l (f).jpg"
421,7f2799aa-dc2a-4c0b-b83f-62c2b2ea738a,1,hen,"/Volumes/Italian 1&2 SuperBundle/1Pictures/FlashCard/hen ,la.jpg"
304,18c024ce-bc62-402b-a078-e8f596a45529,1,excellent,"/Volumes/Italian 1&2 SuperBundle/1Pictures/FlashCard/excellent ,adj.jpg"
471,c2236a98-989e-42ae-989f-e6bd1a166cd1,1,invitation,"/Volumes/Italian 1&2 SuperBundle/1Pictures/FlashCard/invitation ,l (m).jpg"
503,acb819fc-56e4-4363-8569-b1ba820cf06f,1,library,"/Volumes/Italian 1&2 SuperBundle/1Pictures/FlashCard/library ,la.jpg"
897,00ef1806-432c-4d03-8929-f8464abfa0b6,1,to increase,"/Volumes/Italian 1&2 SuperBundle/1Pictures/FlashCard/to increase ,v.jpg"
903,abbcb90d-ac05-421f-811f-1602d6b28dea,1,to land,"/Volumes/Italian 1&2 SuperBundle/1Pictures/FlashCard/to land ,v.jpg"
254,f1d14a37-89e5-4a60-b347-22029695c047,1,document,"/Volumes/Italian 1&2 SuperBundle/1Pictures/FlashCard/document ,il.jpg"
272,145f96b2-478d-4a84-8197-ac1f46371f20,1,"each, every","/Volumes/Italian 1&2 SuperBundle/1Pictures/FlashCard/each ,adj.jpg"
601,64e706d2-1949-4ef2-adc8-370bcef540cd,1,orange (fruit),"/Volumes/Italian 1&2 SuperBundle/1Pictures/FlashCard/orange (fruit) ,l (f).jpg"
614,4a897e47-a640-4fe9-9137-58871d7d0b61,1,passport,"/Volumes/Italian 1&2 SuperBundle/1Pictures/FlashCard/passport ,il.jpg"
979,ac8c0dff-949b-40aa-b416-80216cf38947,1,"tomorrow, morning","/Volumes/Italian 1&2 SuperBundle/1Pictures/FlashCard/tomorrow, morning ,adjadv.jpg"
299,2043b282-be6b-4a6e-9c31-cce4b161f263,1,everybody,"/Volumes/Italian 1&2 SuperBundle/1Pictures/FlashCard/everybody ,prn.jpg"
301,73681504-9e66-4c96-9b24-18bf871851e8,1,"exact, exactly","/Volumes/Italian 1&2 SuperBundle/1Pictures/FlashCard/exact ,exactly ,adj.jpg"
769,39ebae30-c178-4756-b1d0-adedc753447d,1,summer,"/Volumes/Italian 1&2 SuperBundle/1Pictures/FlashCard/summer ,l (f).jpg"
333,f43218ce-bf95-4c89-bced-92a672f01bbd,1,final,"/Volumes/Italian 1&2 SuperBundle/1Pictures/FlashCard/final ,adj.jpg"
349,c01ed6dc-0fd4-457b-81ec-c6bacc65d676,1,footballer,"/Volumes/Italian 1&2 SuperBundle/1Pictures/FlashCard/footballer ,il.jpg"
351,6f38574b-1491-4f39-b4b2-8202d5c089ed,1,fork,"/Volumes/Italian 1&2 SuperBundle/1Pictures/FlashCard/fork ,la.jpg"
377,0cfb0c30-9af7-4c4d-95a1-a9d6f37fb8be,1,garden,"/Volumes/Italian 1&2 SuperBundle/1Pictures/FlashCard/garden ,il.jpg"
383,76180fba-3818-494d-9750-29161451f615,1,glass (drinking),"/Volumes/Italian 1&2 SuperBundle/1Pictures/FlashCard/glass (drinking) ,il.jpg"
386,70855485-af47-4749-8f6e-be5a18c8e7e4,1,goal,"/Volumes/Italian 1&2 SuperBundle/1Pictures/FlashCard/goal ,il.jpg"
392,e3548284-f8f3-42e0-8ae1-5253517626a2,1,good evening!,"/Volumes/Italian 1&2 SuperBundle/1Pictures/FlashCard/good evening ,exc.jpg"
393,2bbc6b7f-0309-4a4d-a9db-32f2f2bce03a,1,goodbye!,"/Volumes/Italian 1&2 SuperBundle/1Pictures/FlashCard/goodbye ,exc.jpg"
418,560a1fc9-f14d-4431-a2b5-84d065a983ea,1,hello!,"/Volumes/Italian 1&2 SuperBundle/1Pictures/FlashCard/hello ,exc.jpg"
401,bb76f62a-c25f-44ee-88dc-4575ac2341db,1,guide (person),"/Volumes/Italian 1&2 SuperBundle/1Pictures/FlashCard/guide (person) ,la.jpg"
403,4c75a107-2b90-4763-9fee-5b4721189121,1,half,"/Volumes/Italian 1&2 SuperBundle/1Pictures/FlashCard/half ,adj.jpg"
408,997c6c21-9069-4210-b653-e93de9ff8b5a,1,happy (f..),"/Volumes/Italian 1&2 SuperBundle/1Pictures/FlashCard/happy ,adj.jpg"
410,0ca30e81-b2ad-4ce7-890c-8faf759d0c2d,1,hard,"/Volumes/Italian 1&2 SuperBundle/1Pictures/FlashCard/hard ,adj.jpg"
413,f2593713-c4ac-467e-ac42-6e78f1a7528e,1,he,"/Volumes/Italian 1&2 SuperBundle/1Pictures/FlashCard/he ,prn.jpg"
436,f4e94c19-1bc8-468b-9fd1-a9e6645e3c79,1,How are you? (informal),"/Volumes/Italian 1&2 SuperBundle/1Pictures/FlashCard/how are you ,q.jpg"
451,ee865a1f-b986-4cb4-ae5b-537731e472a4,1,I'm sorry!,"/Volumes/Italian 1&2 SuperBundle/1Pictures/FlashCard/Im sorry ,exc.jpg"
470,f33547f8-0e40-4065-9dc6-7524a1f70181,1,intelligent,"/Volumes/Italian 1&2 SuperBundle/1Pictures/FlashCard/intelligent ,adj.jpg"
475,e983c831-3d8f-4c85-b40c-101a2764589c,1,jeans,"/Volumes/Italian 1&2 SuperBundle/1Pictures/FlashCard/jeans ,npl.jpg"
479,9ea7320e-2d9e-4115-a070-4c3d486516fa,1,"journey, trip","/Volumes/Italian 1&2 SuperBundle/1Pictures/FlashCard/journey ,trip ,il.jpg"
480,5a02c3a1-1766-40c4-82d7-cc30aa88831d,1,jug,"/Volumes/Italian 1&2 SuperBundle/1Pictures/FlashCard/jug ,la.jpg"
491,2bec53cc-736c-4cb2-8789-052aa5813899,1,lamp,"/Volumes/Italian 1&2 SuperBundle/1Pictures/FlashCard/lamp ,la.jpg"
516,3cc22a1e-44c9-4064-aa49-3544d21cc85f,1,lunch,"/Volumes/Italian 1&2 SuperBundle/1Pictures/FlashCard/lunch ,il.jpg"
521,639524d9-9fcf-493d-b72c-8ac9836756a0,1,market,"/Volumes/Italian 1&2 SuperBundle/1Pictures/FlashCard/market ,il.jpg"
525,f80d7793-109e-4dcd-844e-dcb8ca112da6,1,"me, to me","/Volumes/Italian 1&2 SuperBundle/1Pictures/FlashCard/me ,to me ,prn.jpg"
526,ba709ab6-85e1-4c4e-a899-2c3c5306a0d4,1,meat,"/Volumes/Italian 1&2 SuperBundle/1Pictures/FlashCard/meat ,la.jpg"
563,1b8a88e9-4df5-489f-aeaa-64c1bba27645,1,never,"/Volumes/Italian 1&2 SuperBundle/1Pictures/FlashCard/never ,adv.jpg"
576,3a84bdbe-c28e-4965-a839-dfbc9f6f484a,1,nobody,"/Volumes/Italian 1&2 SuperBundle/1Pictures/FlashCard/nobody ,prn.jpg"
604,46f6f558-5d20-4941-945d-67c5b9873334,1,"out, outside","/Volumes/Italian 1&2 SuperBundle/1Pictures/FlashCard/out ,outside ,adv.jpg"
594,f69a6002-9d5f-4cdd-a8a1-5c0d527be422,1,onion,"/Volumes/Italian 1&2 SuperBundle/1Pictures/FlashCard/onion ,la.jpg"
596,abd41083-4a51-4efb-acce-1a9e888f56b2,1,open,"/Volumes/Italian 1&2 SuperBundle/1Pictures/FlashCard/open ,adj.jpg"
611,fc62be1f-56a3-4fa6-b62c-8ad97d389f71,1,park,"/Volumes/Italian 1&2 SuperBundle/1Pictures/FlashCard/park ,il.jpg"
589,aeafd526-1da3-4d27-b0ef-dcedc94ef068,1,oil,"/Volumes/Italian 1&2 SuperBundle/1Pictures/FlashCard/oil ,l (m).jpg"
606,aaea446d-6e2d-40b3-adc0-f5cdf8696885,1,over there,"/Volumes/Italian 1&2 SuperBundle/1Pictures/FlashCard/over there ,prep.JPG"
5291,da7d80f5-c91b-4a6f-84ec-c54c3640a074,1,clean (pu...),"/Volumes/Italian 1&2 SuperBundle/1Pictures/FlashCard/clean,adj.jpg"
620,644ba3b7-1063-4ceb-b6f3-709d0705c0fb,1,pen,"/Volumes/Italian 1&2 SuperBundle/1Pictures/FlashCard/pen ,la.jpg"
643,6f10893f-1cb8-4b06-9496-2d6cbc601fa6,1,please!,"/Volumes/Italian 1&2 SuperBundle/1Pictures/FlashCard/please ,exc.jpg"
672,1d3527f8-d1af-49f6-a1f9-350bc5b4eb93,1,rice,"/Volumes/Italian 1&2 SuperBundle/1Pictures/FlashCard/rice ,il.jpg"
631,dcce04fd-0fb5-4fef-a620-bb1d54236ce3,1,"cake, pie","/Volumes/Italian 1&2 SuperBundle/1Pictures/FlashCard/pie ,la.jpg"
675,9bbbda15-a280-4ae7-99ba-99a92128b8c6,1,river,"/Volumes/Italian 1&2 SuperBundle/1Pictures/FlashCard/river ,il.jpg"
6325,556b0243-1547-479b-8adf-57256823e7cc,1,there was,/Volumes/Italian 1&2 SuperBundle/1Pictures/FlashCard/ZE10039.JPG
696,456694cf-e96f-4d72-87f6-5f04d614fbf2,1,See you tomorrow!,"/Volumes/Italian 1&2 SuperBundle/1Pictures/FlashCard/see you tomorrow ,exc.jpg"
684,8c2d5f7f-fc17-444f-abed-bdb633bd84c9,1,same (self),"/Volumes/Italian 1&2 SuperBundle/1Pictures/FlashCard/same (self) ,adj.jpg"
690,48a854c4-774d-4d64-9739-c690ae96acf9,1,school,"/Volumes/Italian 1&2 SuperBundle/1Pictures/FlashCard/school ,la.jpg"
777,b70020a8-66b9-4e79-a53c-f0f443d7fcee,1,tea,"/Volumes/Italian 1&2 SuperBundle/1Pictures/FlashCard/tea ,il.jpg"
783,22b45f09-d41d-4a8e-a3c6-7b4d33ec4b07,1,thank you!,"/Volumes/Italian 1&2 SuperBundle/1Pictures/FlashCard/thank you ,exc.jpg"
811,649d8a34-935b-4263-9c45-c2d678bf87f5,1,this,"/Volumes/Italian 1&2 SuperBundle/1Pictures/FlashCard/this ,art.jpg"
2093,6eff2407-433c-42f2-89c2-2d202bb56c42,1,nothing (nu...),/Volumes/Italian 1&2 SuperBundle/1Pictures/FlashCard/ZE10178.jpg
831,7ed9df5f-7e31-4a99-a15c-41828d1d78f8,1,"to be able, can","/Volumes/Italian 1&2 SuperBundle/1Pictures/FlashCard/to be able ,can ,v.jpg"
836,c6434a0f-2e0c-4505-8bde-17acae7fed3a,1,to be hot,"/Volumes/Italian 1&2 SuperBundle/1Pictures/FlashCard/to be hot ,v.jpg"
846,e112558d-d361-47d0-b19a-2325d0bf6972,1,to bite,"/Volumes/Italian 1&2 SuperBundle/1Pictures/FlashCard/to bite ,v.jpg"
869,49a303cb-53c0-412d-a67b-64ad4be01b26,1,to draw,"/Volumes/Italian 1&2 SuperBundle/1Pictures/FlashCard/to draw ,v.jpg"
877,cc6f7a05-6749-4625-84d1-4c9e40a5c91f,1,"to feel, to hear","/Volumes/Italian 1&2 SuperBundle/1Pictures/FlashCard/to feel ,v.jpg"
896,746f672e-3f83-481d-a6a1-985a4a4885ce,1,to hurt,"/Volumes/Italian 1&2 SuperBundle/1Pictures/FlashCard/to hurt ,v.jpg"
904,901150ef-9a22-4127-8e22-267b57cd7aeb,1,to last,"/Volumes/Italian 1&2 SuperBundle/1Pictures/FlashCard/to last ,v.jpg"
892,4e3cb323-12ba-4e00-9453-dbdb94ddd0b0,1,to have to (must),"/Volumes/Italian 1&2 SuperBundle/1Pictures/FlashCard/to have to (must) ,v.jpg"
934,775fb47c-ebba-49ed-b4bf-2aee154bfa9e,1,to see,"/Volumes/Italian 1&2 SuperBundle/1Pictures/FlashCard/to see ,v.jpg"
10741,f3c8071d-b15d-488e-86ea-37bf1f5d7b79,21,Would (you) like something to drink?,"/Volumes/Italian 1&2 SuperBundle/1Pictures/FlashCard/something ,prn.jpg"
943,80fb1f08-6864-4e8f-b984-959c68cc78ad,1,to smell (of),"/Volumes/Italian 1&2 SuperBundle/1Pictures/FlashCard/to smell of ,v.jpg"
948,c0097382-7567-424a-b607-f3dca5d1d40d,1,to spend (money),"/Volumes/Italian 1&2 SuperBundle/1Pictures/FlashCard/to spend (money) ,v.jpg"
974,d7d51f22-e08c-4bc8-9c76-50bc06338ff5,1,together,"/Volumes/Italian 1&2 SuperBundle/1Pictures/FlashCard/together ,adv.jpg"
993,d7a597bc-db31-471f-b2cd-d7f4cb12faa3,1,turkey,"/Volumes/Italian 1&2 SuperBundle/1Pictures/FlashCard/turkey ,il.jpg"
1003,3127ce57-bd3f-4ed8-9a35-26edb6f044d1,1,until,"/Volumes/Italian 1&2 SuperBundle/1Pictures/FlashCard/until ,prep.jpg"
1011,c7380c28-e3fd-4afa-b7ea-e992ba70a914,1,"walk, stroll","/Volumes/Italian 1&2 SuperBundle/1Pictures/FlashCard/walk ,stroll ,la.jpg"
1016,41cc9adf-da0a-4907-86f0-e4f26c49a77f,1,"washbasin, sink","/Volumes/Italian 1&2 SuperBundle/1Pictures/FlashCard/washbasin ,il.jpg"
1018,7b08b1c2-eb58-41a7-b6a0-bb0cc4fa27bf,1,coffee table,"/Volumes/Italian 1&2 SuperBundle/1Pictures/FlashCard/coffetable ,il.jpg"
1050,0366da56-ecce-4402-a356-c511d9e9ba87,1,world,"/Volumes/Italian 1&2 SuperBundle/1Pictures/FlashCard/world ,il.jpg"
1054,9a534555-500c-40e0-a607-230e4082004c,1,yes,"/Volumes/Italian 1&2 SuperBundle/1Pictures/FlashCard/yes ,adv.jpg"
1063,738942e7-3e25-4eee-94ff-3673a0a4e070,1,spaghetti,"/Volumes/Italian 1&2 SuperBundle/1Pictures/FlashCard/spaghetti ,npl.jpg"
5430,94c52055-7f32-4eef-9894-47a4e17dd63e,1,"elevator, lift",/Volumes/Italian 1&2 SuperBundle/1Pictures/FlashCard/ZE10084.jpg
10009,6c8a314c-97ec-4c4b-bb84-7a9ec7be6315,21,Growing up is a great adventure.,"/Volumes/Italian 1&2 SuperBundle/1Pictures/FlashCard/adventure ,l (f).jpg"
10068,a7c6a5b6-fff9-4631-9812-e91aa3861911,21,Where can (I) find a bakery?,"/Volumes/Italian 1&2 SuperBundle/1Pictures/FlashCard/bakery ,il.jpg"
10063,8a0bd9d8-7d41-449d-88b3-a108dc377543,21,(I) have been awake for twenty-four hours.,"/Volumes/Italian 1&2 SuperBundle/1Pictures/FlashCard/awake ,adj.jpg"
10145,5bcdab22-eea0-499d-bdc9-c2b6411d9b71,21,Is the restaurant open today?,"/Volumes/Italian 1&2 SuperBundle/1Pictures/FlashCard/restaurant ,il.JPG"
10489,ad645520-7fcb-4c58-a90a-ed06cd75a955,21,Why don't (we) walk as far as the lake?,"/Volumes/Italian 1&2 SuperBundle/1Pictures/FlashCard/lake ,il.jpg"
5733,700e9777-0a14-418b-93db-f42e09b623ba,1,Can you? (formal),/Volumes/Italian 1&2 SuperBundle/1Pictures/FlashCard/ZE13440.jpg
10703,16cef32e-0afa-4469-8b74-946807e9af41,21,Remember to buy soap and shampoo.,"/Volumes/Italian 1&2 SuperBundle/1Pictures/FlashCard/shampoo ,il.jpg"
10756,d351abdd-0a56-4620-8648-2e05e024c2bb,21,(I) have thrown a stone.,"/Volumes/Italian 1&2 SuperBundle/1Pictures/FlashCard/stone ,la.jpg"
5447,963b44fe-a007-4494-a86e-67544310628e,1,tourist (male),/Volumes/Italian 1&2 SuperBundle/1Pictures/FlashCard/ZE10021.JPG
10715,42a31566-2a24-4ab9-a07b-9fc0095ac590,21,"There's the ""Give Way"" sign.","/Volumes/Italian 1&2 SuperBundle/1Pictures/FlashCard/sign ,il.jpg"
10730,8d0b7df1-323d-4ef1-9291-fcd4a960ee1e,21,Your bag is too small.,"/Volumes/Italian 1&2 SuperBundle/1Pictures/FlashCard/small ,adj.jpg"
10859,953ebf85-fb12-4e2e-92f8-b57ae7b87f57,21,"Close the door, please. (formal)","/Volumes/Italian 1&2 SuperBundle/1Pictures/FlashCard/to close ,v.jpg"
10876,8e8c3f5f-7baa-4463-9dff-61b353d55ecf,21,Have (you) fallen in love?,"/Volumes/Italian 1&2 SuperBundle/1Pictures/FlashCard/to fall in love ,v.jpg"
10846,9686c033-3180-43c1-be99-9910770c0f0a,21,Your dog has bitten me.,"/Volumes/Italian 1&2 SuperBundle/1Pictures/FlashCard/to bite ,v.jpg"
10833,1a891a5c-58fc-4aba-bb8e-26b3ca9b786f,21,(I) was born in a little country. (m),"/Volumes/Italian 1&2 SuperBundle/1Pictures/FlashCard/to be born ,v.jpg"
10837,669a21ab-9c3b-47e2-8591-72791be5027e,21,My sister is hungry.,"/Volumes/Italian 1&2 SuperBundle/1Pictures/FlashCard/to be hungry ,v.jpg"
10841,52e332cc-1b7e-45cd-86ee-4d15b7cdc555,21,This morning (I) got up early and now (I)'m sleepy.,"/Volumes/Italian 1&2 SuperBundle/1Pictures/FlashCard/to be sleepy ,v.jpg"
10390,55a8e5aa-ed35-4226-95e0-f7336771b0db,21,"It's late, (I) am going to bed. Good night!","/Volumes/Italian 1&2 SuperBundle/1Pictures/FlashCard/good night ,exc.jpg"
10753,46b72ddc-c54e-427a-948d-10360745a7ab,21,(I) am arriving at the station at 5 p.m.,"/Volumes/Italian 1&2 SuperBundle/1Pictures/FlashCard/station ,la.jpg"
391,097a6d04-f4ab-445c-a484-649bd471cf89,1,good luck!,"/Volumes/Italian 1&2 SuperBundle/1Pictures/FlashCard/good luck ,exc.jpg"
753,ec0923d9-eea3-4e5c-b604-ea70bc7db494,1,station,"/Volumes/Italian 1&2 SuperBundle/1Pictures/FlashCard/station ,la.jpg"
857,d98b5582-a068-4f52-b972-f673c0a1f1b5,1,to chat,"/Volumes/Italian 1&2 SuperBundle/1Pictures/FlashCard/to chat ,v.jpg"
959,2550d827-a8b2-401a-9992-bbbbef5706f6,1,to think,"/Volumes/Italian 1&2 SuperBundle/1Pictures/FlashCard/to think ,v.jpg"
5319,2ed225b0-4caf-4004-8047-bcaf83c56fb2,1,(I) need,/Volumes/Italian 1&2 SuperBundle/1Pictures/FlashCard/ZE10160.jpg
10450,c66a1788-960a-4ffa-ab87-31c25d6a0392,21,(I)'m Alberto. - And I am Mario.,"/Volumes/Italian 1&2 SuperBundle/1Pictures/FlashCard/I ,prn.jpg"
5588,9b3fee1c-f6c1-43db-8eb5-bd0c4549c2d8,1,have (you)? (inf.sing),/Volumes/Italian 1&2 SuperBundle/1Pictures/FlashCard/ZE10161.jpg
389,b1d972af-352d-4a26-b9e8-6f8418890975,1,good morning!,"/Volumes/Italian 1&2 SuperBundle/1Pictures/FlashCard/good morninggood afternoon ,exc.jpg"
10391,4768e189-2e17-4033-9bb8-3f3a32200fff,21,Today (I) have an exam.  - Good luck!,"/Volumes/Italian 1&2 SuperBundle/1Pictures/FlashCard/good luck ,exc.jpg"
10959,74102179-846d-44ef-bd20-1adc59de0469,21,(I) think this is not fair.,"/Volumes/Italian 1&2 SuperBundle/1Pictures/FlashCard/to think ,v.jpg"
15319,de509817-6160-44e2-a071-691f357c208e,21,(I) need a new bag.,/Volumes/Italian 1&2 SuperBundle/1Pictures/FlashCard/ZE10160.jpg
15320,8ee53293-dd24-4735-a31a-1dc1e50708be,21,(I) have a red car.,/Volumes/Italian 1&2 SuperBundle/1Pictures/FlashCard/ZE10170.jpg
15588,05626498-59f3-4b92-9eaf-7b846fda9b1a,21,Have (you) finished your homework? (inf.sing),/Volumes/Italian 1&2 SuperBundle/1Pictures/FlashCard/ZE10161.jpg
71,a06feb8a-5dcb-434a-be7b-f074011b9dd0,1,banana,"/Volumes/Italian 1&2 SuperBundle/1Pictures/FlashCard/banana ,la.jpg"
74,e05ffc1e-0978-46d6-96aa-7555e6d0c83d,1,bar,"/Volumes/Italian 1&2 SuperBundle/1Pictures/FlashCard/bar ,la.jpg"
90,a1ed92ba-97ed-4274-81ef-30bf44ac0f5c,1,beer,"/Volumes/Italian 1&2 SuperBundle/1Pictures/FlashCard/beer ,la.JPG"
79,e9cbe935-aa7b-4396-848e-3c632b84e780,1,beach,"/Volumes/Italian 1&2 SuperBundle/1Pictures/FlashCard/beach ,la.jpg"
67,c6e32c1b-5f47-4275-81ac-336d59416590,1,bag,"/Volumes/Italian 1&2 SuperBundle/1Pictures/FlashCard/bag ,la.jpg"
88,50036430-802c-496b-932e-aae737dfd707,1,bedspread,"/Volumes/Italian 1&2 SuperBundle/1Pictures/FlashCard/bedspread ,il.jpg"
96,76fc5dcd-6114-48bb-a884-b1872df0991f,1,"down, below (g...)","/Volumes/Italian 1&2 SuperBundle/1Pictures/FlashCard/beneath ,adv.jpg"
102,48da5e46-af2f-4f1a-975b-15fa4f0b7549,1,bill,"/Volumes/Italian 1&2 SuperBundle/1Pictures/FlashCard/bill ,il.jpg"
109,c2e9f1d9-2428-4a01-bade-bc9e698683ab,1,blouse,"/Volumes/Italian 1&2 SuperBundle/1Pictures/FlashCard/blouse ,la.jpg"
111,62bd44dc-5b46-4d1c-947e-6d2ae100eb6b,1,body,"/Volumes/Italian 1&2 SuperBundle/1Pictures/FlashCard/body ,il.jpg"
160,ff61d222-951f-4c86-a3ef-cdf5aee53c37,1,center,"/Volumes/Italian 1&2 SuperBundle/1Pictures/FlashCard/center ,il.jpg"
122,40d2ac51-c646-4104-83b9-c3667ffa22a3,1,"boy, boyfriend","/Volumes/Italian 1&2 SuperBundle/1Pictures/FlashCard/boy ,boyfriend ,il.jpg"
123,e9531ac7-7904-4cc3-9e2e-e3d9aee52d0c,1,bread,"/Volumes/Italian 1&2 SuperBundle/1Pictures/FlashCard/bread ,il.jpg"
131,25771ebe-900c-4d86-aa60-c9bd3e2aecdd,1,brush,"/Volumes/Italian 1&2 SuperBundle/1Pictures/FlashCard/brush ,la.jpg"
144,1367d112-7f23-4ba1-97cc-b47634e4d376,1,cabbage,"/Volumes/Italian 1&2 SuperBundle/1Pictures/FlashCard/cabbage ,il.jpg"
154,48990a58-a231-4c39-8ac6-35b456883519,1,"carpet, rug","/Volumes/Italian 1&2 SuperBundle/1Pictures/FlashCard/carpet ,rug ,il.jpg"
155,0b39a21b-9bb9-4d44-a9d0-af42d9a937cb,1,carrot,"/Volumes/Italian 1&2 SuperBundle/1Pictures/FlashCard/carrot ,la.jpg"
156,44f522e8-c9db-427f-928a-84027ac93272,1,cashpoint (ATM machine),"/Volumes/Italian 1&2 SuperBundle/1Pictures/FlashCard/cashpoint ,il.jpg"
166,9b1607a4-0e38-473e-806e-26b149922bb8,1,cheap,"/Volumes/Italian 1&2 SuperBundle/1Pictures/FlashCard/cheap ,adj.jpg"
190,efabfc4b-ab0f-4368-9e1b-43ea41a23460,1,clothes,"/Volumes/Italian 1&2 SuperBundle/1Pictures/FlashCard/clothes ,npl.jpg"
168,8ad95cab-45f1-4193-ba83-f633631699b8,1,cheers!,"/Volumes/Italian 1&2 SuperBundle/1Pictures/FlashCard/cheers ,exc.jpg"
172,dcced029-b4bc-42ae-92df-d65bb6ed7b41,1,chest,"/Volumes/Italian 1&2 SuperBundle/1Pictures/FlashCard/chest ,il.jpg"
191,9e9691d9-bcf6-4eab-9d06-ec17aef462ba,1,cloud,"/Volumes/Italian 1&2 SuperBundle/1Pictures/FlashCard/cloud ,la.jpg"
192,55712446-640c-439e-88ba-060e687c0994,1,cloudy,"/Volumes/Italian 1&2 SuperBundle/1Pictures/FlashCard/cloudy ,adj.jpg"
205,493e540f-6912-4ab4-868b-68273dad3410,1,corkscrew,"/Volumes/Italian 1&2 SuperBundle/1Pictures/FlashCard/corkscrew ,il.jpg"
211,14d71212-016f-4290-a88f-997a871c836e,1,couple,"/Volumes/Italian 1&2 SuperBundle/1Pictures/FlashCard/couple ,la.jpg"
212,d583b522-4742-49cd-9332-fbeac6ca347b,1,cousin (male),"/Volumes/Italian 1&2 SuperBundle/1Pictures/FlashCard/cousin ,il.jpg"
243,cb68bb0d-d145-401e-a964-7f624b10639c,1,difficult,"/Volumes/Italian 1&2 SuperBundle/1Pictures/FlashCard/difficult ,adj.jpg"
497,73070729-97b2-426f-99c2-c82317dd0958,1,leg,"/Volumes/Italian 1&2 SuperBundle/1Pictures/FlashCard/leg ,la.jpg"
500,79181846-a97c-4971-af76-6321e4dd33fa,1,lesson,"/Volumes/Italian 1&2 SuperBundle/1Pictures/FlashCard/lesson ,la.jpg"
499,391aa711-82dc-4362-b4a4-23e44e7a8e3f,1,lemonade,"/Volumes/Italian 1&2 SuperBundle/1Pictures/FlashCard/lemonade ,la.jpg"
650,8e743d2f-99d6-4bd5-bbb6-e086b190e767,1,salami,"/Volumes/Italian 1&2 SuperBundle/1Pictures/FlashCard/salami ,x.jpg"
247,51f2edaf-8239-46fa-9aa5-e83750d5fead,1,disco,"/Volumes/Italian 1&2 SuperBundle/1Pictures/FlashCard/disco ,la.jpg"
261,d0fb0709-4756-4259-8209-7ea72e72b499,1,drawer,"/Volumes/Italian 1&2 SuperBundle/1Pictures/FlashCard/drawer ,il.jpg"
10383,dfdb2731-3bf8-4cf9-aa4c-07e97652ae56,21,(Could you) pass me the (drinking) glass?,"/Volumes/Italian 1&2 SuperBundle/1Pictures/FlashCard/glass (drinking) ,il.jpg"
10384,50e35dca-389b-4402-98d2-f5e93d1e6884,21,Do (you) have glasses with stem?,"/Volumes/Italian 1&2 SuperBundle/1Pictures/FlashCard/glass (with stem) ,il.jpg"
727,38f54a76-db61-468b-91c4-42df62865838,1,sky,"/Volumes/Italian 1&2 SuperBundle/1Pictures/FlashCard/sky ,il.jpg"
730,a29690a7-711b-4b6c-b4c6-a0cc65d6cd84,1,small,"/Volumes/Italian 1&2 SuperBundle/1Pictures/FlashCard/small ,adj.jpg"
6334,7017ae85-2ccf-4c37-8bd7-53d6d4e8dbd3,1,How are you? (formal),/Volumes/Italian 1&2 SuperBundle/1Pictures/FlashCard/ZE10043.jpg
289,cce7e9d3-6371-4945-ad70-f8cdb0aa6f5b,1,end,"/Volumes/Italian 1&2 SuperBundle/1Pictures/FlashCard/end ,la.jpg"
10389,a217fd76-6c34-464c-813c-e188706b944a,21,"Good morning, how are you? (formal)","/Volumes/Italian 1&2 SuperBundle/1Pictures/FlashCard/good morninggood afternoon ,exc.jpg"
264,54429c5b-b145-44fe-97d5-9b53877de41d,1,"drink, beverage","/Volumes/Italian 1&2 SuperBundle/1Pictures/FlashCard/drink ,la.jpg"
263,f68db73a-c475-4ac7-83f9-df6a5b947feb,1,dressing table,"/Volumes/Italian 1&2 SuperBundle/1Pictures/FlashCard/dressing table ,la.jpg"
298,27fd699f-964f-4aff-88eb-9c42c8eb83a6,1,evening meal,"/Volumes/Italian 1&2 SuperBundle/1Pictures/FlashCard/evening meal ,la.jpg"
317,9696fa99-c449-47f0-9b04-fde70fe27604,1,far away,"/Volumes/Italian 1&2 SuperBundle/1Pictures/FlashCard/far away ,prep.jpg"
316,d4726eea-f15e-4ee1-a4aa-229eb30d1f3f,1,fantastic,"/Volumes/Italian 1&2 SuperBundle/1Pictures/FlashCard/fantastic ,adj.jpg"
341,758847b0-3168-4d4a-a9f5-769f5651e5fe,1,flavour,"/Volumes/Italian 1&2 SuperBundle/1Pictures/FlashCard/flavour ,il.jpg"
334,d7c02fcd-84a7-494d-a8de-fa8d49ea2dcc,1,finger,"/Volumes/Italian 1&2 SuperBundle/1Pictures/FlashCard/finger ,il.jpg"
342,fd8fb0c6-ae65-413f-88e6-95cdb7d18690,1,flower,"/Volumes/Italian 1&2 SuperBundle/1Pictures/FlashCard/flower ,il.jpg"
347,e9df19a8-82e0-4366-9b7f-d20f5b1237e5,1,foot,"/Volumes/Italian 1&2 SuperBundle/1Pictures/FlashCard/foot ,il.jpg"
369,a3676efb-a739-479b-a51b-3a6519646d73,1,fruit,"/Volumes/Italian 1&2 SuperBundle/1Pictures/FlashCard/fruit ,il.jpg"
371,0053efdb-0de3-46c4-9a5c-0020f65b04e2,1,full,"/Volumes/Italian 1&2 SuperBundle/1Pictures/FlashCard/full ,adj.jpg"
381,b2bd8489-5973-4ce0-8e3a-98327f23a76d,1,gentleman,"/Volumes/Italian 1&2 SuperBundle/1Pictures/FlashCard/gentleman ,il.jpg"
370,f49b6900-30f1-40cc-83ee-9ee0db4b03f5,1,frying pan,"/Volumes/Italian 1&2 SuperBundle/1Pictures/FlashCard/frying pan ,la.jpg"
376,0fb7ae3c-eed2-49f5-a68d-1826aaa4ec36,1,garage,"/Volumes/Italian 1&2 SuperBundle/1Pictures/FlashCard/garage ,il.jpg"
387,528444f6-8d92-4faa-aa54-e994452929a8,1,goat,"/Volumes/Italian 1&2 SuperBundle/1Pictures/FlashCard/goat ,la.jpg"
414,a4aa3466-319b-4ca6-b32b-db400d6a1616,1,head,"/Volumes/Italian 1&2 SuperBundle/1Pictures/FlashCard/head ,la.jpg"
416,ba975c7b-3734-4ccf-930f-6cd74b567809,1,heart,"/Volumes/Italian 1&2 SuperBundle/1Pictures/FlashCard/heart ,il.jpg"
430,1aad025f-68ba-4456-81f9-38215b1d8777,1,horse,"/Volumes/Italian 1&2 SuperBundle/1Pictures/FlashCard/horse ,il.JPG"
469,02e23f71-85ed-46da-b1e0-96bd6669927c,1,inside,"/Volumes/Italian 1&2 SuperBundle/1Pictures/FlashCard/inside ,adv.jpg"
457,930c379d-1b26-494f-ba5b-b786f64ecf2a,1,ill,"/Volumes/Italian 1&2 SuperBundle/1Pictures/FlashCard/ill ,adj.jpg"
481,0c681caa-d082-43a3-ae1b-d33f4982d13e,1,juice,"/Volumes/Italian 1&2 SuperBundle/1Pictures/FlashCard/juice ,il.jpg"
544,72dc4c69-c615-46fb-90b7-1b96381d2614,1,mother,"/Volumes/Italian 1&2 SuperBundle/1Pictures/FlashCard/mother ,la.jpg"
506,b9885b6b-3f62-40c4-a2ec-70dfc51f65b4,1,lightning (flash of),"/Volumes/Italian 1&2 SuperBundle/1Pictures/FlashCard/lightning ,il.jpg"
528,a7dfc2bf-1d20-4073-a5d4-273f327150aa,1,milk,"/Volumes/Italian 1&2 SuperBundle/1Pictures/FlashCard/milk ,il.jpg"
530,bbf74af4-f8d1-42cf-9021-1b56eb4874a8,1,minute,"/Volumes/Italian 1&2 SuperBundle/1Pictures/FlashCard/minute ,il.jpg"
537,7e3ec27d-f3d6-4134-9aaa-20230d27814d,1,monkey,"/Volumes/Italian 1&2 SuperBundle/1Pictures/FlashCard/monkey ,la.jpg"
547,6c6ca67b-96ba-442e-8300-6ed9cd4668d2,1,mouth,"/Volumes/Italian 1&2 SuperBundle/1Pictures/FlashCard/mouth ,la.jpg"
552,1d57cb43-81bd-43df-bd1f-b8ac46cfd1e7,1,mushroom,"/Volumes/Italian 1&2 SuperBundle/1Pictures/FlashCard/mushroom ,il.jpg"
565,1df590be-c533-47d3-baee-2e076198b6e0,1,new,"/Volumes/Italian 1&2 SuperBundle/1Pictures/FlashCard/new ,adj.jpg"
564,bc85d6f7-100f-4df4-a3f1-13c3c6799852,1,never again,"/Volumes/Italian 1&2 SuperBundle/1Pictures/FlashCard/never again ,adv.jpg"
558,004efa1e-d6c3-4bb8-923c-231cb4375eb1,1,near,"/Volumes/Italian 1&2 SuperBundle/1Pictures/FlashCard/near ,prep.jpg"
577,1a16bfed-7a30-4765-92db-6722474879e5,1,noisy,"/Volumes/Italian 1&2 SuperBundle/1Pictures/FlashCard/noisy ,adj.jpg"
580,015c9fbe-72c5-4342-b021-023ec5bae2cb,1,nose,"/Volumes/Italian 1&2 SuperBundle/1Pictures/FlashCard/nose ,il.jpg"
605,6b87c302-32f4-4c67-a8a5-f0c77ff3622b,1,oven,"/Volumes/Italian 1&2 SuperBundle/1Pictures/FlashCard/oven ,il.jpg"
609,c07c2aeb-e3ab-42c4-93f0-4db135615687,1,"parcel, packet","/Volumes/Italian 1&2 SuperBundle/1Pictures/FlashCard/parcel ,packet ,il.jpg"
619,20c7649a-b8f0-44d4-a897-71896a0b1dd4,1,pear,"/Volumes/Italian 1&2 SuperBundle/1Pictures/FlashCard/pear ,la.jpg"
637,1e2cafdd-e148-4105-b387-d06a3f49626b,1,place,"/Volumes/Italian 1&2 SuperBundle/1Pictures/FlashCard/place ,il.jpg"
641,5b16d7c3-3e6a-4ca6-8d95-5e07be95dc19,1,play ground,"/Volumes/Italian 1&2 SuperBundle/1Pictures/FlashCard/play ground ,il.jpg"
686,f4c64729-6b1e-42b1-bc42-9812652c5202,1,pizza,"/Volumes/Italian 1&2 SuperBundle/1Pictures/FlashCard/pizza ,la.jpg"
677,69611e03-d2c7-40b9-96ad-33b06bf0bcad,1,room (s...),"/Volumes/Italian 1&2 SuperBundle/1Pictures/FlashCard/room ,la.jpg"
663,71b6634c-7f79-4d9c-97ec-2b64e95dcd96,1,quickly,"/Volumes/Italian 1&2 SuperBundle/1Pictures/FlashCard/quickly ,adv.jpg"
664,cabc7b9b-20d2-484c-87d9-0abb25df086f,1,radio,"/Volumes/Italian 1&2 SuperBundle/1Pictures/FlashCard/radio ,la.jpg"
680,9037fcfa-2123-4980-a67a-88feb0ae05ad,1,rude,"/Volumes/Italian 1&2 SuperBundle/1Pictures/FlashCard/rude ,adj.jpg"
703,501b9448-3a91-4ffd-9612-849b6281d1fb,1,shampoo,"/Volumes/Italian 1&2 SuperBundle/1Pictures/FlashCard/shampoo ,il.jpg"
706,2af63626-c9bb-4bac-8b30-959f5847501e,1,she,"/Volumes/Italian 1&2 SuperBundle/1Pictures/FlashCard/she ,prn.jpg"
712,35f6fe04-94aa-4324-8f45-dafbbecc5b94,1,"shop, store","/Volumes/Italian 1&2 SuperBundle/1Pictures/FlashCard/shop ,store ,il.jpg"
746,58dac9a9-9613-4dae-b0fb-b4ed755a3648,1,special,"/Volumes/Italian 1&2 SuperBundle/1Pictures/FlashCard/special ,adj.jpg"
714,41da8bad-aa61-4f83-a148-1d49866bac9e,1,shower,"/Volumes/Italian 1&2 SuperBundle/1Pictures/FlashCard/shower ,la.jpg"
715,4c723293-76c1-46d8-9050-ea0496c24d60,1,sign,"/Volumes/Italian 1&2 SuperBundle/1Pictures/FlashCard/sign ,il.jpg"
716,a304441b-be60-48c0-9ce8-87f6232b0590,1,signature,"/Volumes/Italian 1&2 SuperBundle/1Pictures/FlashCard/signature ,la.jpg"
721,f3ca1081-ae7e-47dd-b6b9-67e7ce83f204,1,sister,"/Volumes/Italian 1&2 SuperBundle/1Pictures/FlashCard/sister ,la.jpg"
741,c6705ef6-5832-46ad-b1da-4dbafc6dfdb3,1,something,"/Volumes/Italian 1&2 SuperBundle/1Pictures/FlashCard/something ,prn.jpg"
749,ac156a4d-c7b7-40c2-bbc0-84640e0e14dc,1,sport,"/Volumes/Italian 1&2 SuperBundle/1Pictures/FlashCard/sport ,il.jpg"
751,4b547937-645a-4c60-a166-4e05ebd0841d,1,stairs,"/Volumes/Italian 1&2 SuperBundle/1Pictures/FlashCard/stairs ,le.jpg"
750,0e36e437-4b37-4e62-8daf-d00d65bdff93,1,spring,"/Volumes/Italian 1&2 SuperBundle/1Pictures/FlashCard/spring ,la.jpg"
756,db19f3c3-e5b0-4113-b4c1-35f0804919a7,1,stone,"/Volumes/Italian 1&2 SuperBundle/1Pictures/FlashCard/stone ,la.jpg"
759,f8b1f169-861e-4307-a968-bf1a9f30f2be,1,strawberry,"/Volumes/Italian 1&2 SuperBundle/1Pictures/FlashCard/strawberry ,la.jpg"
770,0b1a054f-10ad-43ec-8851-87a8b01899e7,1,sun,"/Volumes/Italian 1&2 SuperBundle/1Pictures/FlashCard/sun ,il.jpg"
773,2fb5cdb6-625b-403b-be3f-a3a0e06bb1b1,1,"sweater, jumper","/Volumes/Italian 1&2 SuperBundle/1Pictures/FlashCard/sweater ,jumper ,il.jpg"
774,5a72b1ee-fec1-40eb-85c1-0ec924f0faaf,1,sweet,"/Volumes/Italian 1&2 SuperBundle/1Pictures/FlashCard/sweet ,adj.jpg"
817,ad1c5758-0fdf-4cc6-a778-fe31dfaaed14,1,ticket,"/Volumes/Italian 1&2 SuperBundle/1Pictures/FlashCard/ticket ,il.jpg"
829,a1ae46c3-7180-4f44-a058-3f1b5562292a,1,"to meet, to encounter","/Volumes/Italian 1&2 SuperBundle/1Pictures/FlashCard/to meet ,to encounter ,v.jpg"
834,8c1706a0-5f46-415e-93bb-3e5ecb072113,1,to be called,"/Volumes/Italian 1&2 SuperBundle/1Pictures/FlashCard/to be called ,v.jpg"
803,282f45f8-b76b-4973-9112-689bdb4cca12,1,"thin, skinny (person)","/Volumes/Italian 1&2 SuperBundle/1Pictures/FlashCard/thin ,skinny (person) ,adj.jpg"
853,4fd972b0-d9d5-4164-a950-c124ab47e83f,1,to burn,"/Volumes/Italian 1&2 SuperBundle/1Pictures/FlashCard/to burn ,v.jpg"
858,07a88663-7594-4d1a-953a-63046148fa7d,1,"to choose, pick, select","/Volumes/Italian 1&2 SuperBundle/1Pictures/FlashCard/to choose ,pick ,select ,v.jpg"
860,4617fa02-df37-4f79-9ee0-adead8c3244c,1,to come,"/Volumes/Italian 1&2 SuperBundle/1Pictures/FlashCard/to come ,v.jpg"
866,d1eac26b-8022-4df1-8b78-6df6cc9cfc2d,1,to delay,"/Volumes/Italian 1&2 SuperBundle/1Pictures/FlashCard/to delay ,v.jpg"
871,6aeacc27-6cdd-42ed-b14e-aa0b17f08d92,1,to drive,"/Volumes/Italian 1&2 SuperBundle/1Pictures/FlashCard/to drive ,v.jpg"
874,27c15417-09c6-4da9-a847-2e22aa8dbee7,1,to enter,"/Volumes/Italian 1&2 SuperBundle/1Pictures/FlashCard/to enter ,v.jpg"
878,354f3428-e7e1-4c69-8eb0-848809c46801,1,to feel ill,"/Volumes/Italian 1&2 SuperBundle/1Pictures/FlashCard/to feel ill ,v.jpg"
884,dc8985aa-dcf3-4500-a6a9-86198bdd919b,1,to go,"/Volumes/Italian 1&2 SuperBundle/1Pictures/FlashCard/to go ,v.jpg"
886,30496198-2c48-420c-afd3-fd9cd9d3e3d4,1,to go out,"/Volumes/Italian 1&2 SuperBundle/1Pictures/FlashCard/to go out ,v.jpg"
888,05f1ca49-64a6-41f4-b9e1-1aa7ea592216,1,to have,"/Volumes/Italian 1&2 SuperBundle/1Pictures/FlashCard/to have ,v.jpg"
906,1cb825f4-a274-4590-b734-fc8062cb055a,1,to learn,"/Volumes/Italian 1&2 SuperBundle/1Pictures/FlashCard/to learn ,v.jpg"
912,401bb3c2-bec7-4d7b-9669-3c345add5eca,1,to love,"/Volumes/Italian 1&2 SuperBundle/1Pictures/FlashCard/to love ,v.jpg"
914,268fdabd-d3b6-4a71-bb29-0df610c14b40,1,to jump,"/Volumes/Italian 1&2 SuperBundle/1Pictures/FlashCard/to jump ,v.jpg"
950,bbc58b8f-b41c-4f96-8343-8bf582d5c8c7,1,to stay (remain),"/Volumes/Italian 1&2 SuperBundle/1Pictures/FlashCard/to stay (remain) ,v.jpg"
919,1f4d1af5-7c09-4f32-b69a-08f158a0c51a,1,to park,"/Volumes/Italian 1&2 SuperBundle/1Pictures/FlashCard/to park ,v.jpg"
923,40b2b74f-f8ac-4501-a8d4-d83b211bebf1,1,to please (f...),"/Volumes/Italian 1&2 SuperBundle/1Pictures/FlashCard/to please ,v.jpg"
931,a469bee6-b6b8-4e3d-a596-48c9ba7b7789,1,to rent,"/Volumes/Italian 1&2 SuperBundle/1Pictures/FlashCard/to rent ,v.jpg"
920,cda821af-b7d7-4e5b-8aa4-26823f3cf014,1,to pay,"/Volumes/Italian 1&2 SuperBundle/1Pictures/FlashCard/to pay ,v.jpg"
927,03a2e5b3-b3ea-4891-a7de-13493d9a032c,1,"to put, to put on","/Volumes/Italian 1&2 SuperBundle/1Pictures/FlashCard/to put (on) ,v.jpg"
940,20457f8c-6c1c-43ad-b485-4e953e46a873,1,to sing,"/Volumes/Italian 1&2 SuperBundle/1Pictures/FlashCard/to sing ,v.jpg"
942,2c521d33-8198-4c6e-a593-01481e99f4ce,1,to sleep,"/Volumes/Italian 1&2 SuperBundle/1Pictures/FlashCard/to sleep ,v.jpg"
946,07a41a19-a85b-4e45-92d3-cf6306dc263d,1,to snow,"/Volumes/Italian 1&2 SuperBundle/1Pictures/FlashCard/to snow ,v.jpg"
885,5dd310b3-36dd-4a3a-ae02-34083deb1e14,1,to go on holiday,"/Volumes/Italian 1&2 SuperBundle/1Pictures/FlashCard/to go on holiday ,v.jpg"
953,5828a654-ad6c-4e6b-ba8a-7fb4178f5a2c,1,to swim,"/Volumes/Italian 1&2 SuperBundle/1Pictures/FlashCard/to swim ,v.jpg"
960,2ff43da5-1c94-46f1-9b95-d283b32db062,1,to throw (away),"/Volumes/Italian 1&2 SuperBundle/1Pictures/FlashCard/to throw (away) ,v.jpg"
961,c9bdf2ba-ae36-46d9-a5ad-3ae5ab237fb5,1,to travel,"/Volumes/Italian 1&2 SuperBundle/1Pictures/FlashCard/to travel ,v.jpg"
971,1d8dbbfa-3f89-4a9d-b10f-7f62930e944c,1,to write,"/Volumes/Italian 1&2 SuperBundle/1Pictures/FlashCard/to write ,v.jpg"
976,a68ab9d1-8c18-433c-94f3-3b4447e12fa4,1,toilet paper,"/Volumes/Italian 1&2 SuperBundle/1Pictures/FlashCard/toilet paper ,la.jpg"
977,5d62aaa0-fd8c-44db-aaab-71013e7674be,1,(town) square,"/Volumes/Italian 1&2 SuperBundle/1Pictures/FlashCard/(town) square ,la.jpg"
980,f5974db5-6244-410e-92a1-3a889acb89a5,1,too much,"/Volumes/Italian 1&2 SuperBundle/1Pictures/FlashCard/too much ,adj.jpg"
981,d43df1de-a954-4251-8445-4d251ad71f88,1,tooth,"/Volumes/Italian 1&2 SuperBundle/1Pictures/FlashCard/tooth ,il.jpg"
966,f7d8af9a-4750-41d7-a50e-75e09b2bccf6,1,to wait (for),"/Volumes/Italian 1&2 SuperBundle/1Pictures/FlashCard/to wait ,v.jpg"
990,755224db-d993-4d68-8c6f-76bb3a317f3c,1,t-shirt,"/Volumes/Italian 1&2 SuperBundle/1Pictures/FlashCard/t-shirt ,la.jpg"
992,b3a20055-e139-46c1-b863-1adbc1c408ac,1,tuna (tunny fish),"/Volumes/Italian 1&2 SuperBundle/1Pictures/FlashCard/tuna (tunny fish) ,il.jpg"
1001,8705c8ca-091e-4f43-ba6c-5f453f2ef1bf,1,uncle,"/Volumes/Italian 1&2 SuperBundle/1Pictures/FlashCard/uncle ,lo.jpg"
3428,c8134faf-29e5-4174-818b-d3707b08aa71,1,to give,/Volumes/Italian 1&2 SuperBundle/1Pictures/FlashCard/ZE10108.jpg
1012,f05bf167-3377-487c-9376-59614087bba3,1,wall (exterior),"/Volumes/Italian 1&2 SuperBundle/1Pictures/FlashCard/wall (exterior) ,il.jpg"
1021,122b2a09-1f73-4247-887b-3401ac0ad2e6,1,weak,"/Volumes/Italian 1&2 SuperBundle/1Pictures/FlashCard/weak ,adj.jpg"
1013,06baeab3-c175-4387-bc9f-a9bd26976a17,1,fireplace,"/Volumes/Italian 1&2 SuperBundle/1Pictures/FlashCard/fireplace ,il.jpg"
1041,0534c0b5-42d1-48f0-8eb0-0e112e7ea050,1,window,"/Volumes/Italian 1&2 SuperBundle/1Pictures/FlashCard/window ,la.jpg"
1046,33784a34-66d0-49a8-a39d-e1bdc1369443,1,without,"/Volumes/Italian 1&2 SuperBundle/1Pictures/FlashCard/without ,prep.jpg"
5302,b8cc5f08-984a-4b57-8321-a06722f5f75b,1,reservation,/Volumes/Italian 1&2 SuperBundle/1Pictures/FlashCard/ZE10070.JPG
5303,14da0882-eeaa-4432-9c00-7928f9118a9d,1,"hotel porter, goal-keeper",/Volumes/Italian 1&2 SuperBundle/1Pictures/FlashCard/ze10080.jpg
5311,3884e8b2-c817-4a14-9589-0e33ca6c9ba2,1,I would like (v...),/Volumes/Italian 1&2 SuperBundle/1Pictures/FlashCard/ZE10140.jpg
1047,7d67bd15-cdfe-40cd-a7e5-0ed18b2a78ab,1,woman,"/Volumes/Italian 1&2 SuperBundle/1Pictures/FlashCard/woman ,wife ,la.jpg"
5451,9cd36d26-cae4-47ff-9c5c-56f4525f1cb7,1,Who is next?,/Volumes/Italian 1&2 SuperBundle/1Pictures/FlashCard/ze10023.jpg
5585,7832b2df-c177-422c-980a-2cd9c7747dac,1,(you) have (inf.sing),/Volumes/Italian 1&2 SuperBundle/1Pictures/FlashCard/ZE10201.jpg
5739,2aea172e-27c4-4b9c-8352-e0ebcb2fd7dd,1,I don't understand,/Volumes/Italian 1&2 SuperBundle/1Pictures/FlashCard/ze10032.jpg
5745,7416dc2c-20fc-4f68-8776-c9c3c421b861,1,here is,/Volumes/Italian 1&2 SuperBundle/1Pictures/FlashCard/ze10203.JPG
10021,5cce2b82-8a9d-48ea-9f99-8a733413a94b,21,Can (I) buy everything?,"/Volumes/Italian 1&2 SuperBundle/1Pictures/FlashCard/all ,everything ,adj.jpg"
10022,40449287-0594-4963-bba8-e2a9c5a8c54e,21,(It)'s almost time to go.,"/Volumes/Italian 1&2 SuperBundle/1Pictures/FlashCard/almost ,adv.jpg"
10033,1571c204-1864-4fe4-8a0d-4ffefad7b4b2,21,Mom is angry with dad.,"/Volumes/Italian 1&2 SuperBundle/1Pictures/FlashCard/angry ,adj.jpg"
10040,b45b9f6f-0434-4622-9662-0395168f442b,21,Around the house there are some lawns.,"/Volumes/Italian 1&2 SuperBundle/1Pictures/FlashCard/around ,prep.jpg"
10045,57f80739-97f1-43ad-b11e-007bf3c2fd4f,21,It's possible that we win in the end.,"/Volumes/Italian 1&2 SuperBundle/1Pictures/FlashCard/in the end of ,phr.jpg"
10057,1e3198b1-38a2-4419-bb20-5f0e0253476a,21,Please pay attention.,"/Volumes/Italian 1&2 SuperBundle/1Pictures/FlashCard/attention ,l (f).jpg"
10067,36c1af93-3ba1-44ea-bbeb-00f9f0662d34,21,The purse is in the bag.,"/Volumes/Italian 1&2 SuperBundle/1Pictures/FlashCard/bag ,la.jpg"
10070,72012733-c653-498b-9fef-9b8253e1e1ee,21,My favourite ball (dance) is the Latin American one.,"/Volumes/Italian 1&2 SuperBundle/1Pictures/FlashCard/ball (dance) ,il.jpg"
10082,49f411df-b252-49e2-bd97-244d02e5e4dc,21,Beauty is subjective.,"/Volumes/Italian 1&2 SuperBundle/1Pictures/FlashCard/beauty ,la.jpg"
10085,ddeaac62-b36b-4dd8-8a4a-d43129793d13,21,The mirror is in front of the bed.,"/Volumes/Italian 1&2 SuperBundle/1Pictures/FlashCard/bed ,il.jpg"
10100,28ac25a2-78e9-4a3b-985f-f360af178a31,21,In which shop can (I) buy a bicycle?,"/Volumes/Italian 1&2 SuperBundle/1Pictures/FlashCard/bicycle ,la.jpg"
10103,251405b7-0c8d-4863-94aa-33380367f231,21,When (I) (m) was young (I) had a little bird in a cage.,"/Volumes/Italian 1&2 SuperBundle/1Pictures/FlashCard/bird ,l (m).jpg"
10107,eb4e5f49-f705-423f-9933-5e058f031537,21,(I) have to buy a new blanket.,"/Volumes/Italian 1&2 SuperBundle/1Pictures/FlashCard/blanket ,la.jpg"
10108,8e5297bb-7826-4314-b1c7-2612605cfc21,21,That blond boy is nice-looking.,"/Volumes/Italian 1&2 SuperBundle/1Pictures/FlashCard/blonde (mf) ,adj.jpg"
10112,c04ab1c3-e97a-4196-a858-9c238cfaa05b,21,(I)'ve broken a bone in the arm.,"/Volumes/Italian 1&2 SuperBundle/1Pictures/FlashCard/bone ,l (m).jpg"
10134,bb8ca9ac-3d6a-4d73-8421-ea4de1d115c9,21,The bus is an inexpensive means of transport.,"/Volumes/Italian 1&2 SuperBundle/1Pictures/FlashCard/bus ,l (m).jpg"
10135,e345bca6-39ad-42a8-be3b-bea736c266a7,21,The bus station is always busy.,"/Volumes/Italian 1&2 SuperBundle/1Pictures/FlashCard/bus station ,la.jpg"
10142,ecaf7444-73ae-4290-9b7b-7b659f114958,21,(I) have bread with butter and jam for breakfast.,"/Volumes/Italian 1&2 SuperBundle/1Pictures/FlashCard/butter ,il.jpg"
10155,6e26a82d-24f7-4e97-872d-c57f5b25e5a5,21,Rabbits eat lots of carrots.,"/Volumes/Italian 1&2 SuperBundle/1Pictures/FlashCard/carrot ,la.jpg"
10158,6257d5e8-42be-41f5-9822-6fd855ac06a8,21,My cat is very playful.,"/Volumes/Italian 1&2 SuperBundle/1Pictures/FlashCard/cat ,il.jpg"
5320,51376d74-aca6-4bd6-a7d5-ff7bfae9847b,1,I have,/Volumes/Italian 1&2 SuperBundle/1Pictures/FlashCard/ZE10170.jpg
10205,f6a5d431-5fe8-47ec-8c8e-07954379118c,21,(I) can't uncork the wine. Can (you) give me the corkscrew?,"/Volumes/Italian 1&2 SuperBundle/1Pictures/FlashCard/corkscrew ,il.jpg"
10234,e21bdedf-d8c7-4ed4-bb01-edb6717681a3,21,Water boils at a hundred degrees.,"/Volumes/Italian 1&2 SuperBundle/1Pictures/FlashCard/degree ,il.jpg"
10248,6cf0d20c-ce87-4517-ad36-fbdf75c15694,21,Are there any discounts for students?,"/Volumes/Italian 1&2 SuperBundle/1Pictures/FlashCard/discount ,il.jpg"
10270,a9324dc8-bce9-4ba7-b522-be2aa7089898,21,During the week (I) often go to see my grandmother.,"/Volumes/Italian 1&2 SuperBundle/1Pictures/FlashCard/during ,prep.jpg"
10273,104eda74-40fc-4c72-a787-8a17e25bc182,21,My ear hurts me.,"/Volumes/Italian 1&2 SuperBundle/1Pictures/FlashCard/ear ,l (m).jpg"
10293,d18b0be0-569e-4b8f-a847-e154fe99bdde,21,(You) haven't studied enough.,"/Volumes/Italian 1&2 SuperBundle/1Pictures/FlashCard/enough ,adj.jpg"
10322,8c454713-863f-4eff-97dd-330b0b55efea,21,Can you do me a favour?,"/Volumes/Italian 1&2 SuperBundle/1Pictures/FlashCard/favour ,il.jpg"
5321,ed6ea412-92a1-4315-8733-9f677bee4a0e,1,(I) must,/Volumes/Italian 1&2 SuperBundle/1Pictures/FlashCard/ZE10180.jpg
10349,8fb92e6b-81c8-4e16-9246-d3c7c4e5e067,21,The most famous footballer is Maradona.,"/Volumes/Italian 1&2 SuperBundle/1Pictures/FlashCard/footballer ,il.jpg"
10379,f4834cf9-747e-4996-888a-7fbb172927ba,21,Have (you) switched off the gas?,"/Volumes/Italian 1&2 SuperBundle/1Pictures/FlashCard/gas ,n.jpg"
10393,94b6bf55-d9de-4a0c-81b9-0dafdfd23e04,21,"Saying ""goodbye"" is always sad.","/Volumes/Italian 1&2 SuperBundle/1Pictures/FlashCard/goodbye ,exc.jpg"
5284,bde8b77f-2071-4d74-b485-5b17ace46af7,1,there are,/Volumes/Italian 1&2 SuperBundle/1Pictures/FlashCard/ze10000.JPG
10387,19afe2a5-f652-49ca-988f-7bfb46c434cc,21,That goat has ruined all my flowers.,"/Volumes/Italian 1&2 SuperBundle/1Pictures/FlashCard/goat ,la.jpg"
10413,422cc019-25b9-4c26-b257-9316c2585d58,21,He is my brother.,"/Volumes/Italian 1&2 SuperBundle/1Pictures/FlashCard/he ,prn.jpg"
10439,237f8549-278f-4d8f-93b8-9334b44a342b,21,How many fish are there?,"/Volumes/Italian 1&2 SuperBundle/1Pictures/FlashCard/how many ,q.jpg"
10440,e0b9a6d6-f9cb-4333-8d51-a25db2402fc0,21,How much does that cost?,"/Volumes/Italian 1&2 SuperBundle/1Pictures/FlashCard/how much ,q.jpg"
11035,73730687-3314-4561-bad3-582f7f2b1bf5,21,Who are (you)? (informal),"/Volumes/Italian 1&2 SuperBundle/1Pictures/FlashCard/who ,q.jpg"
16757,65711a95-45a1-429a-9000-eb1a4ade48dc,21,Whose is this car?,/Volumes/Italian 1&2 SuperBundle/1Pictures/FlashCard/ZE10941.JPG
10449,7b0d0c53-fb33-4ac4-9dd6-b10d0e12e435,21,What's your husband's name?,"/Volumes/Italian 1&2 SuperBundle/1Pictures/FlashCard/husband ,il.jpg"
10451,ffe20801-6d0b-4f61-958f-d870b2de639f,21,"(I)'m sorry, (I) didn't  want to hurt you.","/Volumes/Italian 1&2 SuperBundle/1Pictures/FlashCard/Im sorry ,exc.jpg"
10466,78dbd5bb-ae07-4742-9d88-092373095464,21,How many inhabitants are there in London?,"/Volumes/Italian 1&2 SuperBundle/1Pictures/FlashCard/inhabitant (mf) ,n.jpg"
10475,d14a1b0a-7127-4dd4-9280-187b22323319,21,(I) love to wear jeans with a t-shirt.,"/Volumes/Italian 1&2 SuperBundle/1Pictures/FlashCard/jeans ,npl.jpg"
10486,589f5501-4745-4108-a528-3190872ecb0a,21,(I) am sending you a kiss.,"/Volumes/Italian 1&2 SuperBundle/1Pictures/FlashCard/kiss ,il.jpg"
10491,0bb24b6d-3ea6-4c99-89da-173af50c080c,21,The lamp is to the right of the picture.,"/Volumes/Italian 1&2 SuperBundle/1Pictures/FlashCard/lamp ,la.jpg"
10494,e63fce5a-52a9-46e7-9f92-374201d4128d,21,Last night (I) went out with my friends (m) and I suddenly started to cry.,"/Volumes/Italian 1&2 SuperBundle/1Pictures/FlashCard/last night ,adv.jpg"
10495,2e43b3c2-f3be-42e2-aa4f-05fed8ec0b56,21,This week (I)'ll be late.,"/Volumes/Italian 1&2 SuperBundle/1Pictures/FlashCard/late ,adv.jpg"
10514,2779f05e-1cbe-403d-b1ca-15ac6c5ee239,21,Good luck!,"/Volumes/Italian 1&2 SuperBundle/1Pictures/FlashCard/luck ,la.jpg"
638,dfef850a-34da-4e5b-aed0-e33003d26b6f,1,plane,"/Volumes/Italian 1&2 SuperBundle/1Pictures/FlashCard/plane ,l (m).jpg"
10525,46a0af57-7461-4542-94e9-208af25fd963,21,"Bring it here to me, please.","/Volumes/Italian 1&2 SuperBundle/1Pictures/FlashCard/me ,to me ,prn.jpg"
114,9a42da81-6515-4d38-bc9b-9aa4f6c15c2b,1,boot,"/Volumes/Italian 1&2 SuperBundle/1Pictures/FlashCard/boot ,lo.jpg"
17,29a487c1-d6cc-4cb0-be05-8e6b7e615ec7,1,airline,"/Volumes/Italian 1&2 SuperBundle/1Pictures/FlashCard/airline ,la.jpg"
31,30628f5e-9a09-4183-b416-50ab677d6d23,1,amusing,"/Volumes/Italian 1&2 SuperBundle/1Pictures/FlashCard/amusing ,adj.jpg"
10533,6153886b-62a0-4f89-913b-67cdb1d20149,21,In summer the thing (I) love most is having (to have) a mixed ice-cream.,"/Volumes/Italian 1&2 SuperBundle/1Pictures/FlashCard/mixed ,adj.jpg"
10534,5b1223d0-9bb9-49c0-8401-9965cfed4075,21,Can (you) wait a moment?,"/Volumes/Italian 1&2 SuperBundle/1Pictures/FlashCard/moment ,il.jpg"
112,8778faf7-bbb8-4820-9c94-3f4b4a6f2386,1,bone,"/Volumes/Italian 1&2 SuperBundle/1Pictures/FlashCard/bone ,l (m).jpg"
10554,c770da82-7a8a-42d6-a315-cdcf29102241,21,This is my father.,"/Volumes/Italian 1&2 SuperBundle/1Pictures/FlashCard/my ,adj.jpg"
10557,954d7716-a3b6-45ac-9f2e-5e7c4f6a0560,21,My boyfriend studies natural science.,"/Volumes/Italian 1&2 SuperBundle/1Pictures/FlashCard/natural ,adj.jpg"
10563,35d24726-f214-4e94-a4cd-d7dc75144791,21,(I) will never be able to finish this job.,"/Volumes/Italian 1&2 SuperBundle/1Pictures/FlashCard/never ,adv.jpg"
78,cf54caae-e1f2-46f0-906f-ee60573302bc,1,"bath, bathroom","/Volumes/Italian 1&2 SuperBundle/1Pictures/FlashCard/bath ,bathroom ,il.jpg"
10603,7467dc01-96aa-4530-92fc-6b2a141d26a6,21,Our garden is very small.,"/Volumes/Italian 1&2 SuperBundle/1Pictures/FlashCard/our ,prn.jpg"
10604,32fb7eee-7003-46c2-976a-309ba8458dd3,21,Can (you) take the rubbish out/outside? (inf.sing),"/Volumes/Italian 1&2 SuperBundle/1Pictures/FlashCard/out ,outside ,adv.jpg"
80,c15354f7-df8e-45f2-b852-7e58e409603a,1,beard,"/Volumes/Italian 1&2 SuperBundle/1Pictures/FlashCard/beard ,la.jpg"
10620,c97841c3-51a3-4296-86f4-414ef6481ff4,21,Can (you) lend me the pen?,"/Volumes/Italian 1&2 SuperBundle/1Pictures/FlashCard/pen ,la.jpg"
10626,c7552a75-cd5f-46bf-a815-5b67d0b59b19,21,The cat is my favourite pet.,"/Volumes/Italian 1&2 SuperBundle/1Pictures/FlashCard/pet ,il.jpg"
10645,c98e9a2b-ff21-460f-8e63-0eed14b1b8ab,21,(I) remember you with pleasure.,"/Volumes/Italian 1&2 SuperBundle/1Pictures/FlashCard/pleasure ,il.jpg"
162,b8267ee5-1cc3-4215-8149-dbbaa85bb550,1,"chair, seat","/Volumes/Italian 1&2 SuperBundle/1Pictures/FlashCard/chair ,la.jpg"
10666,e4113ffc-73c1-4517-99b4-ced20794cb3b,21,The rain has ruined the dinner.,"/Volumes/Italian 1&2 SuperBundle/1Pictures/FlashCard/rain ,la.jpg"
10675,a88537dd-3032-4aac-beeb-5f5728785051,21,The Arno river passes through Florence.,"/Volumes/Italian 1&2 SuperBundle/1Pictures/FlashCard/river ,il.jpg"
10676,702cad89-3bca-4c4d-a308-15c4d3b3df6e,21,(We) usually eat roast for Christmas.,"/Volumes/Italian 1&2 SuperBundle/1Pictures/FlashCard/roast ,l (m).jpg"
314,b78c157c-00ab-4a15-a92b-176b0b1e6d24,1,family,"/Volumes/Italian 1&2 SuperBundle/1Pictures/FlashCard/family ,la.jpg"
10690,e948355b-17e0-4f37-a173-69e29c7966a4,21,At school we learn (one learns) how to write.,"/Volumes/Italian 1&2 SuperBundle/1Pictures/FlashCard/school ,la.jpg"
10691,e7fc4454-ead4-409e-9b0e-72a7fd137ff1,21,Have (you) seen my scissors?,"/Volumes/Italian 1&2 SuperBundle/1Pictures/FlashCard/scissors, nail scissors ,npl.jpg"
575,ba728d3d-f7a4-4749-8ac1-87374779dc72,1,"no, not","/Volumes/Italian 1&2 SuperBundle/1Pictures/FlashCard/no ,not ,adv.jpg"
10758,6f86423f-25db-4e14-8a3a-ecd4515f8a94,21,In spite of our friendship he treated me like a stranger(m).,"/Volumes/Italian 1&2 SuperBundle/1Pictures/FlashCard/stranger ,l (m).jpg"
447,49c68268-4baa-426d-a2c9-1ecc20befec4,1,hundreds of,"/Volumes/Italian 1&2 SuperBundle/1Pictures/FlashCard/hundreds of ,npl.JPG"
10773,93f46243-a8cb-45dc-8b4f-fee7e90d27c3,21,Put a sweater on top of the blouse.,"/Volumes/Italian 1&2 SuperBundle/1Pictures/FlashCard/sweater ,jumper ,il.jpg"
10783,fe6addfd-8aa1-48b1-a149-caf3434f1fda,21,Here you are (formal) - Thank you! Good-bye.,"/Volumes/Italian 1&2 SuperBundle/1Pictures/FlashCard/thank you ,exc.jpg"
10791,e3544e19-c7ae-430f-9f4b-db604e6fc7ea,21,What time is it?,"/Volumes/Italian 1&2 SuperBundle/1Pictures/FlashCard/the time ,hour ,l (f).jpg"
10793,7cb619dc-2c41-4629-b1d0-0be8a97bb137,21,"Don't go out, it's very cold today.","/Volumes/Italian 1&2 SuperBundle/1Pictures/FlashCard/it is very cold today ,phr.jpg"
11050,31ce063c-42e4-487d-9f41-7bf9225070e9,21,(I) wish for (would like) peace in the world.,"/Volumes/Italian 1&2 SuperBundle/1Pictures/FlashCard/world ,il.jpg"
509,f159a39f-7d38-4770-9c86-58bdf3f005d8,1,little (amount),"/Volumes/Italian 1&2 SuperBundle/1Pictures/FlashCard/little (amount) ,adv.jpg"
10839,cd63f6d4-9f66-45f2-b8fc-6aa739cf2c5f,21,My neighbour (m) is so lucky that every week he wins an important prize.,"/Volumes/Italian 1&2 SuperBundle/1Pictures/FlashCard/to be lucky ,v.jpg"
10008,51f6ce52-3d96-4d35-95f8-ee60bed2cbf2,21,"Now (you)'re an adult, don't act like a child (m).","/Volumes/Italian 1&2 SuperBundle/1Pictures/FlashCard/adult (mf) ,n.jpg"
1015,ed9322d4-b018-461b-8e96-578e9cf68b56,1,spicy,"/Volumes/Italian 1&2 SuperBundle/1Pictures/FlashCard/spicy ,adj.jpg"
10852,a842c72d-05c0-4ba3-9d91-4bdc35581f43,21,(I) like to brush my hair.,"/Volumes/Italian 1&2 SuperBundle/1Pictures/FlashCard/to brush (hair ,shoes but not teeth (lavarsi) ,v.jpg"
10863,b45200af-349d-4c48-b92d-c8a8606edac6,21,When (you) cross the street pay attention to the cars.,"/Volumes/Italian 1&2 SuperBundle/1Pictures/FlashCard/to cross ,v.jpg"
10896,d1d12126-8e85-4946-99ff-8f953fde4433,21,(I) hurt my leg when I fell.,"/Volumes/Italian 1&2 SuperBundle/1Pictures/FlashCard/to hurt ,v.jpg"
11054,a4ed7c13-7a47-4755-8c30-6cf94b350fa9,21,"Do (you) like my new sweater? - Yes, (I do).","/Volumes/Italian 1&2 SuperBundle/1Pictures/FlashCard/yes ,adv.jpg"
15311,9f16c395-f81f-4a2e-af2c-70bc91c42f2a,21,(I) would like to go on holiday.,/Volumes/Italian 1&2 SuperBundle/1Pictures/FlashCard/ZE10140.jpg
707,58d2775e-1c1d-464f-8b94-0cc2515d93a3,1,sheep,"/Volumes/Italian 1&2 SuperBundle/1Pictures/FlashCard/sheep ,la.jpg"
10950,7ce556ca-1c85-4f0b-a1e0-4705c697bbd0,21,(You) can stay longer if you want.,"/Volumes/Italian 1&2 SuperBundle/1Pictures/FlashCard/to stay (remain) ,v.jpg"
10965,dcfcc4b0-507c-4090-857a-0784c783446a,21,(I) hope to pass the exam.,"/Volumes/Italian 1&2 SuperBundle/1Pictures/FlashCard/to hope ,v.jpg"
10013,ef1236d4-c938-45e8-b04f-ff075fe6c970,21,(We) must fight against the dictatorship.,"/Volumes/Italian 1&2 SuperBundle/1Pictures/FlashCard/against ,prep.jpg"
11015,ae88ba9e-a5fb-4f6f-ba7a-9860694190f4,21,This sauce is too spicy.,"/Volumes/Italian 1&2 SuperBundle/1Pictures/FlashCard/spicy ,adj.jpg"
10024,44050c3f-fdc7-47f5-8888-184221cb9395,21,There are too many cars parked along the road.,"/Volumes/Italian 1&2 SuperBundle/1Pictures/FlashCard/along ,prep.jpg"
10093,12316c32-c9ba-4e9c-9524-2020b437e4d4,21,The theatre is behind the shop.,"/Volumes/Italian 1&2 SuperBundle/1Pictures/FlashCard/behind (at the back) ,prep.jpg"
10143,24c9af2d-5bc0-4536-854c-a925e8d98fa6,21,(I) love it when a butterfly lands on a flower.,"/Volumes/Italian 1&2 SuperBundle/1Pictures/FlashCard/butterfly ,la.jpg"
10133,7d80d3c7-c2da-41a5-b9e5-a6ce2a84f1e5,21,In Spain (I) saw a bull in the street and nobody cared about it.,"/Volumes/Italian 1&2 SuperBundle/1Pictures/FlashCard/bull ,il.jpg"
10228,36e25f58-63aa-4f42-98e4-e7563aa1fe0a,21,"Please, write the date.","/Volumes/Italian 1&2 SuperBundle/1Pictures/FlashCard/date ,la.jpg"
10377,ed3291f2-93c4-4f67-a137-3c01c71af993,21,Your house has a beautiful garden.,"/Volumes/Italian 1&2 SuperBundle/1Pictures/FlashCard/garden ,il.jpg"
10239,ac6a0396-3a61-4e54-8b54-29266f1c87a7,21,The departure is getting nearer and nearer!,"/Volumes/Italian 1&2 SuperBundle/1Pictures/FlashCard/departure ,la.jpg"
10314,5e9c3f3a-0640-4927-b5f6-f9e59057058f,21,(He) has a beautiful family.,"/Volumes/Italian 1&2 SuperBundle/1Pictures/FlashCard/family ,la.jpg"
10405,48567a11-79ac-4b50-935f-7cb75074e742,21,(I) always eat hamburger(s) at McDonald's.,"/Volumes/Italian 1&2 SuperBundle/1Pictures/FlashCard/hamburger ,l (m).jpg"
10291,5261794a-48f6-4f21-8cd5-09fb2e225ecb,21,Your car has a very strong engine.,"/Volumes/Italian 1&2 SuperBundle/1Pictures/FlashCard/engine ,il.jpg"
10351,39ca8666-e3a9-4347-ab71-1b8cee7fb266,21,This fork is dirty.,"/Volumes/Italian 1&2 SuperBundle/1Pictures/FlashCard/fork ,la.jpg"
10388,7ae00029-ef25-417e-8087-8ec369c48872,21,This cake is very good.,"/Volumes/Italian 1&2 SuperBundle/1Pictures/FlashCard/good ,adj.jpg"
10522,20e05a75-1d37-4149-ac91-cfd309ca4de8,21,(We) can go to the wedding together.,"/Volumes/Italian 1&2 SuperBundle/1Pictures/FlashCard/marriage ,il.jpg"
10092,5054b923-f65f-4091-8ac4-32092eb1251e,21,At the beginning (I) couldn't stand her.,"/Volumes/Italian 1&2 SuperBundle/1Pictures/FlashCard/beginning ,il.jpg"
10094,8c40518b-03d3-41d8-b686-fc8adf642b2b,21,Don't look backwards when (you) are driving.,"/Volumes/Italian 1&2 SuperBundle/1Pictures/FlashCard/backwards ,adv.jpg"
10096,e80ca9ec-9293-4b01-b1f7-35c99b8de82d,21,Don't look down.,"/Volumes/Italian 1&2 SuperBundle/1Pictures/FlashCard/beneath ,adv.jpg"
10576,de2e3160-5d0d-4452-855a-f8cef76ef1e2,21,Nobody came to the birthday party.,"/Volumes/Italian 1&2 SuperBundle/1Pictures/FlashCard/nobody ,prn.jpg"
10644,2f1158fe-a3cf-41cf-a36d-14a320052504,21,"Good morning/day, how are you (formal)? 
It's nice to meet you!","/Volumes/Italian 1&2 SuperBundle/1Pictures/FlashCard/pleased to meet you ,exc.jpg"
10704,2e1f9141-c030-4496-93b6-cceb5af5e05b,21,In the sky there are clouds of different shapes.,"/Volumes/Italian 1&2 SuperBundle/1Pictures/FlashCard/shape ,figure ,la.jpg"
10109,d45f9f9a-4d0b-4a00-bc63-b410a0e8cebf,21,(I)'ll wear a blouse under the jacket.,"/Volumes/Italian 1&2 SuperBundle/1Pictures/FlashCard/blouse ,la.jpg"
10591,f26ec44d-ce45-4483-8843-0bb36217b6dc,21,My grandfather is old but he is still very active.,"/Volumes/Italian 1&2 SuperBundle/1Pictures/FlashCard/old ,adj.jpg"
10655,baa83bff-29bf-40d4-98cf-0085d98b5db2,21,(I) must check if (I) have some private messages in my box.,"/Volumes/Italian 1&2 SuperBundle/1Pictures/FlashCard/private ,adj.JPG"
10742,d31f63d2-325d-46a5-b3e3-73d18e14960e,21,Sometimes (I) don't have breakfast because (I)'m in a hurry.,"/Volumes/Italian 1&2 SuperBundle/1Pictures/FlashCard/sometimes ,adv.jpg"
10811,0b3400d0-5576-4f3d-9795-39bbd6e3fd3a,21,This peach is rotten.,"/Volumes/Italian 1&2 SuperBundle/1Pictures/FlashCard/this ,art.jpg"
10126,6d49eb9b-7cd9-41ea-859a-087b0448b082,21,Can (I) hand out this brochure?,"/Volumes/Italian 1&2 SuperBundle/1Pictures/FlashCard/brochure ,l (m).jpg"
10738,a88d61af-a587-40b9-b912-a9a4eecd3820,21,Some boys in my class didn't do the exercises.,"/Volumes/Italian 1&2 SuperBundle/1Pictures/FlashCard/some (any) ,adj.jpg"
10116,3782e843-9b4d-43b3-837a-bbe45563a449,21,That boy is always sad and bored.,"/Volumes/Italian 1&2 SuperBundle/1Pictures/FlashCard/bored ,adj.jpg"
10118,db6249af-4baf-48e7-a703-50330ab22862,21,Both (E...) passed the exam.,"/Volumes/Italian 1&2 SuperBundle/1Pictures/FlashCard/both (en) ,adj prn.jpg"
10707,dd24a74f-593f-4c6f-bfe2-c372b202565f,21,Every day the shepherd puts the sheep to pasture.,"/Volumes/Italian 1&2 SuperBundle/1Pictures/FlashCard/sheep ,la.jpg"
10122,2b1e6431-ca67-493f-97c5-5d32bce4a719,21,That boy is a real gentleman.,"/Volumes/Italian 1&2 SuperBundle/1Pictures/FlashCard/boy ,boyfriend ,il.jpg"
10875,9c8651df-491a-4c68-98e6-624af94e880d,21,All the jerseys have fallen from the shelf.,"/Volumes/Italian 1&2 SuperBundle/1Pictures/FlashCard/to fall ,v.jpg"
11029,b8358acb-3909-486d-b807-7cb46b18f142,21,What? (I) didn't understand. Can (you) repeat that? (formal),"/Volumes/Italian 1&2 SuperBundle/1Pictures/FlashCard/what ,q.jpg"
10123,f67dcd09-60eb-49ad-bef1-6172eccb9c13,21,(I) buy bread every day.,"/Volumes/Italian 1&2 SuperBundle/1Pictures/FlashCard/bread ,il.jpg"
10884,f2779f38-4fb6-436c-a616-8f969cc95a3e,21,Why don't (we) go to a pub?,"/Volumes/Italian 1&2 SuperBundle/1Pictures/FlashCard/to go ,v.jpg"
11019,a1db2e3a-0bab-493d-a4aa-c7b7f18ce654,21,The wave breaks against the rock.,"/Volumes/Italian 1&2 SuperBundle/1Pictures/FlashCard/wave (sea) ,l (f).jpg"
11030,6f26a7fd-b7ef-4967-8e4e-6cf26715c570,21,When does the guided tour start?,"/Volumes/Italian 1&2 SuperBundle/1Pictures/FlashCard/when ,q.jpg"
10188,e1a59502-2bb0-4c42-80d5-6ae0e6c07ad6,21,(I) can't sleep with the clock in the bedroom.,"/Volumes/Italian 1&2 SuperBundle/1Pictures/FlashCard/clock ,l (m).jpg"
10229,2b3204ea-760a-44ca-bf09-1fdf266b8491,21,"Please, write your date of birth.","/Volumes/Italian 1&2 SuperBundle/1Pictures/FlashCard/date of birth ,la.jpg"
10219,ce890b6f-b7ef-4ce7-8340-673d9c69a002,21,The clothes are in the cupboard.,"/Volumes/Italian 1&2 SuperBundle/1Pictures/FlashCard/cupboard ,l (m).jpg"
10246,c72e3d18-53da-4c3f-83ae-3275571180cb,21,This child (m) needs more discipline.,"/Volumes/Italian 1&2 SuperBundle/1Pictures/FlashCard/discipline ,la.jpg"
10249,52c18bdb-35d4-4bf5-81e0-935cf752b2a8,21,In that restaurant (they) serve excellent dishes.,"/Volumes/Italian 1&2 SuperBundle/1Pictures/FlashCard/dish ,plate ,il.jpg"
10261,bf1474ed-7426-44a3-bf07-00d5cdb4d136,21,The wardrobe has four drawers.,"/Volumes/Italian 1&2 SuperBundle/1Pictures/FlashCard/drawer ,il.jpg"
10263,c9550ba3-acc2-45d5-a3f5-4e7560ad39ba,21,There is the dressing table.,"/Volumes/Italian 1&2 SuperBundle/1Pictures/FlashCard/dressing table ,la.jpg"
10275,465514ba-8372-4438-b599-74b314a17d00,21,The translation of these sentences is very easy.,"/Volumes/Italian 1&2 SuperBundle/1Pictures/FlashCard/easy ,adj.jpg"
10289,9e4132fe-60c2-4eba-ac79-d1b034bbf012,21,(I) don't want to hear the end of the story.,"/Volumes/Italian 1&2 SuperBundle/1Pictures/FlashCard/end ,la.jpg"
10321,d27706eb-ec11-4358-a8ff-0775257288cf,21,What's your father's name? (inf.sing),"/Volumes/Italian 1&2 SuperBundle/1Pictures/FlashCard/father ,il.jpg"
10359,362937ca-04b2-4ca7-ad08-531196c7a892,21,Freedom is the most important thing for a man.,"/Volumes/Italian 1&2 SuperBundle/1Pictures/FlashCard/freedom ,liberty ,la.jpg"
10416,8582afd3-e322-4995-b5e9-2db32969fbb7,21,My heart beats very hard.,"/Volumes/Italian 1&2 SuperBundle/1Pictures/FlashCard/heart ,il.jpg"
10468,c748da14-bb23-4be7-93ed-526238c7d6b0,21,The mosquito is a very bothersome insect.,"/Volumes/Italian 1&2 SuperBundle/1Pictures/FlashCard/insect ,l (m).jpg"
3,4b16c116-8b27-4fd0-9812-90e53cda1d4c,1,absolute,"/Volumes/Italian 1&2 SuperBundle/1Pictures/FlashCard/absolute ,adj.jpg"
19,39240788-8896-430b-aa55-447404f44a16,1,alarm clock,"/Volumes/Italian 1&2 SuperBundle/1Pictures/FlashCard/alarm clock ,la.jpg"
98,48d84576-6a55-4236-819d-fc11f836bb42,1,better (mi...),"/Volumes/Italian 1&2 SuperBundle/1Pictures/FlashCard/better (mi) ,adj.jpg"
87,aeb8a7ef-6103-48e4-90b2-e6f9b6708a41,1,bedroom (c... d... l...),"/Volumes/Italian 1&2 SuperBundle/1Pictures/FlashCard/bedroom (cdl),la.jpg"
145,f0cc6185-418e-414f-9bce-401a488ab2eb,1,restaurant,"/Volumes/Italian 1&2 SuperBundle/1Pictures/FlashCard/restaurant ,il.JPG"
10569,ebdc445f-5378-40a9-9e2c-a585b2473a9d,21,(I) can't sleep at night.,"/Volumes/Italian 1&2 SuperBundle/1Pictures/FlashCard/night ,la.jpg"
237,7c77097d-6b86-4615-87d2-03c5733265c1,1,delighted,"/Volumes/Italian 1&2 SuperBundle/1Pictures/FlashCard/delighted ,adj.jpg"
10616,4065dc16-a0c4-44fa-af80-43f3969b5fc6,21,"Walk on the pavement, not in the middle of the road.","/Volumes/Italian 1&2 SuperBundle/1Pictures/FlashCard/pavement ,sidewalk ,il.jpg"
10618,98dd53b8-6115-4c2d-8548-d9dda5617088,21,My favourite fruits are pears and peaches.,"/Volumes/Italian 1&2 SuperBundle/1Pictures/FlashCard/peach ,la.jpg"
10637,04a37cce-43aa-4597-aa4b-49e81b337b5b,21,The place (I) love most is the seaside.,"/Volumes/Italian 1&2 SuperBundle/1Pictures/FlashCard/place ,il.jpg"
10685,9f1b36d5-7974-4b24-834f-c23e766993db,21,(I) like to walk on the sand.,"/Volumes/Italian 1&2 SuperBundle/1Pictures/FlashCard/sand ,la.jpg"
10705,eb07f521-d15a-4c87-9731-c2e2a24040f9,21,This knife is sharp.,"/Volumes/Italian 1&2 SuperBundle/1Pictures/FlashCard/sharp ,adj.jpg"
758,bc96a724-9384-45c2-80e5-e56fc1fccace,1,stranger,"/Volumes/Italian 1&2 SuperBundle/1Pictures/FlashCard/stranger ,l (m).jpg"
10744,1735bcef-19f3-4b74-9fc7-ea1aabdfa433,21,See (you) soon. (We'll see each other soon.),"/Volumes/Italian 1&2 SuperBundle/1Pictures/FlashCard/soon ,adv.jpg"
89,6bb0ffa5-9fe9-4249-b8ae-cca194cc7479,1,bee,"/Volumes/Italian 1&2 SuperBundle/1Pictures/FlashCard/bee ,l (f).jpg"
310,0f853460-702f-4062-8078-8617754c1474,1,eye,"/Volumes/Italian 1&2 SuperBundle/1Pictures/FlashCard/eye ,l (m).jpg"
545,1aa54a9b-7809-4c95-89b5-9333b8b18bf6,1,motorway,"/Volumes/Italian 1&2 SuperBundle/1Pictures/FlashCard/motorway ,l (f).jpg"
258,0132c6be-ea65-4015-8d2f-e9c9f0d9d910,1,donkey,"/Volumes/Italian 1&2 SuperBundle/1Pictures/FlashCard/donkey ,l (m).jpg"
306,c55b7214-43dc-4aad-81cc-8528d8be3944,1,exit,"/Volumes/Italian 1&2 SuperBundle/1Pictures/FlashCard/exit ,l (f).JPG"
434,884fe068-4a30-4a45-bff2-f93775e68e4a,1,hotel,"/Volumes/Italian 1&2 SuperBundle/1Pictures/FlashCard/hotel ,l (m).jpg"
626,f9495f46-7f82-4c22-a870-7a58d50558bc,1,pet,"/Volumes/Italian 1&2 SuperBundle/1Pictures/FlashCard/pet ,il.jpg"
10746,45355c14-082b-4502-8105-be5358be9783,21,Yesterday (I) spent a special evening with my boyfriend.,"/Volumes/Italian 1&2 SuperBundle/1Pictures/FlashCard/special ,adj.jpg"
681,6d9f370f-897f-47da-ae49-9b6d65de86ca,1,salad,"/Volumes/Italian 1&2 SuperBundle/1Pictures/FlashCard/salad ,l (f).jpg"
649,a616e9e3-3899-43b0-82e4-e0d3904b62f4,1,poor,"/Volumes/Italian 1&2 SuperBundle/1Pictures/FlashCard/poor ,adj.jpg"
10760,6981e18a-22e6-4615-99bd-e5b5b84b70d4,21,The stream passes through a wood.,"/Volumes/Italian 1&2 SuperBundle/1Pictures/FlashCard/stream ,il.jpg"
670,9136c5de-08e2-4eff-9612-791841e72406,1,return,"/Volumes/Italian 1&2 SuperBundle/1Pictures/FlashCard/return ,il.jpg"
10751,2bac08e6-8236-4b22-b4ab-a13929affb08,21,The room (st..) is next to the stairs.,"/Volumes/Italian 1&2 SuperBundle/1Pictures/FlashCard/stairs ,le.jpg"
523,41239b4f-8ed6-47a5-a1c8-66e16799e991,1,match,"/Volumes/Italian 1&2 SuperBundle/1Pictures/FlashCard/matches ,npl.jpg"
10845,ce64d968-0801-4de2-9e53-2a7e4d7f811b,21,(I) can't believe that.,"/Volumes/Italian 1&2 SuperBundle/1Pictures/FlashCard/to believe ,v.jpg"
10850,886cd70c-44ab-41c1-8990-9db46a8c6dfd,21,The dog broke the vase in the garden.,"/Volumes/Italian 1&2 SuperBundle/1Pictures/FlashCard/to break ,v.jpg"
10874,3aadb705-2729-4d78-bd1a-bb25a41e2087,21,You can't enter. (inf. sing.),"/Volumes/Italian 1&2 SuperBundle/1Pictures/FlashCard/to enter ,v.jpg"
581,5b02fb16-856b-44c0-9f11-6c382185057a,1,nothing (ni...),"/Volumes/Italian 1&2 SuperBundle/1Pictures/FlashCard/nothing ,prn.jpg"
1002,28e28d7f-323b-407d-baa6-9c715ef3b640,1,under,"/Volumes/Italian 1&2 SuperBundle/1Pictures/FlashCard/under ,adv.jpg"
10914,8116f286-febc-48f3-9fd0-48d9cd9e07c5,21,When (I) saw him (he) was jumping for joy.,"/Volumes/Italian 1&2 SuperBundle/1Pictures/FlashCard/to jump ,v.jpg"
939,f4491588-ef86-4ef5-99df-88896f0d0831,1,to shower (have a shower),"/Volumes/Italian 1&2 SuperBundle/1Pictures/FlashCard/to shower ,v.jpg"
952,5a2d367f-b846-4cd0-9d11-777bd4630c9a,1,to stop,"/Volumes/Italian 1&2 SuperBundle/1Pictures/FlashCard/to stop ,v.jpg"
10005,a8fa28c8-38b3-4c48-9f22-750a2b73387e,21,(I) have to find (an) accommodation in this city.,"/Volumes/Italian 1&2 SuperBundle/1Pictures/FlashCard/accommodation ,la.jpg"
883,adfc9194-f2c6-4d8f-8816-90f298f76a1c,1,"to take, to get, to catch","/Volumes/Italian 1&2 SuperBundle/1Pictures/FlashCard/to get ,to catch ,v.jpg"
1038,3ea1f29a-8404-4c85-af69-91a41b018fe4,1,far from here,"/Volumes/Italian 1&2 SuperBundle/1Pictures/FlashCard/far from here ,adj.jpg"
10232,cb484383-6d5c-4aab-88ad-9e7955286248,21,Death is a bad thing.,"/Volumes/Italian 1&2 SuperBundle/1Pictures/FlashCard/death ,la.jpg"
10316,e8c6da55-03d0-4ebb-bf2b-914397c8546b,21,It's really fantastic to spend a happy evening with friends.,"/Volumes/Italian 1&2 SuperBundle/1Pictures/FlashCard/fantastic ,adj.jpg"
916,9a3e5e98-c6ba-4d5c-856d-ea6de9d04f70,1,to open,"/Volumes/Italian 1&2 SuperBundle/1Pictures/FlashCard/to open ,v.jpg"
10985,13122198-9a12-4acd-a86a-25b13f545a35,21,If (you) go near to the stadium (you) will certainly find a traffic jam.,"/Volumes/Italian 1&2 SuperBundle/1Pictures/FlashCard/traffic jam ,l (m).jpg"
303,efe448d6-52a8-4039-94ea-0b11c2ed900e,1,example,"/Volumes/Italian 1&2 SuperBundle/1Pictures/FlashCard/example ,l (m).jpg"
41,38467e18-3f1b-4d08-837a-8532b494ca0d,1,arrival,"/Volumes/Italian 1&2 SuperBundle/1Pictures/FlashCard/arrival ,l (m).jpg"
171,81b4e4cc-1204-40ef-b66a-3fa9cf3def69,1,"cheque, check","/Volumes/Italian 1&2 SuperBundle/1Pictures/FlashCard/cheque ,l (m).jpg"
184,1d95d5fd-a6c7-4303-a8bb-3d5c2580abfe,1,classroom,"/Volumes/Italian 1&2 SuperBundle/1Pictures/FlashCard/classroom ,l (f).jpg"
188,c17b481d-98f5-4e0a-866d-4f4e36770842,1,clock,"/Volumes/Italian 1&2 SuperBundle/1Pictures/FlashCard/clock ,l (m).jpg"
294,a8986be4-d350-4613-ae03-f25b798fd90e,1,entrance,"/Volumes/Italian 1&2 SuperBundle/1Pictures/FlashCard/entrance ,l (f).jpg"
1000,cfa555a4-3f2f-49eb-a432-f18c3cff2080,1,umbrella,"/Volumes/Italian 1&2 SuperBundle/1Pictures/FlashCard/umbrella ,l (m).jpg"
775,b90d93ec-99c7-454e-8f64-677055eac3ad,1,switch,"/Volumes/Italian 1&2 SuperBundle/1Pictures/FlashCard/switch ,l (m).jpg"
791,dfc8ba78-a22f-4609-b24b-4c45cd9dd42c,1,"the time, hour","/Volumes/Italian 1&2 SuperBundle/1Pictures/FlashCard/the time ,hour ,l (f).jpg"
988,d0acf684-539a-45ff-a67c-331e9c14be85,1,tree,"/Volumes/Italian 1&2 SuperBundle/1Pictures/FlashCard/tree ,l (m).jpg"
6398,69659fdd-49e5-49e8-9b50-c7db2f14004f,1,"his, her, its",/Volumes/Italian 1&2 SuperBundle/1Pictures/FlashCard/ZE10173.jpg
5736,ac7b6896-e0be-4530-8973-a02a4e44380f,1,Can you tell me? (formal),/Volumes/Italian 1&2 SuperBundle/1Pictures/FlashCard/ze13470.jpg
15733,a8a43cce-a25a-4471-ad65-d517f5706de5,21,"Luca can come tonight, but tomorrow (he)'s busy.",/Volumes/Italian 1&2 SuperBundle/1Pictures/FlashCard/ZE13440.jpg
5747,8521367a-7404-40e9-b385-e9dd3164de73,1,where is?,/Volumes/Italian 1&2 SuperBundle/1Pictures/FlashCard/ze10037.jpg
10652,f08a983f-442e-4503-8598-303274594253,21,"Excuse me, could (you) tell me where the nearest post office is? (formal)","/Volumes/Italian 1&2 SuperBundle/1Pictures/FlashCard/post office ,mail ,l (m).jpg"
10397,e09d8d31-286a-404e-bd96-991903f5b509,21,The sky is always blue and the grass is always green in the countryside.,"/Volumes/Italian 1&2 SuperBundle/1Pictures/FlashCard/grass ,l (f).jpg"
10509,d76f98c2-67d3-4c98-b50a-252eac51ca33,21,(I) speak a little English.,"/Volumes/Italian 1&2 SuperBundle/1Pictures/FlashCard/little (amount) ,adv.jpg"
10078,6e6ba5bb-466a-4308-8d76-949c92d44fdf,21,Where is the bathroom?,"/Volumes/Italian 1&2 SuperBundle/1Pictures/FlashCard/bath ,bathroom ,il.jpg"
10119,ebcf36d4-396b-4073-9932-7f57b5ecb4b4,21,Where is the bottle?,"/Volumes/Italian 1&2 SuperBundle/1Pictures/FlashCard/bottle ,la.jpg"
10400,bcbd06d6-8cb8-4fe6-8eb0-53ed1a2cea85,21,That guest is very kind.,"/Volumes/Italian 1&2 SuperBundle/1Pictures/FlashCard/guest, host (mf) ,n.jpg"
10438,7bce418c-bb43-4dd1-8522-a2ca3b8c028a,21,"(I) passed the exam! - How good, great!","/Volumes/Italian 1&2 SuperBundle/1Pictures/FlashCard/great! ,exc.jpg"
10471,f2c5dd3e-2a55-4bfd-bc9f-0023279068e6,21,Has the letter with the invitation arrived?,"/Volumes/Italian 1&2 SuperBundle/1Pictures/FlashCard/invitation ,l (m).jpg"
15306,a9975870-58e7-4e0e-9ed0-f8d5077083ba,21,The information wasn't confirmed by the newspaper.,/Volumes/Italian 1&2 SuperBundle/1Pictures/FlashCard/ze10110.jpg
15342,5920cb02-9ea0-441a-93c5-81a7a0af379a,21,The international airport is closed for the fog.,/Volumes/Italian 1&2 SuperBundle/1Pictures/FlashCard/ZE10016.jpg
10503,5fff33b4-070f-4a31-83f4-adb9b6135e5a,21,Last year (I) usually went to the library every day.,"/Volumes/Italian 1&2 SuperBundle/1Pictures/FlashCard/library ,la.jpg"
10037,c1c64fba-62f7-4c2a-9038-16d6422f738b,21,Eating an apple every day is a healthy habit.,"/Volumes/Italian 1&2 SuperBundle/1Pictures/FlashCard/apple ,la.jpg"
10117,e75f49cd-e830-44b6-9acf-93fe43c1353d,21,Both (T...) passed the exam.,"/Volumes/Italian 1&2 SuperBundle/1Pictures/FlashCard/both (tu ) ,adj prn.jpg"
10120,2b1fb383-23c6-4418-8815-778d7140928b,21,At the bottom of the lake there's a treasure.,"/Volumes/Italian 1&2 SuperBundle/1Pictures/FlashCard/bottom ,il.jpg"
10136,be2c8513-d57b-4857-ada3-f4648dd4d207,21,(I)'ll wait for you at the bus stop.,"/Volumes/Italian 1&2 SuperBundle/1Pictures/FlashCard/bus stop ,la.JPG"
10283,c6d281f2-306c-4e76-950b-b39401eaea98,21,(You) can't buy two books. Choose either of them (one or the other).,"/Volumes/Italian 1&2 SuperBundle/1Pictures/FlashCard/either of them ,conj.jpg"
10333,9d69bf12-ba03-4908-ac93-5ddc80eb9a28,21,During the final match Italy scored three goals.,"/Volumes/Italian 1&2 SuperBundle/1Pictures/FlashCard/final ,adj.jpg"
15313,623913d0-e44f-49f6-bd6b-f1126fefb320,21,The road is in the shadow (shade).,/Volumes/Italian 1&2 SuperBundle/1Pictures/FlashCard/ZE10151.jpg
15747,77194174-940c-4ecf-98dc-a696125c56a8,21,Where is the nearest bank?,/Volumes/Italian 1&2 SuperBundle/1Pictures/FlashCard/ze10037.jpg
10305,dce19334-b548-4c62-9f57-664ebdef4c4b,21,(I)'m (f) so excited about the idea of the trip/travel.,"/Volumes/Italian 1&2 SuperBundle/1Pictures/FlashCard/excited ,adj.jpg"
10790,6becf372-7e3a-423a-b679-3ebb857835e9,21,"The four seasons of the year are: spring, summer, autumn and winter.","/Volumes/Italian 1&2 SuperBundle/1Pictures/FlashCard/the four seasons ,npl.jpg"
10452,fda09689-f407-4008-837d-03bc44bae603,21,(I) need some ice for the water.,"/Volumes/Italian 1&2 SuperBundle/1Pictures/FlashCard/ice ,il.jpg"
10431,a1cb5167-154f-4e33-a029-035bcb2640eb,21,The museum is next to the hospital.,"/Volumes/Italian 1&2 SuperBundle/1Pictures/FlashCard/hospital ,l (m).jpg"
10775,a5d9d0e1-54da-473b-be90-9d6d6e791802,21,The switch is in the right (-hand) corner.,"/Volumes/Italian 1&2 SuperBundle/1Pictures/FlashCard/switch ,l (m).jpg"
5442,9ede05b8-c71e-4bb1-a5f7-e9d288505230,1,how long? (time),/Volumes/Italian 1&2 SuperBundle/1Pictures/FlashCard/ze10930.jpg
768,4d37df4e-aeb2-43eb-a1df-7a7c332b046f,1,suitcase,"/Volumes/Italian 1&2 SuperBundle/1Pictures/FlashCard/suitcase ,la.jpg"
5296,9c50774d-3367-4d5b-97a2-6b57b51f6062,1,"Allow me to introduce Alessandro (informal, singular) (informal, plural)",/Volumes/Italian 1&2 SuperBundle/1Pictures/FlashCard/ze10007.jpg
5732,41b09c4d-bfb6-452e-8038-cbaf594d0b2c,1,Can (I) have?,/Volumes/Italian 1&2 SuperBundle/1Pictures/FlashCard/ze10162.jpg
5746,cebcb753-056b-4e08-bf35-b6e2b2873503,1,it was (imperfect),/Volumes/Italian 1&2 SuperBundle/1Pictures/FlashCard/ZE13312.JPG
222,5f7a5e75-5756-40ef-adb2-7cd43ff239d4,1,customs,"/Volumes/Italian 1&2 SuperBundle/1Pictures/FlashCard/Customs ,la.jpg"
44,e30a8753-d176-487e-b94d-701ab207e3d0,1,at home,"/Volumes/Italian 1&2 SuperBundle/1Pictures/FlashCard/at home ,phr.jpg"
10519,5fc31390-b624-45d0-a5a2-d87d90f2eca2,21,Here you are. - Thank you very much! - Don't mention it.,"/Volumes/Italian 1&2 SuperBundle/1Pictures/FlashCard/many thanks ,thank you very much ,exc.jpg"
10395,cc49bf73-f276-4efc-a37a-0289151a559b,21,My grandmother is seventy-two years old.,"/Volumes/Italian 1&2 SuperBundle/1Pictures/FlashCard/grandmother ,la.jpg"
10641,b91e2460-203b-4ee5-ac7c-569b5381aeeb,21,The children are playing in the play ground.,"/Volumes/Italian 1&2 SuperBundle/1Pictures/FlashCard/play ground ,il.jpg"
15284,1e5e1af7-590e-4372-848d-7146ad6c4375,21,There are some guests in the living room.,/Volumes/Italian 1&2 SuperBundle/1Pictures/FlashCard/ze10000.JPG
49,c9aebf90-efbb-4885-87f3-bb4703e9d395,1,"to, in, by","/Volumes/Italian 1&2 SuperBundle/1Pictures/FlashCard/to ,in ,by ,prep.jpg"
842,ccf1ad92-ac24-4b13-a0ea-05ef9ecf5124,1,to be thirsty,"/Volumes/Italian 1&2 SuperBundle/1Pictures/FlashCard/to be thirsty ,v.jpg"
61,d5529eb1-7c0d-48b2-a25f-65a0c3d5a9c5,1,avenue,"/Volumes/Italian 1&2 SuperBundle/1Pictures/FlashCard/avenue ,il.jpg"
18,760bce7f-4764-4086-a707-474b455ff7e9,1,airport,"/Volumes/Italian 1&2 SuperBundle/1Pictures/FlashCard/airport ,l (m).jpg"
6757,776175c9-58ca-4694-a398-09a9fd422db7,1,whose?,/Volumes/Italian 1&2 SuperBundle/1Pictures/FlashCard/ZE10941.JPG
893,88061146-bbcb-405f-a911-19ebbeb38919,1,to throw,"/Volumes/Italian 1&2 SuperBundle/1Pictures/FlashCard/to throw ,v.jpg"
926,26886709-4ecc-4cb0-9686-2adf25700b3f,1,to put,"/Volumes/Italian 1&2 SuperBundle/1Pictures/FlashCard/to put ,v.jpg"
856,9a838160-b028-4d3e-8a73-26a5dc5abcad,1,to change,"/Volumes/Italian 1&2 SuperBundle/1Pictures/FlashCard/to change ,v.jpg"
72,be2c352c-718b-4fad-a26d-87467042a344,1,bank,"/Volumes/Italian 1&2 SuperBundle/1Pictures/FlashCard/bank ,la.jpg"
647,5bad019e-494c-4ce4-9911-60a480a1cb64,1,police station,"/Volumes/Italian 1&2 SuperBundle/1Pictures/FlashCard/police station ,il.jpg"
16398,089c4090-32af-47e2-9e7a-e654493c5e3a,21,(I) want a toy like hers.,/Volumes/Italian 1&2 SuperBundle/1Pictures/FlashCard/ZE10173.jpg
10241,9ae7e412-c1dd-45fe-a295-a55f413ce5fe,21,At the end of a meal (you) have to eat dessert.,"/Volumes/Italian 1&2 SuperBundle/1Pictures/FlashCard/dessert ,il.jpg"
10589,362051ee-d6e7-4331-a753-45ee915d3058,21,"(We) need a bit of oil, some peppers and a bit of salt to prepare the sauce.","/Volumes/Italian 1&2 SuperBundle/1Pictures/FlashCard/oil ,l (m).jpg"
15292,2d85d754-6735-4e51-a7dc-c98a12459fdc,21,Yesterday (I) visited my grandmother at the hospital.,/Volumes/Italian 1&2 SuperBundle/1Pictures/FlashCard/ze10003.jpg
15451,995d8702-6ccc-4920-9b33-c8541c563fd7,21,Who is next?,/Volumes/Italian 1&2 SuperBundle/1Pictures/FlashCard/ze10023.jpg
15746,fe475f4c-37ab-4b6f-b33f-16080c4265b2,21,"(It) was a bad day, when (we) left.",/Volumes/Italian 1&2 SuperBundle/1Pictures/FlashCard/ZE13312.JPG
10089,5002448f-2412-4b11-8171-ae505df6d760,21,The bee is the insect that produces honey.,"/Volumes/Italian 1&2 SuperBundle/1Pictures/FlashCard/bee ,l (f).jpg"
10150,b1e05895-728f-4359-8766-86f9795beae6,21,Put the hat on the head.,"/Volumes/Italian 1&2 SuperBundle/1Pictures/FlashCard/hat ,il.jpg"
10612,206c5e83-f76f-4a03-8196-0ca80400ea33,21,Every part of the city has its (own) park.,"/Volumes/Italian 1&2 SuperBundle/1Pictures/FlashCard/part ,area ,la.jpg"
10709,f86ab5bd-4746-49e0-a138-b1737ffa4103,21,The book is on the shelf.,"/Volumes/Italian 1&2 SuperBundle/1Pictures/FlashCard/shelf ,il.jpg"
10901,97ff6043-c359-49a1-8e94-fbaebfb2712f,21,(I) like to know/knowing people to chat with.,"/Volumes/Italian 1&2 SuperBundle/1Pictures/FlashCard/to know ( person  , place) ,v.jpg"
11005,bb740ad3-11ed-4bab-becd-238d6937cfe9,21,Can (you) go up to grandma's to borrow some sugar?,"/Volumes/Italian 1&2 SuperBundle/1Pictures/FlashCard/up ,adv.jpg"
10162,e6c80523-87ec-4ad8-ae6f-d53c725eab5b,21,This seat/chair is comfortable.,"/Volumes/Italian 1&2 SuperBundle/1Pictures/FlashCard/chair ,la.jpg"
10165,f71782ff-5cdc-45d8-a7b5-5fe6fa14b4f7,21,Moving to Italy was a big change in his life.,"/Volumes/Italian 1&2 SuperBundle/1Pictures/FlashCard/change (replacement) ,il.jpg"
10167,6d2be3d0-568a-43f5-99f9-cb797f1df892,21,"(On the face there are) A face has two cheeks, two lips, a nose, two eyes.","/Volumes/Italian 1&2 SuperBundle/1Pictures/FlashCard/cheek ,la.jpg"
10278,63441ad1-dd49-4067-96ce-12325430f576,21,"Add onion, garlic, three carrots and some corn to the eggs.","/Volumes/Italian 1&2 SuperBundle/1Pictures/FlashCard/egg ,l (m).jpg"
10447,004b243b-c7d3-48f1-bbda-c4920a07439a,21,(I) have read hundreds of ads.,"/Volumes/Italian 1&2 SuperBundle/1Pictures/FlashCard/hundreds of ,npl.JPG"
11032,ff8e942c-6863-420a-b276-9f489b2ef88b,21,Where do (you) live in Italy?,"/Volumes/Italian 1&2 SuperBundle/1Pictures/FlashCard/where ,q.jpg"
10578,e2051416-1f5a-43fa-aa34-d74b1459e8eb,21,It's normal you are tired. (You) haven't sleep for days.,"/Volumes/Italian 1&2 SuperBundle/1Pictures/FlashCard/normal ,adj.jpg"
10605,c34759d0-be0c-4b8b-a7fb-7d6c07f4cf8c,21,Put the pizza in the oven.,"/Volumes/Italian 1&2 SuperBundle/1Pictures/FlashCard/oven ,il.jpg"
10592,ccb42cf4-a228-456c-93e2-3497c8308fa2,21,Italy produces an excellent olive-oil.,"/Volumes/Italian 1&2 SuperBundle/1Pictures/FlashCard/olive ,l (f).jpg"
10608,2b33b6cb-261d-4b64-a1e0-7afda3d0be73,21,The eggs are in the pan.,"/Volumes/Italian 1&2 SuperBundle/1Pictures/FlashCard/pan ,il.jpg"
10632,32d429ad-e917-4f6a-8463-178e3da55f0b,21,One of the animals I hate is the pig.,"/Volumes/Italian 1&2 SuperBundle/1Pictures/FlashCard/pig ,il.jpg"
11056,c9f0aa73-bff4-48f8-8e95-7ad42818b434,21,"Excuse me, (enter) after you (formal, singular).","/Volumes/Italian 1&2 SuperBundle/1Pictures/FlashCard/you (formal) ,prn.jpg"
13428,a8005961-c251-451c-93f6-fefce4ed4367,21,(You) have to give her toy to your sister.,/Volumes/Italian 1&2 SuperBundle/1Pictures/FlashCard/ZE10108.jpg
15291,1283e4f6-095d-40e2-80c7-4e96d61e5ce2,21,The apron is clean.,"/Volumes/Italian 1&2 SuperBundle/1Pictures/FlashCard/clean,adj.jpg"
15302,e9354ea9-a9e9-40e5-8eaa-957c670fbe30,21,(I) have made the reservation for the next holidays.,/Volumes/Italian 1&2 SuperBundle/1Pictures/FlashCard/ZE10070.JPG
16548,aa8136ca-7da9-42f2-9f2b-fea9e0c47f50,21,(You) have to be careful when (you) cross the road.,/Volumes/Italian 1&2 SuperBundle/1Pictures/FlashCard/ZE10053.jpg
15321,c95613f1-5cc0-4deb-875f-c0164cfefbd0,21,(I) must finish the book by tomorrow.,/Volumes/Italian 1&2 SuperBundle/1Pictures/FlashCard/ZE10180.jpg
15716,d7b80b93-681a-4750-8d64-15307c3c372d,21,(It) was a very unpleasant accident.,/Volumes/Italian 1&2 SuperBundle/1Pictures/FlashCard/ZE13310.JPG
16512,c5638d2d-9953-4d31-a25d-5d42f77af2db,21,My niece will visit us next week.,/Volumes/Italian 1&2 SuperBundle/1Pictures/FlashCard/ze10047.jpg
10071,37686049-fab8-411a-90eb-b0b8f976bdba,21,Why don't you like banana?,"/Volumes/Italian 1&2 SuperBundle/1Pictures/FlashCard/banana ,la.jpg"
10191,19771731-932e-4b4d-b43a-43b2f6a56e69,21,"Look at that cloud, it's very funny.","/Volumes/Italian 1&2 SuperBundle/1Pictures/FlashCard/cloud ,la.jpg"
10222,665253aa-c253-4828-be29-a37fd4f9603d,21,These goods can go through customs.,"/Volumes/Italian 1&2 SuperBundle/1Pictures/FlashCard/Customs ,la.jpg"
10247,0ce770b1-fffb-464a-8b38-3896bff8a4f7,21,Do (you) want to come to the disco?,"/Volumes/Italian 1&2 SuperBundle/1Pictures/FlashCard/disco ,la.jpg"
10284,09c3d5a2-4781-4f69-b955-42cb373267ad,21,Sharpen the razor.,"/Volumes/Italian 1&2 SuperBundle/1Pictures/FlashCard/razor ,il.jpg"
10286,0c75d97c-1ba4-4002-a25e-747a412952c3,21,Is the electricity included in the bills?,"/Volumes/Italian 1&2 SuperBundle/1Pictures/FlashCard/electricity ,l (f).jpg"
10297,88453287-ad59-4923-86a0-302cffa8a6e1,21,Are the bills included in the amount?,"/Volumes/Italian 1&2 SuperBundle/1Pictures/FlashCard/even ,included ,adj.jpg"
10362,7badd5fa-f5de-417b-ac72-37e5d8667a09,21,(I) ate fried ice cream at the Chinese restaurant.,"/Volumes/Italian 1&2 SuperBundle/1Pictures/FlashCard/fried ,adj.jpg"
10372,bc89f397-6d9d-44ca-ba24-0a3074b6aa58,21,That joke (you) told me yesterday was really funny.,"/Volumes/Italian 1&2 SuperBundle/1Pictures/FlashCard/funny ,adj.jpg"
10401,6f6737bc-1655-4e7a-b203-eb75f7f07733,21,Our guide will show us the Dome.,"/Volumes/Italian 1&2 SuperBundle/1Pictures/FlashCard/guide (person) ,la.jpg"
10403,7e6b858c-7ea0-4b39-9d5c-90d218ab3364,21,Do (you) want half (an) apple?,"/Volumes/Italian 1&2 SuperBundle/1Pictures/FlashCard/half ,adj.jpg"
10422,b205de23-0d83-4af5-8fa2-76d0f4e4acfb,21,Come here!,"/Volumes/Italian 1&2 SuperBundle/1Pictures/FlashCard/here ,adv.jpg"
10434,9de0ce85-abcb-4220-a03c-1f2e8c4f27af,21,(I) know a cheap hotel in this area.,"/Volumes/Italian 1&2 SuperBundle/1Pictures/FlashCard/hotel ,l (m).jpg"
10435,2f00b47d-81f8-4ef1-b33c-34318dfd07b9,21,Home sweet home.,"/Volumes/Italian 1&2 SuperBundle/1Pictures/FlashCard/house ,la.jpg"
10458,c0cb54e4-50f8-45d2-be5f-0efffeeb4bb3,21,Aids is an incurable illness.,"/Volumes/Italian 1&2 SuperBundle/1Pictures/FlashCard/illness ,la.jpg"
10469,6f0b26e9-3fb7-4959-8d86-1f649733d7e7,21,Wait for me inside the shop.,"/Volumes/Italian 1&2 SuperBundle/1Pictures/FlashCard/inside ,adv.jpg"
10479,8c77c832-c2ad-4e99-837a-ae4af22b1d31,21,Tell me about your journey in Africa!,"/Volumes/Italian 1&2 SuperBundle/1Pictures/FlashCard/journey ,trip ,il.jpg"
10499,657d33af-7143-4b06-80a8-5b3d825a4f16,21,"Do (you) prefer milk, tea or lemonade?","/Volumes/Italian 1&2 SuperBundle/1Pictures/FlashCard/lemonade ,la.jpg"
10546,f701ddab-010e-4a68-a952-3462ef03490a,21,Cats love to chase mice.,"/Volumes/Italian 1&2 SuperBundle/1Pictures/FlashCard/mouse ,il.jpg"
10663,799bfa9d-3e24-4bd7-9878-f02b341f8b6e,21,"Come on, quickly, the team needs us.","/Volumes/Italian 1&2 SuperBundle/1Pictures/FlashCard/quickly ,adv.jpg"
10610,0f5d8706-818f-4e8b-ae07-d9fb7e89f592,21,My parents are divorced.,"/Volumes/Italian 1&2 SuperBundle/1Pictures/FlashCard/parents ,npl.jpg"
10662,88eabcef-f589-4bad-9793-d6d87f8b38f3,21,There's an endless queue.,"/Volumes/Italian 1&2 SuperBundle/1Pictures/FlashCard/queue ,la.jpg"
10678,844f313e-16dc-46d7-b201-a3e335c18a4a,21,Tidy up the room (c...) please.,"/Volumes/Italian 1&2 SuperBundle/1Pictures/FlashCard/bedroom ,la.jpg"
10692,a7400e59-ea81-4613-ae5a-349f559bb67e,21,My house is in front of the sea.,"/Volumes/Italian 1&2 SuperBundle/1Pictures/FlashCard/sea ,il.jpg"
10721,08dc2f86-fd81-45a1-a798-b273738c79c6,21,(I) always argue with my sister.,"/Volumes/Italian 1&2 SuperBundle/1Pictures/FlashCard/sister ,la.jpg"
10759,a935446c-8d9f-4f58-a123-61b9a5910cd2,21,(I) love to eat strawberries with whipped cream.,"/Volumes/Italian 1&2 SuperBundle/1Pictures/FlashCard/strawberry ,la.jpg"
10768,6616666e-749f-4e71-ac44-bc85d20b521d,21,(I) have a very heavy suitcase.,"/Volumes/Italian 1&2 SuperBundle/1Pictures/FlashCard/suitcase ,la.jpg"
10814,9f300925-5d6f-458e-82f4-2e010428fbfb,21,The Tiber flows through Rome.,"/Volumes/Italian 1&2 SuperBundle/1Pictures/FlashCard/through ,across ,prep.jpg"
10823,4d4eff7c-ad64-4832-89ad-b7143b1834e6,21,(I) have already answered your question.,"/Volumes/Italian 1&2 SuperBundle/1Pictures/FlashCard/to answer ,v.jpg"
10832,71512f07-f4ae-421c-b2ba-0bb388d33a6c,21,(I)'m afraid of spiders.,"/Volumes/Italian 1&2 SuperBundle/1Pictures/FlashCard/to be afraid ,frightened ,v.jpg"
10853,1c8fa4f9-3bb3-4bb7-8556-298f7ed72dd6,21,(I) have burnt the meat.,"/Volumes/Italian 1&2 SuperBundle/1Pictures/FlashCard/to burn ,v.jpg"
10865,e877d063-4a32-45e3-b382-f1a97dff2e94,21,(I) love to dance and sing.,"/Volumes/Italian 1&2 SuperBundle/1Pictures/FlashCard/to dance ,v.jpg"
10885,4755634a-a82a-470b-99ac-50f65d1771bf,21,Where do (we) go on holiday this year?,"/Volumes/Italian 1&2 SuperBundle/1Pictures/FlashCard/to go on holiday ,v.jpg"
10888,9973a093-478c-489d-8fdf-4a0df6809d3e,21,(I) have a sister and a brother.,"/Volumes/Italian 1&2 SuperBundle/1Pictures/FlashCard/to have ,v.jpg"
10890,d8bc5ac5-13f1-4d9e-b62b-220108f18483,21,(I) have a sore throat. Do (you) have any medicine?,"/Volumes/Italian 1&2 SuperBundle/1Pictures/FlashCard/to have a sore throat ,v.jpg"
10897,e68241f2-4b3e-43b1-ab8d-9734dad5f034,21,The government wants to increase the rate of interest.,"/Volumes/Italian 1&2 SuperBundle/1Pictures/FlashCard/to increase ,v.jpg"
10905,a3bafbd1-c7b5-4037-9f43-59c07da1e748,21,(I) love to laugh.,"/Volumes/Italian 1&2 SuperBundle/1Pictures/FlashCard/to laugh ,v.jpg"
10906,4da405c2-5c12-40d4-b50c-e12507370973,21,(You) have to learn to read.,"/Volumes/Italian 1&2 SuperBundle/1Pictures/FlashCard/to learn ,v.jpg"
10910,0a7077b9-fc6a-4bd4-8c67-c8a8117d2e93,21,Look at that strange person.,"/Volumes/Italian 1&2 SuperBundle/1Pictures/FlashCard/to look at ,v.jpg"
10912,9595d4f6-7fab-40c6-a3ed-265b708fbedf,21,(I) love you.,"/Volumes/Italian 1&2 SuperBundle/1Pictures/FlashCard/to love ,v.jpg"
10922,6bee8a1f-2c80-4a32-bb6f-a3d34c2e4374,21,Do you like playing football?,"/Volumes/Italian 1&2 SuperBundle/1Pictures/FlashCard/to play ,v.jpg"
10186,f6854b3d-74ca-4366-805d-7301273f4608,21,(I) like light colours.,"/Volumes/Italian 1&2 SuperBundle/1Pictures/FlashCard/clear ,light (colour) ,adj.jpg"
10190,299b273c-b74b-4a19-9d41-4420976d9643,21,How many clothes do (you) have?,"/Volumes/Italian 1&2 SuperBundle/1Pictures/FlashCard/clothes ,npl.jpg"
10453,40e27883-3bc9-48af-9d16-847cfc0ed7b7,21,This ice-cream is very sweet.,"/Volumes/Italian 1&2 SuperBundle/1Pictures/FlashCard/ice cream ,il.jpg"
10516,ebd3c432-3b4f-40ad-9654-4bee2006161b,21,The lunch was very good.,"/Volumes/Italian 1&2 SuperBundle/1Pictures/FlashCard/lunch ,il.jpg"
10967,1e860ded-d1d6-4330-8ff8-993710a41c5d,21,(I) hate to wake up early.,"/Volumes/Italian 1&2 SuperBundle/1Pictures/FlashCard/to wake (oneself) up ,v.jpg"
10970,70e3bc6d-d579-45fc-b885-d0e48daed491,21,Do (you) want to taste this spaghetti?,"/Volumes/Italian 1&2 SuperBundle/1Pictures/FlashCard/to taste ,v.jpg"
10982,f1ebe83e-59af-489d-a49d-f66f87e07159,21,(I) have to buy a new toothbrush.,"/Volumes/Italian 1&2 SuperBundle/1Pictures/FlashCard/toothbrush ,lo.jpg"
10020,540611f4-6637-49ad-b4f5-d95bf068e611,21,Drinking (to drink) lots of alcohol is not healthy.,"/Volumes/Italian 1&2 SuperBundle/1Pictures/FlashCard/alcohol ,l (m).jpg"
10802,1f5b8985-64c5-40f3-8f8e-7bceb9785057,21,They are too young to eat sweets.,"/Volumes/Italian 1&2 SuperBundle/1Pictures/FlashCard/they ,prn.jpg"
15312,5e1ef1ea-932a-474c-8015-f6830ae18604,21,The garden is very big.,/Volumes/Italian 1&2 SuperBundle/1Pictures/FlashCard/ZE10150.jpg
15447,51bc430b-935a-43d4-99fb-acfc5c35ab27,21,The tourist (f) is taking a photo of the colosseum.,/Volumes/Italian 1&2 SuperBundle/1Pictures/FlashCard/ZE10021.JPG
15583,42e569b8-46b0-468a-89e2-656b566babf4,21,In the square there are a lot of people.,/Volumes/Italian 1&2 SuperBundle/1Pictures/FlashCard/ze10025.jpg
10039,079b0503-b8cd-4205-974b-dfa8f5b85fcc,21,The arm is a part of the body.,"/Volumes/Italian 1&2 SuperBundle/1Pictures/FlashCard/arm ,il.jpg"
10176,ef052c11-3e65-47ee-97ad-0753211483fb,21,(I) had a beautiful childhood. (I) always played with my mother.,"/Volumes/Italian 1&2 SuperBundle/1Pictures/FlashCard/childhood ,l (f).jpg"
10243,0b2e4fc9-94cf-4649-9118-1938c7063f44,21,The problem the teacher (f) has given us is very difficult.,"/Volumes/Italian 1&2 SuperBundle/1Pictures/FlashCard/difficult ,adj.jpg"
15732,44c5b61e-793c-4639-a3f2-e8bc17d10ee3,21,"Can (I) have another glass of wine, please?",/Volumes/Italian 1&2 SuperBundle/1Pictures/FlashCard/ze10162.jpg
15734,6a4c3064-9f43-4daa-b2dd-ff6e85dff9fa,21,Can (you) make less noise? (I)'m studying!,/Volumes/Italian 1&2 SuperBundle/1Pictures/FlashCard/ZE13450.jpg
10066,39edfbc6-57d2-42f4-8fb9-6d13fa7a4438,21,That dog is really ugly.,"/Volumes/Italian 1&2 SuperBundle/1Pictures/FlashCard/ugly ,bad ,nasty ,adj.jpg"
10217,9700802d-3be5-413a-844a-323891e0a96a,21,Cucumber is an excellent beauty product.,"/Volumes/Italian 1&2 SuperBundle/1Pictures/FlashCard/cucumber ,il.jpg"
10230,a1393ccf-e508-4ab4-8e04-0943c97a0c08,21,(I) have no daughters.,"/Volumes/Italian 1&2 SuperBundle/1Pictures/FlashCard/daughter ,la.jpg"
10238,6e8e96e2-ab4c-43a5-b6b3-14c5747e8d01,21,The delivery of the letter has been carried out.,"/Volumes/Italian 1&2 SuperBundle/1Pictures/FlashCard/delivery ,la.jpg"
10564,1c0a0a77-392b-4c36-87d3-d4237d9dafc8,21,(I) won't speak to him (n)ever again.,"/Volumes/Italian 1&2 SuperBundle/1Pictures/FlashCard/never again ,adv.jpg"
10822,9d8d63fd-cea2-4071-8482-9745b7e946ee,21,Do you (inf.sing) accept credit cards?,"/Volumes/Italian 1&2 SuperBundle/1Pictures/FlashCard/to accept ,v.jpg"
11022,0237f3f9-b10a-413b-afbd-7923030e987b,21,The weather is unpredictable and strange here.,"/Volumes/Italian 1&2 SuperBundle/1Pictures/FlashCard/weather ,il.jpg"
10235,c7efd414-9eee-463d-91cb-cf5f8a0a0429,21,The bus has a delay.,"/Volumes/Italian 1&2 SuperBundle/1Pictures/FlashCard/delay ,il.jpg"
10256,8dc92d4f-18c9-49e5-89f5-68ac88570033,21,When (I) was young (I) played with dolls.,"/Volumes/Italian 1&2 SuperBundle/1Pictures/FlashCard/doll ,la.jpg"
10341,75c9c668-77c4-4847-83a9-1a8a4cde7401,21,This rice has a good flavour.,"/Volumes/Italian 1&2 SuperBundle/1Pictures/FlashCard/flavour ,il.jpg"
10344,69c89004-8622-4bd5-b01e-7057a6c03c22,21,The fly and the mosquito are very bothersome insects.,"/Volumes/Italian 1&2 SuperBundle/1Pictures/FlashCard/fly ,la.jpg"
10347,64f97a52-7495-4220-ba90-090ce0ba4c10,21,On a foot there are five toes.,"/Volumes/Italian 1&2 SuperBundle/1Pictures/FlashCard/foot ,il.jpg"
10352,8ec8381d-90e0-4697-b6de-d588050ecbaf,21,"Please, fill in the proper form.","/Volumes/Italian 1&2 SuperBundle/1Pictures/FlashCard/form ,il.jpg"
10366,173b21ad-47c4-4826-9ea0-cf712aa1bcc5,21,Where are (you) from?,"/Volumes/Italian 1&2 SuperBundle/1Pictures/FlashCard/from ,of ,prep.jpg"
10369,e2b0f03c-bddd-479c-9d29-654df5a9e095,21,The banana is the fruit of the banana tree.,"/Volumes/Italian 1&2 SuperBundle/1Pictures/FlashCard/fruit ,il.jpg"
10370,c4c0d724-ba93-4a55-96a0-9b684d8aac46,21,One needs a frying pan for chips.,"/Volumes/Italian 1&2 SuperBundle/1Pictures/FlashCard/frying pan ,la.jpg"
10373,c28917b9-ff8c-4ebd-981a-ea873f915359,21,When (I) talk to him about my problem (he) gets furious.,"/Volumes/Italian 1&2 SuperBundle/1Pictures/FlashCard/furious ,adj.jpg"
10376,1202905a-9135-4aee-a899-af21892b4585,21,The car is in the garage.,"/Volumes/Italian 1&2 SuperBundle/1Pictures/FlashCard/garage ,il.jpg"
10407,68b6ca27-dcdc-489b-8529-2f49e025ceb7,21,That boy is very handsome.,"/Volumes/Italian 1&2 SuperBundle/1Pictures/FlashCard/handsome ,pretty ,adj.jpg"
10424,ab71d4da-a677-4eab-a3dc-819f2d39e610,21,That skyscraper is very high/tall.,"/Volumes/Italian 1&2 SuperBundle/1Pictures/FlashCard/high ,tall ,adj.jpg"
10430,39f828d0-3c33-4a8d-9978-16fdefe9c642,21,The horse is the most beautiful animal in the world.,"/Volumes/Italian 1&2 SuperBundle/1Pictures/FlashCard/horse ,il.JPG"
10448,f36d43b9-15d6-47cc-a5a1-769ce77f26c0,21,Hunger is bad.,"/Volumes/Italian 1&2 SuperBundle/1Pictures/FlashCard/hunger ,la.jpg"
11037,126910c5-0120-4e92-b800-f631d01a31c0,21,"The room is five meters long, three meters wide and two and half meters high.","/Volumes/Italian 1&2 SuperBundle/1Pictures/FlashCard/wide ,adj.jpg"
11040,6d0bac52-eeaa-42d5-8bc1-cb24bf6a1e2c,21,The wind blows through the trees.,"/Volumes/Italian 1&2 SuperBundle/1Pictures/FlashCard/wind ,il.jpg"
10497,559b8bbf-cc22-426e-a036-0ae62efeaa1e,21,My leg hurts.,"/Volumes/Italian 1&2 SuperBundle/1Pictures/FlashCard/leg ,la.jpg"
10506,9398aff4-1729-4f7b-a6bf-eaba81c393f7,21,Have (you) seen that lightning?,"/Volumes/Italian 1&2 SuperBundle/1Pictures/FlashCard/lightning ,il.jpg"
10530,da420eca-fc7d-4aa6-bb60-6af55308eccb,21,Can (you) wait a minute?,"/Volumes/Italian 1&2 SuperBundle/1Pictures/FlashCard/minute ,il.jpg"
10536,ac7c7fb8-9615-4436-a4bc-e1ace5b9379c,21,Time is money.,"/Volumes/Italian 1&2 SuperBundle/1Pictures/FlashCard/money ,n.jpg"
10537,c6e76281-d0b7-472f-bff0-4a87a945f834,21,All monkeys like bananas.,"/Volumes/Italian 1&2 SuperBundle/1Pictures/FlashCard/monkey ,la.jpg"
10545,a676d4b7-2a8a-4283-a350-846124a1b449,21,If (you) drive along the motorway (you) have to pay a toll.,"/Volumes/Italian 1&2 SuperBundle/1Pictures/FlashCard/motorway ,l (f).jpg"
10559,b841fe1f-78cc-4baf-a00d-fef102d33afc,21,The journey is boring but necessary.,"/Volumes/Italian 1&2 SuperBundle/1Pictures/FlashCard/necessary ,adj.jpg"
10577,21c763f3-c7ba-4826-bd1f-7c4e3b1ec3b1,21,This restaurant is clean but noisy.,"/Volumes/Italian 1&2 SuperBundle/1Pictures/FlashCard/noisy ,adj.jpg"
10614,0e571789-ee93-4e32-9b19-0af851b6c364,21,My passport is newer than yours.,"/Volumes/Italian 1&2 SuperBundle/1Pictures/FlashCard/passport ,il.jpg"
10638,52db0edd-623d-40b5-87e3-e99294522c62,21,Today I have to take the plane for the first time.,"/Volumes/Italian 1&2 SuperBundle/1Pictures/FlashCard/plane ,l (m).jpg"
10639,cad0e93b-17aa-46b6-8a9e-70763832e89e,21,(I) have a big plant in the garden.,"/Volumes/Italian 1&2 SuperBundle/1Pictures/FlashCard/plant ,la.jpg"
10667,8027f6ec-14ab-4d23-81bc-c97b8083d3d0,21,The mom calls the children every day when lunch is ready.,"/Volumes/Italian 1&2 SuperBundle/1Pictures/FlashCard/ready ,adj.jpg"
10824,3a16cfdb-e52c-4a02-84ea-961159ceea3f,21,When Marco arrives the dog always barks.,"/Volumes/Italian 1&2 SuperBundle/1Pictures/FlashCard/to arrive ,v.jpg"
10829,9aac1a65-b584-43b2-95f4-6e0260c8bccd,21,Yesterday (I) met an old friend of mine.,"/Volumes/Italian 1&2 SuperBundle/1Pictures/FlashCard/to meet ,to encounter ,v.jpg"
10861,c0bd23fb-4a62-4032-a0f9-61f5390ae02b,21,Mom is cooking.,"/Volumes/Italian 1&2 SuperBundle/1Pictures/FlashCard/to cook ,v.jpg"
10867,b0279427-2f8d-42d8-8e5f-05b2b8bc03ba,21,My cat died yesterday.,"/Volumes/Italian 1&2 SuperBundle/1Pictures/FlashCard/to die ,v.jpg"
10878,110cdfbb-f8a8-435c-842e-97c8be280623,21,(It) makes me feel ill to see you cry.,"/Volumes/Italian 1&2 SuperBundle/1Pictures/FlashCard/to feel ill ,v.jpg"
10899,ab088963-0beb-4ed4-b889-fb7ec0a1ed92,21,Have (you) been invited?,"/Volumes/Italian 1&2 SuperBundle/1Pictures/FlashCard/to invite ,v.jpg"
10911,14322899-7635-4777-9b63-0896003d5ef9,21,What are (you) looking for?,"/Volumes/Italian 1&2 SuperBundle/1Pictures/FlashCard/to look for ,v.jpg"
10916,7ae5ec96-5fdc-466d-b3dd-714a3ca12268,21,(I) can never open this drawer.,"/Volumes/Italian 1&2 SuperBundle/1Pictures/FlashCard/to open ,v.jpg"
10920,d2df18c8-91b8-4cc4-80eb-28892b3294f5,21,Can (I) pay with a credit card?,"/Volumes/Italian 1&2 SuperBundle/1Pictures/FlashCard/to pay ,v.jpg"
10064,733b908d-a3e4-4d65-bd72-44ab8d40cbef,21,What a lovely baby boy!,"/Volumes/Italian 1&2 SuperBundle/1Pictures/FlashCard/baby (male) ,il.jpg"
10157,f1eaf673-e25b-4cc7-8f97-9b1039e01f0f,21,The castle is in the city center.,"/Volumes/Italian 1&2 SuperBundle/1Pictures/FlashCard/castle ,il.jpg"
10924,a2acb87d-af15-45a6-ba8e-bf52d7be0c7d,21,Can (I) postpone the appointment?,"/Volumes/Italian 1&2 SuperBundle/1Pictures/FlashCard/to postpone ,v.jpg"
10937,d1b9b6e1-93ee-4fa5-b08e-926c67914f06,21,My boyfriend shaves every morning.,"/Volumes/Italian 1&2 SuperBundle/1Pictures/FlashCard/to shave ,v.jpg"
10942,7e341baf-2b31-4912-b3c2-dcf3398892bf,21,(I) want to sleep.,"/Volumes/Italian 1&2 SuperBundle/1Pictures/FlashCard/to sleep ,v.jpg"
10961,442bcbad-b630-4b3e-a737-97f68fde2889,21,I love to travel.,"/Volumes/Italian 1&2 SuperBundle/1Pictures/FlashCard/to travel ,v.jpg"
10976,a2a66c2c-b66c-489e-ad7c-612177abcc4a,21,The toilet paper is finished.,"/Volumes/Italian 1&2 SuperBundle/1Pictures/FlashCard/toilet paper ,la.jpg"
10988,973f027a-1903-4a37-89c5-7bdd6e6ecff7,21,There are lots of trees in my garden.,"/Volumes/Italian 1&2 SuperBundle/1Pictures/FlashCard/tree ,l (m).jpg"
11031,b1b613b7-666f-4549-998c-cdffa89f5c21,21,Have (you) seen my mum arrive? From where?,"/Volumes/Italian 1&2 SuperBundle/1Pictures/FlashCard/from where ,prep.jpg"
11047,ef331510-fe32-4b9b-bea9-a3c2abc3ac09,21,That woman is my mother.,"/Volumes/Italian 1&2 SuperBundle/1Pictures/FlashCard/woman ,wife ,la.jpg"
10144,0d385413-8246-433b-91e3-4e945e62de8f,21,"(I) hate vegetables and above all cauliflower, cabbage and cucumber.","/Volumes/Italian 1&2 SuperBundle/1Pictures/FlashCard/cabbage ,il.jpg"
10015,91027a63-a397-4f11-b59d-6b81fda5b92e,21,Today the air is fresh.,"/Volumes/Italian 1&2 SuperBundle/1Pictures/FlashCard/air ,l (f).jpg"
10236,c8c04b8a-3415-4fb6-84dc-80e695e8b7b9,21,This cake is delicious.,"/Volumes/Italian 1&2 SuperBundle/1Pictures/FlashCard/delicious ,adj.jpg"
10258,3ac30a2c-0249-4cf5-a3d8-055315c73d0e,21,The donkey is the character in many tales.,"/Volumes/Italian 1&2 SuperBundle/1Pictures/FlashCard/donkey ,l (m).jpg"
10320,4b52c425-3b72-4994-8034-06cda833eccb,21,That cat is fat but intelligent.,"/Volumes/Italian 1&2 SuperBundle/1Pictures/FlashCard/fat ,adj.jpg"
10464,c755b068-73fb-4769-bdbe-ea576508f723,21,(I) have a terrible inflammation in the mouth.,"/Volumes/Italian 1&2 SuperBundle/1Pictures/FlashCard/inflammation ,l (f).jpg"
10539,1f4b7392-5bba-4ed4-a906-ec8da9dd35f7,21,Today the moon is covered by the clouds.,"/Volumes/Italian 1&2 SuperBundle/1Pictures/FlashCard/moon ,la.jpg"
11046,2eca085b-2824-42f8-ba89-9c5f5cad4049,21,Without Maria it is not a beautiful party.,"/Volumes/Italian 1&2 SuperBundle/1Pictures/FlashCard/without ,prep.jpg"
11048,84ba79d3-4135-482e-8795-5d5bab3017f4,21,The woods scare me at night.,"/Volumes/Italian 1&2 SuperBundle/1Pictures/FlashCard/woods ,forest ,il.jpg"
10513,df0e41a9-6645-4d2e-a4a7-e211be07e01a,21,My son is quite short for his age.,"/Volumes/Italian 1&2 SuperBundle/1Pictures/FlashCard/low ,short (person) ,adj.jpg"
15426,467e5d7a-97f5-4364-aa42-92e75e4b980e,21,(I) registered your passport number. (formal),/Volumes/Italian 1&2 SuperBundle/1Pictures/FlashCard/ZE10081.JPG
10547,7dfb9fbe-6f94-45a1-b173-fc58f00355f1,21,(He) doesn't have all the teeth in (his) mouth.,"/Volumes/Italian 1&2 SuperBundle/1Pictures/FlashCard/mouth ,la.jpg"
10607,faedc257-cfd0-4ea5-a4c8-355860f42e2e,21,Everything has its own place.,"/Volumes/Italian 1&2 SuperBundle/1Pictures/FlashCard/own ,adj.jpg"
10649,c335c533-7650-4c2e-ae72-970b7c95ccdb,21,"Poor boy, he has to stay in bed.","/Volumes/Italian 1&2 SuperBundle/1Pictures/FlashCard/poor ,adj.jpg"
10747,ddc350bf-d2b7-4d55-a245-50e1f5ddbe3e,21,(I) have found spiders in every room (st..) of the country house.,"/Volumes/Italian 1&2 SuperBundle/1Pictures/FlashCard/spider ,il.jpg"
10764,c4c76670-c887-4448-9130-bca7fa7f2da1,21,Which is the subject of the sentence?,"/Volumes/Italian 1&2 SuperBundle/1Pictures/FlashCard/subject ,il.jpg"
10871,dd0204cb-63ea-4ed7-ae3f-27fe9b7587d9,21,Today (I) go to the driving school to learn how to drive.,"/Volumes/Italian 1&2 SuperBundle/1Pictures/FlashCard/to drive ,v.jpg"
10907,c218bdee-86b3-4343-8ed2-a78d12755d15,21,Can (I) leave my suitcase here?,"/Volumes/Italian 1&2 SuperBundle/1Pictures/FlashCard/to let ,to leave ,v.jpg"
10404,f0a372f7-b2ba-4685-9169-f6f008e6ebf9,21,Can (I) have a sandwich with ham and a pineapple juice?,"/Volumes/Italian 1&2 SuperBundle/1Pictures/FlashCard/ham ,il.jpg"
10646,579b2516-77f5-4a91-894e-60acf8a0504b,21,(I) always buy clothes with pockets.,"/Volumes/Italian 1&2 SuperBundle/1Pictures/FlashCard/pocket ,la.jpg"
10716,bb16a8ee-f9bb-4acd-974c-924812abdb9e,21,Someone has forged the signature of the cheque.,"/Volumes/Italian 1&2 SuperBundle/1Pictures/FlashCard/signature ,la.jpg"
10761,cd07aa60-a2d2-45ac-99b3-41b3b8863385,21,Follow this street as far as the church.,"/Volumes/Italian 1&2 SuperBundle/1Pictures/FlashCard/street ,la.jpg"
10886,5fbb7f0e-41f2-4e51-be9e-32a230401047,21,What do (you) think about going out tonight?,"/Volumes/Italian 1&2 SuperBundle/1Pictures/FlashCard/to go out ,v.jpg"
10891,7655945a-e465-4a88-ad13-71ad9cb0c5bd,21,Today (I) have lunch with a friend (f) of mine and (have) dinner with my boyfriend.,"/Volumes/Italian 1&2 SuperBundle/1Pictures/FlashCard/to have lunch ,v.jpg"
10917,88be2f86-596d-47bb-85f0-0b73b339b0ab,21,(We) are late and (we) still have to pack.,"/Volumes/Italian 1&2 SuperBundle/1Pictures/FlashCard/to pack ,v.jpg"
10946,54dd381c-e80c-4d78-8741-5a52c35c4d08,21,(I) love to see it snowing.,"/Volumes/Italian 1&2 SuperBundle/1Pictures/FlashCard/to snow ,v.jpg"
10954,a0c8d69e-c83a-4cbc-95b2-49bf3d444e5e,21,Can (you) switch off the TV? (I) have head ache.,"/Volumes/Italian 1&2 SuperBundle/1Pictures/FlashCard/to switch off or turn off ,to put out (fire) ,v.jpg"
10975,9c2c7629-d7d7-4f5b-9629-e0b45cbd58e4,21,Can (I) go to the toilet?,"/Volumes/Italian 1&2 SuperBundle/1Pictures/FlashCard/toilet ,il.jpg"
10498,4d0b14b4-3e18-411e-9fc1-bf8bb1c6a2f6,21,Add some lemon to the lettuce.,"/Volumes/Italian 1&2 SuperBundle/1Pictures/FlashCard/lemon ,il.jpg"
10977,a93d5550-e9ca-4b7b-8691-47db3b5615b8,21,Which is the main square?,"/Volumes/Italian 1&2 SuperBundle/1Pictures/FlashCard/(town) square ,la.jpg"
11033,5598c42c-374c-4de9-91e1-4062a2ffce9c,21,Sit down while (I) finish preparing dinner.,"/Volumes/Italian 1&2 SuperBundle/1Pictures/FlashCard/while ,conj.jpg"
10086,0fe580a2-af20-4ce3-90d3-21bedf5be22e,21,Does the hotel provide towels and bed linen?,"/Volumes/Italian 1&2 SuperBundle/1Pictures/FlashCard/bedding (bed linen) ,la.jpg"
10606,346444a5-1e2f-41c4-bcf1-5bdafbc23738,21,Where's Marco? - He's over there!,"/Volumes/Italian 1&2 SuperBundle/1Pictures/FlashCard/over there ,prep.JPG"
10769,653e8269-fdd3-40c9-b4e1-d08c396834b6,21,"(I) love summer, the sun and the seaside.","/Volumes/Italian 1&2 SuperBundle/1Pictures/FlashCard/summer ,l (f).jpg"
10820,666171a8-004d-43b4-b091-1fb6b462c064,21,Where is the timetable affixed?,"/Volumes/Italian 1&2 SuperBundle/1Pictures/FlashCard/timetable ,l (m).jpg"
15297,a321ce99-2c85-4575-8809-c128d167b06c,21,"Fine, thank you and you, how are you? (inf.sing)",/Volumes/Italian 1&2 SuperBundle/1Pictures/FlashCard/ze10008.jpg
10840,4e19f74b-dd46-4a0a-9a4e-ffc66db6ebd5,21,Will you be present at the inauguration tomorrow?,"/Volumes/Italian 1&2 SuperBundle/1Pictures/FlashCard/to be present at ,v.jpg"
15430,101c3a13-985a-4c9c-b650-6cb9d0fa25d5,21,The elevator of the building is out of order.,/Volumes/Italian 1&2 SuperBundle/1Pictures/FlashCard/ZE10084.jpg
15584,da13b324-1084-4530-9fb9-5cf930dc6545,21,The police informed me about the accident.,/Volumes/Italian 1&2 SuperBundle/1Pictures/FlashCard/ze10026.jpg
15609,df1da069-5a2d-4afd-a4a7-797087aa771f,21,(I) would like to go to Africa next summer.,/Volumes/Italian 1&2 SuperBundle/1Pictures/FlashCard/ZE10202.JPG
16325,af121594-76c2-4745-b295-ad651ef8fc1a,21,"(I) arrived late, because there was traffic.",/Volumes/Italian 1&2 SuperBundle/1Pictures/FlashCard/ZE10039.JPG
10148,e1bf404b-6b2a-4aa4-b8df-e4e45e62ea3f,21,Can (you) give me the can opener?,"/Volumes/Italian 1&2 SuperBundle/1Pictures/FlashCard/can opener ,l (m).jpg"
10184,4356e46a-dec7-439c-a63a-44bfb1f7d276,21,Where is classroom two?,"/Volumes/Italian 1&2 SuperBundle/1Pictures/FlashCard/classroom ,l (f).jpg"
10343,e2a54710-f588-4c20-9fe1-d8ac7f10321a,21,(I) have swine flu.,"/Volumes/Italian 1&2 SuperBundle/1Pictures/FlashCard/flu ,l (f).jpg"
10371,5a548de4-0091-4832-a66a-e730f116c20e,21,The bus is full.,"/Volumes/Italian 1&2 SuperBundle/1Pictures/FlashCard/full ,adj.jpg"
10670,9ab02d0c-c634-4457-be47-9c8889659826,21,The return will be better than the outward journey (going).,"/Volumes/Italian 1&2 SuperBundle/1Pictures/FlashCard/return ,il.jpg"
11060,fb32d529-4f28-4a9c-b357-d4e7e82e069c,21,There was a group of youths in the dance hall.,"/Volumes/Italian 1&2 SuperBundle/1Pictures/FlashCard/youth ,il.jpg"
15298,a3701a11-2232-4a08-9475-ea9f142b5aa4,21,Welcome! (We) were waiting for you. (formal),/Volumes/Italian 1&2 SuperBundle/1Pictures/FlashCard/ZE10050.jpg
15745,5106c630-86b3-455a-b819-d54d44adab87,21,Here is your taxi. (formal),/Volumes/Italian 1&2 SuperBundle/1Pictures/FlashCard/ze10203.JPG
10101,c6720f11-5bd1-4cf3-9d82-235ff505649c,21,My house is bigger than yours. (informal),"/Volumes/Italian 1&2 SuperBundle/1Pictures/FlashCard/big ,adj.jpg"
10627,3536984e-08a3-4e6e-b307-94228f1fded6,21,(We) are out of petrol! (lit. The petrol is finished.),"/Volumes/Italian 1&2 SuperBundle/1Pictures/FlashCard/petrol ,la.jpg"
10643,efc813b8-c920-4064-8a2c-bf22098538ca,21,"Could you hold on a second, please? (informal)","/Volumes/Italian 1&2 SuperBundle/1Pictures/FlashCard/please ,exc.jpg"
10817,73af1859-5a1f-4a66-a128-17d0587242cf,21,Have (you) taken the ticket? (informal),"/Volumes/Italian 1&2 SuperBundle/1Pictures/FlashCard/ticket ,il.jpg"
15736,bf03b6c6-9e91-4d3e-8f39-e1862821be78,21,"Can (you) tell me where the cathedral is, please? (form.sing)",/Volumes/Italian 1&2 SuperBundle/1Pictures/FlashCard/ze13470.jpg
15737,b1fecc2f-b013-4696-aefa-59cd6bfd058d,21,"Can (you) show me the way to the city centre, please? (form.sing)",/Volumes/Italian 1&2 SuperBundle/1Pictures/FlashCard/ZE13480.jpg
10072,64786fe7-c060-4441-815c-25e61ad0c8fc,21,Do you know if there is a bank here? (inf.sing),"/Volumes/Italian 1&2 SuperBundle/1Pictures/FlashCard/bank ,la.jpg"
10436,5162beee-807e-4ed2-9c24-a7537696c2cf,21,"Hi, how are (you)? Pleasure to meet you! (inf.)","/Volumes/Italian 1&2 SuperBundle/1Pictures/FlashCard/how are you ,q.jpg"
10565,0fdf4961-426a-44ea-815d-f8949131dfcf,21,Do (you) like my new sweater? (inf.sing),"/Volumes/Italian 1&2 SuperBundle/1Pictures/FlashCard/new ,adj.jpg"
10843,c5ebf29e-4290-41e4-820e-dba5a4f0aace,21,Your cat has become huge. (inf.sing),"/Volumes/Italian 1&2 SuperBundle/1Pictures/FlashCard/to become ,v.jpg"
10923,cf2eb14e-c0bf-430d-95d1-90142fbe4d91,21,Your present has really pleased me. (m),"/Volumes/Italian 1&2 SuperBundle/1Pictures/FlashCard/to please ,v.jpg"
15450,4ed5118b-cf3b-42a0-bca7-cf059013f825,21,"(I) have never seen that girl before, do (you) know who she is? (inf.sing)",/Volumes/Italian 1&2 SuperBundle/1Pictures/FlashCard/ZE10022.jpg
15452,88e0dc07-5b4e-4243-aeae-0bac36203647,21,Which train do (you) take? (inf.sing),/Volumes/Italian 1&2 SuperBundle/1Pictures/FlashCard/ZE10024.JPG
15582,8937ef93-a2cb-43a4-b3a1-5efa4c7da3ac,21,"If you (informal, plural) say so, (I) believe it! (plural)",/Volumes/Italian 1&2 SuperBundle/1Pictures/FlashCard/ze10018.jpg
15585,eaa2a426-37f1-4b53-a004-848035949ce3,21,"Today, (you) have a wonderful dress! (inf.sing)",/Volumes/Italian 1&2 SuperBundle/1Pictures/FlashCard/ZE10201.jpg
16334,56ee4134-ce57-4b5b-a95b-f0f3814a7fae,21,"Good morning Director, how are (you)? (formal)",/Volumes/Italian 1&2 SuperBundle/1Pictures/FlashCard/ZE10043.jpg
10007,b5a61bb4-4344-4446-aa03-00f3f977faf8,21,"Could you write the address on the envelope, please? (formal)","/Volumes/Italian 1&2 SuperBundle/1Pictures/FlashCard/address ,l (m).jpg"
10410,171bb07f-abbc-4086-a670-b3d8866998b8,21,Do (you) prefer a hard or soft pillow? (informal),"/Volumes/Italian 1&2 SuperBundle/1Pictures/FlashCard/hard ,adj.jpg"
10900,f948e80c-05ee-499a-a61c-9d2e3cac1b36,21,(I) have never been kissed. (m),"/Volumes/Italian 1&2 SuperBundle/1Pictures/FlashCard/to kiss ,v.jpg"
10926,736e45f7-4bf8-4259-a21b-386862244ced,21,"Put the water in the fridge, please. (form)","/Volumes/Italian 1&2 SuperBundle/1Pictures/FlashCard/to put ,v.jpg"
15322,3e6ce622-c44b-4e50-b1c8-7602b7bf6db8,21,Do (you) need some help? (inf.sing),/Volumes/Italian 1&2 SuperBundle/1Pictures/FlashCard/ZE10190.jpg
15735,b98f1250-73c9-4061-a7e8-1abee5896dee,21,"Can (you) give me the bill of the hotel, please? (form.sing)",/Volumes/Italian 1&2 SuperBundle/1Pictures/FlashCard/ze13460.jpg
5744,6806592a-e2a7-4318-9f1f-16784c9074dc,1,have (you)? (form.sing),/Volumes/Italian 1&2 SuperBundle/1Pictures/FlashCard/ZE10163.jpg
5450,2337d600-3ec6-4d5c-bb10-c6c26434bac1,1,Who is (he / she / it)?,/Volumes/Italian 1&2 SuperBundle/1Pictures/FlashCard/ZE10022.jpg
